<?xml version="1.0" encoding="UTF-8"?>
<gpx xmlns="http://www.topografix.com/GPX/1/1" xmlns:gpxtpx="http://www.garmin.com/xmlschemas/TrackPointExtension/v1" xmlns:xsi="http://www.w3.org/2001/XMLSchema-instance" xsi:schemaLocation="http://www.topografix.com/GPX/1/1 http://www.topografix.com/GPX/1/1/gpx.xsd" version="1.1" creator="gpx.py -- https://github.com/tkrajina/gpxpy">
  <trk>
    <name>gpx from keep</name>
    <type>Walk</type>
    <trkseg>
      <trkpt lat="22.40847204785025" lon="107.34911356355676">
        <ele>112.43343871552497</ele>
        <time>2023-07-08T02:19:21Z</time>
        <extensions>
          <gpxtpx:TrackPointExtension>
            <gpxtpx:hr>113</gpxtpx:hr>
          </gpxtpx:TrackPointExtension>
        </extensions>
      </trkpt>
      <trkpt lat="22.40846137476003" lon="107.34911609480139">
        <ele>112.43233453389257</ele>
        <time>2023-07-08T02:19:22Z</time>
        <extensions>
          <gpxtpx:TrackPointExtension>
            <gpxtpx:hr>113</gpxtpx:hr>
          </gpxtpx:TrackPointExtension>
        </extensions>
      </trkpt>
      <trkpt lat="22.40845098232392" lon="107.34911948118314">
        <ele>112.4293524986133</ele>
        <time>2023-07-08T02:19:23Z</time>
        <extensions>
          <gpxtpx:TrackPointExtension>
            <gpxtpx:hr>111</gpxtpx:hr>
          </gpxtpx:TrackPointExtension>
        </extensions>
      </trkpt>
      <trkpt lat="22.408440819719875" lon="107.34912330175695">
        <ele>112.42444534227252</ele>
        <time>2023-07-08T02:19:24Z</time>
        <extensions>
          <gpxtpx:TrackPointExtension>
            <gpxtpx:hr>111</gpxtpx:hr>
          </gpxtpx:TrackPointExtension>
        </extensions>
      </trkpt>
      <trkpt lat="22.40843073137031" lon="107.3491271424503">
        <ele>112.41676987800747</ele>
        <time>2023-07-08T02:19:25Z</time>
        <extensions>
          <gpxtpx:TrackPointExtension>
            <gpxtpx:hr>111</gpxtpx:hr>
          </gpxtpx:TrackPointExtension>
        </extensions>
      </trkpt>
      <trkpt lat="22.408420797248876" lon="107.34913131938512">
        <ele>112.40102327149361</ele>
        <time>2023-07-08T02:19:26Z</time>
        <extensions>
          <gpxtpx:TrackPointExtension>
            <gpxtpx:hr>111</gpxtpx:hr>
          </gpxtpx:TrackPointExtension>
        </extensions>
      </trkpt>
      <trkpt lat="22.408410775902023" lon="107.34913530515288">
        <ele>112.37920814566314</ele>
        <time>2023-07-08T02:19:27Z</time>
        <extensions>
          <gpxtpx:TrackPointExtension>
            <gpxtpx:hr>111</gpxtpx:hr>
          </gpxtpx:TrackPointExtension>
        </extensions>
      </trkpt>
      <trkpt lat="22.408400499489495" lon="107.34913824757187">
        <ele>112.35409184917808</ele>
        <time>2023-07-08T02:19:28Z</time>
        <extensions>
          <gpxtpx:TrackPointExtension>
            <gpxtpx:hr>108</gpxtpx:hr>
          </gpxtpx:TrackPointExtension>
        </extensions>
      </trkpt>
      <trkpt lat="22.40839051680113" lon="107.34913999704628">
        <ele>112.32335334084928</ele>
        <time>2023-07-08T02:19:29Z</time>
        <extensions>
          <gpxtpx:TrackPointExtension>
            <gpxtpx:hr>108</gpxtpx:hr>
          </gpxtpx:TrackPointExtension>
        </extensions>
      </trkpt>
      <trkpt lat="22.408380491469643" lon="107.34914106771112">
        <ele>112.28754245396703</ele>
        <time>2023-07-08T02:19:30Z</time>
        <extensions>
          <gpxtpx:TrackPointExtension>
            <gpxtpx:hr>108</gpxtpx:hr>
          </gpxtpx:TrackPointExtension>
        </extensions>
      </trkpt>
      <trkpt lat="22.408370192315527" lon="107.34914227796132">
        <ele>112.24558969866484</ele>
        <time>2023-07-08T02:19:31Z</time>
        <extensions>
          <gpxtpx:TrackPointExtension>
            <gpxtpx:hr>108</gpxtpx:hr>
          </gpxtpx:TrackPointExtension>
        </extensions>
      </trkpt>
      <trkpt lat="22.408360025452886" lon="107.34914412098607">
        <ele>112.20105469040573</ele>
        <time>2023-07-08T02:19:32Z</time>
        <extensions>
          <gpxtpx:TrackPointExtension>
            <gpxtpx:hr>108</gpxtpx:hr>
          </gpxtpx:TrackPointExtension>
        </extensions>
      </trkpt>
      <trkpt lat="22.408349929552436" lon="107.34914631901906">
        <ele>112.15435672923923</ele>
        <time>2023-07-08T02:19:33Z</time>
        <extensions>
          <gpxtpx:TrackPointExtension>
            <gpxtpx:hr>110</gpxtpx:hr>
          </gpxtpx:TrackPointExtension>
        </extensions>
      </trkpt>
      <trkpt lat="22.40833995961338" lon="107.34914835628358">
        <ele>112.10758087038994</ele>
        <time>2023-07-08T02:19:34Z</time>
        <extensions>
          <gpxtpx:TrackPointExtension>
            <gpxtpx:hr>110</gpxtpx:hr>
          </gpxtpx:TrackPointExtension>
        </extensions>
      </trkpt>
      <trkpt lat="22.408330282912992" lon="107.34915075063174">
        <ele>112.06307988334447</ele>
        <time>2023-07-08T02:19:35Z</time>
        <extensions>
          <gpxtpx:TrackPointExtension>
            <gpxtpx:hr>110</gpxtpx:hr>
          </gpxtpx:TrackPointExtension>
        </extensions>
      </trkpt>
      <trkpt lat="22.408320543203125" lon="107.34915376540044">
        <ele>112.02178751584142</ele>
        <time>2023-07-08T02:19:36Z</time>
        <extensions>
          <gpxtpx:TrackPointExtension>
            <gpxtpx:hr>110</gpxtpx:hr>
          </gpxtpx:TrackPointExtension>
        </extensions>
      </trkpt>
      <trkpt lat="22.408310599623707" lon="107.34915696013186">
        <ele>111.98715133592486</ele>
        <time>2023-07-08T02:19:37Z</time>
        <extensions>
          <gpxtpx:TrackPointExtension>
            <gpxtpx:hr>110</gpxtpx:hr>
          </gpxtpx:TrackPointExtension>
        </extensions>
      </trkpt>
      <trkpt lat="22.408300598033893" lon="107.349160524686">
        <ele>111.94877432379872</ele>
        <time>2023-07-08T02:19:38Z</time>
        <extensions>
          <gpxtpx:TrackPointExtension>
            <gpxtpx:hr>110</gpxtpx:hr>
          </gpxtpx:TrackPointExtension>
        </extensions>
      </trkpt>
      <trkpt lat="22.408290809908614" lon="107.34916497964272">
        <ele>111.91062008216977</ele>
        <time>2023-07-08T02:19:39Z</time>
        <extensions>
          <gpxtpx:TrackPointExtension>
            <gpxtpx:hr>110</gpxtpx:hr>
          </gpxtpx:TrackPointExtension>
        </extensions>
      </trkpt>
      <trkpt lat="22.408281157221364" lon="107.34916990309">
        <ele>111.87885568104684</ele>
        <time>2023-07-08T02:19:40Z</time>
        <extensions>
          <gpxtpx:TrackPointExtension>
            <gpxtpx:hr>110</gpxtpx:hr>
          </gpxtpx:TrackPointExtension>
        </extensions>
      </trkpt>
      <trkpt lat="22.40827107927622" lon="107.34917359454126">
        <ele>111.8534610485658</ele>
        <time>2023-07-08T02:19:40Z</time>
        <extensions>
          <gpxtpx:TrackPointExtension>
            <gpxtpx:hr>110</gpxtpx:hr>
          </gpxtpx:TrackPointExtension>
        </extensions>
      </trkpt>
      <trkpt lat="22.40826073719557" lon="107.3491761812619">
        <ele>111.82905627042055</ele>
        <time>2023-07-08T02:19:42Z</time>
        <extensions>
          <gpxtpx:TrackPointExtension>
            <gpxtpx:hr>110</gpxtpx:hr>
          </gpxtpx:TrackPointExtension>
        </extensions>
      </trkpt>
      <trkpt lat="22.408251565207365" lon="107.34918060598378">
        <ele>111.91233862284571</ele>
        <time>2023-07-08T02:19:42Z</time>
        <extensions>
          <gpxtpx:TrackPointExtension>
            <gpxtpx:hr>111</gpxtpx:hr>
          </gpxtpx:TrackPointExtension>
        </extensions>
      </trkpt>
      <trkpt lat="22.408242250020688" lon="107.34918404385614">
        <ele>112.00911083258688</ele>
        <time>2023-07-08T02:19:43Z</time>
        <extensions>
          <gpxtpx:TrackPointExtension>
            <gpxtpx:hr>111</gpxtpx:hr>
          </gpxtpx:TrackPointExtension>
        </extensions>
      </trkpt>
      <trkpt lat="22.408233325389244" lon="107.34918666255278">
        <ele>112.12357411719859</ele>
        <time>2023-07-08T02:19:44Z</time>
        <extensions>
          <gpxtpx:TrackPointExtension>
            <gpxtpx:hr>111</gpxtpx:hr>
          </gpxtpx:TrackPointExtension>
        </extensions>
      </trkpt>
      <trkpt lat="22.40822449291866" lon="107.34918878980199">
        <ele>112.25821326579899</ele>
        <time>2023-07-08T02:19:45Z</time>
        <extensions>
          <gpxtpx:TrackPointExtension>
            <gpxtpx:hr>113</gpxtpx:hr>
          </gpxtpx:TrackPointExtension>
        </extensions>
      </trkpt>
      <trkpt lat="22.408215597280996" lon="107.34919090312611">
        <ele>112.42405568808317</ele>
        <time>2023-07-08T02:19:46Z</time>
        <extensions>
          <gpxtpx:TrackPointExtension>
            <gpxtpx:hr>113</gpxtpx:hr>
          </gpxtpx:TrackPointExtension>
        </extensions>
      </trkpt>
      <trkpt lat="22.408206582908857" lon="107.34919377961491">
        <ele>112.57125047594309</ele>
        <time>2023-07-08T02:19:48Z</time>
        <extensions>
          <gpxtpx:TrackPointExtension>
            <gpxtpx:hr>113</gpxtpx:hr>
          </gpxtpx:TrackPointExtension>
        </extensions>
      </trkpt>
      <trkpt lat="22.408197351257787" lon="107.34919710944747">
        <ele>112.71173692308366</ele>
        <time>2023-07-08T02:19:48Z</time>
        <extensions>
          <gpxtpx:TrackPointExtension>
            <gpxtpx:hr>113</gpxtpx:hr>
          </gpxtpx:TrackPointExtension>
        </extensions>
      </trkpt>
      <trkpt lat="22.408187893936432" lon="107.3492006585438">
        <ele>112.88805315550417</ele>
        <time>2023-07-08T02:19:49Z</time>
        <extensions>
          <gpxtpx:TrackPointExtension>
            <gpxtpx:hr>113</gpxtpx:hr>
          </gpxtpx:TrackPointExtension>
        </extensions>
      </trkpt>
      <trkpt lat="22.40817846948998" lon="107.34920492962031">
        <ele>113.07898624055088</ele>
        <time>2023-07-08T02:19:50Z</time>
        <extensions>
          <gpxtpx:TrackPointExtension>
            <gpxtpx:hr>113</gpxtpx:hr>
          </gpxtpx:TrackPointExtension>
        </extensions>
      </trkpt>
      <trkpt lat="22.408168955681948" lon="107.34920861825223">
        <ele>113.29096405953169</ele>
        <time>2023-07-08T02:19:51Z</time>
        <extensions>
          <gpxtpx:TrackPointExtension>
            <gpxtpx:hr>107</gpxtpx:hr>
          </gpxtpx:TrackPointExtension>
        </extensions>
      </trkpt>
      <trkpt lat="22.408160323805287" lon="107.34921338038056">
        <ele>113.50273270905018</ele>
        <time>2023-07-08T02:19:52Z</time>
        <extensions>
          <gpxtpx:TrackPointExtension>
            <gpxtpx:hr>107</gpxtpx:hr>
          </gpxtpx:TrackPointExtension>
        </extensions>
      </trkpt>
      <trkpt lat="22.408152515375367" lon="107.34921987287782">
        <ele>113.73301752377301</ele>
        <time>2023-07-08T02:19:53Z</time>
        <extensions>
          <gpxtpx:TrackPointExtension>
            <gpxtpx:hr>107</gpxtpx:hr>
          </gpxtpx:TrackPointExtension>
        </extensions>
      </trkpt>
      <trkpt lat="22.408143964869296" lon="107.34922528857992">
        <ele>113.9561956115067</ele>
        <time>2023-07-08T02:19:54Z</time>
        <extensions>
          <gpxtpx:TrackPointExtension>
            <gpxtpx:hr>107</gpxtpx:hr>
          </gpxtpx:TrackPointExtension>
        </extensions>
      </trkpt>
      <trkpt lat="22.40813505302229" lon="107.34922909254331">
        <ele>114.17817706149071</ele>
        <time>2023-07-08T02:19:55Z</time>
        <extensions>
          <gpxtpx:TrackPointExtension>
            <gpxtpx:hr>107</gpxtpx:hr>
          </gpxtpx:TrackPointExtension>
        </extensions>
      </trkpt>
      <trkpt lat="22.408126967055175" lon="107.34923215256858">
        <ele>114.40298454556614</ele>
        <time>2023-07-08T02:19:56Z</time>
        <extensions>
          <gpxtpx:TrackPointExtension>
            <gpxtpx:hr>107</gpxtpx:hr>
          </gpxtpx:TrackPointExtension>
        </extensions>
      </trkpt>
      <trkpt lat="22.408119389086206" lon="107.34923530743552">
        <ele>114.6229172507301</ele>
        <time>2023-07-08T02:19:57Z</time>
        <extensions>
          <gpxtpx:TrackPointExtension>
            <gpxtpx:hr>107</gpxtpx:hr>
          </gpxtpx:TrackPointExtension>
        </extensions>
      </trkpt>
      <trkpt lat="22.40811174347665" lon="107.34923876791112">
        <ele>114.83136709593236</ele>
        <time>2023-07-08T02:19:58Z</time>
        <extensions>
          <gpxtpx:TrackPointExtension>
            <gpxtpx:hr>107</gpxtpx:hr>
          </gpxtpx:TrackPointExtension>
        </extensions>
      </trkpt>
      <trkpt lat="22.408103968485616" lon="107.34924252903043">
        <ele>115.01717160083354</ele>
        <time>2023-07-08T02:19:59Z</time>
        <extensions>
          <gpxtpx:TrackPointExtension>
            <gpxtpx:hr>107</gpxtpx:hr>
          </gpxtpx:TrackPointExtension>
        </extensions>
      </trkpt>
      <trkpt lat="22.408095393552063" lon="107.34924628183299">
        <ele>115.2037037294358</ele>
        <time>2023-07-08T02:20:00Z</time>
        <extensions>
          <gpxtpx:TrackPointExtension>
            <gpxtpx:hr>107</gpxtpx:hr>
          </gpxtpx:TrackPointExtension>
        </extensions>
      </trkpt>
      <trkpt lat="22.40808596309617" lon="107.34924920380423">
        <ele>115.37267697509378</ele>
        <time>2023-07-08T02:20:01Z</time>
        <extensions>
          <gpxtpx:TrackPointExtension>
            <gpxtpx:hr>107</gpxtpx:hr>
          </gpxtpx:TrackPointExtension>
        </extensions>
      </trkpt>
      <trkpt lat="22.408076460879492" lon="107.34925073687675">
        <ele>115.5539071969688</ele>
        <time>2023-07-08T02:20:03Z</time>
        <extensions>
          <gpxtpx:TrackPointExtension>
            <gpxtpx:hr>112</gpxtpx:hr>
          </gpxtpx:TrackPointExtension>
        </extensions>
      </trkpt>
      <trkpt lat="22.40806744307648" lon="107.34925092045175">
        <ele>115.7161455443129</ele>
        <time>2023-07-08T02:20:03Z</time>
        <extensions>
          <gpxtpx:TrackPointExtension>
            <gpxtpx:hr>112</gpxtpx:hr>
          </gpxtpx:TrackPointExtension>
        </extensions>
      </trkpt>
      <trkpt lat="22.408058558890943" lon="107.3492502329206">
        <ele>115.87478823773563</ele>
        <time>2023-07-08T02:20:04Z</time>
        <extensions>
          <gpxtpx:TrackPointExtension>
            <gpxtpx:hr>112</gpxtpx:hr>
          </gpxtpx:TrackPointExtension>
        </extensions>
      </trkpt>
      <trkpt lat="22.408049291555095" lon="107.34924917024621">
        <ele>116.02558780368418</ele>
        <time>2023-07-08T02:20:05Z</time>
        <extensions>
          <gpxtpx:TrackPointExtension>
            <gpxtpx:hr>112</gpxtpx:hr>
          </gpxtpx:TrackPointExtension>
        </extensions>
      </trkpt>
      <trkpt lat="22.408039368894194" lon="107.34924818180106">
        <ele>116.19232761580497</ele>
        <time>2023-07-08T02:20:06Z</time>
        <extensions>
          <gpxtpx:TrackPointExtension>
            <gpxtpx:hr>112</gpxtpx:hr>
          </gpxtpx:TrackPointExtension>
        </extensions>
      </trkpt>
      <trkpt lat="22.408028726421705" lon="107.34924739524833">
        <ele>116.3463767496869</ele>
        <time>2023-07-08T02:20:08Z</time>
        <extensions>
          <gpxtpx:TrackPointExtension>
            <gpxtpx:hr>112</gpxtpx:hr>
          </gpxtpx:TrackPointExtension>
        </extensions>
      </trkpt>
      <trkpt lat="22.408017445335112" lon="107.34924660898285">
        <ele>116.47892395313829</ele>
        <time>2023-07-08T02:20:09Z</time>
        <extensions>
          <gpxtpx:TrackPointExtension>
            <gpxtpx:hr>114</gpxtpx:hr>
          </gpxtpx:TrackPointExtension>
        </extensions>
      </trkpt>
      <trkpt lat="22.408005758434356" lon="107.34924553787262">
        <ele>116.59847831446677</ele>
        <time>2023-07-08T02:20:09Z</time>
        <extensions>
          <gpxtpx:TrackPointExtension>
            <gpxtpx:hr>114</gpxtpx:hr>
          </gpxtpx:TrackPointExtension>
        </extensions>
      </trkpt>
      <trkpt lat="22.407993835621753" lon="107.34924397982667">
        <ele>116.68880400061607</ele>
        <time>2023-07-08T02:20:11Z</time>
        <extensions>
          <gpxtpx:TrackPointExtension>
            <gpxtpx:hr>114</gpxtpx:hr>
          </gpxtpx:TrackPointExtension>
        </extensions>
      </trkpt>
      <trkpt lat="22.407981461331733" lon="107.3492419386459">
        <ele>116.74739543441683</ele>
        <time>2023-07-08T02:20:11Z</time>
        <extensions>
          <gpxtpx:TrackPointExtension>
            <gpxtpx:hr>114</gpxtpx:hr>
          </gpxtpx:TrackPointExtension>
        </extensions>
      </trkpt>
      <trkpt lat="22.407968486357834" lon="107.34923975425447">
        <ele>116.79501268174499</ele>
        <time>2023-07-08T02:20:13Z</time>
        <extensions>
          <gpxtpx:TrackPointExtension>
            <gpxtpx:hr>114</gpxtpx:hr>
          </gpxtpx:TrackPointExtension>
        </extensions>
      </trkpt>
      <trkpt lat="22.407955087893615" lon="107.34923789274008">
        <ele>116.83497146051377</ele>
        <time>2023-07-08T02:20:14Z</time>
        <extensions>
          <gpxtpx:TrackPointExtension>
            <gpxtpx:hr>114</gpxtpx:hr>
          </gpxtpx:TrackPointExtension>
        </extensions>
      </trkpt>
      <trkpt lat="22.407941335367152" lon="107.34923677086604">
        <ele>116.8574509518221</ele>
        <time>2023-07-08T02:20:15Z</time>
        <extensions>
          <gpxtpx:TrackPointExtension>
            <gpxtpx:hr>114</gpxtpx:hr>
          </gpxtpx:TrackPointExtension>
        </extensions>
      </trkpt>
      <trkpt lat="22.40792719457766" lon="107.34923648919808">
        <ele>116.86663634609431</ele>
        <time>2023-07-08T02:20:16Z</time>
        <extensions>
          <gpxtpx:TrackPointExtension>
            <gpxtpx:hr>114</gpxtpx:hr>
          </gpxtpx:TrackPointExtension>
        </extensions>
      </trkpt>
      <trkpt lat="22.40791296956407" lon="107.34923687328654">
        <ele>116.85591211356223</ele>
        <time>2023-07-08T02:20:17Z</time>
        <extensions>
          <gpxtpx:TrackPointExtension>
            <gpxtpx:hr>114</gpxtpx:hr>
          </gpxtpx:TrackPointExtension>
        </extensions>
      </trkpt>
      <trkpt lat="22.407898904639623" lon="107.34923757831855">
        <ele>116.80816387850791</ele>
        <time>2023-07-08T02:20:18Z</time>
        <extensions>
          <gpxtpx:TrackPointExtension>
            <gpxtpx:hr>111</gpxtpx:hr>
          </gpxtpx:TrackPointExtension>
        </extensions>
      </trkpt>
      <trkpt lat="22.407885012335342" lon="107.34923836459427">
        <ele>116.72108858451247</ele>
        <time>2023-07-08T02:20:19Z</time>
        <extensions>
          <gpxtpx:TrackPointExtension>
            <gpxtpx:hr>111</gpxtpx:hr>
          </gpxtpx:TrackPointExtension>
        </extensions>
      </trkpt>
      <trkpt lat="22.40787152837224" lon="107.3492394531303">
        <ele>116.60059589706361</ele>
        <time>2023-07-08T02:20:20Z</time>
        <extensions>
          <gpxtpx:TrackPointExtension>
            <gpxtpx:hr>111</gpxtpx:hr>
          </gpxtpx:TrackPointExtension>
        </extensions>
      </trkpt>
      <trkpt lat="22.407858868541574" lon="107.34924087188321">
        <ele>116.46779998391867</ele>
        <time>2023-07-08T02:20:21Z</time>
        <extensions>
          <gpxtpx:TrackPointExtension>
            <gpxtpx:hr>111</gpxtpx:hr>
          </gpxtpx:TrackPointExtension>
        </extensions>
      </trkpt>
      <trkpt lat="22.407847195364077" lon="107.34924256226834">
        <ele>116.31487716641277</ele>
        <time>2023-07-08T02:20:22Z</time>
        <extensions>
          <gpxtpx:TrackPointExtension>
            <gpxtpx:hr>112</gpxtpx:hr>
          </gpxtpx:TrackPointExtension>
        </extensions>
      </trkpt>
      <trkpt lat="22.407836363215687" lon="107.34924462580139">
        <ele>116.15120728872716</ele>
        <time>2023-07-08T02:20:23Z</time>
        <extensions>
          <gpxtpx:TrackPointExtension>
            <gpxtpx:hr>112</gpxtpx:hr>
          </gpxtpx:TrackPointExtension>
        </extensions>
      </trkpt>
      <trkpt lat="22.407826000567944" lon="107.34924727957844">
        <ele>116.00414267089218</ele>
        <time>2023-07-08T02:20:24Z</time>
        <extensions>
          <gpxtpx:TrackPointExtension>
            <gpxtpx:hr>112</gpxtpx:hr>
          </gpxtpx:TrackPointExtension>
        </extensions>
      </trkpt>
      <trkpt lat="22.407815351529287" lon="107.34925040951104">
        <ele>115.85747861582786</ele>
        <time>2023-07-08T02:20:25Z</time>
        <extensions>
          <gpxtpx:TrackPointExtension>
            <gpxtpx:hr>112</gpxtpx:hr>
          </gpxtpx:TrackPointExtension>
        </extensions>
      </trkpt>
      <trkpt lat="22.407803907153777" lon="107.34925373870581">
        <ele>115.70315388217568</ele>
        <time>2023-07-08T02:20:26Z</time>
        <extensions>
          <gpxtpx:TrackPointExtension>
            <gpxtpx:hr>112</gpxtpx:hr>
          </gpxtpx:TrackPointExtension>
        </extensions>
      </trkpt>
      <trkpt lat="22.40779223938999" lon="107.34925684204964">
        <ele>115.54416447505355</ele>
        <time>2023-07-08T02:20:27Z</time>
        <extensions>
          <gpxtpx:TrackPointExtension>
            <gpxtpx:hr>115</gpxtpx:hr>
          </gpxtpx:TrackPointExtension>
        </extensions>
      </trkpt>
      <trkpt lat="22.407781519498002" lon="107.34925877577265">
        <ele>115.3622185094282</ele>
        <time>2023-07-08T02:20:28Z</time>
        <extensions>
          <gpxtpx:TrackPointExtension>
            <gpxtpx:hr>115</gpxtpx:hr>
          </gpxtpx:TrackPointExtension>
        </extensions>
      </trkpt>
      <trkpt lat="22.40777171866045" lon="107.34925889077451">
        <ele>115.18045956362039</ele>
        <time>2023-07-08T02:20:29Z</time>
        <extensions>
          <gpxtpx:TrackPointExtension>
            <gpxtpx:hr>115</gpxtpx:hr>
          </gpxtpx:TrackPointExtension>
        </extensions>
      </trkpt>
      <trkpt lat="22.407761526945652" lon="107.3492575779842">
        <ele>114.99255818873644</ele>
        <time>2023-07-08T02:20:30Z</time>
        <extensions>
          <gpxtpx:TrackPointExtension>
            <gpxtpx:hr>115</gpxtpx:hr>
          </gpxtpx:TrackPointExtension>
        </extensions>
      </trkpt>
      <trkpt lat="22.40775075854886" lon="107.349256178872">
        <ele>114.81760367099196</ele>
        <time>2023-07-08T02:20:31Z</time>
        <extensions>
          <gpxtpx:TrackPointExtension>
            <gpxtpx:hr>115</gpxtpx:hr>
          </gpxtpx:TrackPointExtension>
        </extensions>
      </trkpt>
      <trkpt lat="22.407739913843514" lon="107.34925569906851">
        <ele>114.64328720979393</ele>
        <time>2023-07-08T02:20:32Z</time>
        <extensions>
          <gpxtpx:TrackPointExtension>
            <gpxtpx:hr>115</gpxtpx:hr>
          </gpxtpx:TrackPointExtension>
        </extensions>
      </trkpt>
      <trkpt lat="22.407729245977762" lon="107.34925609067831">
        <ele>114.45345993898809</ele>
        <time>2023-07-08T02:20:33Z</time>
        <extensions>
          <gpxtpx:TrackPointExtension>
            <gpxtpx:hr>114</gpxtpx:hr>
          </gpxtpx:TrackPointExtension>
        </extensions>
      </trkpt>
      <trkpt lat="22.407718923187034" lon="107.34925686076589">
        <ele>114.26075101736933</ele>
        <time>2023-07-08T02:20:34Z</time>
        <extensions>
          <gpxtpx:TrackPointExtension>
            <gpxtpx:hr>114</gpxtpx:hr>
          </gpxtpx:TrackPointExtension>
        </extensions>
      </trkpt>
      <trkpt lat="22.407708514776733" lon="107.34925807761735">
        <ele>114.10621740203351</ele>
        <time>2023-07-08T02:20:35Z</time>
        <extensions>
          <gpxtpx:TrackPointExtension>
            <gpxtpx:hr>114</gpxtpx:hr>
          </gpxtpx:TrackPointExtension>
        </extensions>
      </trkpt>
      <trkpt lat="22.407697602879356" lon="107.3492600596189">
        <ele>113.94122365862131</ele>
        <time>2023-07-08T02:20:36Z</time>
        <extensions>
          <gpxtpx:TrackPointExtension>
            <gpxtpx:hr>114</gpxtpx:hr>
          </gpxtpx:TrackPointExtension>
        </extensions>
      </trkpt>
      <trkpt lat="22.407686094507728" lon="107.34926268343304">
        <ele>113.79161719512194</ele>
        <time>2023-07-08T02:20:37Z</time>
        <extensions>
          <gpxtpx:TrackPointExtension>
            <gpxtpx:hr>116</gpxtpx:hr>
          </gpxtpx:TrackPointExtension>
        </extensions>
      </trkpt>
      <trkpt lat="22.40767376632409" lon="107.34926536650056">
        <ele>113.6670861504972</ele>
        <time>2023-07-08T02:20:38Z</time>
        <extensions>
          <gpxtpx:TrackPointExtension>
            <gpxtpx:hr>116</gpxtpx:hr>
          </gpxtpx:TrackPointExtension>
        </extensions>
      </trkpt>
      <trkpt lat="22.407660361804986" lon="107.34926771525735">
        <ele>113.56935857981443</ele>
        <time>2023-07-08T02:20:39Z</time>
        <extensions>
          <gpxtpx:TrackPointExtension>
            <gpxtpx:hr>116</gpxtpx:hr>
          </gpxtpx:TrackPointExtension>
        </extensions>
      </trkpt>
      <trkpt lat="22.407646019050464" lon="107.34926969514392">
        <ele>113.48455228004605</ele>
        <time>2023-07-08T02:20:40Z</time>
        <extensions>
          <gpxtpx:TrackPointExtension>
            <gpxtpx:hr>116</gpxtpx:hr>
          </gpxtpx:TrackPointExtension>
        </extensions>
      </trkpt>
      <trkpt lat="22.407631271458605" lon="107.34927133097818">
        <ele>113.42095189914107</ele>
        <time>2023-07-08T02:20:41Z</time>
        <extensions>
          <gpxtpx:TrackPointExtension>
            <gpxtpx:hr>114</gpxtpx:hr>
          </gpxtpx:TrackPointExtension>
        </extensions>
      </trkpt>
      <trkpt lat="22.40761657282331" lon="107.34927251040165">
        <ele>113.36887270584702</ele>
        <time>2023-07-08T02:20:41Z</time>
        <extensions>
          <gpxtpx:TrackPointExtension>
            <gpxtpx:hr>114</gpxtpx:hr>
          </gpxtpx:TrackPointExtension>
        </extensions>
      </trkpt>
      <trkpt lat="22.40760273377055" lon="107.34927327422506">
        <ele>113.34921327605844</ele>
        <time>2023-07-08T02:20:42Z</time>
        <extensions>
          <gpxtpx:TrackPointExtension>
            <gpxtpx:hr>114</gpxtpx:hr>
          </gpxtpx:TrackPointExtension>
        </extensions>
      </trkpt>
      <trkpt lat="22.40759015723753" lon="107.34927362094992">
        <ele>113.36370925046504</ele>
        <time>2023-07-08T02:20:43Z</time>
        <extensions>
          <gpxtpx:TrackPointExtension>
            <gpxtpx:hr>114</gpxtpx:hr>
          </gpxtpx:TrackPointExtension>
        </extensions>
      </trkpt>
      <trkpt lat="22.407579206973153" lon="107.34927375042099">
        <ele>113.41487583518028</ele>
        <time>2023-07-08T02:20:44Z</time>
        <extensions>
          <gpxtpx:TrackPointExtension>
            <gpxtpx:hr>114</gpxtpx:hr>
          </gpxtpx:TrackPointExtension>
        </extensions>
      </trkpt>
      <trkpt lat="22.407570619794743" lon="107.34927445816332">
        <ele>113.51621713768691</ele>
        <time>2023-07-08T02:20:45Z</time>
        <extensions>
          <gpxtpx:TrackPointExtension>
            <gpxtpx:hr>114</gpxtpx:hr>
          </gpxtpx:TrackPointExtension>
        </extensions>
      </trkpt>
      <trkpt lat="22.40756369787597" lon="107.34927600885528">
        <ele>113.67517472896725</ele>
        <time>2023-07-08T02:20:46Z</time>
        <extensions>
          <gpxtpx:TrackPointExtension>
            <gpxtpx:hr>114</gpxtpx:hr>
          </gpxtpx:TrackPointExtension>
        </extensions>
      </trkpt>
      <trkpt lat="22.407557243338523" lon="107.34927834625647">
        <ele>113.85413942486048</ele>
        <time>2023-07-08T02:20:47Z</time>
        <extensions>
          <gpxtpx:TrackPointExtension>
            <gpxtpx:hr>111</gpxtpx:hr>
          </gpxtpx:TrackPointExtension>
        </extensions>
      </trkpt>
      <trkpt lat="22.407550972796464" lon="107.3492812205295">
        <ele>114.06095542572439</ele>
        <time>2023-07-08T02:20:48Z</time>
        <extensions>
          <gpxtpx:TrackPointExtension>
            <gpxtpx:hr>111</gpxtpx:hr>
          </gpxtpx:TrackPointExtension>
        </extensions>
      </trkpt>
      <trkpt lat="22.407544581950848" lon="107.34928384214088">
        <ele>114.3094353787601</ele>
        <time>2023-07-08T02:20:49Z</time>
        <extensions>
          <gpxtpx:TrackPointExtension>
            <gpxtpx:hr>111</gpxtpx:hr>
          </gpxtpx:TrackPointExtension>
        </extensions>
      </trkpt>
      <trkpt lat="22.407538444015668" lon="107.34928536831094">
        <ele>114.55061076022685</ele>
        <time>2023-07-08T02:20:50Z</time>
        <extensions>
          <gpxtpx:TrackPointExtension>
            <gpxtpx:hr>111</gpxtpx:hr>
          </gpxtpx:TrackPointExtension>
        </extensions>
      </trkpt>
      <trkpt lat="22.40753379857794" lon="107.3492854877047">
        <ele>114.81328517664224</ele>
        <time>2023-07-08T02:20:51Z</time>
        <extensions>
          <gpxtpx:TrackPointExtension>
            <gpxtpx:hr>111</gpxtpx:hr>
          </gpxtpx:TrackPointExtension>
        </extensions>
      </trkpt>
      <trkpt lat="22.4075308656365" lon="107.34928446487598">
        <ele>115.08363123983145</ele>
        <time>2023-07-08T02:20:52Z</time>
        <extensions>
          <gpxtpx:TrackPointExtension>
            <gpxtpx:hr>111</gpxtpx:hr>
          </gpxtpx:TrackPointExtension>
        </extensions>
      </trkpt>
      <trkpt lat="22.407528952362128" lon="107.34928263132265">
        <ele>115.34377469308674</ele>
        <time>2023-07-08T02:20:53Z</time>
        <extensions>
          <gpxtpx:TrackPointExtension>
            <gpxtpx:hr>112</gpxtpx:hr>
          </gpxtpx:TrackPointExtension>
        </extensions>
      </trkpt>
      <trkpt lat="22.40752687005989" lon="107.34928032288475">
        <ele>115.59761514980346</ele>
        <time>2023-07-08T02:20:54Z</time>
        <extensions>
          <gpxtpx:TrackPointExtension>
            <gpxtpx:hr>112</gpxtpx:hr>
          </gpxtpx:TrackPointExtension>
        </extensions>
      </trkpt>
      <trkpt lat="22.407523789392247" lon="107.3492780294357">
        <ele>115.82672135718167</ele>
        <time>2023-07-08T02:20:55Z</time>
        <extensions>
          <gpxtpx:TrackPointExtension>
            <gpxtpx:hr>112</gpxtpx:hr>
          </gpxtpx:TrackPointExtension>
        </extensions>
      </trkpt>
      <trkpt lat="22.407519145559476" lon="107.34927620105466">
        <ele>116.02906474284828</ele>
        <time>2023-07-08T02:20:56Z</time>
        <extensions>
          <gpxtpx:TrackPointExtension>
            <gpxtpx:hr>112</gpxtpx:hr>
          </gpxtpx:TrackPointExtension>
        </extensions>
      </trkpt>
      <trkpt lat="22.40751300066826" lon="107.3492748483406">
        <ele>116.20967322960496</ele>
        <time>2023-07-08T02:20:57Z</time>
        <extensions>
          <gpxtpx:TrackPointExtension>
            <gpxtpx:hr>111</gpxtpx:hr>
          </gpxtpx:TrackPointExtension>
        </extensions>
      </trkpt>
      <trkpt lat="22.407505853375447" lon="107.34927387144847">
        <ele>116.35277924500406</ele>
        <time>2023-07-08T02:20:58Z</time>
        <extensions>
          <gpxtpx:TrackPointExtension>
            <gpxtpx:hr>111</gpxtpx:hr>
          </gpxtpx:TrackPointExtension>
        </extensions>
      </trkpt>
      <trkpt lat="22.40749709981697" lon="107.34927355791999">
        <ele>116.45998044312</ele>
        <time>2023-07-08T02:20:59Z</time>
        <extensions>
          <gpxtpx:TrackPointExtension>
            <gpxtpx:hr>111</gpxtpx:hr>
          </gpxtpx:TrackPointExtension>
        </extensions>
      </trkpt>
      <trkpt lat="22.40748659088795" lon="107.34927436790744">
        <ele>116.53234086278826</ele>
        <time>2023-07-08T02:21:00Z</time>
        <extensions>
          <gpxtpx:TrackPointExtension>
            <gpxtpx:hr>111</gpxtpx:hr>
          </gpxtpx:TrackPointExtension>
        </extensions>
      </trkpt>
      <trkpt lat="22.40747554046179" lon="107.34927627257638">
        <ele>116.5591344339773</ele>
        <time>2023-07-08T02:21:01Z</time>
        <extensions>
          <gpxtpx:TrackPointExtension>
            <gpxtpx:hr>113</gpxtpx:hr>
          </gpxtpx:TrackPointExtension>
        </extensions>
      </trkpt>
      <trkpt lat="22.40746548405418" lon="107.34927874525525">
        <ele>116.57614677399397</ele>
        <time>2023-07-08T02:21:02Z</time>
        <extensions>
          <gpxtpx:TrackPointExtension>
            <gpxtpx:hr>113</gpxtpx:hr>
          </gpxtpx:TrackPointExtension>
        </extensions>
      </trkpt>
      <trkpt lat="22.40745645771295" lon="107.34928135725717">
        <ele>116.59103509411216</ele>
        <time>2023-07-08T02:21:03Z</time>
        <extensions>
          <gpxtpx:TrackPointExtension>
            <gpxtpx:hr>113</gpxtpx:hr>
          </gpxtpx:TrackPointExtension>
        </extensions>
      </trkpt>
      <trkpt lat="22.407447228423546" lon="107.3492839487604">
        <ele>116.59289190080017</ele>
        <time>2023-07-08T02:21:04Z</time>
        <extensions>
          <gpxtpx:TrackPointExtension>
            <gpxtpx:hr>113</gpxtpx:hr>
          </gpxtpx:TrackPointExtension>
        </extensions>
      </trkpt>
      <trkpt lat="22.40743702849822" lon="107.34928677760155">
        <ele>116.57582792732865</ele>
        <time>2023-07-08T02:21:05Z</time>
        <extensions>
          <gpxtpx:TrackPointExtension>
            <gpxtpx:hr>113</gpxtpx:hr>
          </gpxtpx:TrackPointExtension>
        </extensions>
      </trkpt>
      <trkpt lat="22.40742582616036" lon="107.3492899593644">
        <ele>116.56577582191676</ele>
        <time>2023-07-08T02:21:06Z</time>
        <extensions>
          <gpxtpx:TrackPointExtension>
            <gpxtpx:hr>114</gpxtpx:hr>
          </gpxtpx:TrackPointExtension>
        </extensions>
      </trkpt>
      <trkpt lat="22.40741445028565" lon="107.34929364321783">
        <ele>116.58696540724486</ele>
        <time>2023-07-08T02:21:07Z</time>
        <extensions>
          <gpxtpx:TrackPointExtension>
            <gpxtpx:hr>114</gpxtpx:hr>
          </gpxtpx:TrackPointExtension>
        </extensions>
      </trkpt>
      <trkpt lat="22.40740295457577" lon="107.34929789555461">
        <ele>116.63882465660572</ele>
        <time>2023-07-08T02:21:08Z</time>
        <extensions>
          <gpxtpx:TrackPointExtension>
            <gpxtpx:hr>114</gpxtpx:hr>
          </gpxtpx:TrackPointExtension>
        </extensions>
      </trkpt>
      <trkpt lat="22.40739125582111" lon="107.34930280647478">
        <ele>116.70601621177047</ele>
        <time>2023-07-08T02:21:09Z</time>
        <extensions>
          <gpxtpx:TrackPointExtension>
            <gpxtpx:hr>114</gpxtpx:hr>
          </gpxtpx:TrackPointExtension>
        </extensions>
      </trkpt>
      <trkpt lat="22.407380230886186" lon="107.34930845870309">
        <ele>116.81198366452008</ele>
        <time>2023-07-08T02:21:10Z</time>
        <extensions>
          <gpxtpx:TrackPointExtension>
            <gpxtpx:hr>114</gpxtpx:hr>
          </gpxtpx:TrackPointExtension>
        </extensions>
      </trkpt>
      <trkpt lat="22.407370817592493" lon="107.34931473730757">
        <ele>116.94510130118579</ele>
        <time>2023-07-08T02:21:11Z</time>
        <extensions>
          <gpxtpx:TrackPointExtension>
            <gpxtpx:hr>114</gpxtpx:hr>
          </gpxtpx:TrackPointExtension>
        </extensions>
      </trkpt>
      <trkpt lat="22.407362800600737" lon="107.34932127808634">
        <ele>117.11628267448395</ele>
        <time>2023-07-08T02:21:12Z</time>
        <extensions>
          <gpxtpx:TrackPointExtension>
            <gpxtpx:hr>107</gpxtpx:hr>
          </gpxtpx:TrackPointExtension>
        </extensions>
      </trkpt>
      <trkpt lat="22.407355299072528" lon="107.34932791257184">
        <ele>117.33265666570514</ele>
        <time>2023-07-08T02:21:13Z</time>
        <extensions>
          <gpxtpx:TrackPointExtension>
            <gpxtpx:hr>107</gpxtpx:hr>
          </gpxtpx:TrackPointExtension>
        </extensions>
      </trkpt>
      <trkpt lat="22.40734794557454" lon="107.34933484799186">
        <ele>117.58799281995744</ele>
        <time>2023-07-08T02:21:14Z</time>
        <extensions>
          <gpxtpx:TrackPointExtension>
            <gpxtpx:hr>107</gpxtpx:hr>
          </gpxtpx:TrackPointExtension>
        </extensions>
      </trkpt>
      <trkpt lat="22.407340575770018" lon="107.34934271458998">
        <ele>117.86615381855518</ele>
        <time>2023-07-08T02:21:15Z</time>
        <extensions>
          <gpxtpx:TrackPointExtension>
            <gpxtpx:hr>107</gpxtpx:hr>
          </gpxtpx:TrackPointExtension>
        </extensions>
      </trkpt>
      <trkpt lat="22.407332693452776" lon="107.34935175889404">
        <ele>118.15607925597578</ele>
        <time>2023-07-08T02:21:16Z</time>
        <extensions>
          <gpxtpx:TrackPointExtension>
            <gpxtpx:hr>107</gpxtpx:hr>
          </gpxtpx:TrackPointExtension>
        </extensions>
      </trkpt>
      <trkpt lat="22.40732415770281" lon="107.34936203010467">
        <ele>118.46329702530056</ele>
        <time>2023-07-08T02:21:17Z</time>
        <extensions>
          <gpxtpx:TrackPointExtension>
            <gpxtpx:hr>107</gpxtpx:hr>
          </gpxtpx:TrackPointExtension>
        </extensions>
      </trkpt>
      <trkpt lat="22.407316204126918" lon="107.34937282465286">
        <ele>118.76092502009124</ele>
        <time>2023-07-08T02:21:18Z</time>
        <extensions>
          <gpxtpx:TrackPointExtension>
            <gpxtpx:hr>107</gpxtpx:hr>
          </gpxtpx:TrackPointExtension>
        </extensions>
      </trkpt>
      <trkpt lat="22.407309510073016" lon="107.34938265897338">
        <ele>119.03225877601653</ele>
        <time>2023-07-08T02:21:19Z</time>
        <extensions>
          <gpxtpx:TrackPointExtension>
            <gpxtpx:hr>111</gpxtpx:hr>
          </gpxtpx:TrackPointExtension>
        </extensions>
      </trkpt>
      <trkpt lat="22.40730310762072" lon="107.34939145323686">
        <ele>119.26420330349356</ele>
        <time>2023-07-08T02:21:20Z</time>
        <extensions>
          <gpxtpx:TrackPointExtension>
            <gpxtpx:hr>111</gpxtpx:hr>
          </gpxtpx:TrackPointExtension>
        </extensions>
      </trkpt>
      <trkpt lat="22.40729671185999" lon="107.34939959934844">
        <ele>119.48126490134746</ele>
        <time>2023-07-08T02:21:21Z</time>
        <extensions>
          <gpxtpx:TrackPointExtension>
            <gpxtpx:hr>111</gpxtpx:hr>
          </gpxtpx:TrackPointExtension>
        </extensions>
      </trkpt>
      <trkpt lat="22.40729070376579" lon="107.34940729532315">
        <ele>119.65777221228927</ele>
        <time>2023-07-08T02:21:22Z</time>
        <extensions>
          <gpxtpx:TrackPointExtension>
            <gpxtpx:hr>111</gpxtpx:hr>
          </gpxtpx:TrackPointExtension>
        </extensions>
      </trkpt>
      <trkpt lat="22.407284862855082" lon="107.3494147545247">
        <ele>119.80936656706035</ele>
        <time>2023-07-08T02:21:23Z</time>
        <extensions>
          <gpxtpx:TrackPointExtension>
            <gpxtpx:hr>111</gpxtpx:hr>
          </gpxtpx:TrackPointExtension>
        </extensions>
      </trkpt>
      <trkpt lat="22.407278958607346" lon="107.34942156519554">
        <ele>119.92230170499533</ele>
        <time>2023-07-08T02:21:24Z</time>
        <extensions>
          <gpxtpx:TrackPointExtension>
            <gpxtpx:hr>111</gpxtpx:hr>
          </gpxtpx:TrackPointExtension>
        </extensions>
      </trkpt>
      <trkpt lat="22.40727278823526" lon="107.34942761398283">
        <ele>119.9974895985797</ele>
        <time>2023-07-08T02:21:25Z</time>
        <extensions>
          <gpxtpx:TrackPointExtension>
            <gpxtpx:hr>111</gpxtpx:hr>
          </gpxtpx:TrackPointExtension>
        </extensions>
      </trkpt>
      <trkpt lat="22.40726598406078" lon="107.34943318242">
        <ele>120.05078540183604</ele>
        <time>2023-07-08T02:21:26Z</time>
        <extensions>
          <gpxtpx:TrackPointExtension>
            <gpxtpx:hr>116</gpxtpx:hr>
          </gpxtpx:TrackPointExtension>
        </extensions>
      </trkpt>
      <trkpt lat="22.407258868355576" lon="107.3494379126596">
        <ele>120.06159747950733</ele>
        <time>2023-07-08T02:21:27Z</time>
        <extensions>
          <gpxtpx:TrackPointExtension>
            <gpxtpx:hr>116</gpxtpx:hr>
          </gpxtpx:TrackPointExtension>
        </extensions>
      </trkpt>
      <trkpt lat="22.407251523259884" lon="107.34944172007533">
        <ele>120.04143497906625</ele>
        <time>2023-07-08T02:21:28Z</time>
        <extensions>
          <gpxtpx:TrackPointExtension>
            <gpxtpx:hr>116</gpxtpx:hr>
          </gpxtpx:TrackPointExtension>
        </extensions>
      </trkpt>
      <trkpt lat="22.40724381768867" lon="107.34944511268074">
        <ele>120.01295580808073</ele>
        <time>2023-07-08T02:21:29Z</time>
        <extensions>
          <gpxtpx:TrackPointExtension>
            <gpxtpx:hr>116</gpxtpx:hr>
          </gpxtpx:TrackPointExtension>
        </extensions>
      </trkpt>
      <trkpt lat="22.40723644376209" lon="107.34944829060245">
        <ele>119.96416582446545</ele>
        <time>2023-07-08T02:21:30Z</time>
        <extensions>
          <gpxtpx:TrackPointExtension>
            <gpxtpx:hr>116</gpxtpx:hr>
          </gpxtpx:TrackPointExtension>
        </extensions>
      </trkpt>
      <trkpt lat="22.407229636774836" lon="107.34945137767004">
        <ele>119.92573757749051</ele>
        <time>2023-07-08T02:21:31Z</time>
        <extensions>
          <gpxtpx:TrackPointExtension>
            <gpxtpx:hr>116</gpxtpx:hr>
          </gpxtpx:TrackPointExtension>
        </extensions>
      </trkpt>
      <trkpt lat="22.40722269807588" lon="107.34945434916969">
        <ele>119.88230652920902</ele>
        <time>2023-07-08T02:21:32Z</time>
        <extensions>
          <gpxtpx:TrackPointExtension>
            <gpxtpx:hr>116</gpxtpx:hr>
          </gpxtpx:TrackPointExtension>
        </extensions>
      </trkpt>
      <trkpt lat="22.407215381068653" lon="107.34945680435858">
        <ele>119.83405464701355</ele>
        <time>2023-07-08T02:21:33Z</time>
        <extensions>
          <gpxtpx:TrackPointExtension>
            <gpxtpx:hr>115</gpxtpx:hr>
          </gpxtpx:TrackPointExtension>
        </extensions>
      </trkpt>
      <trkpt lat="22.407208356398684" lon="107.34945829407866">
        <ele>119.77228995691985</ele>
        <time>2023-07-08T02:21:34Z</time>
        <extensions>
          <gpxtpx:TrackPointExtension>
            <gpxtpx:hr>115</gpxtpx:hr>
          </gpxtpx:TrackPointExtension>
        </extensions>
      </trkpt>
      <trkpt lat="22.407201940632223" lon="107.3494588823286">
        <ele>119.69508190918714</ele>
        <time>2023-07-08T02:21:35Z</time>
        <extensions>
          <gpxtpx:TrackPointExtension>
            <gpxtpx:hr>115</gpxtpx:hr>
          </gpxtpx:TrackPointExtension>
        </extensions>
      </trkpt>
      <trkpt lat="22.407195472626398" lon="107.34945946447718">
        <ele>119.60317158140242</ele>
        <time>2023-07-08T02:21:36Z</time>
        <extensions>
          <gpxtpx:TrackPointExtension>
            <gpxtpx:hr>114</gpxtpx:hr>
          </gpxtpx:TrackPointExtension>
        </extensions>
      </trkpt>
      <trkpt lat="22.407188283161105" lon="107.34946080674905">
        <ele>119.51087121572345</ele>
        <time>2023-07-08T02:21:37Z</time>
        <extensions>
          <gpxtpx:TrackPointExtension>
            <gpxtpx:hr>114</gpxtpx:hr>
          </gpxtpx:TrackPointExtension>
        </extensions>
      </trkpt>
      <trkpt lat="22.407180125477947" lon="107.34946287372937">
        <ele>119.4163016565144</ele>
        <time>2023-07-08T02:21:38Z</time>
        <extensions>
          <gpxtpx:TrackPointExtension>
            <gpxtpx:hr>114</gpxtpx:hr>
          </gpxtpx:TrackPointExtension>
        </extensions>
      </trkpt>
      <trkpt lat="22.40717070159617" lon="107.34946542164036">
        <ele>119.33647316507995</ele>
        <time>2023-07-08T02:21:39Z</time>
        <extensions>
          <gpxtpx:TrackPointExtension>
            <gpxtpx:hr>114</gpxtpx:hr>
          </gpxtpx:TrackPointExtension>
        </extensions>
      </trkpt>
      <trkpt lat="22.407159918783982" lon="107.34946835154655">
        <ele>119.26403164304793</ele>
        <time>2023-07-08T02:21:40Z</time>
        <extensions>
          <gpxtpx:TrackPointExtension>
            <gpxtpx:hr>114</gpxtpx:hr>
          </gpxtpx:TrackPointExtension>
        </extensions>
      </trkpt>
      <trkpt lat="22.407148475265206" lon="107.34947162088271">
        <ele>119.18085637316108</ele>
        <time>2023-07-08T02:21:41Z</time>
        <extensions>
          <gpxtpx:TrackPointExtension>
            <gpxtpx:hr>112</gpxtpx:hr>
          </gpxtpx:TrackPointExtension>
        </extensions>
      </trkpt>
      <trkpt lat="22.40713760915605" lon="107.34947473207434">
        <ele>119.093804131262</ele>
        <time>2023-07-08T02:21:42Z</time>
        <extensions>
          <gpxtpx:TrackPointExtension>
            <gpxtpx:hr>112</gpxtpx:hr>
          </gpxtpx:TrackPointExtension>
        </extensions>
      </trkpt>
      <trkpt lat="22.407128346335835" lon="107.34947698869969">
        <ele>119.00859837420285</ele>
        <time>2023-07-08T02:21:43Z</time>
        <extensions>
          <gpxtpx:TrackPointExtension>
            <gpxtpx:hr>112</gpxtpx:hr>
          </gpxtpx:TrackPointExtension>
        </extensions>
      </trkpt>
      <trkpt lat="22.407121035654804" lon="107.34947869789556">
        <ele>118.92791921179742</ele>
        <time>2023-07-08T02:21:44Z</time>
        <extensions>
          <gpxtpx:TrackPointExtension>
            <gpxtpx:hr>112</gpxtpx:hr>
          </gpxtpx:TrackPointExtension>
        </extensions>
      </trkpt>
      <trkpt lat="22.4071157990361" lon="107.34948037473741">
        <ele>118.85119911190122</ele>
        <time>2023-07-08T02:21:45Z</time>
        <extensions>
          <gpxtpx:TrackPointExtension>
            <gpxtpx:hr>112</gpxtpx:hr>
          </gpxtpx:TrackPointExtension>
        </extensions>
      </trkpt>
      <trkpt lat="22.4071125294561" lon="107.34948199356766">
        <ele>118.7676949845627</ele>
        <time>2023-07-08T02:21:46Z</time>
        <extensions>
          <gpxtpx:TrackPointExtension>
            <gpxtpx:hr>112</gpxtpx:hr>
          </gpxtpx:TrackPointExtension>
        </extensions>
      </trkpt>
      <trkpt lat="22.40711046099746" lon="107.34948352616276">
        <ele>118.66852248366922</ele>
        <time>2023-07-08T02:21:47Z</time>
        <extensions>
          <gpxtpx:TrackPointExtension>
            <gpxtpx:hr>113</gpxtpx:hr>
          </gpxtpx:TrackPointExtension>
        </extensions>
      </trkpt>
      <trkpt lat="22.40710869637785" lon="107.34948505463925">
        <ele>118.56182621698827</ele>
        <time>2023-07-08T02:21:48Z</time>
        <extensions>
          <gpxtpx:TrackPointExtension>
            <gpxtpx:hr>113</gpxtpx:hr>
          </gpxtpx:TrackPointExtension>
        </extensions>
      </trkpt>
      <trkpt lat="22.407106435455223" lon="107.34948677248268">
        <ele>118.45620490796864</ele>
        <time>2023-07-08T02:21:49Z</time>
        <extensions>
          <gpxtpx:TrackPointExtension>
            <gpxtpx:hr>113</gpxtpx:hr>
          </gpxtpx:TrackPointExtension>
        </extensions>
      </trkpt>
      <trkpt lat="22.407103483541878" lon="107.34948863550568">
        <ele>118.35178694035858</ele>
        <time>2023-07-08T02:21:50Z</time>
        <extensions>
          <gpxtpx:TrackPointExtension>
            <gpxtpx:hr>113</gpxtpx:hr>
          </gpxtpx:TrackPointExtension>
        </extensions>
      </trkpt>
      <trkpt lat="22.4070999953016" lon="107.34949048864833">
        <ele>118.24862235691398</ele>
        <time>2023-07-08T02:21:51Z</time>
        <extensions>
          <gpxtpx:TrackPointExtension>
            <gpxtpx:hr>113</gpxtpx:hr>
          </gpxtpx:TrackPointExtension>
        </extensions>
      </trkpt>
      <trkpt lat="22.407096239313912" lon="107.34949225674656">
        <ele>118.14685711450875</ele>
        <time>2023-07-08T02:21:52Z</time>
        <extensions>
          <gpxtpx:TrackPointExtension>
            <gpxtpx:hr>113</gpxtpx:hr>
          </gpxtpx:TrackPointExtension>
        </extensions>
      </trkpt>
      <trkpt lat="22.407092571626873" lon="107.34949385621836">
        <ele>118.06656374968588</ele>
        <time>2023-07-08T02:21:53Z</time>
        <extensions>
          <gpxtpx:TrackPointExtension>
            <gpxtpx:hr>113</gpxtpx:hr>
          </gpxtpx:TrackPointExtension>
        </extensions>
      </trkpt>
      <trkpt lat="22.407089046038212" lon="107.34949525911054">
        <ele>117.98736596759409</ele>
        <time>2023-07-08T02:21:54Z</time>
        <extensions>
          <gpxtpx:TrackPointExtension>
            <gpxtpx:hr>113</gpxtpx:hr>
          </gpxtpx:TrackPointExtension>
        </extensions>
      </trkpt>
      <trkpt lat="22.40708551985501" lon="107.34949654828701">
        <ele>117.91213998198509</ele>
        <time>2023-07-08T02:21:55Z</time>
        <extensions>
          <gpxtpx:TrackPointExtension>
            <gpxtpx:hr>113</gpxtpx:hr>
          </gpxtpx:TrackPointExtension>
        </extensions>
      </trkpt>
      <trkpt lat="22.407082126110353" lon="107.34949772931412">
        <ele>117.85240131150931</ele>
        <time>2023-07-08T02:21:56Z</time>
        <extensions>
          <gpxtpx:TrackPointExtension>
            <gpxtpx:hr>113</gpxtpx:hr>
          </gpxtpx:TrackPointExtension>
        </extensions>
      </trkpt>
      <trkpt lat="22.407079350215657" lon="107.34949872675733">
        <ele>117.79970336798579</ele>
        <time>2023-07-08T02:21:57Z</time>
        <extensions>
          <gpxtpx:TrackPointExtension>
            <gpxtpx:hr>113</gpxtpx:hr>
          </gpxtpx:TrackPointExtension>
        </extensions>
      </trkpt>
      <trkpt lat="22.407077584828706" lon="107.34949945722208">
        <ele>117.75780700799078</ele>
        <time>2023-07-08T02:21:58Z</time>
        <extensions>
          <gpxtpx:TrackPointExtension>
            <gpxtpx:hr>113</gpxtpx:hr>
          </gpxtpx:TrackPointExtension>
        </extensions>
      </trkpt>
      <trkpt lat="22.407076664751457" lon="107.34949995224801">
        <ele>117.7308539673686</ele>
        <time>2023-07-08T02:21:59Z</time>
        <extensions>
          <gpxtpx:TrackPointExtension>
            <gpxtpx:hr>113</gpxtpx:hr>
          </gpxtpx:TrackPointExtension>
        </extensions>
      </trkpt>
      <trkpt lat="22.407076162267696" lon="107.34950032755668">
        <ele>117.70817647408694</ele>
        <time>2023-07-08T02:22:00Z</time>
        <extensions>
          <gpxtpx:TrackPointExtension>
            <gpxtpx:hr>113</gpxtpx:hr>
          </gpxtpx:TrackPointExtension>
        </extensions>
      </trkpt>
      <trkpt lat="22.407075724652664" lon="107.34950065056739">
        <ele>117.70748061221093</ele>
        <time>2023-07-08T02:22:01Z</time>
        <extensions>
          <gpxtpx:TrackPointExtension>
            <gpxtpx:hr>113</gpxtpx:hr>
          </gpxtpx:TrackPointExtension>
        </extensions>
      </trkpt>
      <trkpt lat="22.407074972702542" lon="107.3495009057121">
        <ele>117.72332655731589</ele>
        <time>2023-07-08T02:22:02Z</time>
        <extensions>
          <gpxtpx:TrackPointExtension>
            <gpxtpx:hr>113</gpxtpx:hr>
          </gpxtpx:TrackPointExtension>
        </extensions>
      </trkpt>
      <trkpt lat="22.4070733597906" lon="107.34950099078426">
        <ele>117.74061966594309</ele>
        <time>2023-07-08T02:22:03Z</time>
        <extensions>
          <gpxtpx:TrackPointExtension>
            <gpxtpx:hr>113</gpxtpx:hr>
          </gpxtpx:TrackPointExtension>
        </extensions>
      </trkpt>
      <trkpt lat="22.407070262351226" lon="107.34950062750235">
        <ele>117.77183060720563</ele>
        <time>2023-07-08T02:22:04Z</time>
        <extensions>
          <gpxtpx:TrackPointExtension>
            <gpxtpx:hr>113</gpxtpx:hr>
          </gpxtpx:TrackPointExtension>
        </extensions>
      </trkpt>
      <trkpt lat="22.40706548425472" lon="107.34949949961381">
        <ele>117.80853203870356</ele>
        <time>2023-07-08T02:22:05Z</time>
        <extensions>
          <gpxtpx:TrackPointExtension>
            <gpxtpx:hr>113</gpxtpx:hr>
          </gpxtpx:TrackPointExtension>
        </extensions>
      </trkpt>
      <trkpt lat="22.40705907768513" lon="107.34949789442996">
        <ele>117.84704016987234</ele>
        <time>2023-07-08T02:22:06Z</time>
        <extensions>
          <gpxtpx:TrackPointExtension>
            <gpxtpx:hr>113</gpxtpx:hr>
          </gpxtpx:TrackPointExtension>
        </extensions>
      </trkpt>
      <trkpt lat="22.4070515198325" lon="107.34949654684453">
        <ele>117.90420072898269</ele>
        <time>2023-07-08T02:22:07Z</time>
        <extensions>
          <gpxtpx:TrackPointExtension>
            <gpxtpx:hr>113</gpxtpx:hr>
          </gpxtpx:TrackPointExtension>
        </extensions>
      </trkpt>
      <trkpt lat="22.407043958464495" lon="107.34949567910724">
        <ele>117.97736938111484</ele>
        <time>2023-07-08T02:22:08Z</time>
        <extensions>
          <gpxtpx:TrackPointExtension>
            <gpxtpx:hr>113</gpxtpx:hr>
          </gpxtpx:TrackPointExtension>
        </extensions>
      </trkpt>
      <trkpt lat="22.407036830678116" lon="107.34949506708489">
        <ele>118.04667373001575</ele>
        <time>2023-07-08T02:22:09Z</time>
        <extensions>
          <gpxtpx:TrackPointExtension>
            <gpxtpx:hr>113</gpxtpx:hr>
          </gpxtpx:TrackPointExtension>
        </extensions>
      </trkpt>
      <trkpt lat="22.407029327361993" lon="107.34949472421481">
        <ele>118.12419862952083</ele>
        <time>2023-07-08T02:22:10Z</time>
        <extensions>
          <gpxtpx:TrackPointExtension>
            <gpxtpx:hr>113</gpxtpx:hr>
          </gpxtpx:TrackPointExtension>
        </extensions>
      </trkpt>
      <trkpt lat="22.407020900283676" lon="107.34949483362821">
        <ele>118.20998627971858</ele>
        <time>2023-07-08T02:22:11Z</time>
        <extensions>
          <gpxtpx:TrackPointExtension>
            <gpxtpx:hr>105</gpxtpx:hr>
          </gpxtpx:TrackPointExtension>
        </extensions>
      </trkpt>
      <trkpt lat="22.407012188584194" lon="107.34949529121963">
        <ele>118.2974848356098</ele>
        <time>2023-07-08T02:22:12Z</time>
        <extensions>
          <gpxtpx:TrackPointExtension>
            <gpxtpx:hr>105</gpxtpx:hr>
          </gpxtpx:TrackPointExtension>
        </extensions>
      </trkpt>
      <trkpt lat="22.407004137177854" lon="107.3494958216295">
        <ele>118.3784668231383</ele>
        <time>2023-07-08T02:22:13Z</time>
        <extensions>
          <gpxtpx:TrackPointExtension>
            <gpxtpx:hr>105</gpxtpx:hr>
          </gpxtpx:TrackPointExtension>
        </extensions>
      </trkpt>
      <trkpt lat="22.40699681121174" lon="107.34949612192402">
        <ele>118.45992229506373</ele>
        <time>2023-07-08T02:22:14Z</time>
        <extensions>
          <gpxtpx:TrackPointExtension>
            <gpxtpx:hr>105</gpxtpx:hr>
          </gpxtpx:TrackPointExtension>
        </extensions>
      </trkpt>
      <trkpt lat="22.406989624204364" lon="107.34949631231594">
        <ele>118.5399573603645</ele>
        <time>2023-07-08T02:22:15Z</time>
        <extensions>
          <gpxtpx:TrackPointExtension>
            <gpxtpx:hr>105</gpxtpx:hr>
          </gpxtpx:TrackPointExtension>
        </extensions>
      </trkpt>
      <trkpt lat="22.40698222592549" lon="107.34949694626707">
        <ele>118.61788438633084</ele>
        <time>2023-07-08T02:22:16Z</time>
        <extensions>
          <gpxtpx:TrackPointExtension>
            <gpxtpx:hr>105</gpxtpx:hr>
          </gpxtpx:TrackPointExtension>
        </extensions>
      </trkpt>
      <trkpt lat="22.406974914477146" lon="107.34949824307236">
        <ele>118.69289889000356</ele>
        <time>2023-07-08T02:22:17Z</time>
        <extensions>
          <gpxtpx:TrackPointExtension>
            <gpxtpx:hr>105</gpxtpx:hr>
          </gpxtpx:TrackPointExtension>
        </extensions>
      </trkpt>
      <trkpt lat="22.406968810163754" lon="107.34950011392844">
        <ele>118.76405058056116</ele>
        <time>2023-07-08T02:22:18Z</time>
        <extensions>
          <gpxtpx:TrackPointExtension>
            <gpxtpx:hr>108</gpxtpx:hr>
          </gpxtpx:TrackPointExtension>
        </extensions>
      </trkpt>
      <trkpt lat="22.406964913047236" lon="107.34950214304915">
        <ele>118.83046342618763</ele>
        <time>2023-07-08T02:22:19Z</time>
        <extensions>
          <gpxtpx:TrackPointExtension>
            <gpxtpx:hr>108</gpxtpx:hr>
          </gpxtpx:TrackPointExtension>
        </extensions>
      </trkpt>
      <trkpt lat="22.406963224547244" lon="107.34950370710817">
        <ele>118.89149431418628</ele>
        <time>2023-07-08T02:22:20Z</time>
        <extensions>
          <gpxtpx:TrackPointExtension>
            <gpxtpx:hr>108</gpxtpx:hr>
          </gpxtpx:TrackPointExtension>
        </extensions>
      </trkpt>
      <trkpt lat="22.406962761648373" lon="107.34950472296627">
        <ele>118.93631396535784</ele>
        <time>2023-07-08T02:22:21Z</time>
        <extensions>
          <gpxtpx:TrackPointExtension>
            <gpxtpx:hr>108</gpxtpx:hr>
          </gpxtpx:TrackPointExtension>
        </extensions>
      </trkpt>
      <trkpt lat="22.406962677294114" lon="107.34950549052502">
        <ele>118.9739833837375</ele>
        <time>2023-07-08T02:22:22Z</time>
        <extensions>
          <gpxtpx:TrackPointExtension>
            <gpxtpx:hr>108</gpxtpx:hr>
          </gpxtpx:TrackPointExtension>
        </extensions>
      </trkpt>
      <trkpt lat="22.406962584344253" lon="107.34950617928263">
        <ele>119.00415190123022</ele>
        <time>2023-07-08T02:22:23Z</time>
        <extensions>
          <gpxtpx:TrackPointExtension>
            <gpxtpx:hr>111</gpxtpx:hr>
          </gpxtpx:TrackPointExtension>
        </extensions>
      </trkpt>
      <trkpt lat="22.406962401680634" lon="107.34950671809557">
        <ele>119.0069910986349</ele>
        <time>2023-07-08T02:22:24Z</time>
        <extensions>
          <gpxtpx:TrackPointExtension>
            <gpxtpx:hr>111</gpxtpx:hr>
          </gpxtpx:TrackPointExtension>
        </extensions>
      </trkpt>
      <trkpt lat="22.40696216311592" lon="107.34950709948515">
        <ele>118.99018412549049</ele>
        <time>2023-07-08T02:22:25Z</time>
        <extensions>
          <gpxtpx:TrackPointExtension>
            <gpxtpx:hr>111</gpxtpx:hr>
          </gpxtpx:TrackPointExtension>
        </extensions>
      </trkpt>
      <trkpt lat="22.406961840285106" lon="107.34950738259778">
        <ele>118.95730500482023</ele>
        <time>2023-07-08T02:22:26Z</time>
        <extensions>
          <gpxtpx:TrackPointExtension>
            <gpxtpx:hr>111</gpxtpx:hr>
          </gpxtpx:TrackPointExtension>
        </extensions>
      </trkpt>
      <trkpt lat="22.406961400357126" lon="107.34950759248275">
        <ele>118.91381571255624</ele>
        <time>2023-07-08T02:22:27Z</time>
        <extensions>
          <gpxtpx:TrackPointExtension>
            <gpxtpx:hr>113</gpxtpx:hr>
          </gpxtpx:TrackPointExtension>
        </extensions>
      </trkpt>
      <trkpt lat="22.406960829843225" lon="107.34950772915147">
        <ele>118.8679151814431</ele>
        <time>2023-07-08T02:22:28Z</time>
        <extensions>
          <gpxtpx:TrackPointExtension>
            <gpxtpx:hr>113</gpxtpx:hr>
          </gpxtpx:TrackPointExtension>
        </extensions>
      </trkpt>
      <trkpt lat="22.40696013306827" lon="107.3495078207549">
        <ele>118.82720884494483</ele>
        <time>2023-07-08T02:22:29Z</time>
        <extensions>
          <gpxtpx:TrackPointExtension>
            <gpxtpx:hr>113</gpxtpx:hr>
          </gpxtpx:TrackPointExtension>
        </extensions>
      </trkpt>
      <trkpt lat="22.406959209199805" lon="107.34950788405624">
        <ele>118.78838634770364</ele>
        <time>2023-07-08T02:22:30Z</time>
        <extensions>
          <gpxtpx:TrackPointExtension>
            <gpxtpx:hr>113</gpxtpx:hr>
          </gpxtpx:TrackPointExtension>
        </extensions>
      </trkpt>
      <trkpt lat="22.40695810234065" lon="107.34950787568398">
        <ele>118.73074589762837</ele>
        <time>2023-07-08T02:22:31Z</time>
        <extensions>
          <gpxtpx:TrackPointExtension>
            <gpxtpx:hr>115</gpxtpx:hr>
          </gpxtpx:TrackPointExtension>
        </extensions>
      </trkpt>
      <trkpt lat="22.406957117056578" lon="107.34950770798726">
        <ele>118.65337206609547</ele>
        <time>2023-07-08T02:22:32Z</time>
        <extensions>
          <gpxtpx:TrackPointExtension>
            <gpxtpx:hr>115</gpxtpx:hr>
          </gpxtpx:TrackPointExtension>
        </extensions>
      </trkpt>
      <trkpt lat="22.406956549259377" lon="107.34950732828396">
        <ele>118.55469006765634</ele>
        <time>2023-07-08T02:22:33Z</time>
        <extensions>
          <gpxtpx:TrackPointExtension>
            <gpxtpx:hr>115</gpxtpx:hr>
          </gpxtpx:TrackPointExtension>
        </extensions>
      </trkpt>
      <trkpt lat="22.406956527444393" lon="107.34950674250065">
        <ele>118.4349802955985</ele>
        <time>2023-07-08T02:22:34Z</time>
        <extensions>
          <gpxtpx:TrackPointExtension>
            <gpxtpx:hr>115</gpxtpx:hr>
          </gpxtpx:TrackPointExtension>
        </extensions>
      </trkpt>
      <trkpt lat="22.40695729920376" lon="107.34950589799884">
        <ele>118.30367400310934</ele>
        <time>2023-07-08T02:22:35Z</time>
        <extensions>
          <gpxtpx:TrackPointExtension>
            <gpxtpx:hr>115</gpxtpx:hr>
          </gpxtpx:TrackPointExtension>
        </extensions>
      </trkpt>
      <trkpt lat="22.406959201559054" lon="107.34950466763279">
        <ele>118.15956255048513</ele>
        <time>2023-07-08T02:22:36Z</time>
        <extensions>
          <gpxtpx:TrackPointExtension>
            <gpxtpx:hr>115</gpxtpx:hr>
          </gpxtpx:TrackPointExtension>
        </extensions>
      </trkpt>
      <trkpt lat="22.406962259259547" lon="107.34950286052225">
        <ele>118.02848326042295</ele>
        <time>2023-07-08T02:22:37Z</time>
        <extensions>
          <gpxtpx:TrackPointExtension>
            <gpxtpx:hr>116</gpxtpx:hr>
          </gpxtpx:TrackPointExtension>
        </extensions>
      </trkpt>
      <trkpt lat="22.406966155429092" lon="107.34950060171036">
        <ele>117.90810704324394</ele>
        <time>2023-07-08T02:22:38Z</time>
        <extensions>
          <gpxtpx:TrackPointExtension>
            <gpxtpx:hr>116</gpxtpx:hr>
          </gpxtpx:TrackPointExtension>
        </extensions>
      </trkpt>
      <trkpt lat="22.40697024610697" lon="107.34949818658284">
        <ele>117.78287346754223</ele>
        <time>2023-07-08T02:22:39Z</time>
        <extensions>
          <gpxtpx:TrackPointExtension>
            <gpxtpx:hr>116</gpxtpx:hr>
          </gpxtpx:TrackPointExtension>
        </extensions>
      </trkpt>
      <trkpt lat="22.40697400665488" lon="107.34949580374887">
        <ele>117.65482411719859</ele>
        <time>2023-07-08T02:22:40Z</time>
        <extensions>
          <gpxtpx:TrackPointExtension>
            <gpxtpx:hr>116</gpxtpx:hr>
          </gpxtpx:TrackPointExtension>
        </extensions>
      </trkpt>
      <trkpt lat="22.406977070000917" lon="107.34949357417996">
        <ele>117.50454460643232</ele>
        <time>2023-07-08T02:22:41Z</time>
        <extensions>
          <gpxtpx:TrackPointExtension>
            <gpxtpx:hr>116</gpxtpx:hr>
          </gpxtpx:TrackPointExtension>
        </extensions>
      </trkpt>
      <trkpt lat="22.406979541978558" lon="107.3494917452604">
        <ele>117.34967225883156</ele>
        <time>2023-07-08T02:22:42Z</time>
        <extensions>
          <gpxtpx:TrackPointExtension>
            <gpxtpx:hr>116</gpxtpx:hr>
          </gpxtpx:TrackPointExtension>
        </extensions>
      </trkpt>
      <trkpt lat="22.406981545412712" lon="107.34949081040182">
        <ele>117.19210599642247</ele>
        <time>2023-07-08T02:22:43Z</time>
        <extensions>
          <gpxtpx:TrackPointExtension>
            <gpxtpx:hr>116</gpxtpx:hr>
          </gpxtpx:TrackPointExtension>
        </extensions>
      </trkpt>
      <trkpt lat="22.406983010262255" lon="107.34949150455586">
        <ele>117.02488780301064</ele>
        <time>2023-07-08T02:22:44Z</time>
        <extensions>
          <gpxtpx:TrackPointExtension>
            <gpxtpx:hr>116</gpxtpx:hr>
          </gpxtpx:TrackPointExtension>
        </extensions>
      </trkpt>
      <trkpt lat="22.40698409061848" lon="107.34949424578994">
        <ele>116.86515624448657</ele>
        <time>2023-07-08T02:22:45Z</time>
        <extensions>
          <gpxtpx:TrackPointExtension>
            <gpxtpx:hr>116</gpxtpx:hr>
          </gpxtpx:TrackPointExtension>
        </extensions>
      </trkpt>
      <trkpt lat="22.406984535049517" lon="107.3494984658336">
        <ele>116.70480244234204</ele>
        <time>2023-07-08T02:22:46Z</time>
        <extensions>
          <gpxtpx:TrackPointExtension>
            <gpxtpx:hr>105</gpxtpx:hr>
          </gpxtpx:TrackPointExtension>
        </extensions>
      </trkpt>
      <trkpt lat="22.406984213756978" lon="107.349503097805">
        <ele>116.54271638765931</ele>
        <time>2023-07-08T02:22:47Z</time>
        <extensions>
          <gpxtpx:TrackPointExtension>
            <gpxtpx:hr>105</gpxtpx:hr>
          </gpxtpx:TrackPointExtension>
        </extensions>
      </trkpt>
      <trkpt lat="22.406983623904107" lon="107.34950706463793">
        <ele>116.38053841423243</ele>
        <time>2023-07-08T02:22:48Z</time>
        <extensions>
          <gpxtpx:TrackPointExtension>
            <gpxtpx:hr>105</gpxtpx:hr>
          </gpxtpx:TrackPointExtension>
        </extensions>
      </trkpt>
      <trkpt lat="22.406983418877964" lon="107.34951058359239">
        <ele>116.2068911343813</ele>
        <time>2023-07-08T02:22:49Z</time>
        <extensions>
          <gpxtpx:TrackPointExtension>
            <gpxtpx:hr>105</gpxtpx:hr>
          </gpxtpx:TrackPointExtension>
        </extensions>
      </trkpt>
      <trkpt lat="22.40698411828923" lon="107.34951542141671">
        <ele>116.0458507090807</ele>
        <time>2023-07-08T02:22:50Z</time>
        <extensions>
          <gpxtpx:TrackPointExtension>
            <gpxtpx:hr>105</gpxtpx:hr>
          </gpxtpx:TrackPointExtension>
        </extensions>
      </trkpt>
      <trkpt lat="22.406985760163717" lon="107.34952190583414">
        <ele>115.88062256667763</ele>
        <time>2023-07-08T02:22:51Z</time>
        <extensions>
          <gpxtpx:TrackPointExtension>
            <gpxtpx:hr>105</gpxtpx:hr>
          </gpxtpx:TrackPointExtension>
        </extensions>
      </trkpt>
      <trkpt lat="22.406987369300108" lon="107.34952811767009">
        <ele>115.71885714121163</ele>
        <time>2023-07-08T02:22:52Z</time>
        <extensions>
          <gpxtpx:TrackPointExtension>
            <gpxtpx:hr>105</gpxtpx:hr>
          </gpxtpx:TrackPointExtension>
        </extensions>
      </trkpt>
      <trkpt lat="22.40698744169352" lon="107.3495325799622">
        <ele>115.55921168532223</ele>
        <time>2023-07-08T02:22:53Z</time>
        <extensions>
          <gpxtpx:TrackPointExtension>
            <gpxtpx:hr>104</gpxtpx:hr>
          </gpxtpx:TrackPointExtension>
        </extensions>
      </trkpt>
      <trkpt lat="22.406985631872285" lon="107.34953531430841">
        <ele>115.40289347246289</ele>
        <time>2023-07-08T02:22:54Z</time>
        <extensions>
          <gpxtpx:TrackPointExtension>
            <gpxtpx:hr>104</gpxtpx:hr>
          </gpxtpx:TrackPointExtension>
        </extensions>
      </trkpt>
      <trkpt lat="22.406982595193476" lon="107.34953677404239">
        <ele>115.25083348713815</ele>
        <time>2023-07-08T02:22:55Z</time>
        <extensions>
          <gpxtpx:TrackPointExtension>
            <gpxtpx:hr>104</gpxtpx:hr>
          </gpxtpx:TrackPointExtension>
        </extensions>
      </trkpt>
      <trkpt lat="22.4069791398477" lon="107.34953740596234">
        <ele>115.10355253145099</ele>
        <time>2023-07-08T02:22:56Z</time>
        <extensions>
          <gpxtpx:TrackPointExtension>
            <gpxtpx:hr>104</gpxtpx:hr>
          </gpxtpx:TrackPointExtension>
        </extensions>
      </trkpt>
      <trkpt lat="22.406975889573754" lon="107.34953762249135">
        <ele>114.9608475510031</ele>
        <time>2023-07-08T02:22:57Z</time>
        <extensions>
          <gpxtpx:TrackPointExtension>
            <gpxtpx:hr>104</gpxtpx:hr>
          </gpxtpx:TrackPointExtension>
        </extensions>
      </trkpt>
      <trkpt lat="22.406973090259516" lon="107.34953781001754">
        <ele>114.82637404836714</ele>
        <time>2023-07-08T02:22:58Z</time>
        <extensions>
          <gpxtpx:TrackPointExtension>
            <gpxtpx:hr>104</gpxtpx:hr>
          </gpxtpx:TrackPointExtension>
        </extensions>
      </trkpt>
      <trkpt lat="22.406970686426803" lon="107.34953818608507">
        <ele>114.69700107164681</ele>
        <time>2023-07-08T02:22:59Z</time>
        <extensions>
          <gpxtpx:TrackPointExtension>
            <gpxtpx:hr>104</gpxtpx:hr>
          </gpxtpx:TrackPointExtension>
        </extensions>
      </trkpt>
      <trkpt lat="22.406968596999892" lon="107.34953883750302">
        <ele>114.57290830649436</ele>
        <time>2023-07-08T02:23:00Z</time>
        <extensions>
          <gpxtpx:TrackPointExtension>
            <gpxtpx:hr>104</gpxtpx:hr>
          </gpxtpx:TrackPointExtension>
        </extensions>
      </trkpt>
      <trkpt lat="22.406966752154826" lon="107.34953975001565">
        <ele>114.45392707921565</ele>
        <time>2023-07-08T02:23:01Z</time>
        <extensions>
          <gpxtpx:TrackPointExtension>
            <gpxtpx:hr>104</gpxtpx:hr>
          </gpxtpx:TrackPointExtension>
        </extensions>
      </trkpt>
      <trkpt lat="22.406965103360335" lon="107.34954085929013">
        <ele>114.33964357990772</ele>
        <time>2023-07-08T02:23:02Z</time>
        <extensions>
          <gpxtpx:TrackPointExtension>
            <gpxtpx:hr>108</gpxtpx:hr>
          </gpxtpx:TrackPointExtension>
        </extensions>
      </trkpt>
      <trkpt lat="22.40696361720759" lon="107.34954210434975">
        <ele>114.22943434398621</ele>
        <time>2023-07-08T02:23:03Z</time>
        <extensions>
          <gpxtpx:TrackPointExtension>
            <gpxtpx:hr>108</gpxtpx:hr>
          </gpxtpx:TrackPointExtension>
        </extensions>
      </trkpt>
      <trkpt lat="22.406962263515254" lon="107.34954344489707">
        <ele>114.12252248264849</ele>
        <time>2023-07-08T02:23:04Z</time>
        <extensions>
          <gpxtpx:TrackPointExtension>
            <gpxtpx:hr>108</gpxtpx:hr>
          </gpxtpx:TrackPointExtension>
        </extensions>
      </trkpt>
      <trkpt lat="22.406961010847787" lon="107.3495448572174">
        <ele>114.01810136809945</ele>
        <time>2023-07-08T02:23:05Z</time>
        <extensions>
          <gpxtpx:TrackPointExtension>
            <gpxtpx:hr>108</gpxtpx:hr>
          </gpxtpx:TrackPointExtension>
        </extensions>
      </trkpt>
      <trkpt lat="22.40695982829198" lon="107.3495463253523">
        <ele>113.91541562601924</ele>
        <time>2023-07-08T02:23:06Z</time>
        <extensions>
          <gpxtpx:TrackPointExtension>
            <gpxtpx:hr>108</gpxtpx:hr>
          </gpxtpx:TrackPointExtension>
        </extensions>
      </trkpt>
      <trkpt lat="22.40695862501301" lon="107.34954791665346">
        <ele>113.80818138457835</ele>
        <time>2023-07-08T02:23:08Z</time>
        <extensions>
          <gpxtpx:TrackPointExtension>
            <gpxtpx:hr>106</gpxtpx:hr>
          </gpxtpx:TrackPointExtension>
        </extensions>
      </trkpt>
      <trkpt lat="22.406854040484557" lon="107.35029115245044">
        <ele>112.3179343258962</ele>
        <time>2023-07-08T02:24:30Z</time>
        <extensions>
          <gpxtpx:TrackPointExtension>
            <gpxtpx:hr>113</gpxtpx:hr>
          </gpxtpx:TrackPointExtension>
        </extensions>
      </trkpt>
      <trkpt lat="22.406858415510303" lon="107.35029587610812">
        <ele>112.82646301947534</ele>
        <time>2023-07-08T02:24:31Z</time>
        <extensions>
          <gpxtpx:TrackPointExtension>
            <gpxtpx:hr>113</gpxtpx:hr>
          </gpxtpx:TrackPointExtension>
        </extensions>
      </trkpt>
      <trkpt lat="22.406863199573003" lon="107.35029982732121">
        <ele>113.32808274123818</ele>
        <time>2023-07-08T02:24:32Z</time>
        <extensions>
          <gpxtpx:TrackPointExtension>
            <gpxtpx:hr>113</gpxtpx:hr>
          </gpxtpx:TrackPointExtension>
        </extensions>
      </trkpt>
      <trkpt lat="22.40686696051294" lon="107.35030232299307">
        <ele>113.80552026815712</ele>
        <time>2023-07-08T02:24:32Z</time>
        <extensions>
          <gpxtpx:TrackPointExtension>
            <gpxtpx:hr>113</gpxtpx:hr>
          </gpxtpx:TrackPointExtension>
        </extensions>
      </trkpt>
      <trkpt lat="22.40686773330722" lon="107.35030259245706">
        <ele>114.26751887984574</ele>
        <time>2023-07-08T02:24:33Z</time>
        <extensions>
          <gpxtpx:TrackPointExtension>
            <gpxtpx:hr>110</gpxtpx:hr>
          </gpxtpx:TrackPointExtension>
        </extensions>
      </trkpt>
      <trkpt lat="22.40686514367035" lon="107.3502994477743">
        <ele>114.68798589427024</ele>
        <time>2023-07-08T02:24:34Z</time>
        <extensions>
          <gpxtpx:TrackPointExtension>
            <gpxtpx:hr>110</gpxtpx:hr>
          </gpxtpx:TrackPointExtension>
        </extensions>
      </trkpt>
      <trkpt lat="22.406860492024542" lon="107.35029325401936">
        <ele>115.0757957464084</ele>
        <time>2023-07-08T02:24:35Z</time>
        <extensions>
          <gpxtpx:TrackPointExtension>
            <gpxtpx:hr>110</gpxtpx:hr>
          </gpxtpx:TrackPointExtension>
        </extensions>
      </trkpt>
      <trkpt lat="22.406855273037785" lon="107.3502850621153">
        <ele>115.43338408414274</ele>
        <time>2023-07-08T02:24:36Z</time>
        <extensions>
          <gpxtpx:TrackPointExtension>
            <gpxtpx:hr>110</gpxtpx:hr>
          </gpxtpx:TrackPointExtension>
        </extensions>
      </trkpt>
      <trkpt lat="22.406851012003486" lon="107.35027610803175">
        <ele>115.75035031978041</ele>
        <time>2023-07-08T02:24:37Z</time>
        <extensions>
          <gpxtpx:TrackPointExtension>
            <gpxtpx:hr>110</gpxtpx:hr>
          </gpxtpx:TrackPointExtension>
        </extensions>
      </trkpt>
      <trkpt lat="22.406848332082287" lon="107.35026696689376">
        <ele>116.032215885818</ele>
        <time>2023-07-08T02:24:38Z</time>
        <extensions>
          <gpxtpx:TrackPointExtension>
            <gpxtpx:hr>110</gpxtpx:hr>
          </gpxtpx:TrackPointExtension>
        </extensions>
      </trkpt>
      <trkpt lat="22.40684679628087" lon="107.35025784626188">
        <ele>116.27337689977139</ele>
        <time>2023-07-08T02:24:39Z</time>
        <extensions>
          <gpxtpx:TrackPointExtension>
            <gpxtpx:hr>110</gpxtpx:hr>
          </gpxtpx:TrackPointExtension>
        </extensions>
      </trkpt>
      <trkpt lat="22.4068461391689" lon="107.35024911592481">
        <ele>116.47713790088892</ele>
        <time>2023-07-08T02:24:40Z</time>
        <extensions>
          <gpxtpx:TrackPointExtension>
            <gpxtpx:hr>113</gpxtpx:hr>
          </gpxtpx:TrackPointExtension>
        </extensions>
      </trkpt>
      <trkpt lat="22.40684640024358" lon="107.35024154512509">
        <ele>116.63764202594757</ele>
        <time>2023-07-08T02:24:41Z</time>
        <extensions>
          <gpxtpx:TrackPointExtension>
            <gpxtpx:hr>113</gpxtpx:hr>
          </gpxtpx:TrackPointExtension>
        </extensions>
      </trkpt>
      <trkpt lat="22.406847820967467" lon="107.35023540622761">
        <ele>116.75182980578393</ele>
        <time>2023-07-08T02:24:42Z</time>
        <extensions>
          <gpxtpx:TrackPointExtension>
            <gpxtpx:hr>113</gpxtpx:hr>
          </gpxtpx:TrackPointExtension>
        </extensions>
      </trkpt>
      <trkpt lat="22.406850325168318" lon="107.35023028153861">
        <ele>116.81761316768825</ele>
        <time>2023-07-08T02:24:43Z</time>
        <extensions>
          <gpxtpx:TrackPointExtension>
            <gpxtpx:hr>113</gpxtpx:hr>
          </gpxtpx:TrackPointExtension>
        </extensions>
      </trkpt>
      <trkpt lat="22.406853781110236" lon="107.35022592631087">
        <ele>116.85933190211654</ele>
        <time>2023-07-08T02:24:44Z</time>
        <extensions>
          <gpxtpx:TrackPointExtension>
            <gpxtpx:hr>113</gpxtpx:hr>
          </gpxtpx:TrackPointExtension>
        </extensions>
      </trkpt>
      <trkpt lat="22.40685773515881" lon="107.3502220153762">
        <ele>116.87076665274799</ele>
        <time>2023-07-08T02:24:45Z</time>
        <extensions>
          <gpxtpx:TrackPointExtension>
            <gpxtpx:hr>113</gpxtpx:hr>
          </gpxtpx:TrackPointExtension>
        </extensions>
      </trkpt>
      <trkpt lat="22.406861729797495" lon="107.35021856273511">
        <ele>116.85598951391876</ele>
        <time>2023-07-08T02:24:46Z</time>
        <extensions>
          <gpxtpx:TrackPointExtension>
            <gpxtpx:hr>111</gpxtpx:hr>
          </gpxtpx:TrackPointExtension>
        </extensions>
      </trkpt>
      <trkpt lat="22.406865487308842" lon="107.35021573483967">
        <ele>116.81974872667342</ele>
        <time>2023-07-08T02:24:47Z</time>
        <extensions>
          <gpxtpx:TrackPointExtension>
            <gpxtpx:hr>111</gpxtpx:hr>
          </gpxtpx:TrackPointExtension>
        </extensions>
      </trkpt>
      <trkpt lat="22.406868898383117" lon="107.35021381250394">
        <ele>116.76709648966789</ele>
        <time>2023-07-08T02:24:48Z</time>
        <extensions>
          <gpxtpx:TrackPointExtension>
            <gpxtpx:hr>111</gpxtpx:hr>
          </gpxtpx:TrackPointExtension>
        </extensions>
      </trkpt>
      <trkpt lat="22.4068719728106" lon="107.35021317265577">
        <ele>116.70282131526619</ele>
        <time>2023-07-08T02:24:49Z</time>
        <extensions>
          <gpxtpx:TrackPointExtension>
            <gpxtpx:hr>111</gpxtpx:hr>
          </gpxtpx:TrackPointExtension>
        </extensions>
      </trkpt>
      <trkpt lat="22.406874804199024" lon="107.35021429304702">
        <ele>116.63113089371473</ele>
        <time>2023-07-08T02:24:50Z</time>
        <extensions>
          <gpxtpx:TrackPointExtension>
            <gpxtpx:hr>111</gpxtpx:hr>
          </gpxtpx:TrackPointExtension>
        </extensions>
      </trkpt>
      <trkpt lat="22.406877524841573" lon="107.35021705423253">
        <ele>116.55541272088885</ele>
        <time>2023-07-08T02:24:51Z</time>
        <extensions>
          <gpxtpx:TrackPointExtension>
            <gpxtpx:hr>111</gpxtpx:hr>
          </gpxtpx:TrackPointExtension>
        </extensions>
      </trkpt>
      <trkpt lat="22.4068802368309" lon="107.35022082938288">
        <ele>116.47803503461182</ele>
        <time>2023-07-08T02:24:52Z</time>
        <extensions>
          <gpxtpx:TrackPointExtension>
            <gpxtpx:hr>109</gpxtpx:hr>
          </gpxtpx:TrackPointExtension>
        </extensions>
      </trkpt>
      <trkpt lat="22.406883126888992" lon="107.35022544241058">
        <ele>116.39619420655072</ele>
        <time>2023-07-08T02:24:54Z</time>
        <extensions>
          <gpxtpx:TrackPointExtension>
            <gpxtpx:hr>109</gpxtpx:hr>
          </gpxtpx:TrackPointExtension>
        </extensions>
      </trkpt>
      <trkpt lat="22.40695860958156" lon="107.35017231597807">
        <ele>111.84165028389543</ele>
        <time>2023-07-08T02:44:47Z</time>
        <extensions>
          <gpxtpx:TrackPointExtension>
            <gpxtpx:hr>115</gpxtpx:hr>
          </gpxtpx:TrackPointExtension>
        </extensions>
      </trkpt>
      <trkpt lat="22.406956415180325" lon="107.35017719601785">
        <ele>111.83059566561133</ele>
        <time>2023-07-08T02:44:48Z</time>
        <extensions>
          <gpxtpx:TrackPointExtension>
            <gpxtpx:hr>115</gpxtpx:hr>
          </gpxtpx:TrackPointExtension>
        </extensions>
      </trkpt>
      <trkpt lat="22.406954558488437" lon="107.35018126127376">
        <ele>111.82067136839032</ele>
        <time>2023-07-08T02:44:49Z</time>
        <extensions>
          <gpxtpx:TrackPointExtension>
            <gpxtpx:hr>115</gpxtpx:hr>
          </gpxtpx:TrackPointExtension>
        </extensions>
      </trkpt>
      <trkpt lat="22.406953703708233" lon="107.35018394813665">
        <ele>111.80744658969343</ele>
        <time>2023-07-08T02:44:50Z</time>
        <extensions>
          <gpxtpx:TrackPointExtension>
            <gpxtpx:hr>115</gpxtpx:hr>
          </gpxtpx:TrackPointExtension>
        </extensions>
      </trkpt>
      <trkpt lat="22.406952989146316" lon="107.35018625257358">
        <ele>111.79849293734878</ele>
        <time>2023-07-08T02:44:51Z</time>
        <extensions>
          <gpxtpx:TrackPointExtension>
            <gpxtpx:hr>115</gpxtpx:hr>
          </gpxtpx:TrackPointExtension>
        </extensions>
      </trkpt>
      <trkpt lat="22.40695168070273" lon="107.35018911831872">
        <ele>111.79369807522744</ele>
        <time>2023-07-08T02:44:52Z</time>
        <extensions>
          <gpxtpx:TrackPointExtension>
            <gpxtpx:hr>115</gpxtpx:hr>
          </gpxtpx:TrackPointExtension>
        </extensions>
      </trkpt>
      <trkpt lat="22.40695066306868" lon="107.3501915510039">
        <ele>111.79040424339473</ele>
        <time>2023-07-08T02:44:53Z</time>
        <extensions>
          <gpxtpx:TrackPointExtension>
            <gpxtpx:hr>115</gpxtpx:hr>
          </gpxtpx:TrackPointExtension>
        </extensions>
      </trkpt>
      <trkpt lat="22.4069501917099" lon="107.35019331596531">
        <ele>111.78833752591163</ele>
        <time>2023-07-08T02:44:54Z</time>
        <extensions>
          <gpxtpx:TrackPointExtension>
            <gpxtpx:hr>115</gpxtpx:hr>
          </gpxtpx:TrackPointExtension>
        </extensions>
      </trkpt>
      <trkpt lat="22.40695021045615" lon="107.35019445557026">
        <ele>111.78732073772699</ele>
        <time>2023-07-08T02:44:55Z</time>
        <extensions>
          <gpxtpx:TrackPointExtension>
            <gpxtpx:hr>115</gpxtpx:hr>
          </gpxtpx:TrackPointExtension>
        </extensions>
      </trkpt>
      <trkpt lat="22.406950629368225" lon="107.35019498513023">
        <ele>111.78722451347858</ele>
        <time>2023-07-08T02:44:56Z</time>
        <extensions>
          <gpxtpx:TrackPointExtension>
            <gpxtpx:hr>115</gpxtpx:hr>
          </gpxtpx:TrackPointExtension>
        </extensions>
      </trkpt>
      <trkpt lat="22.406951193263108" lon="107.3501952447747">
        <ele>111.78794063162059</ele>
        <time>2023-07-08T02:44:57Z</time>
        <extensions>
          <gpxtpx:TrackPointExtension>
            <gpxtpx:hr>115</gpxtpx:hr>
          </gpxtpx:TrackPointExtension>
        </extensions>
      </trkpt>
      <trkpt lat="22.406951776387423" lon="107.3501954386312">
        <ele>111.78938100207597</ele>
        <time>2023-07-08T02:44:58Z</time>
        <extensions>
          <gpxtpx:TrackPointExtension>
            <gpxtpx:hr>119</gpxtpx:hr>
          </gpxtpx:TrackPointExtension>
        </extensions>
      </trkpt>
      <trkpt lat="22.406952312238566" lon="107.35019561379214">
        <ele>111.79147368762642</ele>
        <time>2023-07-08T02:44:59Z</time>
        <extensions>
          <gpxtpx:TrackPointExtension>
            <gpxtpx:hr>119</gpxtpx:hr>
          </gpxtpx:TrackPointExtension>
        </extensions>
      </trkpt>
      <trkpt lat="22.40695278830375" lon="107.35019577413709">
        <ele>111.79415226727724</ele>
        <time>2023-07-08T02:45:00Z</time>
        <extensions>
          <gpxtpx:TrackPointExtension>
            <gpxtpx:hr>119</gpxtpx:hr>
          </gpxtpx:TrackPointExtension>
        </extensions>
      </trkpt>
      <trkpt lat="22.406953178205306" lon="107.3501959595065">
        <ele>111.80744146090001</ele>
        <time>2023-07-08T02:45:01Z</time>
        <extensions>
          <gpxtpx:TrackPointExtension>
            <gpxtpx:hr>119</gpxtpx:hr>
          </gpxtpx:TrackPointExtension>
        </extensions>
      </trkpt>
      <trkpt lat="22.40695355763404" lon="107.35019609961154">
        <ele>111.82232260145247</ele>
        <time>2023-07-08T02:45:02Z</time>
        <extensions>
          <gpxtpx:TrackPointExtension>
            <gpxtpx:hr>119</gpxtpx:hr>
          </gpxtpx:TrackPointExtension>
        </extensions>
      </trkpt>
      <trkpt lat="22.406953966009358" lon="107.35019620233737">
        <ele>111.83955959416926</ele>
        <time>2023-07-08T02:45:03Z</time>
        <extensions>
          <gpxtpx:TrackPointExtension>
            <gpxtpx:hr>118</gpxtpx:hr>
          </gpxtpx:TrackPointExtension>
        </extensions>
      </trkpt>
      <trkpt lat="22.406954380944153" lon="107.35019628178986">
        <ele>111.85727377329022</ele>
        <time>2023-07-08T02:45:04Z</time>
        <extensions>
          <gpxtpx:TrackPointExtension>
            <gpxtpx:hr>118</gpxtpx:hr>
          </gpxtpx:TrackPointExtension>
        </extensions>
      </trkpt>
      <trkpt lat="22.40695478961421" lon="107.35019635864654">
        <ele>111.87596888560802</ele>
        <time>2023-07-08T02:45:05Z</time>
        <extensions>
          <gpxtpx:TrackPointExtension>
            <gpxtpx:hr>118</gpxtpx:hr>
          </gpxtpx:TrackPointExtension>
        </extensions>
      </trkpt>
      <trkpt lat="22.406955179649778" lon="107.35019642911223">
        <ele>111.89550612960011</ele>
        <time>2023-07-08T02:45:06Z</time>
        <extensions>
          <gpxtpx:TrackPointExtension>
            <gpxtpx:hr>118</gpxtpx:hr>
          </gpxtpx:TrackPointExtension>
        </extensions>
      </trkpt>
      <trkpt lat="22.40695309730106" lon="107.35020000500734">
        <ele>112.40825107786804</ele>
        <time>2023-07-08T02:45:07Z</time>
        <extensions>
          <gpxtpx:TrackPointExtension>
            <gpxtpx:hr>119</gpxtpx:hr>
          </gpxtpx:TrackPointExtension>
        </extensions>
      </trkpt>
      <trkpt lat="22.40695127773292" lon="107.35020278179066">
        <ele>112.98736687470227</ele>
        <time>2023-07-08T02:45:08Z</time>
        <extensions>
          <gpxtpx:TrackPointExtension>
            <gpxtpx:hr>119</gpxtpx:hr>
          </gpxtpx:TrackPointExtension>
        </extensions>
      </trkpt>
      <trkpt lat="22.406949507477844" lon="107.35020498685283">
        <ele>113.62997585721314</ele>
        <time>2023-07-08T02:45:09Z</time>
        <extensions>
          <gpxtpx:TrackPointExtension>
            <gpxtpx:hr>119</gpxtpx:hr>
          </gpxtpx:TrackPointExtension>
        </extensions>
      </trkpt>
      <trkpt lat="22.406947975549958" lon="107.35020694634568">
        <ele>114.3344485508278</ele>
        <time>2023-07-08T02:45:10Z</time>
        <extensions>
          <gpxtpx:TrackPointExtension>
            <gpxtpx:hr>119</gpxtpx:hr>
          </gpxtpx:TrackPointExtension>
        </extensions>
      </trkpt>
      <trkpt lat="22.406946560717607" lon="107.35020876954418">
        <ele>115.10070051625371</ele>
        <time>2023-07-08T02:45:11Z</time>
        <extensions>
          <gpxtpx:TrackPointExtension>
            <gpxtpx:hr>118</gpxtpx:hr>
          </gpxtpx:TrackPointExtension>
        </extensions>
      </trkpt>
      <trkpt lat="22.406945720110375" lon="107.35021071764655">
        <ele>115.92032938171178</ele>
        <time>2023-07-08T02:45:12Z</time>
        <extensions>
          <gpxtpx:TrackPointExtension>
            <gpxtpx:hr>118</gpxtpx:hr>
          </gpxtpx:TrackPointExtension>
        </extensions>
      </trkpt>
      <trkpt lat="22.40694502652404" lon="107.35021235740543">
        <ele>116.7808869369328</ele>
        <time>2023-07-08T02:45:13Z</time>
        <extensions>
          <gpxtpx:TrackPointExtension>
            <gpxtpx:hr>118</gpxtpx:hr>
          </gpxtpx:TrackPointExtension>
        </extensions>
      </trkpt>
      <trkpt lat="22.406944324302046" lon="107.35021371354279">
        <ele>117.66449947655201</ele>
        <time>2023-07-08T02:45:14Z</time>
        <extensions>
          <gpxtpx:TrackPointExtension>
            <gpxtpx:hr>118</gpxtpx:hr>
          </gpxtpx:TrackPointExtension>
        </extensions>
      </trkpt>
      <trkpt lat="22.406943780005207" lon="107.3502149727679">
        <ele>118.57368129957467</ele>
        <time>2023-07-08T02:45:15Z</time>
        <extensions>
          <gpxtpx:TrackPointExtension>
            <gpxtpx:hr>118</gpxtpx:hr>
          </gpxtpx:TrackPointExtension>
        </extensions>
      </trkpt>
      <trkpt lat="22.40694296242474" lon="107.35021652719949">
        <ele>119.49701424408704</ele>
        <time>2023-07-08T02:45:16Z</time>
        <extensions>
          <gpxtpx:TrackPointExtension>
            <gpxtpx:hr>118</gpxtpx:hr>
          </gpxtpx:TrackPointExtension>
        </extensions>
      </trkpt>
      <trkpt lat="22.40694008537131" lon="107.35022109543715">
        <ele>120.41511804796755</ele>
        <time>2023-07-08T02:45:17Z</time>
        <extensions>
          <gpxtpx:TrackPointExtension>
            <gpxtpx:hr>113</gpxtpx:hr>
          </gpxtpx:TrackPointExtension>
        </extensions>
      </trkpt>
      <trkpt lat="22.40693543749816" lon="107.350228447344">
        <ele>121.30449049267918</ele>
        <time>2023-07-08T02:45:18Z</time>
        <extensions>
          <gpxtpx:TrackPointExtension>
            <gpxtpx:hr>113</gpxtpx:hr>
          </gpxtpx:TrackPointExtension>
        </extensions>
      </trkpt>
      <trkpt lat="22.406932498041193" lon="107.35023337410443">
        <ele>122.14500440750271</ele>
        <time>2023-07-08T02:45:19Z</time>
        <extensions>
          <gpxtpx:TrackPointExtension>
            <gpxtpx:hr>113</gpxtpx:hr>
          </gpxtpx:TrackPointExtension>
        </extensions>
      </trkpt>
      <trkpt lat="22.40693178486922" lon="107.35023490205323">
        <ele>122.92254485376179</ele>
        <time>2023-07-08T02:45:20Z</time>
        <extensions>
          <gpxtpx:TrackPointExtension>
            <gpxtpx:hr>113</gpxtpx:hr>
          </gpxtpx:TrackPointExtension>
        </extensions>
      </trkpt>
      <trkpt lat="22.406931703202872" lon="107.35023555201356">
        <ele>123.62824075017124</ele>
        <time>2023-07-08T02:45:21Z</time>
        <extensions>
          <gpxtpx:TrackPointExtension>
            <gpxtpx:hr>113</gpxtpx:hr>
          </gpxtpx:TrackPointExtension>
        </extensions>
      </trkpt>
      <trkpt lat="22.40693174404336" lon="107.35023665393983">
        <ele>124.2576612541452</ele>
        <time>2023-07-08T02:45:22Z</time>
        <extensions>
          <gpxtpx:TrackPointExtension>
            <gpxtpx:hr>115</gpxtpx:hr>
          </gpxtpx:TrackPointExtension>
        </extensions>
      </trkpt>
      <trkpt lat="22.406932035853504" lon="107.35023839321545">
        <ele>124.81011671386659</ele>
        <time>2023-07-08T02:45:23Z</time>
        <extensions>
          <gpxtpx:TrackPointExtension>
            <gpxtpx:hr>115</gpxtpx:hr>
          </gpxtpx:TrackPointExtension>
        </extensions>
      </trkpt>
      <trkpt lat="22.406932615919406" lon="107.35024022890168">
        <ele>125.28785731643438</ele>
        <time>2023-07-08T02:45:24Z</time>
        <extensions>
          <gpxtpx:TrackPointExtension>
            <gpxtpx:hr>115</gpxtpx:hr>
          </gpxtpx:TrackPointExtension>
        </extensions>
      </trkpt>
      <trkpt lat="22.406933306461205" lon="107.35024165007965">
        <ele>125.69515180587769</ele>
        <time>2023-07-08T02:45:25Z</time>
        <extensions>
          <gpxtpx:TrackPointExtension>
            <gpxtpx:hr>115</gpxtpx:hr>
          </gpxtpx:TrackPointExtension>
        </extensions>
      </trkpt>
      <trkpt lat="22.406933736246835" lon="107.35024237034294">
        <ele>126.0373968668282</ele>
        <time>2023-07-08T02:45:26Z</time>
        <extensions>
          <gpxtpx:TrackPointExtension>
            <gpxtpx:hr>115</gpxtpx:hr>
          </gpxtpx:TrackPointExtension>
        </extensions>
      </trkpt>
      <trkpt lat="22.406933902742388" lon="107.3502426149307">
        <ele>126.32052014581859</ele>
        <time>2023-07-08T02:45:27Z</time>
        <extensions>
          <gpxtpx:TrackPointExtension>
            <gpxtpx:hr>114</gpxtpx:hr>
          </gpxtpx:TrackPointExtension>
        </extensions>
      </trkpt>
      <trkpt lat="22.406934055763006" lon="107.35024283471911">
        <ele>126.55065224412829</ele>
        <time>2023-07-08T02:45:28Z</time>
        <extensions>
          <gpxtpx:TrackPointExtension>
            <gpxtpx:hr>114</gpxtpx:hr>
          </gpxtpx:TrackPointExtension>
        </extensions>
      </trkpt>
      <trkpt lat="22.406934193197817" lon="107.35024303172871">
        <ele>126.7339131264016</ele>
        <time>2023-07-08T02:45:29Z</time>
        <extensions>
          <gpxtpx:TrackPointExtension>
            <gpxtpx:hr>114</gpxtpx:hr>
          </gpxtpx:TrackPointExtension>
        </extensions>
      </trkpt>
      <trkpt lat="22.40693431671231" lon="107.3502432087522">
        <ele>126.87624003458768</ele>
        <time>2023-07-08T02:45:30Z</time>
        <extensions>
          <gpxtpx:TrackPointExtension>
            <gpxtpx:hr>114</gpxtpx:hr>
          </gpxtpx:TrackPointExtension>
        </extensions>
      </trkpt>
      <trkpt lat="22.406934427972715" lon="107.35024336821039">
        <ele>126.98327610641718</ele>
        <time>2023-07-08T02:45:31Z</time>
        <extensions>
          <gpxtpx:TrackPointExtension>
            <gpxtpx:hr>114</gpxtpx:hr>
          </gpxtpx:TrackPointExtension>
        </extensions>
      </trkpt>
      <trkpt lat="22.406934528402143" lon="107.3502435121454">
        <ele>127.06029308680445</ele>
        <time>2023-07-08T02:45:32Z</time>
        <extensions>
          <gpxtpx:TrackPointExtension>
            <gpxtpx:hr>113</gpxtpx:hr>
          </gpxtpx:TrackPointExtension>
        </extensions>
      </trkpt>
      <trkpt lat="22.406934619215683" lon="107.35024364229898">
        <ele>127.11214461922646</ele>
        <time>2023-07-08T02:45:33Z</time>
        <extensions>
          <gpxtpx:TrackPointExtension>
            <gpxtpx:hr>113</gpxtpx:hr>
          </gpxtpx:TrackPointExtension>
        </extensions>
      </trkpt>
      <trkpt lat="22.4069347014524" lon="107.35024376016028">
        <ele>127.14322870504111</ele>
        <time>2023-07-08T02:45:34Z</time>
        <extensions>
          <gpxtpx:TrackPointExtension>
            <gpxtpx:hr>113</gpxtpx:hr>
          </gpxtpx:TrackPointExtension>
        </extensions>
      </trkpt>
      <trkpt lat="22.40693477601285" lon="107.35024386702001">
        <ele>127.157481350936</ele>
        <time>2023-07-08T02:45:35Z</time>
        <extensions>
          <gpxtpx:TrackPointExtension>
            <gpxtpx:hr>113</gpxtpx:hr>
          </gpxtpx:TrackPointExtension>
        </extensions>
      </trkpt>
      <trkpt lat="22.406934843683253" lon="107.35024396400492">
        <ele>127.15837858151644</ele>
        <time>2023-07-08T02:45:36Z</time>
        <extensions>
          <gpxtpx:TrackPointExtension>
            <gpxtpx:hr>114</gpxtpx:hr>
          </gpxtpx:TrackPointExtension>
        </extensions>
      </trkpt>
      <trkpt lat="22.406934905153214" lon="107.3502440521034">
        <ele>127.14894997887313</ele>
        <time>2023-07-08T02:45:37Z</time>
        <extensions>
          <gpxtpx:TrackPointExtension>
            <gpxtpx:hr>114</gpxtpx:hr>
          </gpxtpx:TrackPointExtension>
        </extensions>
      </trkpt>
      <trkpt lat="22.406934961029194" lon="107.35024413218463">
        <ele>127.13180103711784</ele>
        <time>2023-07-08T02:45:38Z</time>
        <extensions>
          <gpxtpx:TrackPointExtension>
            <gpxtpx:hr>114</gpxtpx:hr>
          </gpxtpx:TrackPointExtension>
        </extensions>
      </trkpt>
      <trkpt lat="22.406935011849548" lon="107.35024420502013">
        <ele>127.10914364177734</ele>
        <time>2023-07-08T02:45:39Z</time>
        <extensions>
          <gpxtpx:TrackPointExtension>
            <gpxtpx:hr>114</gpxtpx:hr>
          </gpxtpx:TrackPointExtension>
        </extensions>
      </trkpt>
      <trkpt lat="22.4069350580956" lon="107.35024427129979">
        <ele>127.08282799832523</ele>
        <time>2023-07-08T02:45:40Z</time>
        <extensions>
          <gpxtpx:TrackPointExtension>
            <gpxtpx:hr>114</gpxtpx:hr>
          </gpxtpx:TrackPointExtension>
        </extensions>
      </trkpt>
      <trkpt lat="22.40693510019547" lon="107.35024433163713">
        <ele>127.05437642708421</ele>
        <time>2023-07-08T02:45:41Z</time>
        <extensions>
          <gpxtpx:TrackPointExtension>
            <gpxtpx:hr>114</gpxtpx:hr>
          </gpxtpx:TrackPointExtension>
        </extensions>
      </trkpt>
      <trkpt lat="22.406935138532305" lon="107.35024438658131">
        <ele>127.0250189723447</ele>
        <time>2023-07-08T02:45:42Z</time>
        <extensions>
          <gpxtpx:TrackPointExtension>
            <gpxtpx:hr>116</gpxtpx:hr>
          </gpxtpx:TrackPointExtension>
        </extensions>
      </trkpt>
      <trkpt lat="22.4069353278534" lon="107.35024281483437">
        <ele>126.94897075090557</ele>
        <time>2023-07-08T02:45:43Z</time>
        <extensions>
          <gpxtpx:TrackPointExtension>
            <gpxtpx:hr>116</gpxtpx:hr>
          </gpxtpx:TrackPointExtension>
        </extensions>
      </trkpt>
      <trkpt lat="22.406935514788678" lon="107.35024123570105">
        <ele>126.86668623518199</ele>
        <time>2023-07-08T02:45:44Z</time>
        <extensions>
          <gpxtpx:TrackPointExtension>
            <gpxtpx:hr>116</gpxtpx:hr>
          </gpxtpx:TrackPointExtension>
        </extensions>
      </trkpt>
      <trkpt lat="22.40693570059918" lon="107.35023963450686">
        <ele>126.77883619721979</ele>
        <time>2023-07-08T02:45:45Z</time>
        <extensions>
          <gpxtpx:TrackPointExtension>
            <gpxtpx:hr>116</gpxtpx:hr>
          </gpxtpx:TrackPointExtension>
        </extensions>
      </trkpt>
      <trkpt lat="22.40693588711018" lon="107.35023799522712">
        <ele>126.685821400024</ele>
        <time>2023-07-08T02:45:46Z</time>
        <extensions>
          <gpxtpx:TrackPointExtension>
            <gpxtpx:hr>116</gpxtpx:hr>
          </gpxtpx:TrackPointExtension>
        </extensions>
      </trkpt>
      <trkpt lat="22.40693607606285" lon="107.35023630239407">
        <ele>126.58798469416797</ele>
        <time>2023-07-08T02:45:47Z</time>
        <extensions>
          <gpxtpx:TrackPointExtension>
            <gpxtpx:hr>116</gpxtpx:hr>
          </gpxtpx:TrackPointExtension>
        </extensions>
      </trkpt>
      <trkpt lat="22.40693626920698" lon="107.35023454020413">
        <ele>126.48571520205587</ele>
        <time>2023-07-08T02:45:48Z</time>
        <extensions>
          <gpxtpx:TrackPointExtension>
            <gpxtpx:hr>116</gpxtpx:hr>
          </gpxtpx:TrackPointExtension>
        </extensions>
      </trkpt>
      <trkpt lat="22.406936642445036" lon="107.35023313857802">
        <ele>126.36122921574861</ele>
        <time>2023-07-08T02:45:49Z</time>
        <extensions>
          <gpxtpx:TrackPointExtension>
            <gpxtpx:hr>116</gpxtpx:hr>
          </gpxtpx:TrackPointExtension>
        </extensions>
      </trkpt>
      <trkpt lat="22.406937033229926" lon="107.35023177102228">
        <ele>126.22355015203357</ele>
        <time>2023-07-08T02:45:50Z</time>
        <extensions>
          <gpxtpx:TrackPointExtension>
            <gpxtpx:hr>116</gpxtpx:hr>
          </gpxtpx:TrackPointExtension>
        </extensions>
      </trkpt>
      <trkpt lat="22.40693764000108" lon="107.35023011670198">
        <ele>126.067991476506</ele>
        <time>2023-07-08T02:45:51Z</time>
        <extensions>
          <gpxtpx:TrackPointExtension>
            <gpxtpx:hr>116</gpxtpx:hr>
          </gpxtpx:TrackPointExtension>
        </extensions>
      </trkpt>
      <trkpt lat="22.406938023333698" lon="107.3502284769933">
        <ele>125.91752931568772</ele>
        <time>2023-07-08T02:45:52Z</time>
        <extensions>
          <gpxtpx:TrackPointExtension>
            <gpxtpx:hr>114</gpxtpx:hr>
          </gpxtpx:TrackPointExtension>
        </extensions>
      </trkpt>
      <trkpt lat="22.40693835668814" lon="107.35022675085442">
        <ele>125.75865276623517</ele>
        <time>2023-07-08T02:45:53Z</time>
        <extensions>
          <gpxtpx:TrackPointExtension>
            <gpxtpx:hr>114</gpxtpx:hr>
          </gpxtpx:TrackPointExtension>
        </extensions>
      </trkpt>
      <trkpt lat="22.406938648186202" lon="107.35022534098665">
        <ele>125.6124168727547</ele>
        <time>2023-07-08T02:45:54Z</time>
        <extensions>
          <gpxtpx:TrackPointExtension>
            <gpxtpx:hr>114</gpxtpx:hr>
          </gpxtpx:TrackPointExtension>
        </extensions>
      </trkpt>
      <trkpt lat="22.4069388728173" lon="107.35022434450985">
        <ele>125.46208788827062</ele>
        <time>2023-07-08T02:45:55Z</time>
        <extensions>
          <gpxtpx:TrackPointExtension>
            <gpxtpx:hr>114</gpxtpx:hr>
          </gpxtpx:TrackPointExtension>
        </extensions>
      </trkpt>
      <trkpt lat="22.406939056072325" lon="107.35022351590833">
        <ele>125.31220575235784</ele>
        <time>2023-07-08T02:45:56Z</time>
        <extensions>
          <gpxtpx:TrackPointExtension>
            <gpxtpx:hr>114</gpxtpx:hr>
          </gpxtpx:TrackPointExtension>
        </extensions>
      </trkpt>
      <trkpt lat="22.40693917219743" lon="107.35022280868847">
        <ele>125.18227193783969</ele>
        <time>2023-07-08T02:45:57Z</time>
        <extensions>
          <gpxtpx:TrackPointExtension>
            <gpxtpx:hr>114</gpxtpx:hr>
          </gpxtpx:TrackPointExtension>
        </extensions>
      </trkpt>
      <trkpt lat="22.406939317521434" lon="107.35022229544956">
        <ele>125.0519008655101</ele>
        <time>2023-07-08T02:45:58Z</time>
        <extensions>
          <gpxtpx:TrackPointExtension>
            <gpxtpx:hr>114</gpxtpx:hr>
          </gpxtpx:TrackPointExtension>
        </extensions>
      </trkpt>
      <trkpt lat="22.406939615499635" lon="107.35022174947211">
        <ele>124.93112088367343</ele>
        <time>2023-07-08T02:45:59Z</time>
        <extensions>
          <gpxtpx:TrackPointExtension>
            <gpxtpx:hr>114</gpxtpx:hr>
          </gpxtpx:TrackPointExtension>
        </extensions>
      </trkpt>
      <trkpt lat="22.406940131646625" lon="107.35022096535648">
        <ele>124.82787910383195</ele>
        <time>2023-07-08T02:46:00Z</time>
        <extensions>
          <gpxtpx:TrackPointExtension>
            <gpxtpx:hr>112</gpxtpx:hr>
          </gpxtpx:TrackPointExtension>
        </extensions>
      </trkpt>
      <trkpt lat="22.406940709250133" lon="107.3502201008798">
        <ele>124.7490015188232</ele>
        <time>2023-07-08T02:46:01Z</time>
        <extensions>
          <gpxtpx:TrackPointExtension>
            <gpxtpx:hr>112</gpxtpx:hr>
          </gpxtpx:TrackPointExtension>
        </extensions>
      </trkpt>
      <trkpt lat="22.406940363931533" lon="107.35021960109242">
        <ele>124.68185422290117</ele>
        <time>2023-07-08T02:46:02Z</time>
        <extensions>
          <gpxtpx:TrackPointExtension>
            <gpxtpx:hr>112</gpxtpx:hr>
          </gpxtpx:TrackPointExtension>
        </extensions>
      </trkpt>
      <trkpt lat="22.4069380022919" lon="107.35021990603973">
        <ele>124.64170436840504</ele>
        <time>2023-07-08T02:46:03Z</time>
        <extensions>
          <gpxtpx:TrackPointExtension>
            <gpxtpx:hr>112</gpxtpx:hr>
          </gpxtpx:TrackPointExtension>
        </extensions>
      </trkpt>
      <trkpt lat="22.40693416061576" lon="107.35022069414784">
        <ele>124.61886458098888</ele>
        <time>2023-07-08T02:46:04Z</time>
        <extensions>
          <gpxtpx:TrackPointExtension>
            <gpxtpx:hr>112</gpxtpx:hr>
          </gpxtpx:TrackPointExtension>
        </extensions>
      </trkpt>
      <trkpt lat="22.406928983189545" lon="107.35022124396917">
        <ele>124.61347129195929</ele>
        <time>2023-07-08T02:46:05Z</time>
        <extensions>
          <gpxtpx:TrackPointExtension>
            <gpxtpx:hr>113</gpxtpx:hr>
          </gpxtpx:TrackPointExtension>
        </extensions>
      </trkpt>
      <trkpt lat="22.406922724678687" lon="107.35022085150172">
        <ele>124.62050978466868</ele>
        <time>2023-07-08T02:46:06Z</time>
        <extensions>
          <gpxtpx:TrackPointExtension>
            <gpxtpx:hr>113</gpxtpx:hr>
          </gpxtpx:TrackPointExtension>
        </extensions>
      </trkpt>
      <trkpt lat="22.406917008528332" lon="107.350219641841">
        <ele>124.67459166795015</ele>
        <time>2023-07-08T02:46:07Z</time>
        <extensions>
          <gpxtpx:TrackPointExtension>
            <gpxtpx:hr>113</gpxtpx:hr>
          </gpxtpx:TrackPointExtension>
        </extensions>
      </trkpt>
      <trkpt lat="22.40691237664547" lon="107.3502180529589">
        <ele>124.76021833531559</ele>
        <time>2023-07-08T02:46:08Z</time>
        <extensions>
          <gpxtpx:TrackPointExtension>
            <gpxtpx:hr>113</gpxtpx:hr>
          </gpxtpx:TrackPointExtension>
        </extensions>
      </trkpt>
      <trkpt lat="22.406907683981885" lon="107.35021538470255">
        <ele>124.85931120812893</ele>
        <time>2023-07-08T02:46:09Z</time>
        <extensions>
          <gpxtpx:TrackPointExtension>
            <gpxtpx:hr>113</gpxtpx:hr>
          </gpxtpx:TrackPointExtension>
        </extensions>
      </trkpt>
      <trkpt lat="22.406901635741136" lon="107.35021160248365">
        <ele>124.97244003601372</ele>
        <time>2023-07-08T02:46:10Z</time>
        <extensions>
          <gpxtpx:TrackPointExtension>
            <gpxtpx:hr>113</gpxtpx:hr>
          </gpxtpx:TrackPointExtension>
        </extensions>
      </trkpt>
      <trkpt lat="22.40689374904945" lon="107.35020702426019">
        <ele>125.09866078663617</ele>
        <time>2023-07-08T02:46:11Z</time>
        <extensions>
          <gpxtpx:TrackPointExtension>
            <gpxtpx:hr>103</gpxtpx:hr>
          </gpxtpx:TrackPointExtension>
        </extensions>
      </trkpt>
      <trkpt lat="22.40688465029516" lon="107.35020165264544">
        <ele>125.23663639929146</ele>
        <time>2023-07-08T02:46:12Z</time>
        <extensions>
          <gpxtpx:TrackPointExtension>
            <gpxtpx:hr>103</gpxtpx:hr>
          </gpxtpx:TrackPointExtension>
        </extensions>
      </trkpt>
      <trkpt lat="22.406875023726016" lon="107.35019546884389">
        <ele>125.38136225380003</ele>
        <time>2023-07-08T02:46:13Z</time>
        <extensions>
          <gpxtpx:TrackPointExtension>
            <gpxtpx:hr>103</gpxtpx:hr>
          </gpxtpx:TrackPointExtension>
        </extensions>
      </trkpt>
      <trkpt lat="22.406865553337052" lon="107.35018863160582">
        <ele>125.53596745431423</ele>
        <time>2023-07-08T02:46:14Z</time>
        <extensions>
          <gpxtpx:TrackPointExtension>
            <gpxtpx:hr>103</gpxtpx:hr>
          </gpxtpx:TrackPointExtension>
        </extensions>
      </trkpt>
      <trkpt lat="22.406857192187136" lon="107.35018189223437">
        <ele>125.71570837404579</ele>
        <time>2023-07-08T02:46:15Z</time>
        <extensions>
          <gpxtpx:TrackPointExtension>
            <gpxtpx:hr>103</gpxtpx:hr>
          </gpxtpx:TrackPointExtension>
        </extensions>
      </trkpt>
      <trkpt lat="22.406850487304904" lon="107.35017589850652">
        <ele>125.91258230246603</ele>
        <time>2023-07-08T02:46:16Z</time>
        <extensions>
          <gpxtpx:TrackPointExtension>
            <gpxtpx:hr>103</gpxtpx:hr>
          </gpxtpx:TrackPointExtension>
        </extensions>
      </trkpt>
      <trkpt lat="22.406845134249245" lon="107.35017053107713">
        <ele>126.12783579714596</ele>
        <time>2023-07-08T02:46:17Z</time>
        <extensions>
          <gpxtpx:TrackPointExtension>
            <gpxtpx:hr>105</gpxtpx:hr>
          </gpxtpx:TrackPointExtension>
        </extensions>
      </trkpt>
      <trkpt lat="22.406839920210132" lon="107.35016508242907">
        <ele>126.34661635104567</ele>
        <time>2023-07-08T02:46:18Z</time>
        <extensions>
          <gpxtpx:TrackPointExtension>
            <gpxtpx:hr>105</gpxtpx:hr>
          </gpxtpx:TrackPointExtension>
        </extensions>
      </trkpt>
      <trkpt lat="22.406834192900245" lon="107.35015903150827">
        <ele>126.5621030582115</ele>
        <time>2023-07-08T02:46:19Z</time>
        <extensions>
          <gpxtpx:TrackPointExtension>
            <gpxtpx:hr>105</gpxtpx:hr>
          </gpxtpx:TrackPointExtension>
        </extensions>
      </trkpt>
      <trkpt lat="22.406828513381345" lon="107.35015250102998">
        <ele>126.79340903181583</ele>
        <time>2023-07-08T02:46:20Z</time>
        <extensions>
          <gpxtpx:TrackPointExtension>
            <gpxtpx:hr>105</gpxtpx:hr>
          </gpxtpx:TrackPointExtension>
        </extensions>
      </trkpt>
      <trkpt lat="22.406824048471844" lon="107.35014568821671">
        <ele>127.03782476298511</ele>
        <time>2023-07-08T02:46:21Z</time>
        <extensions>
          <gpxtpx:TrackPointExtension>
            <gpxtpx:hr>105</gpxtpx:hr>
          </gpxtpx:TrackPointExtension>
        </extensions>
      </trkpt>
      <trkpt lat="22.40682089357555" lon="107.35013863856135">
        <ele>127.23234644532204</ele>
        <time>2023-07-08T02:46:22Z</time>
        <extensions>
          <gpxtpx:TrackPointExtension>
            <gpxtpx:hr>105</gpxtpx:hr>
          </gpxtpx:TrackPointExtension>
        </extensions>
      </trkpt>
      <trkpt lat="22.40681856721547" lon="107.35013136846189">
        <ele>127.43465377390385</ele>
        <time>2023-07-08T02:46:23Z</time>
        <extensions>
          <gpxtpx:TrackPointExtension>
            <gpxtpx:hr>104</gpxtpx:hr>
          </gpxtpx:TrackPointExtension>
        </extensions>
      </trkpt>
      <trkpt lat="22.40681743111057" lon="107.35012414053344">
        <ele>127.63719043973833</ele>
        <time>2023-07-08T02:46:24Z</time>
        <extensions>
          <gpxtpx:TrackPointExtension>
            <gpxtpx:hr>104</gpxtpx:hr>
          </gpxtpx:TrackPointExtension>
        </extensions>
      </trkpt>
      <trkpt lat="22.406817909722395" lon="107.35011705090609">
        <ele>127.84586812090129</ele>
        <time>2023-07-08T02:46:25Z</time>
        <extensions>
          <gpxtpx:TrackPointExtension>
            <gpxtpx:hr>104</gpxtpx:hr>
          </gpxtpx:TrackPointExtension>
        </extensions>
      </trkpt>
      <trkpt lat="22.406820157799764" lon="107.3501102300905">
        <ele>128.0378892030567</ele>
        <time>2023-07-08T02:46:26Z</time>
        <extensions>
          <gpxtpx:TrackPointExtension>
            <gpxtpx:hr>104</gpxtpx:hr>
          </gpxtpx:TrackPointExtension>
        </extensions>
      </trkpt>
      <trkpt lat="22.40682366246456" lon="107.35010342359897">
        <ele>128.22020841017365</ele>
        <time>2023-07-08T02:46:27Z</time>
        <extensions>
          <gpxtpx:TrackPointExtension>
            <gpxtpx:hr>104</gpxtpx:hr>
          </gpxtpx:TrackPointExtension>
        </extensions>
      </trkpt>
      <trkpt lat="22.406827564509985" lon="107.3500957002074">
        <ele>128.37144077848643</ele>
        <time>2023-07-08T02:46:28Z</time>
        <extensions>
          <gpxtpx:TrackPointExtension>
            <gpxtpx:hr>104</gpxtpx:hr>
          </gpxtpx:TrackPointExtension>
        </extensions>
      </trkpt>
      <trkpt lat="22.40683066489495" lon="107.35008646698631">
        <ele>128.5119019858539</ele>
        <time>2023-07-08T02:46:29Z</time>
        <extensions>
          <gpxtpx:TrackPointExtension>
            <gpxtpx:hr>104</gpxtpx:hr>
          </gpxtpx:TrackPointExtension>
        </extensions>
      </trkpt>
      <trkpt lat="22.40683269132729" lon="107.35007578934024">
        <ele>128.6490986365825</ele>
        <time>2023-07-08T02:46:30Z</time>
        <extensions>
          <gpxtpx:TrackPointExtension>
            <gpxtpx:hr>104</gpxtpx:hr>
          </gpxtpx:TrackPointExtension>
        </extensions>
      </trkpt>
      <trkpt lat="22.406833937715643" lon="107.35006420915983">
        <ele>128.77382216695696</ele>
        <time>2023-07-08T02:46:31Z</time>
        <extensions>
          <gpxtpx:TrackPointExtension>
            <gpxtpx:hr>107</gpxtpx:hr>
          </gpxtpx:TrackPointExtension>
        </extensions>
      </trkpt>
      <trkpt lat="22.406834282610745" lon="107.3500525787422">
        <ele>128.87596549279988</ele>
        <time>2023-07-08T02:46:32Z</time>
        <extensions>
          <gpxtpx:TrackPointExtension>
            <gpxtpx:hr>107</gpxtpx:hr>
          </gpxtpx:TrackPointExtension>
        </extensions>
      </trkpt>
      <trkpt lat="22.406834223207856" lon="107.35004113070681">
        <ele>128.95871721953154</ele>
        <time>2023-07-08T02:46:33Z</time>
        <extensions>
          <gpxtpx:TrackPointExtension>
            <gpxtpx:hr>107</gpxtpx:hr>
          </gpxtpx:TrackPointExtension>
        </extensions>
      </trkpt>
      <trkpt lat="22.406834478755844" lon="107.35003009441876">
        <ele>129.0343776056543</ele>
        <time>2023-07-08T02:46:34Z</time>
        <extensions>
          <gpxtpx:TrackPointExtension>
            <gpxtpx:hr>107</gpxtpx:hr>
          </gpxtpx:TrackPointExtension>
        </extensions>
      </trkpt>
      <trkpt lat="22.40683569666049" lon="107.35002024292588">
        <ele>129.10361395124346</ele>
        <time>2023-07-08T02:46:35Z</time>
        <extensions>
          <gpxtpx:TrackPointExtension>
            <gpxtpx:hr>107</gpxtpx:hr>
          </gpxtpx:TrackPointExtension>
        </extensions>
      </trkpt>
      <trkpt lat="22.406837845841647" lon="107.35001144905948">
        <ele>129.14700763020664</ele>
        <time>2023-07-08T02:46:36Z</time>
        <extensions>
          <gpxtpx:TrackPointExtension>
            <gpxtpx:hr>108</gpxtpx:hr>
          </gpxtpx:TrackPointExtension>
        </extensions>
      </trkpt>
      <trkpt lat="22.40684043858034" lon="107.35000277377011">
        <ele>129.1854229271412</ele>
        <time>2023-07-08T02:46:37Z</time>
        <extensions>
          <gpxtpx:TrackPointExtension>
            <gpxtpx:hr>108</gpxtpx:hr>
          </gpxtpx:TrackPointExtension>
        </extensions>
      </trkpt>
      <trkpt lat="22.406843362115815" lon="107.34999366959174">
        <ele>129.20989168155938</ele>
        <time>2023-07-08T02:46:38Z</time>
        <extensions>
          <gpxtpx:TrackPointExtension>
            <gpxtpx:hr>108</gpxtpx:hr>
          </gpxtpx:TrackPointExtension>
        </extensions>
      </trkpt>
      <trkpt lat="22.406846497926097" lon="107.34998390949512">
        <ele>129.2353671193123</ele>
        <time>2023-07-08T02:46:39Z</time>
        <extensions>
          <gpxtpx:TrackPointExtension>
            <gpxtpx:hr>108</gpxtpx:hr>
          </gpxtpx:TrackPointExtension>
        </extensions>
      </trkpt>
      <trkpt lat="22.40684955902606" lon="107.34997376922097">
        <ele>129.24507742840797</ele>
        <time>2023-07-08T02:46:40Z</time>
        <extensions>
          <gpxtpx:TrackPointExtension>
            <gpxtpx:hr>108</gpxtpx:hr>
          </gpxtpx:TrackPointExtension>
        </extensions>
      </trkpt>
      <trkpt lat="22.4068524031559" lon="107.34996358176359">
        <ele>129.22398225590587</ele>
        <time>2023-07-08T02:46:41Z</time>
        <extensions>
          <gpxtpx:TrackPointExtension>
            <gpxtpx:hr>108</gpxtpx:hr>
          </gpxtpx:TrackPointExtension>
        </extensions>
      </trkpt>
      <trkpt lat="22.406855085504393" lon="107.34995347611307">
        <ele>129.1912578670308</ele>
        <time>2023-07-08T02:46:42Z</time>
        <extensions>
          <gpxtpx:TrackPointExtension>
            <gpxtpx:hr>109</gpxtpx:hr>
          </gpxtpx:TrackPointExtension>
        </extensions>
      </trkpt>
      <trkpt lat="22.406857721889942" lon="107.3499436152421">
        <ele>129.15648429468274</ele>
        <time>2023-07-08T02:46:43Z</time>
        <extensions>
          <gpxtpx:TrackPointExtension>
            <gpxtpx:hr>109</gpxtpx:hr>
          </gpxtpx:TrackPointExtension>
        </extensions>
      </trkpt>
      <trkpt lat="22.40686027581932" lon="107.34993375323114">
        <ele>129.11330874357373</ele>
        <time>2023-07-08T02:46:44Z</time>
        <extensions>
          <gpxtpx:TrackPointExtension>
            <gpxtpx:hr>109</gpxtpx:hr>
          </gpxtpx:TrackPointExtension>
        </extensions>
      </trkpt>
      <trkpt lat="22.40686266583106" lon="107.34992359490062">
        <ele>129.07044838927686</ele>
        <time>2023-07-08T02:46:45Z</time>
        <extensions>
          <gpxtpx:TrackPointExtension>
            <gpxtpx:hr>109</gpxtpx:hr>
          </gpxtpx:TrackPointExtension>
        </extensions>
      </trkpt>
      <trkpt lat="22.406865065895786" lon="107.34991321013251">
        <ele>129.03380277194083</ele>
        <time>2023-07-08T02:46:46Z</time>
        <extensions>
          <gpxtpx:TrackPointExtension>
            <gpxtpx:hr>109</gpxtpx:hr>
          </gpxtpx:TrackPointExtension>
        </extensions>
      </trkpt>
      <trkpt lat="22.40686755097204" lon="107.3499025588389">
        <ele>128.98964582569897</ele>
        <time>2023-07-08T02:46:47Z</time>
        <extensions>
          <gpxtpx:TrackPointExtension>
            <gpxtpx:hr>109</gpxtpx:hr>
          </gpxtpx:TrackPointExtension>
        </extensions>
      </trkpt>
      <trkpt lat="22.40687016412852" lon="107.3498914833915">
        <ele>128.9386238399893</ele>
        <time>2023-07-08T02:46:48Z</time>
        <extensions>
          <gpxtpx:TrackPointExtension>
            <gpxtpx:hr>109</gpxtpx:hr>
          </gpxtpx:TrackPointExtension>
        </extensions>
      </trkpt>
      <trkpt lat="22.40687300678324" lon="107.34988034992385">
        <ele>128.89064837712795</ele>
        <time>2023-07-08T02:46:49Z</time>
        <extensions>
          <gpxtpx:TrackPointExtension>
            <gpxtpx:hr>109</gpxtpx:hr>
          </gpxtpx:TrackPointExtension>
        </extensions>
      </trkpt>
      <trkpt lat="22.4068761275758" lon="107.3498695948957">
        <ele>128.83454249799252</ele>
        <time>2023-07-08T02:46:50Z</time>
        <extensions>
          <gpxtpx:TrackPointExtension>
            <gpxtpx:hr>109</gpxtpx:hr>
          </gpxtpx:TrackPointExtension>
        </extensions>
      </trkpt>
      <trkpt lat="22.406879296122696" lon="107.34985905951028">
        <ele>128.7846567761153</ele>
        <time>2023-07-08T02:46:51Z</time>
        <extensions>
          <gpxtpx:TrackPointExtension>
            <gpxtpx:hr>109</gpxtpx:hr>
          </gpxtpx:TrackPointExtension>
        </extensions>
      </trkpt>
      <trkpt lat="22.40688207733116" lon="107.34984859577831">
        <ele>128.74540203716606</ele>
        <time>2023-07-08T02:46:52Z</time>
        <extensions>
          <gpxtpx:TrackPointExtension>
            <gpxtpx:hr>109</gpxtpx:hr>
          </gpxtpx:TrackPointExtension>
        </extensions>
      </trkpt>
      <trkpt lat="22.40688419485707" lon="107.34983821034274">
        <ele>128.69969081878662</ele>
        <time>2023-07-08T02:46:53Z</time>
        <extensions>
          <gpxtpx:TrackPointExtension>
            <gpxtpx:hr>109</gpxtpx:hr>
          </gpxtpx:TrackPointExtension>
        </extensions>
      </trkpt>
      <trkpt lat="22.40688569103825" lon="107.34982774469533">
        <ele>128.64597534853965</ele>
        <time>2023-07-08T02:46:54Z</time>
        <extensions>
          <gpxtpx:TrackPointExtension>
            <gpxtpx:hr>109</gpxtpx:hr>
          </gpxtpx:TrackPointExtension>
        </extensions>
      </trkpt>
      <trkpt lat="22.40688676668263" lon="107.34981704216399">
        <ele>128.58491527289152</ele>
        <time>2023-07-08T02:46:55Z</time>
        <extensions>
          <gpxtpx:TrackPointExtension>
            <gpxtpx:hr>109</gpxtpx:hr>
          </gpxtpx:TrackPointExtension>
        </extensions>
      </trkpt>
      <trkpt lat="22.406887322022445" lon="107.34980617819954">
        <ele>128.52638634387404</ele>
        <time>2023-07-08T02:46:56Z</time>
        <extensions>
          <gpxtpx:TrackPointExtension>
            <gpxtpx:hr>109</gpxtpx:hr>
          </gpxtpx:TrackPointExtension>
        </extensions>
      </trkpt>
      <trkpt lat="22.406887235581042" lon="107.3497953368691">
        <ele>128.46541850455105</ele>
        <time>2023-07-08T02:46:57Z</time>
        <extensions>
          <gpxtpx:TrackPointExtension>
            <gpxtpx:hr>112</gpxtpx:hr>
          </gpxtpx:TrackPointExtension>
        </extensions>
      </trkpt>
      <trkpt lat="22.406886609339658" lon="107.34978469166983">
        <ele>128.39427758567035</ele>
        <time>2023-07-08T02:46:58Z</time>
        <extensions>
          <gpxtpx:TrackPointExtension>
            <gpxtpx:hr>112</gpxtpx:hr>
          </gpxtpx:TrackPointExtension>
        </extensions>
      </trkpt>
      <trkpt lat="22.406885795624667" lon="107.34977464873502">
        <ele>128.32855300232768</ele>
        <time>2023-07-08T02:46:59Z</time>
        <extensions>
          <gpxtpx:TrackPointExtension>
            <gpxtpx:hr>112</gpxtpx:hr>
          </gpxtpx:TrackPointExtension>
        </extensions>
      </trkpt>
      <trkpt lat="22.40688531254617" lon="107.34976550522398">
        <ele>128.21759680937976</ele>
        <time>2023-07-08T02:47:00Z</time>
        <extensions>
          <gpxtpx:TrackPointExtension>
            <gpxtpx:hr>112</gpxtpx:hr>
          </gpxtpx:TrackPointExtension>
        </extensions>
      </trkpt>
      <trkpt lat="22.40688542389171" lon="107.34975752383697">
        <ele>128.10121247079223</ele>
        <time>2023-07-08T02:47:01Z</time>
        <extensions>
          <gpxtpx:TrackPointExtension>
            <gpxtpx:hr>112</gpxtpx:hr>
          </gpxtpx:TrackPointExtension>
        </extensions>
      </trkpt>
      <trkpt lat="22.40688594606934" lon="107.34975055058139">
        <ele>127.99293198809028</ele>
        <time>2023-07-08T02:47:02Z</time>
        <extensions>
          <gpxtpx:TrackPointExtension>
            <gpxtpx:hr>112</gpxtpx:hr>
          </gpxtpx:TrackPointExtension>
        </extensions>
      </trkpt>
      <trkpt lat="22.40688666709214" lon="107.34974446258063">
        <ele>127.8691520653665</ele>
        <time>2023-07-08T02:47:03Z</time>
        <extensions>
          <gpxtpx:TrackPointExtension>
            <gpxtpx:hr>112</gpxtpx:hr>
          </gpxtpx:TrackPointExtension>
        </extensions>
      </trkpt>
      <trkpt lat="22.406887698786594" lon="107.34973932188228">
        <ele>127.73876595124602</ele>
        <time>2023-07-08T02:47:04Z</time>
        <extensions>
          <gpxtpx:TrackPointExtension>
            <gpxtpx:hr>112</gpxtpx:hr>
          </gpxtpx:TrackPointExtension>
        </extensions>
      </trkpt>
      <trkpt lat="22.406889330478702" lon="107.34973524418815">
        <ele>127.58843283075839</ele>
        <time>2023-07-08T02:47:05Z</time>
        <extensions>
          <gpxtpx:TrackPointExtension>
            <gpxtpx:hr>112</gpxtpx:hr>
          </gpxtpx:TrackPointExtension>
        </extensions>
      </trkpt>
      <trkpt lat="22.40689156582461" lon="107.34973202187395">
        <ele>127.41118623130023</ele>
        <time>2023-07-08T02:47:06Z</time>
        <extensions>
          <gpxtpx:TrackPointExtension>
            <gpxtpx:hr>111</gpxtpx:hr>
          </gpxtpx:TrackPointExtension>
        </extensions>
      </trkpt>
      <trkpt lat="22.406893941392568" lon="107.34972897416017">
        <ele>127.22278827428818</ele>
        <time>2023-07-08T02:47:07Z</time>
        <extensions>
          <gpxtpx:TrackPointExtension>
            <gpxtpx:hr>111</gpxtpx:hr>
          </gpxtpx:TrackPointExtension>
        </extensions>
      </trkpt>
      <trkpt lat="22.40689576442795" lon="107.34972657485173">
        <ele>127.1067487327382</ele>
        <time>2023-07-08T02:47:08Z</time>
        <extensions>
          <gpxtpx:TrackPointExtension>
            <gpxtpx:hr>111</gpxtpx:hr>
          </gpxtpx:TrackPointExtension>
        </extensions>
      </trkpt>
      <trkpt lat="22.40689697836207" lon="107.34972467013732">
        <ele>126.92109075002372</ele>
        <time>2023-07-08T02:47:09Z</time>
        <extensions>
          <gpxtpx:TrackPointExtension>
            <gpxtpx:hr>111</gpxtpx:hr>
          </gpxtpx:TrackPointExtension>
        </extensions>
      </trkpt>
      <trkpt lat="22.40689808114039" lon="107.34972252727472">
        <ele>126.70472235884517</ele>
        <time>2023-07-08T02:47:10Z</time>
        <extensions>
          <gpxtpx:TrackPointExtension>
            <gpxtpx:hr>115</gpxtpx:hr>
          </gpxtpx:TrackPointExtension>
        </extensions>
      </trkpt>
      <trkpt lat="22.40689896649263" lon="107.34972046214065">
        <ele>126.4821538478136</ele>
        <time>2023-07-08T02:47:11Z</time>
        <extensions>
          <gpxtpx:TrackPointExtension>
            <gpxtpx:hr>115</gpxtpx:hr>
          </gpxtpx:TrackPointExtension>
        </extensions>
      </trkpt>
      <trkpt lat="22.40689960824939" lon="107.34971847225086">
        <ele>126.3429032927379</ele>
        <time>2023-07-08T02:47:12Z</time>
        <extensions>
          <gpxtpx:TrackPointExtension>
            <gpxtpx:hr>115</gpxtpx:hr>
          </gpxtpx:TrackPointExtension>
        </extensions>
      </trkpt>
      <trkpt lat="22.40690021571038" lon="107.34971620899026">
        <ele>126.1946011763066</ele>
        <time>2023-07-08T02:47:13Z</time>
        <extensions>
          <gpxtpx:TrackPointExtension>
            <gpxtpx:hr>115</gpxtpx:hr>
          </gpxtpx:TrackPointExtension>
        </extensions>
      </trkpt>
      <trkpt lat="22.406900808133493" lon="107.34971371778137">
        <ele>126.03897524438798</ele>
        <time>2023-07-08T02:47:14Z</time>
        <extensions>
          <gpxtpx:TrackPointExtension>
            <gpxtpx:hr>115</gpxtpx:hr>
          </gpxtpx:TrackPointExtension>
        </extensions>
      </trkpt>
      <trkpt lat="22.406901377146568" lon="107.34971083796462">
        <ele>125.87970483116806</ele>
        <time>2023-07-08T02:47:15Z</time>
        <extensions>
          <gpxtpx:TrackPointExtension>
            <gpxtpx:hr>117</gpxtpx:hr>
          </gpxtpx:TrackPointExtension>
        </extensions>
      </trkpt>
      <trkpt lat="22.406901721367323" lon="107.34970774170334">
        <ele>125.70757019612938</ele>
        <time>2023-07-08T02:47:16Z</time>
        <extensions>
          <gpxtpx:TrackPointExtension>
            <gpxtpx:hr>117</gpxtpx:hr>
          </gpxtpx:TrackPointExtension>
        </extensions>
      </trkpt>
      <trkpt lat="22.406901659062292" lon="107.34970458772234">
        <ele>125.53137338533998</ele>
        <time>2023-07-08T02:47:17Z</time>
        <extensions>
          <gpxtpx:TrackPointExtension>
            <gpxtpx:hr>117</gpxtpx:hr>
          </gpxtpx:TrackPointExtension>
        </extensions>
      </trkpt>
      <trkpt lat="22.4069012331479" lon="107.34970135372096">
        <ele>125.37126656156033</ele>
        <time>2023-07-08T02:47:18Z</time>
        <extensions>
          <gpxtpx:TrackPointExtension>
            <gpxtpx:hr>117</gpxtpx:hr>
          </gpxtpx:TrackPointExtension>
        </extensions>
      </trkpt>
      <trkpt lat="22.40690051463872" lon="107.34969878044869">
        <ele>125.21036415174603</ele>
        <time>2023-07-08T02:47:19Z</time>
        <extensions>
          <gpxtpx:TrackPointExtension>
            <gpxtpx:hr>117</gpxtpx:hr>
          </gpxtpx:TrackPointExtension>
        </extensions>
      </trkpt>
      <trkpt lat="22.40689987809091" lon="107.34969747356368">
        <ele>125.0498162470758</ele>
        <time>2023-07-08T02:47:20Z</time>
        <extensions>
          <gpxtpx:TrackPointExtension>
            <gpxtpx:hr>117</gpxtpx:hr>
          </gpxtpx:TrackPointExtension>
        </extensions>
      </trkpt>
      <trkpt lat="22.40689972185712" lon="107.34969700675852">
        <ele>124.8884413940832</ele>
        <time>2023-07-08T02:47:21Z</time>
        <extensions>
          <gpxtpx:TrackPointExtension>
            <gpxtpx:hr>117</gpxtpx:hr>
          </gpxtpx:TrackPointExtension>
        </extensions>
      </trkpt>
      <trkpt lat="22.40689960490277" lon="107.3496963558066">
        <ele>124.71733862254769</ele>
        <time>2023-07-08T02:47:22Z</time>
        <extensions>
          <gpxtpx:TrackPointExtension>
            <gpxtpx:hr>117</gpxtpx:hr>
          </gpxtpx:TrackPointExtension>
        </extensions>
      </trkpt>
      <trkpt lat="22.4068993170552" lon="107.3496953248615">
        <ele>124.49993909616023</ele>
        <time>2023-07-08T02:47:23Z</time>
        <extensions>
          <gpxtpx:TrackPointExtension>
            <gpxtpx:hr>117</gpxtpx:hr>
          </gpxtpx:TrackPointExtension>
        </extensions>
      </trkpt>
      <trkpt lat="22.406898964661583" lon="107.34969403031323">
        <ele>124.21858294028789</ele>
        <time>2023-07-08T02:47:24Z</time>
        <extensions>
          <gpxtpx:TrackPointExtension>
            <gpxtpx:hr>117</gpxtpx:hr>
          </gpxtpx:TrackPointExtension>
        </extensions>
      </trkpt>
      <trkpt lat="22.406898771976476" lon="107.34969267383563">
        <ele>123.86813033465296</ele>
        <time>2023-07-08T02:47:25Z</time>
        <extensions>
          <gpxtpx:TrackPointExtension>
            <gpxtpx:hr>116</gpxtpx:hr>
          </gpxtpx:TrackPointExtension>
        </extensions>
      </trkpt>
      <trkpt lat="22.406898261263084" lon="107.34969054069357">
        <ele>123.536385839805</ele>
        <time>2023-07-08T02:47:26Z</time>
        <extensions>
          <gpxtpx:TrackPointExtension>
            <gpxtpx:hr>116</gpxtpx:hr>
          </gpxtpx:TrackPointExtension>
        </extensions>
      </trkpt>
      <trkpt lat="22.406897650297548" lon="107.34968830855222">
        <ele>123.18507378082722</ele>
        <time>2023-07-08T02:47:27Z</time>
        <extensions>
          <gpxtpx:TrackPointExtension>
            <gpxtpx:hr>116</gpxtpx:hr>
          </gpxtpx:TrackPointExtension>
        </extensions>
      </trkpt>
      <trkpt lat="22.406897039279283" lon="107.34968601393238">
        <ele>122.81825523171574</ele>
        <time>2023-07-08T02:47:28Z</time>
        <extensions>
          <gpxtpx:TrackPointExtension>
            <gpxtpx:hr>116</gpxtpx:hr>
          </gpxtpx:TrackPointExtension>
        </extensions>
      </trkpt>
      <trkpt lat="22.406896191294475" lon="107.34968305666985">
        <ele>122.43824190739542</ele>
        <time>2023-07-08T02:47:29Z</time>
        <extensions>
          <gpxtpx:TrackPointExtension>
            <gpxtpx:hr>116</gpxtpx:hr>
          </gpxtpx:TrackPointExtension>
        </extensions>
      </trkpt>
      <trkpt lat="22.406895104661164" lon="107.34967945307366">
        <ele>122.02768455259502</ele>
        <time>2023-07-08T02:47:30Z</time>
        <extensions>
          <gpxtpx:TrackPointExtension>
            <gpxtpx:hr>115</gpxtpx:hr>
          </gpxtpx:TrackPointExtension>
        </extensions>
      </trkpt>
      <trkpt lat="22.40689366124224" lon="107.34967487782139">
        <ele>121.58382130973041</ele>
        <time>2023-07-08T02:47:31Z</time>
        <extensions>
          <gpxtpx:TrackPointExtension>
            <gpxtpx:hr>115</gpxtpx:hr>
          </gpxtpx:TrackPointExtension>
        </extensions>
      </trkpt>
      <trkpt lat="22.40689171777548" lon="107.34966888454159">
        <ele>121.16088865790516</ele>
        <time>2023-07-08T02:47:32Z</time>
        <extensions>
          <gpxtpx:TrackPointExtension>
            <gpxtpx:hr>115</gpxtpx:hr>
          </gpxtpx:TrackPointExtension>
        </extensions>
      </trkpt>
      <trkpt lat="22.40688910130503" lon="107.3496611162975">
        <ele>120.77415763027966</ele>
        <time>2023-07-08T02:47:33Z</time>
        <extensions>
          <gpxtpx:TrackPointExtension>
            <gpxtpx:hr>115</gpxtpx:hr>
          </gpxtpx:TrackPointExtension>
        </extensions>
      </trkpt>
      <trkpt lat="22.406885377558744" lon="107.34965016530087">
        <ele>120.4070836873725</ele>
        <time>2023-07-08T02:47:34Z</time>
        <extensions>
          <gpxtpx:TrackPointExtension>
            <gpxtpx:hr>115</gpxtpx:hr>
          </gpxtpx:TrackPointExtension>
        </extensions>
      </trkpt>
      <trkpt lat="22.40685634398488" lon="107.3495130142642">
        <ele>118.3548435671255</ele>
        <time>2023-07-08T02:47:50Z</time>
        <extensions>
          <gpxtpx:TrackPointExtension>
            <gpxtpx:hr>117</gpxtpx:hr>
          </gpxtpx:TrackPointExtension>
        </extensions>
      </trkpt>
      <trkpt lat="22.40685754516707" lon="107.3495100103587">
        <ele>118.4413328235969</ele>
        <time>2023-07-08T02:47:51Z</time>
        <extensions>
          <gpxtpx:TrackPointExtension>
            <gpxtpx:hr>117</gpxtpx:hr>
          </gpxtpx:TrackPointExtension>
        </extensions>
      </trkpt>
      <trkpt lat="22.406861050013326" lon="107.3495115370153">
        <ele>118.52472248394042</ele>
        <time>2023-07-08T02:47:52Z</time>
        <extensions>
          <gpxtpx:TrackPointExtension>
            <gpxtpx:hr>109</gpxtpx:hr>
          </gpxtpx:TrackPointExtension>
        </extensions>
      </trkpt>
      <trkpt lat="22.406867462618685" lon="107.34951749406885">
        <ele>118.60605833027512</ele>
        <time>2023-07-08T02:47:53Z</time>
        <extensions>
          <gpxtpx:TrackPointExtension>
            <gpxtpx:hr>109</gpxtpx:hr>
          </gpxtpx:TrackPointExtension>
        </extensions>
      </trkpt>
      <trkpt lat="22.406876683497316" lon="107.34952682082263">
        <ele>118.70119416899979</ele>
        <time>2023-07-08T02:47:54Z</time>
        <extensions>
          <gpxtpx:TrackPointExtension>
            <gpxtpx:hr>109</gpxtpx:hr>
          </gpxtpx:TrackPointExtension>
        </extensions>
      </trkpt>
      <trkpt lat="22.406887496762028" lon="107.34953758777831">
        <ele>118.81858086958528</ele>
        <time>2023-07-08T02:47:55Z</time>
        <extensions>
          <gpxtpx:TrackPointExtension>
            <gpxtpx:hr>109</gpxtpx:hr>
          </gpxtpx:TrackPointExtension>
        </extensions>
      </trkpt>
      <trkpt lat="22.406898658722973" lon="107.34954797544778">
        <ele>118.94682187587023</ele>
        <time>2023-07-08T02:47:56Z</time>
        <extensions>
          <gpxtpx:TrackPointExtension>
            <gpxtpx:hr>109</gpxtpx:hr>
          </gpxtpx:TrackPointExtension>
        </extensions>
      </trkpt>
      <trkpt lat="22.406909258353984" lon="107.34955645237469">
        <ele>119.09998583048582</ele>
        <time>2023-07-08T02:47:57Z</time>
        <extensions>
          <gpxtpx:TrackPointExtension>
            <gpxtpx:hr>110</gpxtpx:hr>
          </gpxtpx:TrackPointExtension>
        </extensions>
      </trkpt>
      <trkpt lat="22.40691823129687" lon="107.34956129156208">
        <ele>119.29041516408324</ele>
        <time>2023-07-08T02:47:58Z</time>
        <extensions>
          <gpxtpx:TrackPointExtension>
            <gpxtpx:hr>110</gpxtpx:hr>
          </gpxtpx:TrackPointExtension>
        </extensions>
      </trkpt>
      <trkpt lat="22.406925137226494" lon="107.34956211228875">
        <ele>119.51481130719185</ele>
        <time>2023-07-08T02:47:59Z</time>
        <extensions>
          <gpxtpx:TrackPointExtension>
            <gpxtpx:hr>110</gpxtpx:hr>
          </gpxtpx:TrackPointExtension>
        </extensions>
      </trkpt>
      <trkpt lat="22.406930149616322" lon="107.34955989264502">
        <ele>119.78337689675391</ele>
        <time>2023-07-08T02:48:00Z</time>
        <extensions>
          <gpxtpx:TrackPointExtension>
            <gpxtpx:hr>110</gpxtpx:hr>
          </gpxtpx:TrackPointExtension>
        </extensions>
      </trkpt>
      <trkpt lat="22.406933574830024" lon="107.34955548896562">
        <ele>120.0953974975273</ele>
        <time>2023-07-08T02:48:01Z</time>
        <extensions>
          <gpxtpx:TrackPointExtension>
            <gpxtpx:hr>112</gpxtpx:hr>
          </gpxtpx:TrackPointExtension>
        </extensions>
      </trkpt>
      <trkpt lat="22.40693594331603" lon="107.34954889419387">
        <ele>120.43868254963309</ele>
        <time>2023-07-08T02:48:02Z</time>
        <extensions>
          <gpxtpx:TrackPointExtension>
            <gpxtpx:hr>112</gpxtpx:hr>
          </gpxtpx:TrackPointExtension>
        </extensions>
      </trkpt>
      <trkpt lat="22.40693771939878" lon="107.3495405707268">
        <ele>120.8043028023094</ele>
        <time>2023-07-08T02:48:03Z</time>
        <extensions>
          <gpxtpx:TrackPointExtension>
            <gpxtpx:hr>112</gpxtpx:hr>
          </gpxtpx:TrackPointExtension>
        </extensions>
      </trkpt>
      <trkpt lat="22.40693910779422" lon="107.34953131737734">
        <ele>121.1762001561001</ele>
        <time>2023-07-08T02:48:04Z</time>
        <extensions>
          <gpxtpx:TrackPointExtension>
            <gpxtpx:hr>112</gpxtpx:hr>
          </gpxtpx:TrackPointExtension>
        </extensions>
      </trkpt>
      <trkpt lat="22.40694024472133" lon="107.34952150308585">
        <ele>121.5448180353269</ele>
        <time>2023-07-08T02:48:05Z</time>
        <extensions>
          <gpxtpx:TrackPointExtension>
            <gpxtpx:hr>112</gpxtpx:hr>
          </gpxtpx:TrackPointExtension>
        </extensions>
      </trkpt>
      <trkpt lat="22.406941130951104" lon="107.34951204263352">
        <ele>121.91565031465143</ele>
        <time>2023-07-08T02:48:06Z</time>
        <extensions>
          <gpxtpx:TrackPointExtension>
            <gpxtpx:hr>112</gpxtpx:hr>
          </gpxtpx:TrackPointExtension>
        </extensions>
      </trkpt>
      <trkpt lat="22.406941874276008" lon="107.34950366512005">
        <ele>122.29666378442198</ele>
        <time>2023-07-08T02:48:07Z</time>
        <extensions>
          <gpxtpx:TrackPointExtension>
            <gpxtpx:hr>112</gpxtpx:hr>
          </gpxtpx:TrackPointExtension>
        </extensions>
      </trkpt>
      <trkpt lat="22.406942326438948" lon="107.34949680906504">
        <ele>122.66562424600124</ele>
        <time>2023-07-08T02:48:08Z</time>
        <extensions>
          <gpxtpx:TrackPointExtension>
            <gpxtpx:hr>112</gpxtpx:hr>
          </gpxtpx:TrackPointExtension>
        </extensions>
      </trkpt>
      <trkpt lat="22.40694218856415" lon="107.34949167620913">
        <ele>123.02983675524592</ele>
        <time>2023-07-08T02:48:09Z</time>
        <extensions>
          <gpxtpx:TrackPointExtension>
            <gpxtpx:hr>112</gpxtpx:hr>
          </gpxtpx:TrackPointExtension>
        </extensions>
      </trkpt>
      <trkpt lat="22.406942072229523" lon="107.34948783942274">
        <ele>123.3897237656638</ele>
        <time>2023-07-08T02:48:10Z</time>
        <extensions>
          <gpxtpx:TrackPointExtension>
            <gpxtpx:hr>112</gpxtpx:hr>
          </gpxtpx:TrackPointExtension>
        </extensions>
      </trkpt>
      <trkpt lat="22.40694252226147" lon="107.34948484229045">
        <ele>123.75572593789548</ele>
        <time>2023-07-08T02:48:11Z</time>
        <extensions>
          <gpxtpx:TrackPointExtension>
            <gpxtpx:hr>112</gpxtpx:hr>
          </gpxtpx:TrackPointExtension>
        </extensions>
      </trkpt>
      <trkpt lat="22.4069431553078" lon="107.34948233856024">
        <ele>124.1218485608697</ele>
        <time>2023-07-08T02:48:12Z</time>
        <extensions>
          <gpxtpx:TrackPointExtension>
            <gpxtpx:hr>112</gpxtpx:hr>
          </gpxtpx:TrackPointExtension>
        </extensions>
      </trkpt>
      <trkpt lat="22.40694404089303" lon="107.34947952142754">
        <ele>124.47438216023147</ele>
        <time>2023-07-08T02:48:13Z</time>
        <extensions>
          <gpxtpx:TrackPointExtension>
            <gpxtpx:hr>112</gpxtpx:hr>
          </gpxtpx:TrackPointExtension>
        </extensions>
      </trkpt>
      <trkpt lat="22.40694546212114" lon="107.34947592311853">
        <ele>124.81332529615611</ele>
        <time>2023-07-08T02:48:14Z</time>
        <extensions>
          <gpxtpx:TrackPointExtension>
            <gpxtpx:hr>113</gpxtpx:hr>
          </gpxtpx:TrackPointExtension>
        </extensions>
      </trkpt>
      <trkpt lat="22.406946511153663" lon="107.34947146326971">
        <ele>125.15895006526262</ele>
        <time>2023-07-08T02:48:15Z</time>
        <extensions>
          <gpxtpx:TrackPointExtension>
            <gpxtpx:hr>113</gpxtpx:hr>
          </gpxtpx:TrackPointExtension>
        </extensions>
      </trkpt>
      <trkpt lat="22.406946052033796" lon="107.34946663099407">
        <ele>125.4935304056853</ele>
        <time>2023-07-08T02:48:16Z</time>
        <extensions>
          <gpxtpx:TrackPointExtension>
            <gpxtpx:hr>113</gpxtpx:hr>
          </gpxtpx:TrackPointExtension>
        </extensions>
      </trkpt>
      <trkpt lat="22.406943790260794" lon="107.3494616683948">
        <ele>125.8113474920392</ele>
        <time>2023-07-08T02:48:17Z</time>
        <extensions>
          <gpxtpx:TrackPointExtension>
            <gpxtpx:hr>113</gpxtpx:hr>
          </gpxtpx:TrackPointExtension>
        </extensions>
      </trkpt>
      <trkpt lat="22.406940460224373" lon="107.34945653598662">
        <ele>126.12466915976256</ele>
        <time>2023-07-08T02:48:18Z</time>
        <extensions>
          <gpxtpx:TrackPointExtension>
            <gpxtpx:hr>115</gpxtpx:hr>
          </gpxtpx:TrackPointExtension>
        </extensions>
      </trkpt>
      <trkpt lat="22.406937300114233" lon="107.34945125983931">
        <ele>126.43346337322146</ele>
        <time>2023-07-08T02:48:19Z</time>
        <extensions>
          <gpxtpx:TrackPointExtension>
            <gpxtpx:hr>115</gpxtpx:hr>
          </gpxtpx:TrackPointExtension>
        </extensions>
      </trkpt>
      <trkpt lat="22.406935067475395" lon="107.34944599763118">
        <ele>126.73258823156357</ele>
        <time>2023-07-08T02:48:20Z</time>
        <extensions>
          <gpxtpx:TrackPointExtension>
            <gpxtpx:hr>115</gpxtpx:hr>
          </gpxtpx:TrackPointExtension>
        </extensions>
      </trkpt>
      <trkpt lat="22.406933416349148" lon="107.34944131208427">
        <ele>127.01946316100657</ele>
        <time>2023-07-08T02:48:21Z</time>
        <extensions>
          <gpxtpx:TrackPointExtension>
            <gpxtpx:hr>115</gpxtpx:hr>
          </gpxtpx:TrackPointExtension>
        </extensions>
      </trkpt>
      <trkpt lat="22.406932131733296" lon="107.34943602293544">
        <ele>127.31075726822019</ele>
        <time>2023-07-08T02:48:22Z</time>
        <extensions>
          <gpxtpx:TrackPointExtension>
            <gpxtpx:hr>115</gpxtpx:hr>
          </gpxtpx:TrackPointExtension>
        </extensions>
      </trkpt>
      <trkpt lat="22.406931511256865" lon="107.34943009684902">
        <ele>127.57821417879313</ele>
        <time>2023-07-08T02:48:23Z</time>
        <extensions>
          <gpxtpx:TrackPointExtension>
            <gpxtpx:hr>115</gpxtpx:hr>
          </gpxtpx:TrackPointExtension>
        </extensions>
      </trkpt>
      <trkpt lat="22.40693222951228" lon="107.34942574780311">
        <ele>127.8329339325428</ele>
        <time>2023-07-08T02:48:24Z</time>
        <extensions>
          <gpxtpx:TrackPointExtension>
            <gpxtpx:hr>115</gpxtpx:hr>
          </gpxtpx:TrackPointExtension>
        </extensions>
      </trkpt>
      <trkpt lat="22.406935640070763" lon="107.34942403931016">
        <ele>128.07305600121617</ele>
        <time>2023-07-08T02:48:25Z</time>
        <extensions>
          <gpxtpx:TrackPointExtension>
            <gpxtpx:hr>115</gpxtpx:hr>
          </gpxtpx:TrackPointExtension>
        </extensions>
      </trkpt>
      <trkpt lat="22.406942258278466" lon="107.34942422732911">
        <ele>128.2948138732463</ele>
        <time>2023-07-08T02:48:26Z</time>
        <extensions>
          <gpxtpx:TrackPointExtension>
            <gpxtpx:hr>115</gpxtpx:hr>
          </gpxtpx:TrackPointExtension>
        </extensions>
      </trkpt>
      <trkpt lat="22.406950073042047" lon="107.34942466550172">
        <ele>128.49691272061318</ele>
        <time>2023-07-08T02:48:27Z</time>
        <extensions>
          <gpxtpx:TrackPointExtension>
            <gpxtpx:hr>115</gpxtpx:hr>
          </gpxtpx:TrackPointExtension>
        </extensions>
      </trkpt>
      <trkpt lat="22.406956584616136" lon="107.34942392955722">
        <ele>128.7145869815722</ele>
        <time>2023-07-08T02:48:28Z</time>
        <extensions>
          <gpxtpx:TrackPointExtension>
            <gpxtpx:hr>115</gpxtpx:hr>
          </gpxtpx:TrackPointExtension>
        </extensions>
      </trkpt>
      <trkpt lat="22.40696214916385" lon="107.34942188478695">
        <ele>128.91157380212098</ele>
        <time>2023-07-08T02:48:29Z</time>
        <extensions>
          <gpxtpx:TrackPointExtension>
            <gpxtpx:hr>115</gpxtpx:hr>
          </gpxtpx:TrackPointExtension>
        </extensions>
      </trkpt>
      <trkpt lat="22.40696796840055" lon="107.34941946652279">
        <ele>129.06645383965224</ele>
        <time>2023-07-08T02:48:30Z</time>
        <extensions>
          <gpxtpx:TrackPointExtension>
            <gpxtpx:hr>115</gpxtpx:hr>
          </gpxtpx:TrackPointExtension>
        </extensions>
      </trkpt>
      <trkpt lat="22.406973991271833" lon="107.34941707895413">
        <ele>129.1860018754378</ele>
        <time>2023-07-08T02:48:31Z</time>
        <extensions>
          <gpxtpx:TrackPointExtension>
            <gpxtpx:hr>115</gpxtpx:hr>
          </gpxtpx:TrackPointExtension>
        </extensions>
      </trkpt>
      <trkpt lat="22.40698071456585" lon="107.34941478051421">
        <ele>129.26652117911726</ele>
        <time>2023-07-08T02:48:32Z</time>
        <extensions>
          <gpxtpx:TrackPointExtension>
            <gpxtpx:hr>115</gpxtpx:hr>
          </gpxtpx:TrackPointExtension>
        </extensions>
      </trkpt>
      <trkpt lat="22.40698876266447" lon="107.3494125275295">
        <ele>129.3202799251303</ele>
        <time>2023-07-08T02:48:33Z</time>
        <extensions>
          <gpxtpx:TrackPointExtension>
            <gpxtpx:hr>117</gpxtpx:hr>
          </gpxtpx:TrackPointExtension>
        </extensions>
      </trkpt>
      <trkpt lat="22.406997521725486" lon="107.34941047753216">
        <ele>129.31527853291482</ele>
        <time>2023-07-08T02:48:34Z</time>
        <extensions>
          <gpxtpx:TrackPointExtension>
            <gpxtpx:hr>117</gpxtpx:hr>
          </gpxtpx:TrackPointExtension>
        </extensions>
      </trkpt>
      <trkpt lat="22.407006347112176" lon="107.34940869992583">
        <ele>129.25904991757125</ele>
        <time>2023-07-08T02:48:35Z</time>
        <extensions>
          <gpxtpx:TrackPointExtension>
            <gpxtpx:hr>117</gpxtpx:hr>
          </gpxtpx:TrackPointExtension>
        </extensions>
      </trkpt>
      <trkpt lat="22.407015053588204" lon="107.34940740342974">
        <ele>129.15570209827274</ele>
        <time>2023-07-08T02:48:36Z</time>
        <extensions>
          <gpxtpx:TrackPointExtension>
            <gpxtpx:hr>117</gpxtpx:hr>
          </gpxtpx:TrackPointExtension>
        </extensions>
      </trkpt>
      <trkpt lat="22.407023448870113" lon="107.34940644613937">
        <ele>128.99944347701967</ele>
        <time>2023-07-08T02:48:37Z</time>
        <extensions>
          <gpxtpx:TrackPointExtension>
            <gpxtpx:hr>117</gpxtpx:hr>
          </gpxtpx:TrackPointExtension>
        </extensions>
      </trkpt>
      <trkpt lat="22.407031771196873" lon="107.34940536756261">
        <ele>128.80373266432434</ele>
        <time>2023-07-08T02:48:38Z</time>
        <extensions>
          <gpxtpx:TrackPointExtension>
            <gpxtpx:hr>118</gpxtpx:hr>
          </gpxtpx:TrackPointExtension>
        </extensions>
      </trkpt>
      <trkpt lat="22.407040462651842" lon="107.34940410621681">
        <ele>128.5665345126763</ele>
        <time>2023-07-08T02:48:39Z</time>
        <extensions>
          <gpxtpx:TrackPointExtension>
            <gpxtpx:hr>118</gpxtpx:hr>
          </gpxtpx:TrackPointExtension>
        </extensions>
      </trkpt>
      <trkpt lat="22.40704933648468" lon="107.34940253140145">
        <ele>128.28434403892606</ele>
        <time>2023-07-08T02:48:40Z</time>
        <extensions>
          <gpxtpx:TrackPointExtension>
            <gpxtpx:hr>118</gpxtpx:hr>
          </gpxtpx:TrackPointExtension>
        </extensions>
      </trkpt>
      <trkpt lat="22.40705853377596" lon="107.34940049930003">
        <ele>127.9727430343628</ele>
        <time>2023-07-08T02:48:41Z</time>
        <extensions>
          <gpxtpx:TrackPointExtension>
            <gpxtpx:hr>118</gpxtpx:hr>
          </gpxtpx:TrackPointExtension>
        </extensions>
      </trkpt>
      <trkpt lat="22.4070686272863" lon="107.34939840222107">
        <ele>127.63595641031861</ele>
        <time>2023-07-08T02:48:42Z</time>
        <extensions>
          <gpxtpx:TrackPointExtension>
            <gpxtpx:hr>118</gpxtpx:hr>
          </gpxtpx:TrackPointExtension>
        </extensions>
      </trkpt>
      <trkpt lat="22.407079224121656" lon="107.34939687222091">
        <ele>127.27200228720903</ele>
        <time>2023-07-08T02:48:43Z</time>
        <extensions>
          <gpxtpx:TrackPointExtension>
            <gpxtpx:hr>119</gpxtpx:hr>
          </gpxtpx:TrackPointExtension>
        </extensions>
      </trkpt>
      <trkpt lat="22.40709016612318" lon="107.34939584575108">
        <ele>126.89863340370357</ele>
        <time>2023-07-08T02:48:44Z</time>
        <extensions>
          <gpxtpx:TrackPointExtension>
            <gpxtpx:hr>119</gpxtpx:hr>
          </gpxtpx:TrackPointExtension>
        </extensions>
      </trkpt>
      <trkpt lat="22.40710196829644" lon="107.34939483800271">
        <ele>126.5194847304374</ele>
        <time>2023-07-08T02:48:45Z</time>
        <extensions>
          <gpxtpx:TrackPointExtension>
            <gpxtpx:hr>119</gpxtpx:hr>
          </gpxtpx:TrackPointExtension>
        </extensions>
      </trkpt>
      <trkpt lat="22.407114466069554" lon="107.34939330881986">
        <ele>126.14428266882896</ele>
        <time>2023-07-08T02:48:46Z</time>
        <extensions>
          <gpxtpx:TrackPointExtension>
            <gpxtpx:hr>119</gpxtpx:hr>
          </gpxtpx:TrackPointExtension>
        </extensions>
      </trkpt>
      <trkpt lat="22.407126916889087" lon="107.34939105071537">
        <ele>125.77151784487069</ele>
        <time>2023-07-08T02:48:47Z</time>
        <extensions>
          <gpxtpx:TrackPointExtension>
            <gpxtpx:hr>120</gpxtpx:hr>
          </gpxtpx:TrackPointExtension>
        </extensions>
      </trkpt>
      <trkpt lat="22.407139158174026" lon="107.34938811253521">
        <ele>125.40024738386273</ele>
        <time>2023-07-08T02:48:48Z</time>
        <extensions>
          <gpxtpx:TrackPointExtension>
            <gpxtpx:hr>120</gpxtpx:hr>
          </gpxtpx:TrackPointExtension>
        </extensions>
      </trkpt>
      <trkpt lat="22.407151255319157" lon="107.3493847670906">
        <ele>125.05609017796814</ele>
        <time>2023-07-08T02:48:49Z</time>
        <extensions>
          <gpxtpx:TrackPointExtension>
            <gpxtpx:hr>120</gpxtpx:hr>
          </gpxtpx:TrackPointExtension>
        </extensions>
      </trkpt>
      <trkpt lat="22.407162835573622" lon="107.34938202838349">
        <ele>124.74491294566542</ele>
        <time>2023-07-08T02:48:50Z</time>
        <extensions>
          <gpxtpx:TrackPointExtension>
            <gpxtpx:hr>120</gpxtpx:hr>
          </gpxtpx:TrackPointExtension>
        </extensions>
      </trkpt>
      <trkpt lat="22.407174394465308" lon="107.34937929672712">
        <ele>124.46528440807015</ele>
        <time>2023-07-08T02:48:51Z</time>
        <extensions>
          <gpxtpx:TrackPointExtension>
            <gpxtpx:hr>120</gpxtpx:hr>
          </gpxtpx:TrackPointExtension>
        </extensions>
      </trkpt>
      <trkpt lat="22.407186325263215" lon="107.3493756672639">
        <ele>124.21642061322927</ele>
        <time>2023-07-08T02:48:52Z</time>
        <extensions>
          <gpxtpx:TrackPointExtension>
            <gpxtpx:hr>122</gpxtpx:hr>
          </gpxtpx:TrackPointExtension>
        </extensions>
      </trkpt>
      <trkpt lat="22.407198232379525" lon="107.34937161420183">
        <ele>123.99998995848</ele>
        <time>2023-07-08T02:48:53Z</time>
        <extensions>
          <gpxtpx:TrackPointExtension>
            <gpxtpx:hr>122</gpxtpx:hr>
          </gpxtpx:TrackPointExtension>
        </extensions>
      </trkpt>
      <trkpt lat="22.40721006326944" lon="107.34936729271016">
        <ele>123.82455718237907</ele>
        <time>2023-07-08T02:48:54Z</time>
        <extensions>
          <gpxtpx:TrackPointExtension>
            <gpxtpx:hr>122</gpxtpx:hr>
          </gpxtpx:TrackPointExtension>
        </extensions>
      </trkpt>
      <trkpt lat="22.407221698128776" lon="107.34936289864036">
        <ele>123.68934223800898</ele>
        <time>2023-07-08T02:48:55Z</time>
        <extensions>
          <gpxtpx:TrackPointExtension>
            <gpxtpx:hr>122</gpxtpx:hr>
          </gpxtpx:TrackPointExtension>
        </extensions>
      </trkpt>
      <trkpt lat="22.407233009319988" lon="107.34935872729595">
        <ele>123.59721544664353</ele>
        <time>2023-07-08T02:48:56Z</time>
        <extensions>
          <gpxtpx:TrackPointExtension>
            <gpxtpx:hr>122</gpxtpx:hr>
          </gpxtpx:TrackPointExtension>
        </extensions>
      </trkpt>
      <trkpt lat="22.407244056378094" lon="107.34935517753341">
        <ele>123.53168753348291</ele>
        <time>2023-07-08T02:48:57Z</time>
        <extensions>
          <gpxtpx:TrackPointExtension>
            <gpxtpx:hr>122</gpxtpx:hr>
          </gpxtpx:TrackPointExtension>
        </extensions>
      </trkpt>
      <trkpt lat="22.407254710145075" lon="107.3493524313532">
        <ele>123.49291715398431</ele>
        <time>2023-07-08T02:48:58Z</time>
        <extensions>
          <gpxtpx:TrackPointExtension>
            <gpxtpx:hr>122</gpxtpx:hr>
          </gpxtpx:TrackPointExtension>
        </extensions>
      </trkpt>
      <trkpt lat="22.407264940238388" lon="107.34935005495696">
        <ele>123.48117019701749</ele>
        <time>2023-07-08T02:48:59Z</time>
        <extensions>
          <gpxtpx:TrackPointExtension>
            <gpxtpx:hr>122</gpxtpx:hr>
          </gpxtpx:TrackPointExtension>
        </extensions>
      </trkpt>
      <trkpt lat="22.407275002797896" lon="107.34934764843878">
        <ele>123.50751085672528</ele>
        <time>2023-07-08T02:49:00Z</time>
        <extensions>
          <gpxtpx:TrackPointExtension>
            <gpxtpx:hr>122</gpxtpx:hr>
          </gpxtpx:TrackPointExtension>
        </extensions>
      </trkpt>
      <trkpt lat="22.407285032928748" lon="107.34934513060409">
        <ele>123.54147723503411</ele>
        <time>2023-07-08T02:49:01Z</time>
        <extensions>
          <gpxtpx:TrackPointExtension>
            <gpxtpx:hr>122</gpxtpx:hr>
          </gpxtpx:TrackPointExtension>
        </extensions>
      </trkpt>
      <trkpt lat="22.40729479075308" lon="107.34934243296935">
        <ele>123.58875179849565</ele>
        <time>2023-07-08T02:49:02Z</time>
        <extensions>
          <gpxtpx:TrackPointExtension>
            <gpxtpx:hr>122</gpxtpx:hr>
          </gpxtpx:TrackPointExtension>
        </extensions>
      </trkpt>
      <trkpt lat="22.40730415043089" lon="107.34933935126084">
        <ele>123.62462379597127</ele>
        <time>2023-07-08T02:49:03Z</time>
        <extensions>
          <gpxtpx:TrackPointExtension>
            <gpxtpx:hr>125</gpxtpx:hr>
          </gpxtpx:TrackPointExtension>
        </extensions>
      </trkpt>
      <trkpt lat="22.407313277148567" lon="107.34933581551704">
        <ele>123.65589738637209</ele>
        <time>2023-07-08T02:49:04Z</time>
        <extensions>
          <gpxtpx:TrackPointExtension>
            <gpxtpx:hr>125</gpxtpx:hr>
          </gpxtpx:TrackPointExtension>
        </extensions>
      </trkpt>
      <trkpt lat="22.407322460054488" lon="107.34933184092793">
        <ele>123.68261504452676</ele>
        <time>2023-07-08T02:49:05Z</time>
        <extensions>
          <gpxtpx:TrackPointExtension>
            <gpxtpx:hr>125</gpxtpx:hr>
          </gpxtpx:TrackPointExtension>
        </extensions>
      </trkpt>
      <trkpt lat="22.4073319538777" lon="107.34932772280936">
        <ele>123.69499659631401</ele>
        <time>2023-07-08T02:49:06Z</time>
        <extensions>
          <gpxtpx:TrackPointExtension>
            <gpxtpx:hr>125</gpxtpx:hr>
          </gpxtpx:TrackPointExtension>
        </extensions>
      </trkpt>
      <trkpt lat="22.407341850558073" lon="107.34932376157248">
        <ele>123.68560236413032</ele>
        <time>2023-07-08T02:49:07Z</time>
        <extensions>
          <gpxtpx:TrackPointExtension>
            <gpxtpx:hr>125</gpxtpx:hr>
          </gpxtpx:TrackPointExtension>
        </extensions>
      </trkpt>
      <trkpt lat="22.40735204271415" lon="107.34931993938743">
        <ele>123.67082328163087</ele>
        <time>2023-07-08T02:49:08Z</time>
        <extensions>
          <gpxtpx:TrackPointExtension>
            <gpxtpx:hr>124</gpxtpx:hr>
          </gpxtpx:TrackPointExtension>
        </extensions>
      </trkpt>
      <trkpt lat="22.40736206987684" lon="107.34931611567164">
        <ele>123.63946928735822</ele>
        <time>2023-07-08T02:49:09Z</time>
        <extensions>
          <gpxtpx:TrackPointExtension>
            <gpxtpx:hr>124</gpxtpx:hr>
          </gpxtpx:TrackPointExtension>
        </extensions>
      </trkpt>
      <trkpt lat="22.407371654908296" lon="107.34931233510652">
        <ele>123.58096778485924</ele>
        <time>2023-07-08T02:49:10Z</time>
        <extensions>
          <gpxtpx:TrackPointExtension>
            <gpxtpx:hr>124</gpxtpx:hr>
          </gpxtpx:TrackPointExtension>
        </extensions>
      </trkpt>
      <trkpt lat="22.40738122052509" lon="107.34930906016174">
        <ele>123.51079001184553</ele>
        <time>2023-07-08T02:49:11Z</time>
        <extensions>
          <gpxtpx:TrackPointExtension>
            <gpxtpx:hr>124</gpxtpx:hr>
          </gpxtpx:TrackPointExtension>
        </extensions>
      </trkpt>
      <trkpt lat="22.407392252866135" lon="107.34930615747489">
        <ele>123.4297607196495</ele>
        <time>2023-07-08T02:49:12Z</time>
        <extensions>
          <gpxtpx:TrackPointExtension>
            <gpxtpx:hr>124</gpxtpx:hr>
          </gpxtpx:TrackPointExtension>
        </extensions>
      </trkpt>
      <trkpt lat="22.40740524250944" lon="107.34930313973075">
        <ele>123.31585348583758</ele>
        <time>2023-07-08T02:49:13Z</time>
        <extensions>
          <gpxtpx:TrackPointExtension>
            <gpxtpx:hr>124</gpxtpx:hr>
          </gpxtpx:TrackPointExtension>
        </extensions>
      </trkpt>
      <trkpt lat="22.407419219942945" lon="107.34929994273841">
        <ele>123.16547310072929</ele>
        <time>2023-07-08T02:49:14Z</time>
        <extensions>
          <gpxtpx:TrackPointExtension>
            <gpxtpx:hr>124</gpxtpx:hr>
          </gpxtpx:TrackPointExtension>
        </extensions>
      </trkpt>
      <trkpt lat="22.40743360130884" lon="107.34929671915386">
        <ele>123.00434303376824</ele>
        <time>2023-07-08T02:49:15Z</time>
        <extensions>
          <gpxtpx:TrackPointExtension>
            <gpxtpx:hr>122</gpxtpx:hr>
          </gpxtpx:TrackPointExtension>
        </extensions>
      </trkpt>
      <trkpt lat="22.407447956989056" lon="107.34929361479833">
        <ele>122.87171643599868</ele>
        <time>2023-07-08T02:49:16Z</time>
        <extensions>
          <gpxtpx:TrackPointExtension>
            <gpxtpx:hr>122</gpxtpx:hr>
          </gpxtpx:TrackPointExtension>
        </extensions>
      </trkpt>
      <trkpt lat="22.40746206070464" lon="107.34929089458184">
        <ele>122.74446518626064</ele>
        <time>2023-07-08T02:49:17Z</time>
        <extensions>
          <gpxtpx:TrackPointExtension>
            <gpxtpx:hr>122</gpxtpx:hr>
          </gpxtpx:TrackPointExtension>
        </extensions>
      </trkpt>
      <trkpt lat="22.407475652983727" lon="107.34928815968614">
        <ele>122.61711889877915</ele>
        <time>2023-07-08T02:49:18Z</time>
        <extensions>
          <gpxtpx:TrackPointExtension>
            <gpxtpx:hr>122</gpxtpx:hr>
          </gpxtpx:TrackPointExtension>
        </extensions>
      </trkpt>
      <trkpt lat="22.407488582672244" lon="107.34928403866834">
        <ele>122.50925330538303</ele>
        <time>2023-07-08T02:49:19Z</time>
        <extensions>
          <gpxtpx:TrackPointExtension>
            <gpxtpx:hr>122</gpxtpx:hr>
          </gpxtpx:TrackPointExtension>
        </extensions>
      </trkpt>
      <trkpt lat="22.407500790834874" lon="107.3492780495132">
        <ele>122.39685930870473</ele>
        <time>2023-07-08T02:49:20Z</time>
        <extensions>
          <gpxtpx:TrackPointExtension>
            <gpxtpx:hr>122</gpxtpx:hr>
          </gpxtpx:TrackPointExtension>
        </extensions>
      </trkpt>
      <trkpt lat="22.407511768820434" lon="107.34927120673332">
        <ele>122.28870522975922</ele>
        <time>2023-07-08T02:49:21Z</time>
        <extensions>
          <gpxtpx:TrackPointExtension>
            <gpxtpx:hr>122</gpxtpx:hr>
          </gpxtpx:TrackPointExtension>
        </extensions>
      </trkpt>
      <trkpt lat="22.40752116071886" lon="107.34926475760925">
        <ele>122.18626270722598</ele>
        <time>2023-07-08T02:49:22Z</time>
        <extensions>
          <gpxtpx:TrackPointExtension>
            <gpxtpx:hr>122</gpxtpx:hr>
          </gpxtpx:TrackPointExtension>
        </extensions>
      </trkpt>
      <trkpt lat="22.40752921695151" lon="107.34925893512775">
        <ele>122.10268340725452</ele>
        <time>2023-07-08T02:49:23Z</time>
        <extensions>
          <gpxtpx:TrackPointExtension>
            <gpxtpx:hr>122</gpxtpx:hr>
          </gpxtpx:TrackPointExtension>
        </extensions>
      </trkpt>
      <trkpt lat="22.40753660551999" lon="107.34925331831352">
        <ele>122.00902056042105</ele>
        <time>2023-07-08T02:49:24Z</time>
        <extensions>
          <gpxtpx:TrackPointExtension>
            <gpxtpx:hr>122</gpxtpx:hr>
          </gpxtpx:TrackPointExtension>
        </extensions>
      </trkpt>
      <trkpt lat="22.40754456965102" lon="107.3492478766775">
        <ele>121.92356344591826</ele>
        <time>2023-07-08T02:49:25Z</time>
        <extensions>
          <gpxtpx:TrackPointExtension>
            <gpxtpx:hr>122</gpxtpx:hr>
          </gpxtpx:TrackPointExtension>
        </extensions>
      </trkpt>
      <trkpt lat="22.40755422378417" lon="107.34924280474546">
        <ele>121.84543225355446</ele>
        <time>2023-07-08T02:49:26Z</time>
        <extensions>
          <gpxtpx:TrackPointExtension>
            <gpxtpx:hr>122</gpxtpx:hr>
          </gpxtpx:TrackPointExtension>
        </extensions>
      </trkpt>
      <trkpt lat="22.407565464990082" lon="107.34923839790406">
        <ele>121.76352564059198</ele>
        <time>2023-07-08T02:49:27Z</time>
        <extensions>
          <gpxtpx:TrackPointExtension>
            <gpxtpx:hr>122</gpxtpx:hr>
          </gpxtpx:TrackPointExtension>
        </extensions>
      </trkpt>
      <trkpt lat="22.40757779740317" lon="107.3492345844624">
        <ele>121.68830035254359</ele>
        <time>2023-07-08T02:49:28Z</time>
        <extensions>
          <gpxtpx:TrackPointExtension>
            <gpxtpx:hr>122</gpxtpx:hr>
          </gpxtpx:TrackPointExtension>
        </extensions>
      </trkpt>
      <trkpt lat="22.407590730095063" lon="107.34923067812453">
        <ele>121.60671961866319</ele>
        <time>2023-07-08T02:49:29Z</time>
        <extensions>
          <gpxtpx:TrackPointExtension>
            <gpxtpx:hr>122</gpxtpx:hr>
          </gpxtpx:TrackPointExtension>
        </extensions>
      </trkpt>
      <trkpt lat="22.407603663603698" lon="107.34922678208731">
        <ele>121.53166010882705</ele>
        <time>2023-07-08T02:49:30Z</time>
        <extensions>
          <gpxtpx:TrackPointExtension>
            <gpxtpx:hr>122</gpxtpx:hr>
          </gpxtpx:TrackPointExtension>
        </extensions>
      </trkpt>
      <trkpt lat="22.407616034881666" lon="107.34922327130926">
        <ele>121.45718888565898</ele>
        <time>2023-07-08T02:49:31Z</time>
        <extensions>
          <gpxtpx:TrackPointExtension>
            <gpxtpx:hr>122</gpxtpx:hr>
          </gpxtpx:TrackPointExtension>
        </extensions>
      </trkpt>
      <trkpt lat="22.407627623245528" lon="107.34922008846327">
        <ele>121.3705425215885</ele>
        <time>2023-07-08T02:49:32Z</time>
        <extensions>
          <gpxtpx:TrackPointExtension>
            <gpxtpx:hr>122</gpxtpx:hr>
          </gpxtpx:TrackPointExtension>
        </extensions>
      </trkpt>
      <trkpt lat="22.40763927634479" lon="107.34921685407042">
        <ele>121.2980860285461</ele>
        <time>2023-07-08T02:49:33Z</time>
        <extensions>
          <gpxtpx:TrackPointExtension>
            <gpxtpx:hr>122</gpxtpx:hr>
          </gpxtpx:TrackPointExtension>
        </extensions>
      </trkpt>
      <trkpt lat="22.40765148789355" lon="107.34921328038806">
        <ele>121.23254988528788</ele>
        <time>2023-07-08T02:49:34Z</time>
        <extensions>
          <gpxtpx:TrackPointExtension>
            <gpxtpx:hr>122</gpxtpx:hr>
          </gpxtpx:TrackPointExtension>
        </extensions>
      </trkpt>
      <trkpt lat="22.407663708448496" lon="107.34920978813147">
        <ele>121.17146889306605</ele>
        <time>2023-07-08T02:49:35Z</time>
        <extensions>
          <gpxtpx:TrackPointExtension>
            <gpxtpx:hr>122</gpxtpx:hr>
          </gpxtpx:TrackPointExtension>
        </extensions>
      </trkpt>
      <trkpt lat="22.407675081414105" lon="107.34920679432926">
        <ele>121.09174622409046</ele>
        <time>2023-07-08T02:49:36Z</time>
        <extensions>
          <gpxtpx:TrackPointExtension>
            <gpxtpx:hr>119</gpxtpx:hr>
          </gpxtpx:TrackPointExtension>
        </extensions>
      </trkpt>
      <trkpt lat="22.407685556629573" lon="107.34920464916637">
        <ele>121.00687272567302</ele>
        <time>2023-07-08T02:49:37Z</time>
        <extensions>
          <gpxtpx:TrackPointExtension>
            <gpxtpx:hr>119</gpxtpx:hr>
          </gpxtpx:TrackPointExtension>
        </extensions>
      </trkpt>
      <trkpt lat="22.407695677597335" lon="107.34920338098271">
        <ele>120.90772265940905</ele>
        <time>2023-07-08T02:49:38Z</time>
        <extensions>
          <gpxtpx:TrackPointExtension>
            <gpxtpx:hr>119</gpxtpx:hr>
          </gpxtpx:TrackPointExtension>
        </extensions>
      </trkpt>
      <trkpt lat="22.407705534738145" lon="107.34920177140651">
        <ele>120.79450279846787</ele>
        <time>2023-07-08T02:49:39Z</time>
        <extensions>
          <gpxtpx:TrackPointExtension>
            <gpxtpx:hr>119</gpxtpx:hr>
          </gpxtpx:TrackPointExtension>
        </extensions>
      </trkpt>
      <trkpt lat="22.4077151585601" lon="107.34919927405684">
        <ele>120.66885227803141</ele>
        <time>2023-07-08T02:49:40Z</time>
        <extensions>
          <gpxtpx:TrackPointExtension>
            <gpxtpx:hr>119</gpxtpx:hr>
          </gpxtpx:TrackPointExtension>
        </extensions>
      </trkpt>
      <trkpt lat="22.40772493901911" lon="107.34919644489545">
        <ele>120.55192074738443</ele>
        <time>2023-07-08T02:49:41Z</time>
        <extensions>
          <gpxtpx:TrackPointExtension>
            <gpxtpx:hr>119</gpxtpx:hr>
          </gpxtpx:TrackPointExtension>
        </extensions>
      </trkpt>
      <trkpt lat="22.407735475614167" lon="107.3491936454742">
        <ele>120.43431537225842</ele>
        <time>2023-07-08T02:49:42Z</time>
        <extensions>
          <gpxtpx:TrackPointExtension>
            <gpxtpx:hr>121</gpxtpx:hr>
          </gpxtpx:TrackPointExtension>
        </extensions>
      </trkpt>
      <trkpt lat="22.40774668847034" lon="107.34919101302133">
        <ele>120.3019605949521</ele>
        <time>2023-07-08T02:49:43Z</time>
        <extensions>
          <gpxtpx:TrackPointExtension>
            <gpxtpx:hr>121</gpxtpx:hr>
          </gpxtpx:TrackPointExtension>
        </extensions>
      </trkpt>
      <trkpt lat="22.4077583950855" lon="107.34918834948725">
        <ele>120.16235133074224</ele>
        <time>2023-07-08T02:49:44Z</time>
        <extensions>
          <gpxtpx:TrackPointExtension>
            <gpxtpx:hr>121</gpxtpx:hr>
          </gpxtpx:TrackPointExtension>
        </extensions>
      </trkpt>
      <trkpt lat="22.407770403398168" lon="107.34918574566817">
        <ele>120.01851419266313</ele>
        <time>2023-07-08T02:49:45Z</time>
        <extensions>
          <gpxtpx:TrackPointExtension>
            <gpxtpx:hr>121</gpxtpx:hr>
          </gpxtpx:TrackPointExtension>
        </extensions>
      </trkpt>
      <trkpt lat="22.40778256461467" lon="107.34918350863846">
        <ele>119.88136695884168</ele>
        <time>2023-07-08T02:49:46Z</time>
        <extensions>
          <gpxtpx:TrackPointExtension>
            <gpxtpx:hr>121</gpxtpx:hr>
          </gpxtpx:TrackPointExtension>
        </extensions>
      </trkpt>
      <trkpt lat="22.40779502665179" lon="107.34918179460988">
        <ele>119.72989546973258</ele>
        <time>2023-07-08T02:49:47Z</time>
        <extensions>
          <gpxtpx:TrackPointExtension>
            <gpxtpx:hr>122</gpxtpx:hr>
          </gpxtpx:TrackPointExtension>
        </extensions>
      </trkpt>
      <trkpt lat="22.407807728234374" lon="107.34918076698047">
        <ele>119.57175243739039</ele>
        <time>2023-07-08T02:49:48Z</time>
        <extensions>
          <gpxtpx:TrackPointExtension>
            <gpxtpx:hr>122</gpxtpx:hr>
          </gpxtpx:TrackPointExtension>
        </extensions>
      </trkpt>
      <trkpt lat="22.407820214788774" lon="107.34918031061066">
        <ele>119.40316987130791</ele>
        <time>2023-07-08T02:49:49Z</time>
        <extensions>
          <gpxtpx:TrackPointExtension>
            <gpxtpx:hr>122</gpxtpx:hr>
          </gpxtpx:TrackPointExtension>
        </extensions>
      </trkpt>
      <trkpt lat="22.40783192942352" lon="107.3491803025878">
        <ele>119.2272087763995</ele>
        <time>2023-07-08T02:49:50Z</time>
        <extensions>
          <gpxtpx:TrackPointExtension>
            <gpxtpx:hr>122</gpxtpx:hr>
          </gpxtpx:TrackPointExtension>
        </extensions>
      </trkpt>
      <trkpt lat="22.407842804581406" lon="107.349180607007">
        <ele>119.07622304093093</ele>
        <time>2023-07-08T02:49:51Z</time>
        <extensions>
          <gpxtpx:TrackPointExtension>
            <gpxtpx:hr>122</gpxtpx:hr>
          </gpxtpx:TrackPointExtension>
        </extensions>
      </trkpt>
      <trkpt lat="22.407853203750395" lon="107.3491808663999">
        <ele>118.92050939239562</ele>
        <time>2023-07-08T02:49:52Z</time>
        <extensions>
          <gpxtpx:TrackPointExtension>
            <gpxtpx:hr>129</gpxtpx:hr>
          </gpxtpx:TrackPointExtension>
        </extensions>
      </trkpt>
      <trkpt lat="22.407863430595853" lon="107.34918090012704">
        <ele>118.77894607093185</ele>
        <time>2023-07-08T02:49:53Z</time>
        <extensions>
          <gpxtpx:TrackPointExtension>
            <gpxtpx:hr>129</gpxtpx:hr>
          </gpxtpx:TrackPointExtension>
        </extensions>
      </trkpt>
      <trkpt lat="22.407873685206088" lon="107.34918066425888">
        <ele>118.65137893613428</ele>
        <time>2023-07-08T02:49:54Z</time>
        <extensions>
          <gpxtpx:TrackPointExtension>
            <gpxtpx:hr>129</gpxtpx:hr>
          </gpxtpx:TrackPointExtension>
        </extensions>
      </trkpt>
      <trkpt lat="22.40788461878455" lon="107.34917995414645">
        <ele>118.5472956225276</ele>
        <time>2023-07-08T02:49:55Z</time>
        <extensions>
          <gpxtpx:TrackPointExtension>
            <gpxtpx:hr>129</gpxtpx:hr>
          </gpxtpx:TrackPointExtension>
        </extensions>
      </trkpt>
      <trkpt lat="22.407896285133347" lon="107.34917871708548">
        <ele>118.47438380867243</ele>
        <time>2023-07-08T02:49:56Z</time>
        <extensions>
          <gpxtpx:TrackPointExtension>
            <gpxtpx:hr>129</gpxtpx:hr>
          </gpxtpx:TrackPointExtension>
        </extensions>
      </trkpt>
      <trkpt lat="22.40790818060885" lon="107.34917725122426">
        <ele>118.416687509045</ele>
        <time>2023-07-08T02:49:57Z</time>
        <extensions>
          <gpxtpx:TrackPointExtension>
            <gpxtpx:hr>129</gpxtpx:hr>
          </gpxtpx:TrackPointExtension>
        </extensions>
      </trkpt>
      <trkpt lat="22.407920036722924" lon="107.34917572534174">
        <ele>118.36608859430999</ele>
        <time>2023-07-08T02:49:58Z</time>
        <extensions>
          <gpxtpx:TrackPointExtension>
            <gpxtpx:hr>129</gpxtpx:hr>
          </gpxtpx:TrackPointExtension>
        </extensions>
      </trkpt>
      <trkpt lat="22.407931257315518" lon="107.34917418642772">
        <ele>118.34897360950708</ele>
        <time>2023-07-08T02:49:59Z</time>
        <extensions>
          <gpxtpx:TrackPointExtension>
            <gpxtpx:hr>129</gpxtpx:hr>
          </gpxtpx:TrackPointExtension>
        </extensions>
      </trkpt>
      <trkpt lat="22.40794166798852" lon="107.34917276387326">
        <ele>118.35360247269273</ele>
        <time>2023-07-08T02:50:00Z</time>
        <extensions>
          <gpxtpx:TrackPointExtension>
            <gpxtpx:hr>129</gpxtpx:hr>
          </gpxtpx:TrackPointExtension>
        </extensions>
      </trkpt>
      <trkpt lat="22.407951951528048" lon="107.34917127031018">
        <ele>118.37708121072501</ele>
        <time>2023-07-08T02:50:01Z</time>
        <extensions>
          <gpxtpx:TrackPointExtension>
            <gpxtpx:hr>131</gpxtpx:hr>
          </gpxtpx:TrackPointExtension>
        </extensions>
      </trkpt>
      <trkpt lat="22.407962745945795" lon="107.34916951798544">
        <ele>118.42326090019196</ele>
        <time>2023-07-08T02:50:02Z</time>
        <extensions>
          <gpxtpx:TrackPointExtension>
            <gpxtpx:hr>131</gpxtpx:hr>
          </gpxtpx:TrackPointExtension>
        </extensions>
      </trkpt>
      <trkpt lat="22.407974183448818" lon="107.34916752108857">
        <ele>118.4920669356361</ele>
        <time>2023-07-08T02:50:03Z</time>
        <extensions>
          <gpxtpx:TrackPointExtension>
            <gpxtpx:hr>131</gpxtpx:hr>
          </gpxtpx:TrackPointExtension>
        </extensions>
      </trkpt>
      <trkpt lat="22.40798596071921" lon="107.34916546060172">
        <ele>118.57169618457556</ele>
        <time>2023-07-08T02:50:04Z</time>
        <extensions>
          <gpxtpx:TrackPointExtension>
            <gpxtpx:hr>131</gpxtpx:hr>
          </gpxtpx:TrackPointExtension>
        </extensions>
      </trkpt>
      <trkpt lat="22.407997650555696" lon="107.34916369930309">
        <ele>118.64943944849074</ele>
        <time>2023-07-08T02:50:05Z</time>
        <extensions>
          <gpxtpx:TrackPointExtension>
            <gpxtpx:hr>131</gpxtpx:hr>
          </gpxtpx:TrackPointExtension>
        </extensions>
      </trkpt>
      <trkpt lat="22.408008635566986" lon="107.34916231189115">
        <ele>118.72928577568382</ele>
        <time>2023-07-08T02:50:06Z</time>
        <extensions>
          <gpxtpx:TrackPointExtension>
            <gpxtpx:hr>128</gpxtpx:hr>
          </gpxtpx:TrackPointExtension>
        </extensions>
      </trkpt>
      <trkpt lat="22.408018185603165" lon="107.34916132262413">
        <ele>118.81048442237079</ele>
        <time>2023-07-08T02:50:07Z</time>
        <extensions>
          <gpxtpx:TrackPointExtension>
            <gpxtpx:hr>128</gpxtpx:hr>
          </gpxtpx:TrackPointExtension>
        </extensions>
      </trkpt>
      <trkpt lat="22.408026949492214" lon="107.34916085312209">
        <ele>118.86433160305023</ele>
        <time>2023-07-08T02:50:08Z</time>
        <extensions>
          <gpxtpx:TrackPointExtension>
            <gpxtpx:hr>128</gpxtpx:hr>
          </gpxtpx:TrackPointExtension>
        </extensions>
      </trkpt>
      <trkpt lat="22.408036282973754" lon="107.34916048462723">
        <ele>118.90355310682207</ele>
        <time>2023-07-08T02:50:09Z</time>
        <extensions>
          <gpxtpx:TrackPointExtension>
            <gpxtpx:hr>128</gpxtpx:hr>
          </gpxtpx:TrackPointExtension>
        </extensions>
      </trkpt>
      <trkpt lat="22.408046626297136" lon="107.34915979626507">
        <ele>118.93444540444762</ele>
        <time>2023-07-08T02:50:10Z</time>
        <extensions>
          <gpxtpx:TrackPointExtension>
            <gpxtpx:hr>128</gpxtpx:hr>
          </gpxtpx:TrackPointExtension>
        </extensions>
      </trkpt>
      <trkpt lat="22.408057456798808" lon="107.34915881928141">
        <ele>118.98097868729383</ele>
        <time>2023-07-08T02:50:11Z</time>
        <extensions>
          <gpxtpx:TrackPointExtension>
            <gpxtpx:hr>129</gpxtpx:hr>
          </gpxtpx:TrackPointExtension>
        </extensions>
      </trkpt>
      <trkpt lat="22.408068122831157" lon="107.34915771182641">
        <ele>119.01908795535564</ele>
        <time>2023-07-08T02:50:12Z</time>
        <extensions>
          <gpxtpx:TrackPointExtension>
            <gpxtpx:hr>129</gpxtpx:hr>
          </gpxtpx:TrackPointExtension>
        </extensions>
      </trkpt>
      <trkpt lat="22.40807859708923" lon="107.34915668706883">
        <ele>119.02570484485477</ele>
        <time>2023-07-08T02:50:13Z</time>
        <extensions>
          <gpxtpx:TrackPointExtension>
            <gpxtpx:hr>129</gpxtpx:hr>
          </gpxtpx:TrackPointExtension>
        </extensions>
      </trkpt>
      <trkpt lat="22.408089039081855" lon="107.34915611462928">
        <ele>119.009681224823</ele>
        <time>2023-07-08T02:50:14Z</time>
        <extensions>
          <gpxtpx:TrackPointExtension>
            <gpxtpx:hr>129</gpxtpx:hr>
          </gpxtpx:TrackPointExtension>
        </extensions>
      </trkpt>
      <trkpt lat="22.408099779070074" lon="107.34915615243649">
        <ele>118.98999957088381</ele>
        <time>2023-07-08T02:50:15Z</time>
        <extensions>
          <gpxtpx:TrackPointExtension>
            <gpxtpx:hr>129</gpxtpx:hr>
          </gpxtpx:TrackPointExtension>
        </extensions>
      </trkpt>
      <trkpt lat="22.40811071246136" lon="107.34915648325274">
        <ele>118.95813347864896</ele>
        <time>2023-07-08T02:50:16Z</time>
        <extensions>
          <gpxtpx:TrackPointExtension>
            <gpxtpx:hr>129</gpxtpx:hr>
          </gpxtpx:TrackPointExtension>
        </extensions>
      </trkpt>
      <trkpt lat="22.408121616093897" lon="107.34915652356082">
        <ele>118.9002622878179</ele>
        <time>2023-07-08T02:50:17Z</time>
        <extensions>
          <gpxtpx:TrackPointExtension>
            <gpxtpx:hr>125</gpxtpx:hr>
          </gpxtpx:TrackPointExtension>
        </extensions>
      </trkpt>
      <trkpt lat="22.408132860570017" lon="107.34915582348232">
        <ele>118.81446438655257</ele>
        <time>2023-07-08T02:50:18Z</time>
        <extensions>
          <gpxtpx:TrackPointExtension>
            <gpxtpx:hr>125</gpxtpx:hr>
          </gpxtpx:TrackPointExtension>
        </extensions>
      </trkpt>
      <trkpt lat="22.408145012618586" lon="107.34915437112745">
        <ele>118.74470575619489</ele>
        <time>2023-07-08T02:50:19Z</time>
        <extensions>
          <gpxtpx:TrackPointExtension>
            <gpxtpx:hr>125</gpxtpx:hr>
          </gpxtpx:TrackPointExtension>
        </extensions>
      </trkpt>
      <trkpt lat="22.408158151593412" lon="107.34915260894248">
        <ele>118.6695431387052</ele>
        <time>2023-07-08T02:50:20Z</time>
        <extensions>
          <gpxtpx:TrackPointExtension>
            <gpxtpx:hr>125</gpxtpx:hr>
          </gpxtpx:TrackPointExtension>
        </extensions>
      </trkpt>
      <trkpt lat="22.408171366022096" lon="107.34915063927079">
        <ele>118.57447599899024</ele>
        <time>2023-07-08T02:50:21Z</time>
        <extensions>
          <gpxtpx:TrackPointExtension>
            <gpxtpx:hr>125</gpxtpx:hr>
          </gpxtpx:TrackPointExtension>
        </extensions>
      </trkpt>
      <trkpt lat="22.40818411248534" lon="107.34914825383275">
        <ele>118.46563781891018</ele>
        <time>2023-07-08T02:50:22Z</time>
        <extensions>
          <gpxtpx:TrackPointExtension>
            <gpxtpx:hr>125</gpxtpx:hr>
          </gpxtpx:TrackPointExtension>
        </extensions>
      </trkpt>
      <trkpt lat="22.408196553447908" lon="107.34914521019812">
        <ele>118.3412881679833</ele>
        <time>2023-07-08T02:50:23Z</time>
        <extensions>
          <gpxtpx:TrackPointExtension>
            <gpxtpx:hr>125</gpxtpx:hr>
          </gpxtpx:TrackPointExtension>
        </extensions>
      </trkpt>
      <trkpt lat="22.408208693590673" lon="107.34914161664565">
        <ele>118.22848489321768</ele>
        <time>2023-07-08T02:50:24Z</time>
        <extensions>
          <gpxtpx:TrackPointExtension>
            <gpxtpx:hr>125</gpxtpx:hr>
          </gpxtpx:TrackPointExtension>
        </extensions>
      </trkpt>
      <trkpt lat="22.408220508270144" lon="107.34913813445732">
        <ele>118.13216095417738</ele>
        <time>2023-07-08T02:50:25Z</time>
        <extensions>
          <gpxtpx:TrackPointExtension>
            <gpxtpx:hr>125</gpxtpx:hr>
          </gpxtpx:TrackPointExtension>
        </extensions>
      </trkpt>
      <trkpt lat="22.40823197202736" lon="107.34913534247217">
        <ele>118.04331246670336</ele>
        <time>2023-07-08T02:50:26Z</time>
        <extensions>
          <gpxtpx:TrackPointExtension>
            <gpxtpx:hr>125</gpxtpx:hr>
          </gpxtpx:TrackPointExtension>
        </extensions>
      </trkpt>
      <trkpt lat="22.408243010135028" lon="107.34913305829464">
        <ele>117.95174881536514</ele>
        <time>2023-07-08T02:50:27Z</time>
        <extensions>
          <gpxtpx:TrackPointExtension>
            <gpxtpx:hr>128</gpxtpx:hr>
          </gpxtpx:TrackPointExtension>
        </extensions>
      </trkpt>
      <trkpt lat="22.408253707226805" lon="107.3491304151717">
        <ele>117.8697232985869</ele>
        <time>2023-07-08T02:50:28Z</time>
        <extensions>
          <gpxtpx:TrackPointExtension>
            <gpxtpx:hr>128</gpxtpx:hr>
          </gpxtpx:TrackPointExtension>
        </extensions>
      </trkpt>
      <trkpt lat="22.408264273120118" lon="107.34912667515735">
        <ele>117.79307889193296</ele>
        <time>2023-07-08T02:50:29Z</time>
        <extensions>
          <gpxtpx:TrackPointExtension>
            <gpxtpx:hr>128</gpxtpx:hr>
          </gpxtpx:TrackPointExtension>
        </extensions>
      </trkpt>
      <trkpt lat="22.40827485195831" lon="107.34912221401872">
        <ele>117.73337337654084</ele>
        <time>2023-07-08T02:50:30Z</time>
        <extensions>
          <gpxtpx:TrackPointExtension>
            <gpxtpx:hr>128</gpxtpx:hr>
          </gpxtpx:TrackPointExtension>
        </extensions>
      </trkpt>
      <trkpt lat="22.408285604512237" lon="107.34911781377754">
        <ele>117.6937102433294</ele>
        <time>2023-07-08T02:50:31Z</time>
        <extensions>
          <gpxtpx:TrackPointExtension>
            <gpxtpx:hr>128</gpxtpx:hr>
          </gpxtpx:TrackPointExtension>
        </extensions>
      </trkpt>
      <trkpt lat="22.40829646257093" lon="107.34911382483023">
        <ele>117.67173999268562</ele>
        <time>2023-07-08T02:50:32Z</time>
        <extensions>
          <gpxtpx:TrackPointExtension>
            <gpxtpx:hr>127</gpxtpx:hr>
          </gpxtpx:TrackPointExtension>
        </extensions>
      </trkpt>
      <trkpt lat="22.40830700126348" lon="107.3491102920244">
        <ele>117.68124065827578</ele>
        <time>2023-07-08T02:50:33Z</time>
        <extensions>
          <gpxtpx:TrackPointExtension>
            <gpxtpx:hr>127</gpxtpx:hr>
          </gpxtpx:TrackPointExtension>
        </extensions>
      </trkpt>
      <trkpt lat="22.408316878774198" lon="107.34910694855066">
        <ele>117.70616414118558</ele>
        <time>2023-07-08T02:50:34Z</time>
        <extensions>
          <gpxtpx:TrackPointExtension>
            <gpxtpx:hr>127</gpxtpx:hr>
          </gpxtpx:TrackPointExtension>
        </extensions>
      </trkpt>
      <trkpt lat="22.408326394319" lon="107.34910364935266">
        <ele>117.75277876481414</ele>
        <time>2023-07-08T02:50:35Z</time>
        <extensions>
          <gpxtpx:TrackPointExtension>
            <gpxtpx:hr>127</gpxtpx:hr>
          </gpxtpx:TrackPointExtension>
        </extensions>
      </trkpt>
      <trkpt lat="22.408336293993386" lon="107.34910033444989">
        <ele>117.80179756507277</ele>
        <time>2023-07-08T02:50:36Z</time>
        <extensions>
          <gpxtpx:TrackPointExtension>
            <gpxtpx:hr>127</gpxtpx:hr>
          </gpxtpx:TrackPointExtension>
        </extensions>
      </trkpt>
      <trkpt lat="22.408346849169607" lon="107.34909711771917">
        <ele>117.87636385858059</ele>
        <time>2023-07-08T02:50:37Z</time>
        <extensions>
          <gpxtpx:TrackPointExtension>
            <gpxtpx:hr>127</gpxtpx:hr>
          </gpxtpx:TrackPointExtension>
        </extensions>
      </trkpt>
      <trkpt lat="22.408357544016653" lon="107.34909454029308">
        <ele>117.97757773008198</ele>
        <time>2023-07-08T02:50:38Z</time>
        <extensions>
          <gpxtpx:TrackPointExtension>
            <gpxtpx:hr>127</gpxtpx:hr>
          </gpxtpx:TrackPointExtension>
        </extensions>
      </trkpt>
      <trkpt lat="22.40836803531775" lon="107.34909261110934">
        <ele>118.08547769580036</ele>
        <time>2023-07-08T02:50:39Z</time>
        <extensions>
          <gpxtpx:TrackPointExtension>
            <gpxtpx:hr>127</gpxtpx:hr>
          </gpxtpx:TrackPointExtension>
        </extensions>
      </trkpt>
      <trkpt lat="22.408378617067235" lon="107.34909072341831">
        <ele>118.21196603216231</ele>
        <time>2023-07-08T02:50:40Z</time>
        <extensions>
          <gpxtpx:TrackPointExtension>
            <gpxtpx:hr>127</gpxtpx:hr>
          </gpxtpx:TrackPointExtension>
        </extensions>
      </trkpt>
      <trkpt lat="22.408389308666163" lon="107.34908859215356">
        <ele>118.35210594441742</ele>
        <time>2023-07-08T02:50:41Z</time>
        <extensions>
          <gpxtpx:TrackPointExtension>
            <gpxtpx:hr>127</gpxtpx:hr>
          </gpxtpx:TrackPointExtension>
        </extensions>
      </trkpt>
      <trkpt lat="22.408399725537173" lon="107.34908625658493">
        <ele>118.51991085056216</ele>
        <time>2023-07-08T02:50:42Z</time>
        <extensions>
          <gpxtpx:TrackPointExtension>
            <gpxtpx:hr>129</gpxtpx:hr>
          </gpxtpx:TrackPointExtension>
        </extensions>
      </trkpt>
      <trkpt lat="22.40840973334397" lon="107.34908396495241">
        <ele>118.68797255773097</ele>
        <time>2023-07-08T02:50:43Z</time>
        <extensions>
          <gpxtpx:TrackPointExtension>
            <gpxtpx:hr>129</gpxtpx:hr>
          </gpxtpx:TrackPointExtension>
        </extensions>
      </trkpt>
      <trkpt lat="22.40841962428834" lon="107.3490819592008">
        <ele>118.87823496479541</ele>
        <time>2023-07-08T02:50:44Z</time>
        <extensions>
          <gpxtpx:TrackPointExtension>
            <gpxtpx:hr>129</gpxtpx:hr>
          </gpxtpx:TrackPointExtension>
        </extensions>
      </trkpt>
      <trkpt lat="22.408429927633588" lon="107.34908000939421">
        <ele>119.08810266107321</ele>
        <time>2023-07-08T02:50:45Z</time>
        <extensions>
          <gpxtpx:TrackPointExtension>
            <gpxtpx:hr>129</gpxtpx:hr>
          </gpxtpx:TrackPointExtension>
        </extensions>
      </trkpt>
      <trkpt lat="22.40844119357482" lon="107.34907751174853">
        <ele>119.28033084981143</ele>
        <time>2023-07-08T02:50:46Z</time>
        <extensions>
          <gpxtpx:TrackPointExtension>
            <gpxtpx:hr>129</gpxtpx:hr>
          </gpxtpx:TrackPointExtension>
        </extensions>
      </trkpt>
      <trkpt lat="22.408453418003496" lon="107.34907425041601">
        <ele>119.46820241957903</ele>
        <time>2023-07-08T02:50:47Z</time>
        <extensions>
          <gpxtpx:TrackPointExtension>
            <gpxtpx:hr>129</gpxtpx:hr>
          </gpxtpx:TrackPointExtension>
        </extensions>
      </trkpt>
      <trkpt lat="22.40846562712769" lon="107.34907067442829">
        <ele>119.65460862684995</ele>
        <time>2023-07-08T02:50:48Z</time>
        <extensions>
          <gpxtpx:TrackPointExtension>
            <gpxtpx:hr>129</gpxtpx:hr>
          </gpxtpx:TrackPointExtension>
        </extensions>
      </trkpt>
      <trkpt lat="22.408477006390306" lon="107.34906733174644">
        <ele>119.84322715550661</ele>
        <time>2023-07-08T02:50:49Z</time>
        <extensions>
          <gpxtpx:TrackPointExtension>
            <gpxtpx:hr>128</gpxtpx:hr>
          </gpxtpx:TrackPointExtension>
        </extensions>
      </trkpt>
      <trkpt lat="22.408487668437186" lon="107.3490640964548">
        <ele>120.00959649588913</ele>
        <time>2023-07-08T02:50:50Z</time>
        <extensions>
          <gpxtpx:TrackPointExtension>
            <gpxtpx:hr>128</gpxtpx:hr>
          </gpxtpx:TrackPointExtension>
        </extensions>
      </trkpt>
      <trkpt lat="22.408497802131976" lon="107.34906067697905">
        <ele>120.14708659239113</ele>
        <time>2023-07-08T02:50:51Z</time>
        <extensions>
          <gpxtpx:TrackPointExtension>
            <gpxtpx:hr>128</gpxtpx:hr>
          </gpxtpx:TrackPointExtension>
        </extensions>
      </trkpt>
      <trkpt lat="22.408507498061883" lon="107.34905708600117">
        <ele>120.29166598524898</ele>
        <time>2023-07-08T02:50:52Z</time>
        <extensions>
          <gpxtpx:TrackPointExtension>
            <gpxtpx:hr>128</gpxtpx:hr>
          </gpxtpx:TrackPointExtension>
        </extensions>
      </trkpt>
      <trkpt lat="22.40851693225874" lon="107.34905341703278">
        <ele>120.42146952543408</ele>
        <time>2023-07-08T02:50:53Z</time>
        <extensions>
          <gpxtpx:TrackPointExtension>
            <gpxtpx:hr>128</gpxtpx:hr>
          </gpxtpx:TrackPointExtension>
        </extensions>
      </trkpt>
      <trkpt lat="22.408525905263627" lon="107.34904970391217">
        <ele>120.53797616995871</ele>
        <time>2023-07-08T02:50:54Z</time>
        <extensions>
          <gpxtpx:TrackPointExtension>
            <gpxtpx:hr>128</gpxtpx:hr>
          </gpxtpx:TrackPointExtension>
        </extensions>
      </trkpt>
      <trkpt lat="22.408534384434088" lon="107.34904591926721">
        <ele>120.62878603395075</ele>
        <time>2023-07-08T02:50:55Z</time>
        <extensions>
          <gpxtpx:TrackPointExtension>
            <gpxtpx:hr>128</gpxtpx:hr>
          </gpxtpx:TrackPointExtension>
        </extensions>
      </trkpt>
      <trkpt lat="22.408542734238782" lon="107.34904172597972">
        <ele>120.70279978774488</ele>
        <time>2023-07-08T02:50:56Z</time>
        <extensions>
          <gpxtpx:TrackPointExtension>
            <gpxtpx:hr>128</gpxtpx:hr>
          </gpxtpx:TrackPointExtension>
        </extensions>
      </trkpt>
      <trkpt lat="22.408551072953642" lon="107.34903676356079">
        <ele>120.73628505133092</ele>
        <time>2023-07-08T02:50:57Z</time>
        <extensions>
          <gpxtpx:TrackPointExtension>
            <gpxtpx:hr>122</gpxtpx:hr>
          </gpxtpx:TrackPointExtension>
        </extensions>
      </trkpt>
      <trkpt lat="22.40855965025809" lon="107.34903101825113">
        <ele>120.74739232473075</ele>
        <time>2023-07-08T02:50:58Z</time>
        <extensions>
          <gpxtpx:TrackPointExtension>
            <gpxtpx:hr>122</gpxtpx:hr>
          </gpxtpx:TrackPointExtension>
        </extensions>
      </trkpt>
      <trkpt lat="22.4085691592786" lon="107.3490250480958">
        <ele>120.74136076588184</ele>
        <time>2023-07-08T02:50:59Z</time>
        <extensions>
          <gpxtpx:TrackPointExtension>
            <gpxtpx:hr>122</gpxtpx:hr>
          </gpxtpx:TrackPointExtension>
        </extensions>
      </trkpt>
      <trkpt lat="22.408579691201293" lon="107.34901946806579">
        <ele>120.6902530733496</ele>
        <time>2023-07-08T02:51:00Z</time>
        <extensions>
          <gpxtpx:TrackPointExtension>
            <gpxtpx:hr>122</gpxtpx:hr>
          </gpxtpx:TrackPointExtension>
        </extensions>
      </trkpt>
      <trkpt lat="22.408590745001646" lon="107.34901469530372">
        <ele>120.63781029637903</ele>
        <time>2023-07-08T02:51:01Z</time>
        <extensions>
          <gpxtpx:TrackPointExtension>
            <gpxtpx:hr>122</gpxtpx:hr>
          </gpxtpx:TrackPointExtension>
        </extensions>
      </trkpt>
      <trkpt lat="22.408601658551138" lon="107.34901110576412">
        <ele>120.57064483128488</ele>
        <time>2023-07-08T02:51:02Z</time>
        <extensions>
          <gpxtpx:TrackPointExtension>
            <gpxtpx:hr>122</gpxtpx:hr>
          </gpxtpx:TrackPointExtension>
        </extensions>
      </trkpt>
      <trkpt lat="22.40861213931147" lon="107.34900833904868">
        <ele>120.48994927294552</ele>
        <time>2023-07-08T02:51:03Z</time>
        <extensions>
          <gpxtpx:TrackPointExtension>
            <gpxtpx:hr>122</gpxtpx:hr>
          </gpxtpx:TrackPointExtension>
        </extensions>
      </trkpt>
      <trkpt lat="22.40862216640709" lon="107.34900581903202">
        <ele>120.39751460030675</ele>
        <time>2023-07-08T02:51:04Z</time>
        <extensions>
          <gpxtpx:TrackPointExtension>
            <gpxtpx:hr>122</gpxtpx:hr>
          </gpxtpx:TrackPointExtension>
        </extensions>
      </trkpt>
      <trkpt lat="22.408631916379026" lon="107.34900317416023">
        <ele>120.28647018782794</ele>
        <time>2023-07-08T02:51:05Z</time>
        <extensions>
          <gpxtpx:TrackPointExtension>
            <gpxtpx:hr>122</gpxtpx:hr>
          </gpxtpx:TrackPointExtension>
        </extensions>
      </trkpt>
      <trkpt lat="22.408641788876487" lon="107.34900007463247">
        <ele>120.17389059066772</ele>
        <time>2023-07-08T02:51:06Z</time>
        <extensions>
          <gpxtpx:TrackPointExtension>
            <gpxtpx:hr>121</gpxtpx:hr>
          </gpxtpx:TrackPointExtension>
        </extensions>
      </trkpt>
      <trkpt lat="22.408651775264097" lon="107.34899647948635">
        <ele>120.02885878272355</ele>
        <time>2023-07-08T02:51:07Z</time>
        <extensions>
          <gpxtpx:TrackPointExtension>
            <gpxtpx:hr>121</gpxtpx:hr>
          </gpxtpx:TrackPointExtension>
        </extensions>
      </trkpt>
      <trkpt lat="22.408661824741444" lon="107.3489926814254">
        <ele>119.86101575475186</ele>
        <time>2023-07-08T02:51:08Z</time>
        <extensions>
          <gpxtpx:TrackPointExtension>
            <gpxtpx:hr>121</gpxtpx:hr>
          </gpxtpx:TrackPointExtension>
        </extensions>
      </trkpt>
      <trkpt lat="22.40867206094843" lon="107.34898908469216">
        <ele>119.68143757618964</ele>
        <time>2023-07-08T02:51:09Z</time>
        <extensions>
          <gpxtpx:TrackPointExtension>
            <gpxtpx:hr>121</gpxtpx:hr>
          </gpxtpx:TrackPointExtension>
        </extensions>
      </trkpt>
      <trkpt lat="22.408682396907217" lon="107.34898574152308">
        <ele>119.48783514741808</ele>
        <time>2023-07-08T02:51:10Z</time>
        <extensions>
          <gpxtpx:TrackPointExtension>
            <gpxtpx:hr>121</gpxtpx:hr>
          </gpxtpx:TrackPointExtension>
        </extensions>
      </trkpt>
      <trkpt lat="22.40869249158763" lon="107.34898236142364">
        <ele>119.29574482049793</ele>
        <time>2023-07-08T02:51:11Z</time>
        <extensions>
          <gpxtpx:TrackPointExtension>
            <gpxtpx:hr>121</gpxtpx:hr>
          </gpxtpx:TrackPointExtension>
        </extensions>
      </trkpt>
      <trkpt lat="22.408702242822372" lon="107.3489787449259">
        <ele>119.10580274369568</ele>
        <time>2023-07-08T02:51:12Z</time>
        <extensions>
          <gpxtpx:TrackPointExtension>
            <gpxtpx:hr>122</gpxtpx:hr>
          </gpxtpx:TrackPointExtension>
        </extensions>
      </trkpt>
      <trkpt lat="22.408711952485255" lon="107.34897479854256">
        <ele>118.92705455049872</ele>
        <time>2023-07-08T02:51:13Z</time>
        <extensions>
          <gpxtpx:TrackPointExtension>
            <gpxtpx:hr>122</gpxtpx:hr>
          </gpxtpx:TrackPointExtension>
        </extensions>
      </trkpt>
      <trkpt lat="22.40872229506362" lon="107.34897076327657">
        <ele>118.74712008051574</ele>
        <time>2023-07-08T02:51:14Z</time>
        <extensions>
          <gpxtpx:TrackPointExtension>
            <gpxtpx:hr>122</gpxtpx:hr>
          </gpxtpx:TrackPointExtension>
        </extensions>
      </trkpt>
      <trkpt lat="22.408734120913817" lon="107.34896694749422">
        <ele>118.56815812084824</ele>
        <time>2023-07-08T02:51:15Z</time>
        <extensions>
          <gpxtpx:TrackPointExtension>
            <gpxtpx:hr>122</gpxtpx:hr>
          </gpxtpx:TrackPointExtension>
        </extensions>
      </trkpt>
      <trkpt lat="22.408747229423888" lon="107.34896354456238">
        <ele>118.38578764908016</ele>
        <time>2023-07-08T02:51:16Z</time>
        <extensions>
          <gpxtpx:TrackPointExtension>
            <gpxtpx:hr>122</gpxtpx:hr>
          </gpxtpx:TrackPointExtension>
        </extensions>
      </trkpt>
      <trkpt lat="22.408760525680286" lon="107.34896074732983">
        <ele>118.20867448206991</ele>
        <time>2023-07-08T02:51:17Z</time>
        <extensions>
          <gpxtpx:TrackPointExtension>
            <gpxtpx:hr>122</gpxtpx:hr>
          </gpxtpx:TrackPointExtension>
        </extensions>
      </trkpt>
      <trkpt lat="22.408773429740197" lon="107.34895824162983">
        <ele>118.03115144744515</ele>
        <time>2023-07-08T02:51:18Z</time>
        <extensions>
          <gpxtpx:TrackPointExtension>
            <gpxtpx:hr>122</gpxtpx:hr>
          </gpxtpx:TrackPointExtension>
        </extensions>
      </trkpt>
      <trkpt lat="22.40878591749957" lon="107.34895559377577">
        <ele>117.87308591324836</ele>
        <time>2023-07-08T02:51:19Z</time>
        <extensions>
          <gpxtpx:TrackPointExtension>
            <gpxtpx:hr>122</gpxtpx:hr>
          </gpxtpx:TrackPointExtension>
        </extensions>
      </trkpt>
      <trkpt lat="22.408798136652507" lon="107.348952689561">
        <ele>117.72491414099932</ele>
        <time>2023-07-08T02:51:20Z</time>
        <extensions>
          <gpxtpx:TrackPointExtension>
            <gpxtpx:hr>122</gpxtpx:hr>
          </gpxtpx:TrackPointExtension>
        </extensions>
      </trkpt>
      <trkpt lat="22.408810203288223" lon="107.34894943597529">
        <ele>117.57755852676928</ele>
        <time>2023-07-08T02:51:21Z</time>
        <extensions>
          <gpxtpx:TrackPointExtension>
            <gpxtpx:hr>122</gpxtpx:hr>
          </gpxtpx:TrackPointExtension>
        </extensions>
      </trkpt>
      <trkpt lat="22.40882202680061" lon="107.34894575226619">
        <ele>117.44814160652459</ele>
        <time>2023-07-08T02:51:22Z</time>
        <extensions>
          <gpxtpx:TrackPointExtension>
            <gpxtpx:hr>122</gpxtpx:hr>
          </gpxtpx:TrackPointExtension>
        </extensions>
      </trkpt>
      <trkpt lat="22.408833464855036" lon="107.34894162810774">
        <ele>117.3381611565128</ele>
        <time>2023-07-08T02:51:23Z</time>
        <extensions>
          <gpxtpx:TrackPointExtension>
            <gpxtpx:hr>122</gpxtpx:hr>
          </gpxtpx:TrackPointExtension>
        </extensions>
      </trkpt>
      <trkpt lat="22.40884513140096" lon="107.34893686450778">
        <ele>117.23980197962373</ele>
        <time>2023-07-08T02:51:24Z</time>
        <extensions>
          <gpxtpx:TrackPointExtension>
            <gpxtpx:hr>122</gpxtpx:hr>
          </gpxtpx:TrackPointExtension>
        </extensions>
      </trkpt>
      <trkpt lat="22.408857581762557" lon="107.34893149357218">
        <ele>117.14809696003795</ele>
        <time>2023-07-08T02:51:25Z</time>
        <extensions>
          <gpxtpx:TrackPointExtension>
            <gpxtpx:hr>122</gpxtpx:hr>
          </gpxtpx:TrackPointExtension>
        </extensions>
      </trkpt>
      <trkpt lat="22.408870308345783" lon="107.34892567607503">
        <ele>117.04740126710385</ele>
        <time>2023-07-08T02:51:26Z</time>
        <extensions>
          <gpxtpx:TrackPointExtension>
            <gpxtpx:hr>122</gpxtpx:hr>
          </gpxtpx:TrackPointExtension>
        </extensions>
      </trkpt>
      <trkpt lat="22.408882614413496" lon="107.34891940361635">
        <ele>116.96663035266101</ele>
        <time>2023-07-08T02:51:27Z</time>
        <extensions>
          <gpxtpx:TrackPointExtension>
            <gpxtpx:hr>122</gpxtpx:hr>
          </gpxtpx:TrackPointExtension>
        </extensions>
      </trkpt>
      <trkpt lat="22.408894406596392" lon="107.34891250653179">
        <ele>116.89789710659534</ele>
        <time>2023-07-08T02:51:28Z</time>
        <extensions>
          <gpxtpx:TrackPointExtension>
            <gpxtpx:hr>122</gpxtpx:hr>
          </gpxtpx:TrackPointExtension>
        </extensions>
      </trkpt>
      <trkpt lat="22.408905376254214" lon="107.348905116388">
        <ele>116.81298135966063</ele>
        <time>2023-07-08T02:51:29Z</time>
        <extensions>
          <gpxtpx:TrackPointExtension>
            <gpxtpx:hr>122</gpxtpx:hr>
          </gpxtpx:TrackPointExtension>
        </extensions>
      </trkpt>
      <trkpt lat="22.408914660475507" lon="107.3488975426475">
        <ele>116.73136830236763</ele>
        <time>2023-07-08T02:51:30Z</time>
        <extensions>
          <gpxtpx:TrackPointExtension>
            <gpxtpx:hr>122</gpxtpx:hr>
          </gpxtpx:TrackPointExtension>
        </extensions>
      </trkpt>
      <trkpt lat="22.408921711301595" lon="107.34888984507542">
        <ele>116.64811600279063</ele>
        <time>2023-07-08T02:51:31Z</time>
        <extensions>
          <gpxtpx:TrackPointExtension>
            <gpxtpx:hr>119</gpxtpx:hr>
          </gpxtpx:TrackPointExtension>
        </extensions>
      </trkpt>
      <trkpt lat="22.40892609326369" lon="107.34888284821324">
        <ele>116.55796452611685</ele>
        <time>2023-07-08T02:51:32Z</time>
        <extensions>
          <gpxtpx:TrackPointExtension>
            <gpxtpx:hr>119</gpxtpx:hr>
          </gpxtpx:TrackPointExtension>
        </extensions>
      </trkpt>
      <trkpt lat="22.40892777028573" lon="107.3488768628426">
        <ele>116.46900408435613</ele>
        <time>2023-07-08T02:51:33Z</time>
        <extensions>
          <gpxtpx:TrackPointExtension>
            <gpxtpx:hr>119</gpxtpx:hr>
          </gpxtpx:TrackPointExtension>
        </extensions>
      </trkpt>
      <trkpt lat="22.40892752803523" lon="107.34887144450464">
        <ele>116.36969786696136</ele>
        <time>2023-07-08T02:51:34Z</time>
        <extensions>
          <gpxtpx:TrackPointExtension>
            <gpxtpx:hr>119</gpxtpx:hr>
          </gpxtpx:TrackPointExtension>
        </extensions>
      </trkpt>
      <trkpt lat="22.408926395874968" lon="107.34886628495379">
        <ele>116.27190956752747</ele>
        <time>2023-07-08T02:51:35Z</time>
        <extensions>
          <gpxtpx:TrackPointExtension>
            <gpxtpx:hr>119</gpxtpx:hr>
          </gpxtpx:TrackPointExtension>
        </extensions>
      </trkpt>
      <trkpt lat="22.408924955543238" lon="107.34886132930652">
        <ele>116.15523112844676</ele>
        <time>2023-07-08T02:51:36Z</time>
        <extensions>
          <gpxtpx:TrackPointExtension>
            <gpxtpx:hr>120</gpxtpx:hr>
          </gpxtpx:TrackPointExtension>
        </extensions>
      </trkpt>
      <trkpt lat="22.408923659787117" lon="107.34885673483608">
        <ele>116.04411450680345</ele>
        <time>2023-07-08T02:51:37Z</time>
        <extensions>
          <gpxtpx:TrackPointExtension>
            <gpxtpx:hr>120</gpxtpx:hr>
          </gpxtpx:TrackPointExtension>
        </extensions>
      </trkpt>
      <trkpt lat="22.40892275426852" lon="107.34885312846082">
        <ele>115.94989708438516</ele>
        <time>2023-07-08T02:51:38Z</time>
        <extensions>
          <gpxtpx:TrackPointExtension>
            <gpxtpx:hr>120</gpxtpx:hr>
          </gpxtpx:TrackPointExtension>
        </extensions>
      </trkpt>
      <trkpt lat="22.40892234898056" lon="107.34885119646611">
        <ele>115.85539566446096</ele>
        <time>2023-07-08T02:51:39Z</time>
        <extensions>
          <gpxtpx:TrackPointExtension>
            <gpxtpx:hr>120</gpxtpx:hr>
          </gpxtpx:TrackPointExtension>
        </extensions>
      </trkpt>
      <trkpt lat="22.40892272971221" lon="107.34885052921646">
        <ele>115.77873746585101</ele>
        <time>2023-07-08T02:51:40Z</time>
        <extensions>
          <gpxtpx:TrackPointExtension>
            <gpxtpx:hr>120</gpxtpx:hr>
          </gpxtpx:TrackPointExtension>
        </extensions>
      </trkpt>
      <trkpt lat="22.40892387064838" lon="107.3488505007967">
        <ele>115.70628347620368</ele>
        <time>2023-07-08T02:51:41Z</time>
        <extensions>
          <gpxtpx:TrackPointExtension>
            <gpxtpx:hr>122</gpxtpx:hr>
          </gpxtpx:TrackPointExtension>
        </extensions>
      </trkpt>
      <trkpt lat="22.408925704358687" lon="107.34885058680588">
        <ele>115.6374475415796</ele>
        <time>2023-07-08T02:51:42Z</time>
        <extensions>
          <gpxtpx:TrackPointExtension>
            <gpxtpx:hr>122</gpxtpx:hr>
          </gpxtpx:TrackPointExtension>
        </extensions>
      </trkpt>
      <trkpt lat="22.40892818009313" lon="107.34885032434512">
        <ele>115.59382288437337</ele>
        <time>2023-07-08T02:51:43Z</time>
        <extensions>
          <gpxtpx:TrackPointExtension>
            <gpxtpx:hr>122</gpxtpx:hr>
          </gpxtpx:TrackPointExtension>
        </extensions>
      </trkpt>
      <trkpt lat="22.40893083163135" lon="107.34884965724015">
        <ele>115.54624444060028</ele>
        <time>2023-07-08T02:51:44Z</time>
        <extensions>
          <gpxtpx:TrackPointExtension>
            <gpxtpx:hr>122</gpxtpx:hr>
          </gpxtpx:TrackPointExtension>
        </extensions>
      </trkpt>
      <trkpt lat="22.40893296392128" lon="107.34884875013837">
        <ele>115.48958603478968</ele>
        <time>2023-07-08T02:51:45Z</time>
        <extensions>
          <gpxtpx:TrackPointExtension>
            <gpxtpx:hr>122</gpxtpx:hr>
          </gpxtpx:TrackPointExtension>
        </extensions>
      </trkpt>
      <trkpt lat="22.408934339471458" lon="107.34884754383725">
        <ele>115.43314789701253</ele>
        <time>2023-07-08T02:51:46Z</time>
        <extensions>
          <gpxtpx:TrackPointExtension>
            <gpxtpx:hr>122</gpxtpx:hr>
          </gpxtpx:TrackPointExtension>
        </extensions>
      </trkpt>
      <trkpt lat="22.40893506563074" lon="107.34884582783708">
        <ele>115.38888142164797</ele>
        <time>2023-07-08T02:51:47Z</time>
        <extensions>
          <gpxtpx:TrackPointExtension>
            <gpxtpx:hr>122</gpxtpx:hr>
          </gpxtpx:TrackPointExtension>
        </extensions>
      </trkpt>
      <trkpt lat="22.40893518309343" lon="107.3488435454186">
        <ele>115.33767590951174</ele>
        <time>2023-07-08T02:51:48Z</time>
        <extensions>
          <gpxtpx:TrackPointExtension>
            <gpxtpx:hr>129</gpxtpx:hr>
          </gpxtpx:TrackPointExtension>
        </extensions>
      </trkpt>
      <trkpt lat="22.408934765899648" lon="107.34884084515889">
        <ele>115.28715525008738</ele>
        <time>2023-07-08T02:51:49Z</time>
        <extensions>
          <gpxtpx:TrackPointExtension>
            <gpxtpx:hr>129</gpxtpx:hr>
          </gpxtpx:TrackPointExtension>
        </extensions>
      </trkpt>
      <trkpt lat="22.408933903038285" lon="107.34883788403869">
        <ele>115.23895864374936</ele>
        <time>2023-07-08T02:51:50Z</time>
        <extensions>
          <gpxtpx:TrackPointExtension>
            <gpxtpx:hr>129</gpxtpx:hr>
          </gpxtpx:TrackPointExtension>
        </extensions>
      </trkpt>
      <trkpt lat="22.408932738561194" lon="107.3488345735753">
        <ele>115.18235999718308</ele>
        <time>2023-07-08T02:51:51Z</time>
        <extensions>
          <gpxtpx:TrackPointExtension>
            <gpxtpx:hr>129</gpxtpx:hr>
          </gpxtpx:TrackPointExtension>
        </extensions>
      </trkpt>
      <trkpt lat="22.408931403876192" lon="107.34883094531754">
        <ele>115.12175200227648</ele>
        <time>2023-07-08T02:51:52Z</time>
        <extensions>
          <gpxtpx:TrackPointExtension>
            <gpxtpx:hr>129</gpxtpx:hr>
          </gpxtpx:TrackPointExtension>
        </extensions>
      </trkpt>
      <trkpt lat="22.408930026379476" lon="107.34882707303798">
        <ele>115.04993619490415</ele>
        <time>2023-07-08T02:51:53Z</time>
        <extensions>
          <gpxtpx:TrackPointExtension>
            <gpxtpx:hr>129</gpxtpx:hr>
          </gpxtpx:TrackPointExtension>
        </extensions>
      </trkpt>
      <trkpt lat="22.4089286527244" lon="107.34882316899538">
        <ele>114.97073867730796</ele>
        <time>2023-07-08T02:51:54Z</time>
        <extensions>
          <gpxtpx:TrackPointExtension>
            <gpxtpx:hr>130</gpxtpx:hr>
          </gpxtpx:TrackPointExtension>
        </extensions>
      </trkpt>
      <trkpt lat="22.40892732479403" lon="107.34881941656036">
        <ele>114.8805277729407</ele>
        <time>2023-07-08T02:51:55Z</time>
        <extensions>
          <gpxtpx:TrackPointExtension>
            <gpxtpx:hr>130</gpxtpx:hr>
          </gpxtpx:TrackPointExtension>
        </extensions>
      </trkpt>
      <trkpt lat="22.40892602472077" lon="107.34881557462779">
        <ele>114.79435186926275</ele>
        <time>2023-07-08T02:51:56Z</time>
        <extensions>
          <gpxtpx:TrackPointExtension>
            <gpxtpx:hr>130</gpxtpx:hr>
          </gpxtpx:TrackPointExtension>
        </extensions>
      </trkpt>
      <trkpt lat="22.408924744572822" lon="107.34881135771309">
        <ele>114.7106863586232</ele>
        <time>2023-07-08T02:51:57Z</time>
        <extensions>
          <gpxtpx:TrackPointExtension>
            <gpxtpx:hr>130</gpxtpx:hr>
          </gpxtpx:TrackPointExtension>
        </extensions>
      </trkpt>
      <trkpt lat="22.408923519660014" lon="107.34880694640758">
        <ele>114.61418387014419</ele>
        <time>2023-07-08T02:51:58Z</time>
        <extensions>
          <gpxtpx:TrackPointExtension>
            <gpxtpx:hr>129</gpxtpx:hr>
          </gpxtpx:TrackPointExtension>
        </extensions>
      </trkpt>
      <trkpt lat="22.408922291229654" lon="107.3488027996069">
        <ele>114.5088354414329</ele>
        <time>2023-07-08T02:51:59Z</time>
        <extensions>
          <gpxtpx:TrackPointExtension>
            <gpxtpx:hr>129</gpxtpx:hr>
          </gpxtpx:TrackPointExtension>
        </extensions>
      </trkpt>
      <trkpt lat="22.40892103590397" lon="107.34879897336614">
        <ele>114.40376325510442</ele>
        <time>2023-07-08T02:52:00Z</time>
        <extensions>
          <gpxtpx:TrackPointExtension>
            <gpxtpx:hr>129</gpxtpx:hr>
          </gpxtpx:TrackPointExtension>
        </extensions>
      </trkpt>
      <trkpt lat="22.40891970127043" lon="107.34879532647807">
        <ele>114.30385862663388</ele>
        <time>2023-07-08T02:52:01Z</time>
        <extensions>
          <gpxtpx:TrackPointExtension>
            <gpxtpx:hr>129</gpxtpx:hr>
          </gpxtpx:TrackPointExtension>
        </extensions>
      </trkpt>
      <trkpt lat="22.408918208602387" lon="107.34879187698897">
        <ele>114.21839125920087</ele>
        <time>2023-07-08T02:52:02Z</time>
        <extensions>
          <gpxtpx:TrackPointExtension>
            <gpxtpx:hr>130</gpxtpx:hr>
          </gpxtpx:TrackPointExtension>
        </extensions>
      </trkpt>
      <trkpt lat="22.408916542566843" lon="107.34878873804219">
        <ele>114.15028695669025</ele>
        <time>2023-07-08T02:52:03Z</time>
        <extensions>
          <gpxtpx:TrackPointExtension>
            <gpxtpx:hr>130</gpxtpx:hr>
          </gpxtpx:TrackPointExtension>
        </extensions>
      </trkpt>
      <trkpt lat="22.408914713030875" lon="107.34878580982468">
        <ele>114.11214291863143</ele>
        <time>2023-07-08T02:52:04Z</time>
        <extensions>
          <gpxtpx:TrackPointExtension>
            <gpxtpx:hr>130</gpxtpx:hr>
          </gpxtpx:TrackPointExtension>
        </extensions>
      </trkpt>
      <trkpt lat="22.408912925046387" lon="107.3487829105297">
        <ele>114.08491111081094</ele>
        <time>2023-07-08T02:52:05Z</time>
        <extensions>
          <gpxtpx:TrackPointExtension>
            <gpxtpx:hr>130</gpxtpx:hr>
          </gpxtpx:TrackPointExtension>
        </extensions>
      </trkpt>
      <trkpt lat="22.408911470597083" lon="107.34878005767398">
        <ele>114.07836744282395</ele>
        <time>2023-07-08T02:52:06Z</time>
        <extensions>
          <gpxtpx:TrackPointExtension>
            <gpxtpx:hr>130</gpxtpx:hr>
          </gpxtpx:TrackPointExtension>
        </extensions>
      </trkpt>
      <trkpt lat="22.408910601660143" lon="107.34877716360246">
        <ele>114.08377494476736</ele>
        <time>2023-07-08T02:52:07Z</time>
        <extensions>
          <gpxtpx:TrackPointExtension>
            <gpxtpx:hr>130</gpxtpx:hr>
          </gpxtpx:TrackPointExtension>
        </extensions>
      </trkpt>
      <trkpt lat="22.408910548076026" lon="107.34877426426857">
        <ele>114.1054751528427</ele>
        <time>2023-07-08T02:52:08Z</time>
        <extensions>
          <gpxtpx:TrackPointExtension>
            <gpxtpx:hr>130</gpxtpx:hr>
          </gpxtpx:TrackPointExtension>
        </extensions>
      </trkpt>
      <trkpt lat="22.40891174239064" lon="107.34877120210629">
        <ele>114.14498707465827</ele>
        <time>2023-07-08T02:52:09Z</time>
        <extensions>
          <gpxtpx:TrackPointExtension>
            <gpxtpx:hr>130</gpxtpx:hr>
          </gpxtpx:TrackPointExtension>
        </extensions>
      </trkpt>
      <trkpt lat="22.408914470423955" lon="107.34876794206619">
        <ele>114.21556626539677</ele>
        <time>2023-07-08T02:52:10Z</time>
        <extensions>
          <gpxtpx:TrackPointExtension>
            <gpxtpx:hr>131</gpxtpx:hr>
          </gpxtpx:TrackPointExtension>
        </extensions>
      </trkpt>
      <trkpt lat="22.40891866646762" lon="107.34876488254923">
        <ele>114.31010531075299</ele>
        <time>2023-07-08T02:52:11Z</time>
        <extensions>
          <gpxtpx:TrackPointExtension>
            <gpxtpx:hr>131</gpxtpx:hr>
          </gpxtpx:TrackPointExtension>
        </extensions>
      </trkpt>
      <trkpt lat="22.408924070215004" lon="107.34876255792094">
        <ele>114.43319260608405</ele>
        <time>2023-07-08T02:52:12Z</time>
        <extensions>
          <gpxtpx:TrackPointExtension>
            <gpxtpx:hr>131</gpxtpx:hr>
          </gpxtpx:TrackPointExtension>
        </extensions>
      </trkpt>
      <trkpt lat="22.408929585624332" lon="107.3487613430586">
        <ele>114.57949847728014</ele>
        <time>2023-07-08T02:52:13Z</time>
        <extensions>
          <gpxtpx:TrackPointExtension>
            <gpxtpx:hr>131</gpxtpx:hr>
          </gpxtpx:TrackPointExtension>
        </extensions>
      </trkpt>
      <trkpt lat="22.408934505527956" lon="107.34876107819511">
        <ele>114.74280610214919</ele>
        <time>2023-07-08T02:52:14Z</time>
        <extensions>
          <gpxtpx:TrackPointExtension>
            <gpxtpx:hr>131</gpxtpx:hr>
          </gpxtpx:TrackPointExtension>
        </extensions>
      </trkpt>
      <trkpt lat="22.408938967840296" lon="107.34876152186004">
        <ele>114.90414192713797</ele>
        <time>2023-07-08T02:52:15Z</time>
        <extensions>
          <gpxtpx:TrackPointExtension>
            <gpxtpx:hr>131</gpxtpx:hr>
          </gpxtpx:TrackPointExtension>
        </extensions>
      </trkpt>
      <trkpt lat="22.40894359791406" lon="107.34876263445531">
        <ele>115.08417532779276</ele>
        <time>2023-07-08T02:52:16Z</time>
        <extensions>
          <gpxtpx:TrackPointExtension>
            <gpxtpx:hr>124</gpxtpx:hr>
          </gpxtpx:TrackPointExtension>
        </extensions>
      </trkpt>
      <trkpt lat="22.408949092828006" lon="107.3487645520671">
        <ele>115.27310505602509</ele>
        <time>2023-07-08T02:52:17Z</time>
        <extensions>
          <gpxtpx:TrackPointExtension>
            <gpxtpx:hr>124</gpxtpx:hr>
          </gpxtpx:TrackPointExtension>
        </extensions>
      </trkpt>
      <trkpt lat="22.40895492873403" lon="107.34876716072743">
        <ele>115.48653331957757</ele>
        <time>2023-07-08T02:52:18Z</time>
        <extensions>
          <gpxtpx:TrackPointExtension>
            <gpxtpx:hr>124</gpxtpx:hr>
          </gpxtpx:TrackPointExtension>
        </extensions>
      </trkpt>
      <trkpt lat="22.40896013924752" lon="107.34877046089228">
        <ele>115.72090317495167</ele>
        <time>2023-07-08T02:52:19Z</time>
        <extensions>
          <gpxtpx:TrackPointExtension>
            <gpxtpx:hr>124</gpxtpx:hr>
          </gpxtpx:TrackPointExtension>
        </extensions>
      </trkpt>
      <trkpt lat="22.40896434797129" lon="107.3487744030153">
        <ele>115.96143141388893</ele>
        <time>2023-07-08T02:52:20Z</time>
        <extensions>
          <gpxtpx:TrackPointExtension>
            <gpxtpx:hr>124</gpxtpx:hr>
          </gpxtpx:TrackPointExtension>
        </extensions>
      </trkpt>
      <trkpt lat="22.40896837409538" lon="107.34877888423695">
        <ele>116.23006406519562</ele>
        <time>2023-07-08T02:52:21Z</time>
        <extensions>
          <gpxtpx:TrackPointExtension>
            <gpxtpx:hr>124</gpxtpx:hr>
          </gpxtpx:TrackPointExtension>
        </extensions>
      </trkpt>
      <trkpt lat="22.40897283050963" lon="107.34878356842945">
        <ele>116.49985191877931</ele>
        <time>2023-07-08T02:52:22Z</time>
        <extensions>
          <gpxtpx:TrackPointExtension>
            <gpxtpx:hr>124</gpxtpx:hr>
          </gpxtpx:TrackPointExtension>
        </extensions>
      </trkpt>
      <trkpt lat="22.408977422727787" lon="107.34878778692976">
        <ele>116.7684745779261</ele>
        <time>2023-07-08T02:52:23Z</time>
        <extensions>
          <gpxtpx:TrackPointExtension>
            <gpxtpx:hr>124</gpxtpx:hr>
          </gpxtpx:TrackPointExtension>
        </extensions>
      </trkpt>
      <trkpt lat="22.408981793373606" lon="107.34879117601848">
        <ele>117.04969874490052</ele>
        <time>2023-07-08T02:52:24Z</time>
        <extensions>
          <gpxtpx:TrackPointExtension>
            <gpxtpx:hr>124</gpxtpx:hr>
          </gpxtpx:TrackPointExtension>
        </extensions>
      </trkpt>
      <trkpt lat="22.408985662491155" lon="107.3487935658">
        <ele>117.32453682646155</ele>
        <time>2023-07-08T02:52:25Z</time>
        <extensions>
          <gpxtpx:TrackPointExtension>
            <gpxtpx:hr>124</gpxtpx:hr>
          </gpxtpx:TrackPointExtension>
        </extensions>
      </trkpt>
      <trkpt lat="22.40898928017937" lon="107.34879515442368">
        <ele>117.5847449703142</ele>
        <time>2023-07-08T02:52:26Z</time>
        <extensions>
          <gpxtpx:TrackPointExtension>
            <gpxtpx:hr>124</gpxtpx:hr>
          </gpxtpx:TrackPointExtension>
        </extensions>
      </trkpt>
      <trkpt lat="22.408992765059565" lon="107.34879622396726">
        <ele>117.85567784868181</ele>
        <time>2023-07-08T02:52:27Z</time>
        <extensions>
          <gpxtpx:TrackPointExtension>
            <gpxtpx:hr>111</gpxtpx:hr>
          </gpxtpx:TrackPointExtension>
        </extensions>
      </trkpt>
      <trkpt lat="22.40899582439493" lon="107.34879693772928">
        <ele>118.1132699334994</ele>
        <time>2023-07-08T02:52:28Z</time>
        <extensions>
          <gpxtpx:TrackPointExtension>
            <gpxtpx:hr>111</gpxtpx:hr>
          </gpxtpx:TrackPointExtension>
        </extensions>
      </trkpt>
      <trkpt lat="22.40899840605944" lon="107.34879747496448">
        <ele>118.35784679185599</ele>
        <time>2023-07-08T02:52:29Z</time>
        <extensions>
          <gpxtpx:TrackPointExtension>
            <gpxtpx:hr>111</gpxtpx:hr>
          </gpxtpx:TrackPointExtension>
        </extensions>
      </trkpt>
      <trkpt lat="22.40900056309512" lon="107.34879786993288">
        <ele>118.58725533541292</ele>
        <time>2023-07-08T02:52:30Z</time>
        <extensions>
          <gpxtpx:TrackPointExtension>
            <gpxtpx:hr>111</gpxtpx:hr>
          </gpxtpx:TrackPointExtension>
        </extensions>
      </trkpt>
      <trkpt lat="22.40900238702445" lon="107.3487980936905">
        <ele>118.80898959375918</ele>
        <time>2023-07-08T02:52:31Z</time>
        <extensions>
          <gpxtpx:TrackPointExtension>
            <gpxtpx:hr>111</gpxtpx:hr>
          </gpxtpx:TrackPointExtension>
        </extensions>
      </trkpt>
      <trkpt lat="22.409003749548955" lon="107.34879819011242">
        <ele>119.00673595163971</ele>
        <time>2023-07-08T02:52:32Z</time>
        <extensions>
          <gpxtpx:TrackPointExtension>
            <gpxtpx:hr>111</gpxtpx:hr>
          </gpxtpx:TrackPointExtension>
        </extensions>
      </trkpt>
      <trkpt lat="22.40900402492509" lon="107.34879827197616">
        <ele>119.18305462319404</ele>
        <time>2023-07-08T02:52:33Z</time>
        <extensions>
          <gpxtpx:TrackPointExtension>
            <gpxtpx:hr>110</gpxtpx:hr>
          </gpxtpx:TrackPointExtension>
        </extensions>
      </trkpt>
      <trkpt lat="22.40900304096447" lon="107.3487986510437">
        <ele>119.34658252447844</ele>
        <time>2023-07-08T02:52:34Z</time>
        <extensions>
          <gpxtpx:TrackPointExtension>
            <gpxtpx:hr>110</gpxtpx:hr>
          </gpxtpx:TrackPointExtension>
        </extensions>
      </trkpt>
      <trkpt lat="22.40900101954753" lon="107.34879988023472">
        <ele>119.48893280979246</ele>
        <time>2023-07-08T02:52:35Z</time>
        <extensions>
          <gpxtpx:TrackPointExtension>
            <gpxtpx:hr>110</gpxtpx:hr>
          </gpxtpx:TrackPointExtension>
        </extensions>
      </trkpt>
      <trkpt lat="22.408998036593417" lon="107.34880240287335">
        <ele>119.60002721380442</ele>
        <time>2023-07-08T02:52:36Z</time>
        <extensions>
          <gpxtpx:TrackPointExtension>
            <gpxtpx:hr>110</gpxtpx:hr>
          </gpxtpx:TrackPointExtension>
        </extensions>
      </trkpt>
      <trkpt lat="22.408994465868165" lon="107.34880615346752">
        <ele>119.6750563448295</ele>
        <time>2023-07-08T02:52:37Z</time>
        <extensions>
          <gpxtpx:TrackPointExtension>
            <gpxtpx:hr>111</gpxtpx:hr>
          </gpxtpx:TrackPointExtension>
        </extensions>
      </trkpt>
      <trkpt lat="22.408991020329086" lon="107.34881019961404">
        <ele>119.71908111963421</ele>
        <time>2023-07-08T02:52:38Z</time>
        <extensions>
          <gpxtpx:TrackPointExtension>
            <gpxtpx:hr>111</gpxtpx:hr>
          </gpxtpx:TrackPointExtension>
        </extensions>
      </trkpt>
      <trkpt lat="22.408988195074958" lon="107.34881380176061">
        <ele>119.74383982550353</ele>
        <time>2023-07-08T02:52:39Z</time>
        <extensions>
          <gpxtpx:TrackPointExtension>
            <gpxtpx:hr>111</gpxtpx:hr>
          </gpxtpx:TrackPointExtension>
        </extensions>
      </trkpt>
      <trkpt lat="22.40898601814577" lon="107.34881669432642">
        <ele>119.72444845270365</ele>
        <time>2023-07-08T02:52:40Z</time>
        <extensions>
          <gpxtpx:TrackPointExtension>
            <gpxtpx:hr>111</gpxtpx:hr>
          </gpxtpx:TrackPointExtension>
        </extensions>
      </trkpt>
      <trkpt lat="22.40898433123848" lon="107.34881866277699">
        <ele>119.67487434018403</ele>
        <time>2023-07-08T02:52:41Z</time>
        <extensions>
          <gpxtpx:TrackPointExtension>
            <gpxtpx:hr>112</gpxtpx:hr>
          </gpxtpx:TrackPointExtension>
        </extensions>
      </trkpt>
      <trkpt lat="22.408983141822034" lon="107.34881956514407">
        <ele>119.61187270376831</ele>
        <time>2023-07-08T02:52:42Z</time>
        <extensions>
          <gpxtpx:TrackPointExtension>
            <gpxtpx:hr>112</gpxtpx:hr>
          </gpxtpx:TrackPointExtension>
        </extensions>
      </trkpt>
      <trkpt lat="22.408982515457314" lon="107.34881948098581">
        <ele>119.52732126321644</ele>
        <time>2023-07-08T02:52:43Z</time>
        <extensions>
          <gpxtpx:TrackPointExtension>
            <gpxtpx:hr>112</gpxtpx:hr>
          </gpxtpx:TrackPointExtension>
        </extensions>
      </trkpt>
      <trkpt lat="22.40898207670407" lon="107.3488190693857">
        <ele>119.4299294333905</ele>
        <time>2023-07-08T02:52:44Z</time>
        <extensions>
          <gpxtpx:TrackPointExtension>
            <gpxtpx:hr>112</gpxtpx:hr>
          </gpxtpx:TrackPointExtension>
        </extensions>
      </trkpt>
      <trkpt lat="22.40898070867774" lon="107.34881795119834">
        <ele>119.33411969337612</ele>
        <time>2023-07-08T02:52:45Z</time>
        <extensions>
          <gpxtpx:TrackPointExtension>
            <gpxtpx:hr>112</gpxtpx:hr>
          </gpxtpx:TrackPointExtension>
        </extensions>
      </trkpt>
      <trkpt lat="22.40897786932527" lon="107.34881580800386">
        <ele>119.23079293593764</ele>
        <time>2023-07-08T02:52:46Z</time>
        <extensions>
          <gpxtpx:TrackPointExtension>
            <gpxtpx:hr>113</gpxtpx:hr>
          </gpxtpx:TrackPointExtension>
        </extensions>
      </trkpt>
      <trkpt lat="22.408974102879483" lon="107.3488135720945">
        <ele>119.13745522126555</ele>
        <time>2023-07-08T02:52:47Z</time>
        <extensions>
          <gpxtpx:TrackPointExtension>
            <gpxtpx:hr>113</gpxtpx:hr>
          </gpxtpx:TrackPointExtension>
        </extensions>
      </trkpt>
      <trkpt lat="22.408969737589327" lon="107.34881204179258">
        <ele>119.04540565423667</ele>
        <time>2023-07-08T02:52:48Z</time>
        <extensions>
          <gpxtpx:TrackPointExtension>
            <gpxtpx:hr>113</gpxtpx:hr>
          </gpxtpx:TrackPointExtension>
        </extensions>
      </trkpt>
      <trkpt lat="22.40896524264089" lon="107.34881153906689">
        <ele>118.95510160829872</ele>
        <time>2023-07-08T02:52:49Z</time>
        <extensions>
          <gpxtpx:TrackPointExtension>
            <gpxtpx:hr>113</gpxtpx:hr>
          </gpxtpx:TrackPointExtension>
        </extensions>
      </trkpt>
      <trkpt lat="22.40896119174585" lon="107.3488120842098">
        <ele>118.85993325337768</ele>
        <time>2023-07-08T02:52:50Z</time>
        <extensions>
          <gpxtpx:TrackPointExtension>
            <gpxtpx:hr>113</gpxtpx:hr>
          </gpxtpx:TrackPointExtension>
        </extensions>
      </trkpt>
      <trkpt lat="22.408958233417163" lon="107.34881344543138">
        <ele>118.76338890381157</ele>
        <time>2023-07-08T02:52:51Z</time>
        <extensions>
          <gpxtpx:TrackPointExtension>
            <gpxtpx:hr>113</gpxtpx:hr>
          </gpxtpx:TrackPointExtension>
        </extensions>
      </trkpt>
      <trkpt lat="22.408957119727024" lon="107.3488153981086">
        <ele>118.65911690890789</ele>
        <time>2023-07-08T02:52:52Z</time>
        <extensions>
          <gpxtpx:TrackPointExtension>
            <gpxtpx:hr>112</gpxtpx:hr>
          </gpxtpx:TrackPointExtension>
        </extensions>
      </trkpt>
      <trkpt lat="22.408958443389064" lon="107.34881779524987">
        <ele>118.55485823005438</ele>
        <time>2023-07-08T02:52:53Z</time>
        <extensions>
          <gpxtpx:TrackPointExtension>
            <gpxtpx:hr>112</gpxtpx:hr>
          </gpxtpx:TrackPointExtension>
        </extensions>
      </trkpt>
      <trkpt lat="22.40896258965315" lon="107.34881962716577">
        <ele>118.44256275426596</ele>
        <time>2023-07-08T02:52:54Z</time>
        <extensions>
          <gpxtpx:TrackPointExtension>
            <gpxtpx:hr>112</gpxtpx:hr>
          </gpxtpx:TrackPointExtension>
        </extensions>
      </trkpt>
      <trkpt lat="22.40896864624331" lon="107.34882056798129">
        <ele>118.33130204305053</ele>
        <time>2023-07-08T02:52:55Z</time>
        <extensions>
          <gpxtpx:TrackPointExtension>
            <gpxtpx:hr>112</gpxtpx:hr>
          </gpxtpx:TrackPointExtension>
        </extensions>
      </trkpt>
      <trkpt lat="22.408974641102468" lon="107.3488217219923">
        <ele>118.21822082903236</ele>
        <time>2023-07-08T02:52:56Z</time>
        <extensions>
          <gpxtpx:TrackPointExtension>
            <gpxtpx:hr>115</gpxtpx:hr>
          </gpxtpx:TrackPointExtension>
        </extensions>
      </trkpt>
      <trkpt lat="22.4089792249848" lon="107.34882391878111">
        <ele>118.09439697582275</ele>
        <time>2023-07-08T02:52:57Z</time>
        <extensions>
          <gpxtpx:TrackPointExtension>
            <gpxtpx:hr>115</gpxtpx:hr>
          </gpxtpx:TrackPointExtension>
        </extensions>
      </trkpt>
      <trkpt lat="22.4089824152002" lon="107.34882720193598">
        <ele>117.9496350530535</ele>
        <time>2023-07-08T02:52:58Z</time>
        <extensions>
          <gpxtpx:TrackPointExtension>
            <gpxtpx:hr>115</gpxtpx:hr>
          </gpxtpx:TrackPointExtension>
        </extensions>
      </trkpt>
      <trkpt lat="22.408984627001225" lon="107.34883115550168">
        <ele>117.81196363084018</ele>
        <time>2023-07-08T02:52:59Z</time>
        <extensions>
          <gpxtpx:TrackPointExtension>
            <gpxtpx:hr>115</gpxtpx:hr>
          </gpxtpx:TrackPointExtension>
        </extensions>
      </trkpt>
      <trkpt lat="22.408985999306232" lon="107.34883526692164">
        <ele>117.65485330857337</ele>
        <time>2023-07-08T02:53:00Z</time>
        <extensions>
          <gpxtpx:TrackPointExtension>
            <gpxtpx:hr>115</gpxtpx:hr>
          </gpxtpx:TrackPointExtension>
        </extensions>
      </trkpt>
      <trkpt lat="22.408986788209596" lon="107.34883918617548">
        <ele>117.50218125991523</ele>
        <time>2023-07-08T02:53:01Z</time>
        <extensions>
          <gpxtpx:TrackPointExtension>
            <gpxtpx:hr>115</gpxtpx:hr>
          </gpxtpx:TrackPointExtension>
        </extensions>
      </trkpt>
      <trkpt lat="22.408987063791404" lon="107.34884256525851">
        <ele>117.34395224507898</ele>
        <time>2023-07-08T02:53:02Z</time>
        <extensions>
          <gpxtpx:TrackPointExtension>
            <gpxtpx:hr>115</gpxtpx:hr>
          </gpxtpx:TrackPointExtension>
        </extensions>
      </trkpt>
      <trkpt lat="22.40898688557887" lon="107.34884538038754">
        <ele>117.18967108801007</ele>
        <time>2023-07-08T02:53:03Z</time>
        <extensions>
          <gpxtpx:TrackPointExtension>
            <gpxtpx:hr>115</gpxtpx:hr>
          </gpxtpx:TrackPointExtension>
        </extensions>
      </trkpt>
      <trkpt lat="22.40898646177577" lon="107.34884778040657">
        <ele>117.01892751082778</ele>
        <time>2023-07-08T02:53:04Z</time>
        <extensions>
          <gpxtpx:TrackPointExtension>
            <gpxtpx:hr>115</gpxtpx:hr>
          </gpxtpx:TrackPointExtension>
        </extensions>
      </trkpt>
      <trkpt lat="22.408986003188218" lon="107.34884962310457">
        <ele>116.85898500401527</ele>
        <time>2023-07-08T02:53:05Z</time>
        <extensions>
          <gpxtpx:TrackPointExtension>
            <gpxtpx:hr>115</gpxtpx:hr>
          </gpxtpx:TrackPointExtension>
        </extensions>
      </trkpt>
      <trkpt lat="22.408985641916278" lon="107.34885079032419">
        <ele>116.68145491648465</ele>
        <time>2023-07-08T02:53:06Z</time>
        <extensions>
          <gpxtpx:TrackPointExtension>
            <gpxtpx:hr>115</gpxtpx:hr>
          </gpxtpx:TrackPointExtension>
        </extensions>
      </trkpt>
      <trkpt lat="22.40898555850595" lon="107.34885127418372">
        <ele>116.50302620325238</ele>
        <time>2023-07-08T02:53:07Z</time>
        <extensions>
          <gpxtpx:TrackPointExtension>
            <gpxtpx:hr>117</gpxtpx:hr>
          </gpxtpx:TrackPointExtension>
        </extensions>
      </trkpt>
      <trkpt lat="22.408986040956616" lon="107.34885113086807">
        <ele>116.34799950383604</ele>
        <time>2023-07-08T02:53:08Z</time>
        <extensions>
          <gpxtpx:TrackPointExtension>
            <gpxtpx:hr>117</gpxtpx:hr>
          </gpxtpx:TrackPointExtension>
        </extensions>
      </trkpt>
      <trkpt lat="22.40898736882954" lon="107.34885044005838">
        <ele>116.2087530689314</ele>
        <time>2023-07-08T02:53:09Z</time>
        <extensions>
          <gpxtpx:TrackPointExtension>
            <gpxtpx:hr>117</gpxtpx:hr>
          </gpxtpx:TrackPointExtension>
        </extensions>
      </trkpt>
      <trkpt lat="22.40898987803259" lon="107.34884917873171">
        <ele>116.09385737031698</ele>
        <time>2023-07-08T02:53:10Z</time>
        <extensions>
          <gpxtpx:TrackPointExtension>
            <gpxtpx:hr>117</gpxtpx:hr>
          </gpxtpx:TrackPointExtension>
        </extensions>
      </trkpt>
      <trkpt lat="22.408993527774093" lon="107.34884733025424">
        <ele>115.98719944059849</ele>
        <time>2023-07-08T02:53:11Z</time>
        <extensions>
          <gpxtpx:TrackPointExtension>
            <gpxtpx:hr>117</gpxtpx:hr>
          </gpxtpx:TrackPointExtension>
        </extensions>
      </trkpt>
      <trkpt lat="22.408997183377075" lon="107.34884583240833">
        <ele>115.88850866258144</ele>
        <time>2023-07-08T02:53:12Z</time>
        <extensions>
          <gpxtpx:TrackPointExtension>
            <gpxtpx:hr>117</gpxtpx:hr>
          </gpxtpx:TrackPointExtension>
        </extensions>
      </trkpt>
      <trkpt lat="22.40899927779827" lon="107.34884564845304">
        <ele>115.80464225355536</ele>
        <time>2023-07-08T02:53:13Z</time>
        <extensions>
          <gpxtpx:TrackPointExtension>
            <gpxtpx:hr>113</gpxtpx:hr>
          </gpxtpx:TrackPointExtension>
        </extensions>
      </trkpt>
      <trkpt lat="22.408999470851896" lon="107.34884646019478">
        <ele>115.73976805899292</ele>
        <time>2023-07-08T02:53:14Z</time>
        <extensions>
          <gpxtpx:TrackPointExtension>
            <gpxtpx:hr>113</gpxtpx:hr>
          </gpxtpx:TrackPointExtension>
        </extensions>
      </trkpt>
      <trkpt lat="22.408998343294112" lon="107.34884755823226">
        <ele>115.6922880327329</ele>
        <time>2023-07-08T02:53:15Z</time>
        <extensions>
          <gpxtpx:TrackPointExtension>
            <gpxtpx:hr>113</gpxtpx:hr>
          </gpxtpx:TrackPointExtension>
        </extensions>
      </trkpt>
      <trkpt lat="22.40899640443214" lon="107.3488483409975">
        <ele>115.65252822544426</ele>
        <time>2023-07-08T02:53:16Z</time>
        <extensions>
          <gpxtpx:TrackPointExtension>
            <gpxtpx:hr>113</gpxtpx:hr>
          </gpxtpx:TrackPointExtension>
        </extensions>
      </trkpt>
      <trkpt lat="22.408994153186217" lon="107.34884860847406">
        <ele>115.6255229478702</ele>
        <time>2023-07-08T02:53:17Z</time>
        <extensions>
          <gpxtpx:TrackPointExtension>
            <gpxtpx:hr>113</gpxtpx:hr>
          </gpxtpx:TrackPointExtension>
        </extensions>
      </trkpt>
      <trkpt lat="22.408992000747613" lon="107.3488484874791">
        <ele>115.60283898748457</ele>
        <time>2023-07-08T02:53:18Z</time>
        <extensions>
          <gpxtpx:TrackPointExtension>
            <gpxtpx:hr>113</gpxtpx:hr>
          </gpxtpx:TrackPointExtension>
        </extensions>
      </trkpt>
      <trkpt lat="22.408990155169533" lon="107.34884806643515">
        <ele>115.58870073128492</ele>
        <time>2023-07-08T02:53:19Z</time>
        <extensions>
          <gpxtpx:TrackPointExtension>
            <gpxtpx:hr>113</gpxtpx:hr>
          </gpxtpx:TrackPointExtension>
        </extensions>
      </trkpt>
      <trkpt lat="22.408988589252306" lon="107.34884744692843">
        <ele>115.57484809029847</ele>
        <time>2023-07-08T02:53:20Z</time>
        <extensions>
          <gpxtpx:TrackPointExtension>
            <gpxtpx:hr>113</gpxtpx:hr>
          </gpxtpx:TrackPointExtension>
        </extensions>
      </trkpt>
      <trkpt lat="22.408987226487984" lon="107.34884670405208">
        <ele>115.55789253860712</ele>
        <time>2023-07-08T02:53:21Z</time>
        <extensions>
          <gpxtpx:TrackPointExtension>
            <gpxtpx:hr>113</gpxtpx:hr>
          </gpxtpx:TrackPointExtension>
        </extensions>
      </trkpt>
      <trkpt lat="22.408985935434067" lon="107.34884577135708">
        <ele>115.54898635763675</ele>
        <time>2023-07-08T02:53:22Z</time>
        <extensions>
          <gpxtpx:TrackPointExtension>
            <gpxtpx:hr>116</gpxtpx:hr>
          </gpxtpx:TrackPointExtension>
        </extensions>
      </trkpt>
      <trkpt lat="22.408984612777857" lon="107.34884455568776">
        <ele>115.53287930134684</ele>
        <time>2023-07-08T02:53:23Z</time>
        <extensions>
          <gpxtpx:TrackPointExtension>
            <gpxtpx:hr>116</gpxtpx:hr>
          </gpxtpx:TrackPointExtension>
        </extensions>
      </trkpt>
      <trkpt lat="22.408983433598838" lon="107.34884336466689">
        <ele>115.51566197630018</ele>
        <time>2023-07-08T02:53:24Z</time>
        <extensions>
          <gpxtpx:TrackPointExtension>
            <gpxtpx:hr>116</gpxtpx:hr>
          </gpxtpx:TrackPointExtension>
        </extensions>
      </trkpt>
      <trkpt lat="22.408982669004068" lon="107.34884268717616">
        <ele>115.494853627868</ele>
        <time>2023-07-08T02:53:25Z</time>
        <extensions>
          <gpxtpx:TrackPointExtension>
            <gpxtpx:hr>116</gpxtpx:hr>
          </gpxtpx:TrackPointExtension>
        </extensions>
      </trkpt>
      <trkpt lat="22.408982338388668" lon="107.34884280411862">
        <ele>115.47182524111122</ele>
        <time>2023-07-08T02:53:26Z</time>
        <extensions>
          <gpxtpx:TrackPointExtension>
            <gpxtpx:hr>116</gpxtpx:hr>
          </gpxtpx:TrackPointExtension>
        </extensions>
      </trkpt>
      <trkpt lat="22.408982392566056" lon="107.34884382813684">
        <ele>115.44581239391118</ele>
        <time>2023-07-08T02:53:27Z</time>
        <extensions>
          <gpxtpx:TrackPointExtension>
            <gpxtpx:hr>116</gpxtpx:hr>
          </gpxtpx:TrackPointExtension>
        </extensions>
      </trkpt>
      <trkpt lat="22.40898286977001" lon="107.34884580837935">
        <ele>115.41698400955647</ele>
        <time>2023-07-08T02:53:28Z</time>
        <extensions>
          <gpxtpx:TrackPointExtension>
            <gpxtpx:hr>116</gpxtpx:hr>
          </gpxtpx:TrackPointExtension>
        </extensions>
      </trkpt>
      <trkpt lat="22.40898343984468" lon="107.34884822602136">
        <ele>115.39207251183689</ele>
        <time>2023-07-08T02:53:29Z</time>
        <extensions>
          <gpxtpx:TrackPointExtension>
            <gpxtpx:hr>116</gpxtpx:hr>
          </gpxtpx:TrackPointExtension>
        </extensions>
      </trkpt>
      <trkpt lat="22.408983745759112" lon="107.34885050465338">
        <ele>115.36664278525859</ele>
        <time>2023-07-08T02:53:30Z</time>
        <extensions>
          <gpxtpx:TrackPointExtension>
            <gpxtpx:hr>116</gpxtpx:hr>
          </gpxtpx:TrackPointExtension>
        </extensions>
      </trkpt>
      <trkpt lat="22.40898380951635" lon="107.34885256194987">
        <ele>115.34121259395033</ele>
        <time>2023-07-08T02:53:31Z</time>
        <extensions>
          <gpxtpx:TrackPointExtension>
            <gpxtpx:hr>116</gpxtpx:hr>
          </gpxtpx:TrackPointExtension>
        </extensions>
      </trkpt>
      <trkpt lat="22.40898375854442" lon="107.34885431080676">
        <ele>115.31656145025045</ele>
        <time>2023-07-08T02:53:32Z</time>
        <extensions>
          <gpxtpx:TrackPointExtension>
            <gpxtpx:hr>116</gpxtpx:hr>
          </gpxtpx:TrackPointExtension>
        </extensions>
      </trkpt>
      <trkpt lat="22.408983660256126" lon="107.34885566568113">
        <ele>115.29338666144758</ele>
        <time>2023-07-08T02:53:33Z</time>
        <extensions>
          <gpxtpx:TrackPointExtension>
            <gpxtpx:hr>116</gpxtpx:hr>
          </gpxtpx:TrackPointExtension>
        </extensions>
      </trkpt>
      <trkpt lat="22.408983503972188" lon="107.34885666690285">
        <ele>115.27383801527321</ele>
        <time>2023-07-08T02:53:34Z</time>
        <extensions>
          <gpxtpx:TrackPointExtension>
            <gpxtpx:hr>116</gpxtpx:hr>
          </gpxtpx:TrackPointExtension>
        </extensions>
      </trkpt>
      <trkpt lat="22.40898332046787" lon="107.34885744732374">
        <ele>115.25745503325015</ele>
        <time>2023-07-08T02:53:35Z</time>
        <extensions>
          <gpxtpx:TrackPointExtension>
            <gpxtpx:hr>116</gpxtpx:hr>
          </gpxtpx:TrackPointExtension>
        </extensions>
      </trkpt>
      <trkpt lat="22.40898308363039" lon="107.34885806371058">
        <ele>115.24416857771575</ele>
        <time>2023-07-08T02:53:36Z</time>
        <extensions>
          <gpxtpx:TrackPointExtension>
            <gpxtpx:hr>115</gpxtpx:hr>
          </gpxtpx:TrackPointExtension>
        </extensions>
      </trkpt>
      <trkpt lat="22.408982769872086" lon="107.3488585631058">
        <ele>115.23407701868564</ele>
        <time>2023-07-08T02:53:37Z</time>
        <extensions>
          <gpxtpx:TrackPointExtension>
            <gpxtpx:hr>115</gpxtpx:hr>
          </gpxtpx:TrackPointExtension>
        </extensions>
      </trkpt>
      <trkpt lat="22.4089823951008" lon="107.34885898314552">
        <ele>115.23758546449244</ele>
        <time>2023-07-08T02:53:38Z</time>
        <extensions>
          <gpxtpx:TrackPointExtension>
            <gpxtpx:hr>115</gpxtpx:hr>
          </gpxtpx:TrackPointExtension>
        </extensions>
      </trkpt>
      <trkpt lat="22.40898197651625" lon="107.34885937536296">
        <ele>115.24538272246718</ele>
        <time>2023-07-08T02:53:39Z</time>
        <extensions>
          <gpxtpx:TrackPointExtension>
            <gpxtpx:hr>115</gpxtpx:hr>
          </gpxtpx:TrackPointExtension>
        </extensions>
      </trkpt>
      <trkpt lat="22.40898155391561" lon="107.3488596980164">
        <ele>115.25849319435656</ele>
        <time>2023-07-08T02:53:40Z</time>
        <extensions>
          <gpxtpx:TrackPointExtension>
            <gpxtpx:hr>115</gpxtpx:hr>
          </gpxtpx:TrackPointExtension>
        </extensions>
      </trkpt>
      <trkpt lat="22.40898115121569" lon="107.34885991315802">
        <ele>115.27529467456043</ele>
        <time>2023-07-08T02:53:41Z</time>
        <extensions>
          <gpxtpx:TrackPointExtension>
            <gpxtpx:hr>113</gpxtpx:hr>
          </gpxtpx:TrackPointExtension>
        </extensions>
      </trkpt>
      <trkpt lat="22.408980777393758" lon="107.34886004214552">
        <ele>115.28225280623883</ele>
        <time>2023-07-08T02:53:42Z</time>
        <extensions>
          <gpxtpx:TrackPointExtension>
            <gpxtpx:hr>113</gpxtpx:hr>
          </gpxtpx:TrackPointExtension>
        </extensions>
      </trkpt>
      <trkpt lat="22.408980453793742" lon="107.34886010564281">
        <ele>115.28604895621538</ele>
        <time>2023-07-08T02:53:43Z</time>
        <extensions>
          <gpxtpx:TrackPointExtension>
            <gpxtpx:hr>113</gpxtpx:hr>
          </gpxtpx:TrackPointExtension>
        </extensions>
      </trkpt>
      <trkpt lat="22.408980224260798" lon="107.34886011840163">
        <ele>115.28418617416173</ele>
        <time>2023-07-08T02:53:44Z</time>
        <extensions>
          <gpxtpx:TrackPointExtension>
            <gpxtpx:hr>113</gpxtpx:hr>
          </gpxtpx:TrackPointExtension>
        </extensions>
      </trkpt>
      <trkpt lat="22.40898006345424" lon="107.3488600242939">
        <ele>115.29209576267749</ele>
        <time>2023-07-08T02:53:45Z</time>
        <extensions>
          <gpxtpx:TrackPointExtension>
            <gpxtpx:hr>113</gpxtpx:hr>
          </gpxtpx:TrackPointExtension>
        </extensions>
      </trkpt>
      <trkpt lat="22.408979944299578" lon="107.3488597470792">
        <ele>115.29702837951481</ele>
        <time>2023-07-08T02:53:46Z</time>
        <extensions>
          <gpxtpx:TrackPointExtension>
            <gpxtpx:hr>113</gpxtpx:hr>
          </gpxtpx:TrackPointExtension>
        </extensions>
      </trkpt>
      <trkpt lat="22.408979906219546" lon="107.34885932124082">
        <ele>115.29025123547763</ele>
        <time>2023-07-08T02:53:47Z</time>
        <extensions>
          <gpxtpx:TrackPointExtension>
            <gpxtpx:hr>113</gpxtpx:hr>
          </gpxtpx:TrackPointExtension>
        </extensions>
      </trkpt>
      <trkpt lat="22.408979941751312" lon="107.3488588017699">
        <ele>115.27060511242598</ele>
        <time>2023-07-08T02:53:48Z</time>
        <extensions>
          <gpxtpx:TrackPointExtension>
            <gpxtpx:hr>115</gpxtpx:hr>
          </gpxtpx:TrackPointExtension>
        </extensions>
      </trkpt>
      <trkpt lat="22.408980029167157" lon="107.34885827773591">
        <ele>115.23560169991106</ele>
        <time>2023-07-08T02:53:49Z</time>
        <extensions>
          <gpxtpx:TrackPointExtension>
            <gpxtpx:hr>115</gpxtpx:hr>
          </gpxtpx:TrackPointExtension>
        </extensions>
      </trkpt>
      <trkpt lat="22.408980148300596" lon="107.34885783035594">
        <ele>115.17219391651452</ele>
        <time>2023-07-08T02:53:50Z</time>
        <extensions>
          <gpxtpx:TrackPointExtension>
            <gpxtpx:hr>115</gpxtpx:hr>
          </gpxtpx:TrackPointExtension>
        </extensions>
      </trkpt>
      <trkpt lat="22.40898030443505" lon="107.34885745826705">
        <ele>115.1004001069814</ele>
        <time>2023-07-08T02:53:51Z</time>
        <extensions>
          <gpxtpx:TrackPointExtension>
            <gpxtpx:hr>115</gpxtpx:hr>
          </gpxtpx:TrackPointExtension>
        </extensions>
      </trkpt>
      <trkpt lat="22.40898050464648" lon="107.34885707041136">
        <ele>115.02006864268333</ele>
        <time>2023-07-08T02:53:52Z</time>
        <extensions>
          <gpxtpx:TrackPointExtension>
            <gpxtpx:hr>115</gpxtpx:hr>
          </gpxtpx:TrackPointExtension>
        </extensions>
      </trkpt>
      <trkpt lat="22.4089807585409" lon="107.34885648615918">
        <ele>114.93164732307196</ele>
        <time>2023-07-08T02:53:53Z</time>
        <extensions>
          <gpxtpx:TrackPointExtension>
            <gpxtpx:hr>115</gpxtpx:hr>
          </gpxtpx:TrackPointExtension>
        </extensions>
      </trkpt>
      <trkpt lat="22.408981087087785" lon="107.3488554835777">
        <ele>114.80708346050233</ele>
        <time>2023-07-08T02:53:54Z</time>
        <extensions>
          <gpxtpx:TrackPointExtension>
            <gpxtpx:hr>111</gpxtpx:hr>
          </gpxtpx:TrackPointExtension>
        </extensions>
      </trkpt>
      <trkpt lat="22.408981444023766" lon="107.3488538689946">
        <ele>114.6724457507953</ele>
        <time>2023-07-08T02:53:55Z</time>
        <extensions>
          <gpxtpx:TrackPointExtension>
            <gpxtpx:hr>111</gpxtpx:hr>
          </gpxtpx:TrackPointExtension>
        </extensions>
      </trkpt>
      <trkpt lat="22.408981821452954" lon="107.34885158105989">
        <ele>114.47979381214827</ele>
        <time>2023-07-08T02:53:56Z</time>
        <extensions>
          <gpxtpx:TrackPointExtension>
            <gpxtpx:hr>111</gpxtpx:hr>
          </gpxtpx:TrackPointExtension>
        </extensions>
      </trkpt>
      <trkpt lat="22.408982285604655" lon="107.34884875386552">
        <ele>114.27282686065882</ele>
        <time>2023-07-08T02:53:57Z</time>
        <extensions>
          <gpxtpx:TrackPointExtension>
            <gpxtpx:hr>112</gpxtpx:hr>
          </gpxtpx:TrackPointExtension>
        </extensions>
      </trkpt>
      <trkpt lat="22.408982804540578" lon="107.34884557901654">
        <ele>114.05412540398538</ele>
        <time>2023-07-08T02:53:58Z</time>
        <extensions>
          <gpxtpx:TrackPointExtension>
            <gpxtpx:hr>112</gpxtpx:hr>
          </gpxtpx:TrackPointExtension>
        </extensions>
      </trkpt>
      <trkpt lat="22.408983326481064" lon="107.34884231020136">
        <ele>113.82553835492581</ele>
        <time>2023-07-08T02:53:59Z</time>
        <extensions>
          <gpxtpx:TrackPointExtension>
            <gpxtpx:hr>112</gpxtpx:hr>
          </gpxtpx:TrackPointExtension>
        </extensions>
      </trkpt>
      <trkpt lat="22.408983914583807" lon="107.34883933867094">
        <ele>113.61360207293183</ele>
        <time>2023-07-08T02:54:00Z</time>
        <extensions>
          <gpxtpx:TrackPointExtension>
            <gpxtpx:hr>112</gpxtpx:hr>
          </gpxtpx:TrackPointExtension>
        </extensions>
      </trkpt>
      <trkpt lat="22.408984540075974" lon="107.34883690414183">
        <ele>113.39237218629569</ele>
        <time>2023-07-08T02:54:01Z</time>
        <extensions>
          <gpxtpx:TrackPointExtension>
            <gpxtpx:hr>112</gpxtpx:hr>
          </gpxtpx:TrackPointExtension>
        </extensions>
      </trkpt>
      <trkpt lat="22.40898526222554" lon="107.34883506109846">
        <ele>113.16357318963856</ele>
        <time>2023-07-08T02:54:02Z</time>
        <extensions>
          <gpxtpx:TrackPointExtension>
            <gpxtpx:hr>113</gpxtpx:hr>
          </gpxtpx:TrackPointExtension>
        </extensions>
      </trkpt>
      <trkpt lat="22.408986240344184" lon="107.34883377287484">
        <ele>112.92888588551432</ele>
        <time>2023-07-08T02:54:03Z</time>
        <extensions>
          <gpxtpx:TrackPointExtension>
            <gpxtpx:hr>113</gpxtpx:hr>
          </gpxtpx:TrackPointExtension>
        </extensions>
      </trkpt>
      <trkpt lat="22.408987533334788" lon="107.3488329497431">
        <ele>112.69016063492745</ele>
        <time>2023-07-08T02:54:04Z</time>
        <extensions>
          <gpxtpx:TrackPointExtension>
            <gpxtpx:hr>113</gpxtpx:hr>
          </gpxtpx:TrackPointExtension>
        </extensions>
      </trkpt>
      <trkpt lat="22.408989128557398" lon="107.34883255231867">
        <ele>112.44942024815828</ele>
        <time>2023-07-08T02:54:05Z</time>
        <extensions>
          <gpxtpx:TrackPointExtension>
            <gpxtpx:hr>113</gpxtpx:hr>
          </gpxtpx:TrackPointExtension>
        </extensions>
      </trkpt>
      <trkpt lat="22.408991105910374" lon="107.34883259827123">
        <ele>112.20865084603429</ele>
        <time>2023-07-08T02:54:06Z</time>
        <extensions>
          <gpxtpx:TrackPointExtension>
            <gpxtpx:hr>113</gpxtpx:hr>
          </gpxtpx:TrackPointExtension>
        </extensions>
      </trkpt>
      <trkpt lat="22.408993065335803" lon="107.3488328192273">
        <ele>111.96945395041257</ele>
        <time>2023-07-08T02:54:07Z</time>
        <extensions>
          <gpxtpx:TrackPointExtension>
            <gpxtpx:hr>112</gpxtpx:hr>
          </gpxtpx:TrackPointExtension>
        </extensions>
      </trkpt>
      <trkpt lat="22.4089943524075" lon="107.34883289687686">
        <ele>111.7325385203585</ele>
        <time>2023-07-08T02:54:08Z</time>
        <extensions>
          <gpxtpx:TrackPointExtension>
            <gpxtpx:hr>112</gpxtpx:hr>
          </gpxtpx:TrackPointExtension>
        </extensions>
      </trkpt>
      <trkpt lat="22.408995057629202" lon="107.34883286735545">
        <ele>111.49756871070713</ele>
        <time>2023-07-08T02:54:09Z</time>
        <extensions>
          <gpxtpx:TrackPointExtension>
            <gpxtpx:hr>112</gpxtpx:hr>
          </gpxtpx:TrackPointExtension>
        </extensions>
      </trkpt>
    </trkseg>
  </trk>
</gpx>