<?xml version="1.0" encoding="UTF-8"?>
<gpx xmlns="http://www.topografix.com/GPX/1/1" xmlns:gpxtpx="http://www.garmin.com/xmlschemas/TrackPointExtension/v1" xmlns:xsi="http://www.w3.org/2001/XMLSchema-instance" xsi:schemaLocation="http://www.topografix.com/GPX/1/1 http://www.topografix.com/GPX/1/1/gpx.xsd" version="1.1" creator="gpx.py -- https://github.com/tkrajina/gpxpy">
  <trk>
    <name>gpx from keep</name>
    <type>Walk</type>
    <trkseg>
      <trkpt lat="22.39121204504867" lon="107.36726067066071">
        <ele>133.40980872511864</ele>
        <time>2025-12-29T14:13:45Z</time>
        <extensions>
          <gpxtpx:TrackPointExtension>
            <gpxtpx:hr>152</gpxtpx:hr>
          </gpxtpx:TrackPointExtension>
        </extensions>
      </trkpt>
      <trkpt lat="22.391211469221858" lon="107.36726483547017">
        <ele>132.94749630335718</ele>
        <time>2025-12-29T14:13:45Z</time>
        <extensions>
          <gpxtpx:TrackPointExtension>
            <gpxtpx:hr>152</gpxtpx:hr>
          </gpxtpx:TrackPointExtension>
        </extensions>
      </trkpt>
      <trkpt lat="22.391211733075902" lon="107.36726539972607">
        <ele>132.54768798686564</ele>
        <time>2025-12-29T14:13:46Z</time>
        <extensions>
          <gpxtpx:TrackPointExtension>
            <gpxtpx:hr>152</gpxtpx:hr>
          </gpxtpx:TrackPointExtension>
        </extensions>
      </trkpt>
      <trkpt lat="22.391212009473026" lon="107.36726585028012">
        <ele>132.21848907787353</ele>
        <time>2025-12-29T14:13:47Z</time>
        <extensions>
          <gpxtpx:TrackPointExtension>
            <gpxtpx:hr>151</gpxtpx:hr>
          </gpxtpx:TrackPointExtension>
        </extensions>
      </trkpt>
      <trkpt lat="22.391212301859678" lon="107.36726660761494">
        <ele>131.9599639289081</ele>
        <time>2025-12-29T14:13:48Z</time>
        <extensions>
          <gpxtpx:TrackPointExtension>
            <gpxtpx:hr>151</gpxtpx:hr>
          </gpxtpx:TrackPointExtension>
        </extensions>
      </trkpt>
      <trkpt lat="22.391213021007864" lon="107.36727040907303">
        <ele>131.7670815261081</ele>
        <time>2025-12-29T14:13:49Z</time>
        <extensions>
          <gpxtpx:TrackPointExtension>
            <gpxtpx:hr>151</gpxtpx:hr>
          </gpxtpx:TrackPointExtension>
        </extensions>
      </trkpt>
      <trkpt lat="22.391214272300008" lon="107.36727670534452">
        <ele>131.63048699870706</ele>
        <time>2025-12-29T14:13:50Z</time>
        <extensions>
          <gpxtpx:TrackPointExtension>
            <gpxtpx:hr>151</gpxtpx:hr>
          </gpxtpx:TrackPointExtension>
        </extensions>
      </trkpt>
      <trkpt lat="22.391215537439006" lon="107.36728274130104">
        <ele>131.53888743184507</ele>
        <time>2025-12-29T14:13:51Z</time>
        <extensions>
          <gpxtpx:TrackPointExtension>
            <gpxtpx:hr>151</gpxtpx:hr>
          </gpxtpx:TrackPointExtension>
        </extensions>
      </trkpt>
      <trkpt lat="22.391215999687006" lon="107.36728878766283">
        <ele>131.48074679914862</ele>
        <time>2025-12-29T14:13:52Z</time>
        <extensions>
          <gpxtpx:TrackPointExtension>
            <gpxtpx:hr>148</gpxtpx:hr>
          </gpxtpx:TrackPointExtension>
        </extensions>
      </trkpt>
      <trkpt lat="22.39121624972269" lon="107.36729478758213">
        <ele>131.44545871764421</ele>
        <time>2025-12-29T14:13:53Z</time>
        <extensions>
          <gpxtpx:TrackPointExtension>
            <gpxtpx:hr>148</gpxtpx:hr>
          </gpxtpx:TrackPointExtension>
        </extensions>
      </trkpt>
      <trkpt lat="22.391216572975832" lon="107.36730066525993">
        <ele>131.42379508074373</ele>
        <time>2025-12-29T14:13:54Z</time>
        <extensions>
          <gpxtpx:TrackPointExtension>
            <gpxtpx:hr>148</gpxtpx:hr>
          </gpxtpx:TrackPointExtension>
        </extensions>
      </trkpt>
      <trkpt lat="22.391216785805206" lon="107.36730636198007">
        <ele>131.40844306908548</ele>
        <time>2025-12-29T14:13:55Z</time>
        <extensions>
          <gpxtpx:TrackPointExtension>
            <gpxtpx:hr>148</gpxtpx:hr>
          </gpxtpx:TrackPointExtension>
        </extensions>
      </trkpt>
      <trkpt lat="22.391217124276377" lon="107.3673119527621">
        <ele>131.39386021811515</ele>
        <time>2025-12-29T14:13:56Z</time>
        <extensions>
          <gpxtpx:TrackPointExtension>
            <gpxtpx:hr>148</gpxtpx:hr>
          </gpxtpx:TrackPointExtension>
        </extensions>
      </trkpt>
      <trkpt lat="22.391217691335495" lon="107.36731738674106">
        <ele>131.37634496577084</ele>
        <time>2025-12-29T14:13:57Z</time>
        <extensions>
          <gpxtpx:TrackPointExtension>
            <gpxtpx:hr>142</gpxtpx:hr>
          </gpxtpx:TrackPointExtension>
        </extensions>
      </trkpt>
      <trkpt lat="22.39121825165779" lon="107.36732284739065">
        <ele>131.35397698823363</ele>
        <time>2025-12-29T14:13:58Z</time>
        <extensions>
          <gpxtpx:TrackPointExtension>
            <gpxtpx:hr>142</gpxtpx:hr>
          </gpxtpx:TrackPointExtension>
        </extensions>
      </trkpt>
      <trkpt lat="22.391219329656337" lon="107.36732824712566">
        <ele>131.32630797754973</ele>
        <time>2025-12-29T14:13:59Z</time>
        <extensions>
          <gpxtpx:TrackPointExtension>
            <gpxtpx:hr>142</gpxtpx:hr>
          </gpxtpx:TrackPointExtension>
        </extensions>
      </trkpt>
      <trkpt lat="22.39122015391417" lon="107.36733339170243">
        <ele>131.29415546823293</ele>
        <time>2025-12-29T14:14:00Z</time>
        <extensions>
          <gpxtpx:TrackPointExtension>
            <gpxtpx:hr>142</gpxtpx:hr>
          </gpxtpx:TrackPointExtension>
        </extensions>
      </trkpt>
      <trkpt lat="22.391220349283778" lon="107.3673373792725">
        <ele>131.25914631411433</ele>
        <time>2025-12-29T14:14:01Z</time>
        <extensions>
          <gpxtpx:TrackPointExtension>
            <gpxtpx:hr>142</gpxtpx:hr>
          </gpxtpx:TrackPointExtension>
        </extensions>
      </trkpt>
      <trkpt lat="22.39122063664292" lon="107.36733983222787">
        <ele>131.2231215024367</ele>
        <time>2025-12-29T14:14:02Z</time>
        <extensions>
          <gpxtpx:TrackPointExtension>
            <gpxtpx:hr>139</gpxtpx:hr>
          </gpxtpx:TrackPointExtension>
        </extensions>
      </trkpt>
      <trkpt lat="22.391220855134538" lon="107.3673417339384">
        <ele>131.1875073099509</ele>
        <time>2025-12-29T14:14:03Z</time>
        <extensions>
          <gpxtpx:TrackPointExtension>
            <gpxtpx:hr>139</gpxtpx:hr>
          </gpxtpx:TrackPointExtension>
        </extensions>
      </trkpt>
      <trkpt lat="22.39122100341778" lon="107.3673431124533">
        <ele>131.15345049835742</ele>
        <time>2025-12-29T14:14:04Z</time>
        <extensions>
          <gpxtpx:TrackPointExtension>
            <gpxtpx:hr>139</gpxtpx:hr>
          </gpxtpx:TrackPointExtension>
        </extensions>
      </trkpt>
      <trkpt lat="22.39122111173909" lon="107.3673439294466">
        <ele>131.12143443804234</ele>
        <time>2025-12-29T14:14:05Z</time>
        <extensions>
          <gpxtpx:TrackPointExtension>
            <gpxtpx:hr>139</gpxtpx:hr>
          </gpxtpx:TrackPointExtension>
        </extensions>
      </trkpt>
      <trkpt lat="22.39122116304686" lon="107.36734461033954">
        <ele>131.09130786173046</ele>
        <time>2025-12-29T14:14:06Z</time>
        <extensions>
          <gpxtpx:TrackPointExtension>
            <gpxtpx:hr>137</gpxtpx:hr>
          </gpxtpx:TrackPointExtension>
        </extensions>
      </trkpt>
      <trkpt lat="22.391221463265307" lon="107.36734658466104">
        <ele>131.0623385431245</ele>
        <time>2025-12-29T14:14:07Z</time>
        <extensions>
          <gpxtpx:TrackPointExtension>
            <gpxtpx:hr>137</gpxtpx:hr>
          </gpxtpx:TrackPointExtension>
        </extensions>
      </trkpt>
      <trkpt lat="22.391221902374618" lon="107.36734851557401">
        <ele>131.03356624022126</ele>
        <time>2025-12-29T14:14:08Z</time>
        <extensions>
          <gpxtpx:TrackPointExtension>
            <gpxtpx:hr>137</gpxtpx:hr>
          </gpxtpx:TrackPointExtension>
        </extensions>
      </trkpt>
      <trkpt lat="22.391222206138814" lon="107.367349606251">
        <ele>131.0036501409486</ele>
        <time>2025-12-29T14:14:09Z</time>
        <extensions>
          <gpxtpx:TrackPointExtension>
            <gpxtpx:hr>137</gpxtpx:hr>
          </gpxtpx:TrackPointExtension>
        </extensions>
      </trkpt>
      <trkpt lat="22.391222365514285" lon="107.367350774357">
        <ele>130.97135669738054</ele>
        <time>2025-12-29T14:14:10Z</time>
        <extensions>
          <gpxtpx:TrackPointExtension>
            <gpxtpx:hr>137</gpxtpx:hr>
          </gpxtpx:TrackPointExtension>
        </extensions>
      </trkpt>
      <trkpt lat="22.3912233290677" lon="107.36735578412731">
        <ele>130.9358009295538</ele>
        <time>2025-12-29T14:14:11Z</time>
        <extensions>
          <gpxtpx:TrackPointExtension>
            <gpxtpx:hr>136</gpxtpx:hr>
          </gpxtpx:TrackPointExtension>
        </extensions>
      </trkpt>
      <trkpt lat="22.39122472380369" lon="107.36736486665589">
        <ele>130.89668255485594</ele>
        <time>2025-12-29T14:14:12Z</time>
        <extensions>
          <gpxtpx:TrackPointExtension>
            <gpxtpx:hr>136</gpxtpx:hr>
          </gpxtpx:TrackPointExtension>
        </extensions>
      </trkpt>
      <trkpt lat="22.391226613744724" lon="107.3673742332924">
        <ele>130.85439511481673</ele>
        <time>2025-12-29T14:14:13Z</time>
        <extensions>
          <gpxtpx:TrackPointExtension>
            <gpxtpx:hr>136</gpxtpx:hr>
          </gpxtpx:TrackPointExtension>
        </extensions>
      </trkpt>
      <trkpt lat="22.391229770961594" lon="107.36738311155833">
        <ele>130.8099535573274</ele>
        <time>2025-12-29T14:14:14Z</time>
        <extensions>
          <gpxtpx:TrackPointExtension>
            <gpxtpx:hr>136</gpxtpx:hr>
          </gpxtpx:TrackPointExtension>
        </extensions>
      </trkpt>
      <trkpt lat="22.391233055238892" lon="107.3673910741259">
        <ele>130.76487922482193</ele>
        <time>2025-12-29T14:14:15Z</time>
        <extensions>
          <gpxtpx:TrackPointExtension>
            <gpxtpx:hr>136</gpxtpx:hr>
          </gpxtpx:TrackPointExtension>
        </extensions>
      </trkpt>
      <trkpt lat="22.391235965608868" lon="107.36739859280905">
        <ele>130.72091636061668</ele>
        <time>2025-12-29T14:14:16Z</time>
        <extensions>
          <gpxtpx:TrackPointExtension>
            <gpxtpx:hr>139</gpxtpx:hr>
          </gpxtpx:TrackPointExtension>
        </extensions>
      </trkpt>
      <trkpt lat="22.391239668390384" lon="107.36740868472705">
        <ele>130.6795803187415</ele>
        <time>2025-12-29T14:14:17Z</time>
        <extensions>
          <gpxtpx:TrackPointExtension>
            <gpxtpx:hr>139</gpxtpx:hr>
          </gpxtpx:TrackPointExtension>
        </extensions>
      </trkpt>
      <trkpt lat="22.391244335729688" lon="107.36742159602682">
        <ele>130.64199487585574</ele>
        <time>2025-12-29T14:14:18Z</time>
        <extensions>
          <gpxtpx:TrackPointExtension>
            <gpxtpx:hr>139</gpxtpx:hr>
          </gpxtpx:TrackPointExtension>
        </extensions>
      </trkpt>
      <trkpt lat="22.39124852330542" lon="107.36743445223853">
        <ele>130.60876050032675</ele>
        <time>2025-12-29T14:14:19Z</time>
        <extensions>
          <gpxtpx:TrackPointExtension>
            <gpxtpx:hr>139</gpxtpx:hr>
          </gpxtpx:TrackPointExtension>
        </extensions>
      </trkpt>
      <trkpt lat="22.39125161044915" lon="107.36744615022131">
        <ele>130.57997814472765</ele>
        <time>2025-12-29T14:14:20Z</time>
        <extensions>
          <gpxtpx:TrackPointExtension>
            <gpxtpx:hr>139</gpxtpx:hr>
          </gpxtpx:TrackPointExtension>
        </extensions>
      </trkpt>
      <trkpt lat="22.391253985486806" lon="107.36745693040513">
        <ele>130.55539393238723</ele>
        <time>2025-12-29T14:14:21Z</time>
        <extensions>
          <gpxtpx:TrackPointExtension>
            <gpxtpx:hr>136</gpxtpx:hr>
          </gpxtpx:TrackPointExtension>
        </extensions>
      </trkpt>
      <trkpt lat="22.39125611901127" lon="107.36746747207467">
        <ele>130.53461918700486</ele>
        <time>2025-12-29T14:14:22Z</time>
        <extensions>
          <gpxtpx:TrackPointExtension>
            <gpxtpx:hr>136</gpxtpx:hr>
          </gpxtpx:TrackPointExtension>
        </extensions>
      </trkpt>
      <trkpt lat="22.39125812790648" lon="107.36747803089456">
        <ele>130.51695755682886</ele>
        <time>2025-12-29T14:14:23Z</time>
        <extensions>
          <gpxtpx:TrackPointExtension>
            <gpxtpx:hr>136</gpxtpx:hr>
          </gpxtpx:TrackPointExtension>
        </extensions>
      </trkpt>
      <trkpt lat="22.3912599203786" lon="107.36748859199785">
        <ele>130.50240494310856</ele>
        <time>2025-12-29T14:14:24Z</time>
        <extensions>
          <gpxtpx:TrackPointExtension>
            <gpxtpx:hr>136</gpxtpx:hr>
          </gpxtpx:TrackPointExtension>
        </extensions>
      </trkpt>
      <trkpt lat="22.391261598483315" lon="107.36749903150668">
        <ele>130.49109395593405</ele>
        <time>2025-12-29T14:14:25Z</time>
        <extensions>
          <gpxtpx:TrackPointExtension>
            <gpxtpx:hr>136</gpxtpx:hr>
          </gpxtpx:TrackPointExtension>
        </extensions>
      </trkpt>
      <trkpt lat="22.391263371193936" lon="107.36750950718195">
        <ele>130.48325008526444</ele>
        <time>2025-12-29T14:14:26Z</time>
        <extensions>
          <gpxtpx:TrackPointExtension>
            <gpxtpx:hr>133</gpxtpx:hr>
          </gpxtpx:TrackPointExtension>
        </extensions>
      </trkpt>
      <trkpt lat="22.391265475222" lon="107.3675197788037">
        <ele>130.47926119156182</ele>
        <time>2025-12-29T14:14:27Z</time>
        <extensions>
          <gpxtpx:TrackPointExtension>
            <gpxtpx:hr>133</gpxtpx:hr>
          </gpxtpx:TrackPointExtension>
        </extensions>
      </trkpt>
      <trkpt lat="22.391267886576887" lon="107.36752956672323">
        <ele>130.47958918195218</ele>
        <time>2025-12-29T14:14:28Z</time>
        <extensions>
          <gpxtpx:TrackPointExtension>
            <gpxtpx:hr>133</gpxtpx:hr>
          </gpxtpx:TrackPointExtension>
        </extensions>
      </trkpt>
      <trkpt lat="22.39127042262481" lon="107.36753885605941">
        <ele>130.48519771452993</ele>
        <time>2025-12-29T14:14:29Z</time>
        <extensions>
          <gpxtpx:TrackPointExtension>
            <gpxtpx:hr>133</gpxtpx:hr>
          </gpxtpx:TrackPointExtension>
        </extensions>
      </trkpt>
      <trkpt lat="22.391272894771852" lon="107.3675481954729">
        <ele>130.49697453528643</ele>
        <time>2025-12-29T14:14:30Z</time>
        <extensions>
          <gpxtpx:TrackPointExtension>
            <gpxtpx:hr>133</gpxtpx:hr>
          </gpxtpx:TrackPointExtension>
        </extensions>
      </trkpt>
      <trkpt lat="22.391274733468048" lon="107.36755734019626">
        <ele>130.5149507643655</ele>
        <time>2025-12-29T14:14:31Z</time>
        <extensions>
          <gpxtpx:TrackPointExtension>
            <gpxtpx:hr>133</gpxtpx:hr>
          </gpxtpx:TrackPointExtension>
        </extensions>
      </trkpt>
      <trkpt lat="22.39127523779119" lon="107.36756437421384">
        <ele>130.53882434405386</ele>
        <time>2025-12-29T14:14:32Z</time>
        <extensions>
          <gpxtpx:TrackPointExtension>
            <gpxtpx:hr>133</gpxtpx:hr>
          </gpxtpx:TrackPointExtension>
        </extensions>
      </trkpt>
      <trkpt lat="22.391274595527296" lon="107.36756978956518">
        <ele>130.56745173130184</ele>
        <time>2025-12-29T14:14:33Z</time>
        <extensions>
          <gpxtpx:TrackPointExtension>
            <gpxtpx:hr>132</gpxtpx:hr>
          </gpxtpx:TrackPointExtension>
        </extensions>
      </trkpt>
      <trkpt lat="22.391274207562336" lon="107.36757367649528">
        <ele>130.5984892193228</ele>
        <time>2025-12-29T14:14:34Z</time>
        <extensions>
          <gpxtpx:TrackPointExtension>
            <gpxtpx:hr>132</gpxtpx:hr>
          </gpxtpx:TrackPointExtension>
        </extensions>
      </trkpt>
      <trkpt lat="22.391274692956664" lon="107.3675756986265">
        <ele>130.6282169567421</ele>
        <time>2025-12-29T14:14:35Z</time>
        <extensions>
          <gpxtpx:TrackPointExtension>
            <gpxtpx:hr>132</gpxtpx:hr>
          </gpxtpx:TrackPointExtension>
        </extensions>
      </trkpt>
      <trkpt lat="22.391275444151134" lon="107.36757812461946">
        <ele>130.6531725693494</ele>
        <time>2025-12-29T14:14:36Z</time>
        <extensions>
          <gpxtpx:TrackPointExtension>
            <gpxtpx:hr>132</gpxtpx:hr>
          </gpxtpx:TrackPointExtension>
        </extensions>
      </trkpt>
      <trkpt lat="22.391276700145614" lon="107.3675802413341">
        <ele>130.6699579320848</ele>
        <time>2025-12-29T14:14:37Z</time>
        <extensions>
          <gpxtpx:TrackPointExtension>
            <gpxtpx:hr>132</gpxtpx:hr>
          </gpxtpx:TrackPointExtension>
        </extensions>
      </trkpt>
      <trkpt lat="22.39127844269442" lon="107.36758057629744">
        <ele>130.67576059047133</ele>
        <time>2025-12-29T14:14:38Z</time>
        <extensions>
          <gpxtpx:TrackPointExtension>
            <gpxtpx:hr>132</gpxtpx:hr>
          </gpxtpx:TrackPointExtension>
        </extensions>
      </trkpt>
      <trkpt lat="22.39128002861094" lon="107.36758013696176">
        <ele>130.66888435184956</ele>
        <time>2025-12-29T14:14:39Z</time>
        <extensions>
          <gpxtpx:TrackPointExtension>
            <gpxtpx:hr>132</gpxtpx:hr>
          </gpxtpx:TrackPointExtension>
        </extensions>
      </trkpt>
      <trkpt lat="22.391281298562134" lon="107.36757998580619">
        <ele>130.6497892467305</ele>
        <time>2025-12-29T14:14:40Z</time>
        <extensions>
          <gpxtpx:TrackPointExtension>
            <gpxtpx:hr>132</gpxtpx:hr>
          </gpxtpx:TrackPointExtension>
        </extensions>
      </trkpt>
      <trkpt lat="22.39128228053469" lon="107.36758109963814">
        <ele>130.62112493813038</ele>
        <time>2025-12-29T14:14:41Z</time>
        <extensions>
          <gpxtpx:TrackPointExtension>
            <gpxtpx:hr>133</gpxtpx:hr>
          </gpxtpx:TrackPointExtension>
        </extensions>
      </trkpt>
      <trkpt lat="22.39128294012935" lon="107.36758412993645">
        <ele>130.58688502013683</ele>
        <time>2025-12-29T14:14:42Z</time>
        <extensions>
          <gpxtpx:TrackPointExtension>
            <gpxtpx:hr>133</gpxtpx:hr>
          </gpxtpx:TrackPointExtension>
        </extensions>
      </trkpt>
      <trkpt lat="22.391282986738418" lon="107.36758904714812">
        <ele>130.55138259008527</ele>
        <time>2025-12-29T14:14:43Z</time>
        <extensions>
          <gpxtpx:TrackPointExtension>
            <gpxtpx:hr>133</gpxtpx:hr>
          </gpxtpx:TrackPointExtension>
        </extensions>
      </trkpt>
      <trkpt lat="22.391282588136747" lon="107.36759571419167">
        <ele>130.51885158848017</ele>
        <time>2025-12-29T14:14:44Z</time>
        <extensions>
          <gpxtpx:TrackPointExtension>
            <gpxtpx:hr>133</gpxtpx:hr>
          </gpxtpx:TrackPointExtension>
        </extensions>
      </trkpt>
      <trkpt lat="22.39128251371662" lon="107.36760361396955">
        <ele>130.49253358505666</ele>
        <time>2025-12-29T14:14:45Z</time>
        <extensions>
          <gpxtpx:TrackPointExtension>
            <gpxtpx:hr>133</gpxtpx:hr>
          </gpxtpx:TrackPointExtension>
        </extensions>
      </trkpt>
      <trkpt lat="22.391282839472634" lon="107.36761190807653">
        <ele>130.47403524350375</ele>
        <time>2025-12-29T14:14:46Z</time>
        <extensions>
          <gpxtpx:TrackPointExtension>
            <gpxtpx:hr>133</gpxtpx:hr>
          </gpxtpx:TrackPointExtension>
        </extensions>
      </trkpt>
      <trkpt lat="22.391282435521603" lon="107.36761927074961">
        <ele>130.46398992277682</ele>
        <time>2025-12-29T14:14:47Z</time>
        <extensions>
          <gpxtpx:TrackPointExtension>
            <gpxtpx:hr>133</gpxtpx:hr>
          </gpxtpx:TrackPointExtension>
        </extensions>
      </trkpt>
      <trkpt lat="22.39128057971425" lon="107.36762396270781">
        <ele>130.46176327113062</ele>
        <time>2025-12-29T14:14:48Z</time>
        <extensions>
          <gpxtpx:TrackPointExtension>
            <gpxtpx:hr>133</gpxtpx:hr>
          </gpxtpx:TrackPointExtension>
        </extensions>
      </trkpt>
      <trkpt lat="22.39127728548425" lon="107.3676276665661">
        <ele>130.46575632039458</ele>
        <time>2025-12-29T14:14:49Z</time>
        <extensions>
          <gpxtpx:TrackPointExtension>
            <gpxtpx:hr>133</gpxtpx:hr>
          </gpxtpx:TrackPointExtension>
        </extensions>
      </trkpt>
      <trkpt lat="22.391273610337574" lon="107.3676340121236">
        <ele>130.47355736233294</ele>
        <time>2025-12-29T14:14:50Z</time>
        <extensions>
          <gpxtpx:TrackPointExtension>
            <gpxtpx:hr>133</gpxtpx:hr>
          </gpxtpx:TrackPointExtension>
        </extensions>
      </trkpt>
      <trkpt lat="22.39127135487281" lon="107.36764194750117">
        <ele>130.48254860378802</ele>
        <time>2025-12-29T14:14:51Z</time>
        <extensions>
          <gpxtpx:TrackPointExtension>
            <gpxtpx:hr>135</gpxtpx:hr>
          </gpxtpx:TrackPointExtension>
        </extensions>
      </trkpt>
      <trkpt lat="22.391272015579727" lon="107.36764721517255">
        <ele>130.48992553167045</ele>
        <time>2025-12-29T14:14:52Z</time>
        <extensions>
          <gpxtpx:TrackPointExtension>
            <gpxtpx:hr>135</gpxtpx:hr>
          </gpxtpx:TrackPointExtension>
        </extensions>
      </trkpt>
      <trkpt lat="22.39127606154183" lon="107.36765083137783">
        <ele>130.49326763674617</ele>
        <time>2025-12-29T14:14:53Z</time>
        <extensions>
          <gpxtpx:TrackPointExtension>
            <gpxtpx:hr>135</gpxtpx:hr>
          </gpxtpx:TrackPointExtension>
        </extensions>
      </trkpt>
      <trkpt lat="22.391282235912488" lon="107.36765599810991">
        <ele>130.490871720016</ele>
        <time>2025-12-29T14:14:54Z</time>
        <extensions>
          <gpxtpx:TrackPointExtension>
            <gpxtpx:hr>135</gpxtpx:hr>
          </gpxtpx:TrackPointExtension>
        </extensions>
      </trkpt>
      <trkpt lat="22.391289255782933" lon="107.36766240276816">
        <ele>130.48206089995801</ele>
        <time>2025-12-29T14:14:55Z</time>
        <extensions>
          <gpxtpx:TrackPointExtension>
            <gpxtpx:hr>135</gpxtpx:hr>
          </gpxtpx:TrackPointExtension>
        </extensions>
      </trkpt>
      <trkpt lat="22.39129636449983" lon="107.3676689146126">
        <ele>130.4673396134749</ele>
        <time>2025-12-29T14:14:56Z</time>
        <extensions>
          <gpxtpx:TrackPointExtension>
            <gpxtpx:hr>135</gpxtpx:hr>
          </gpxtpx:TrackPointExtension>
        </extensions>
      </trkpt>
      <trkpt lat="22.391302918691075" lon="107.36767478191346">
        <ele>130.44826750736684</ele>
        <time>2025-12-29T14:14:57Z</time>
        <extensions>
          <gpxtpx:TrackPointExtension>
            <gpxtpx:hr>136</gpxtpx:hr>
          </gpxtpx:TrackPointExtension>
        </extensions>
      </trkpt>
      <trkpt lat="22.391308041755984" lon="107.36767974268265">
        <ele>130.42708118073642</ele>
        <time>2025-12-29T14:14:58Z</time>
        <extensions>
          <gpxtpx:TrackPointExtension>
            <gpxtpx:hr>136</gpxtpx:hr>
          </gpxtpx:TrackPointExtension>
        </extensions>
      </trkpt>
      <trkpt lat="22.391311488339642" lon="107.36768454337111">
        <ele>130.40614392142743</ele>
        <time>2025-12-29T14:14:59Z</time>
        <extensions>
          <gpxtpx:TrackPointExtension>
            <gpxtpx:hr>136</gpxtpx:hr>
          </gpxtpx:TrackPointExtension>
        </extensions>
      </trkpt>
      <trkpt lat="22.391314232621223" lon="107.36769110178477">
        <ele>130.38731802627444</ele>
        <time>2025-12-29T14:15:00Z</time>
        <extensions>
          <gpxtpx:TrackPointExtension>
            <gpxtpx:hr>136</gpxtpx:hr>
          </gpxtpx:TrackPointExtension>
        </extensions>
      </trkpt>
      <trkpt lat="22.39131710328614" lon="107.36770027153203">
        <ele>130.371581107378</ele>
        <time>2025-12-29T14:15:01Z</time>
        <extensions>
          <gpxtpx:TrackPointExtension>
            <gpxtpx:hr>136</gpxtpx:hr>
          </gpxtpx:TrackPointExtension>
        </extensions>
      </trkpt>
      <trkpt lat="22.391320273579268" lon="107.36771107924041">
        <ele>130.35917931981385</ele>
        <time>2025-12-29T14:15:02Z</time>
        <extensions>
          <gpxtpx:TrackPointExtension>
            <gpxtpx:hr>137</gpxtpx:hr>
          </gpxtpx:TrackPointExtension>
        </extensions>
      </trkpt>
      <trkpt lat="22.391322950257546" lon="107.36772177938533">
        <ele>130.34983555227518</ele>
        <time>2025-12-29T14:15:03Z</time>
        <extensions>
          <gpxtpx:TrackPointExtension>
            <gpxtpx:hr>137</gpxtpx:hr>
          </gpxtpx:TrackPointExtension>
        </extensions>
      </trkpt>
      <trkpt lat="22.391324362933943" lon="107.36773089928312">
        <ele>130.34292932413518</ele>
        <time>2025-12-29T14:15:04Z</time>
        <extensions>
          <gpxtpx:TrackPointExtension>
            <gpxtpx:hr>137</gpxtpx:hr>
          </gpxtpx:TrackPointExtension>
        </extensions>
      </trkpt>
      <trkpt lat="22.39132490050295" lon="107.36773874245011">
        <ele>130.33766362071037</ele>
        <time>2025-12-29T14:15:05Z</time>
        <extensions>
          <gpxtpx:TrackPointExtension>
            <gpxtpx:hr>136</gpxtpx:hr>
          </gpxtpx:TrackPointExtension>
        </extensions>
      </trkpt>
      <trkpt lat="22.391324987590654" lon="107.36774699345482">
        <ele>130.33319063205272</ele>
        <time>2025-12-29T14:15:06Z</time>
        <extensions>
          <gpxtpx:TrackPointExtension>
            <gpxtpx:hr>136</gpxtpx:hr>
          </gpxtpx:TrackPointExtension>
        </extensions>
      </trkpt>
      <trkpt lat="22.391324694840133" lon="107.36775657580505">
        <ele>130.3287538010627</ele>
        <time>2025-12-29T14:15:07Z</time>
        <extensions>
          <gpxtpx:TrackPointExtension>
            <gpxtpx:hr>136</gpxtpx:hr>
          </gpxtpx:TrackPointExtension>
        </extensions>
      </trkpt>
      <trkpt lat="22.391324007711056" lon="107.3677673259721">
        <ele>130.32377685420215</ele>
        <time>2025-12-29T14:15:08Z</time>
        <extensions>
          <gpxtpx:TrackPointExtension>
            <gpxtpx:hr>136</gpxtpx:hr>
          </gpxtpx:TrackPointExtension>
        </extensions>
      </trkpt>
      <trkpt lat="22.39132262239902" lon="107.36777803573497">
        <ele>130.31786975450814</ele>
        <time>2025-12-29T14:15:09Z</time>
        <extensions>
          <gpxtpx:TrackPointExtension>
            <gpxtpx:hr>136</gpxtpx:hr>
          </gpxtpx:TrackPointExtension>
        </extensions>
      </trkpt>
      <trkpt lat="22.391320797420807" lon="107.36778739795704">
        <ele>130.310765680857</ele>
        <time>2025-12-29T14:15:10Z</time>
        <extensions>
          <gpxtpx:TrackPointExtension>
            <gpxtpx:hr>136</gpxtpx:hr>
          </gpxtpx:TrackPointExtension>
        </extensions>
      </trkpt>
      <trkpt lat="22.39131792525341" lon="107.36779497163302">
        <ele>130.30249702837318</ele>
        <time>2025-12-29T14:15:11Z</time>
        <extensions>
          <gpxtpx:TrackPointExtension>
            <gpxtpx:hr>136</gpxtpx:hr>
          </gpxtpx:TrackPointExtension>
        </extensions>
      </trkpt>
      <trkpt lat="22.391313192926198" lon="107.36780119567052">
        <ele>130.2932316120714</ele>
        <time>2025-12-29T14:15:12Z</time>
        <extensions>
          <gpxtpx:TrackPointExtension>
            <gpxtpx:hr>136</gpxtpx:hr>
          </gpxtpx:TrackPointExtension>
        </extensions>
      </trkpt>
      <trkpt lat="22.39130681474861" lon="107.36780694868742">
        <ele>130.2832082733512</ele>
        <time>2025-12-29T14:15:13Z</time>
        <extensions>
          <gpxtpx:TrackPointExtension>
            <gpxtpx:hr>136</gpxtpx:hr>
          </gpxtpx:TrackPointExtension>
        </extensions>
      </trkpt>
      <trkpt lat="22.391298508696003" lon="107.367811822844">
        <ele>130.27269781846553</ele>
        <time>2025-12-29T14:15:14Z</time>
        <extensions>
          <gpxtpx:TrackPointExtension>
            <gpxtpx:hr>136</gpxtpx:hr>
          </gpxtpx:TrackPointExtension>
        </extensions>
      </trkpt>
      <trkpt lat="22.391288466590257" lon="107.36781448826694">
        <ele>130.26197942346334</ele>
        <time>2025-12-29T14:15:15Z</time>
        <extensions>
          <gpxtpx:TrackPointExtension>
            <gpxtpx:hr>131</gpxtpx:hr>
          </gpxtpx:TrackPointExtension>
        </extensions>
      </trkpt>
      <trkpt lat="22.391278126336413" lon="107.3678147380071">
        <ele>130.25138423405588</ele>
        <time>2025-12-29T14:15:16Z</time>
        <extensions>
          <gpxtpx:TrackPointExtension>
            <gpxtpx:hr>131</gpxtpx:hr>
          </gpxtpx:TrackPointExtension>
        </extensions>
      </trkpt>
      <trkpt lat="22.39126841391249" lon="107.36781330922024">
        <ele>130.24130137916654</ele>
        <time>2025-12-29T14:15:18Z</time>
        <extensions>
          <gpxtpx:TrackPointExtension>
            <gpxtpx:hr>131</gpxtpx:hr>
          </gpxtpx:TrackPointExtension>
        </extensions>
      </trkpt>
      <trkpt lat="22.39125901808314" lon="107.36781150942991">
        <ele>130.23216924071312</ele>
        <time>2025-12-29T14:15:19Z</time>
        <extensions>
          <gpxtpx:TrackPointExtension>
            <gpxtpx:hr>131</gpxtpx:hr>
          </gpxtpx:TrackPointExtension>
        </extensions>
      </trkpt>
      <trkpt lat="22.391249464627606" lon="107.36781075126777">
        <ele>130.22436409443617</ele>
        <time>2025-12-29T14:15:20Z</time>
        <extensions>
          <gpxtpx:TrackPointExtension>
            <gpxtpx:hr>131</gpxtpx:hr>
          </gpxtpx:TrackPointExtension>
        </extensions>
      </trkpt>
      <trkpt lat="22.391239147310205" lon="107.36781140780559">
        <ele>130.21816945727915</ele>
        <time>2025-12-29T14:15:21Z</time>
        <extensions>
          <gpxtpx:TrackPointExtension>
            <gpxtpx:hr>131</gpxtpx:hr>
          </gpxtpx:TrackPointExtension>
        </extensions>
      </trkpt>
      <trkpt lat="22.391228078471933" lon="107.36781293252564">
        <ele>130.21363255474716</ele>
        <time>2025-12-29T14:15:22Z</time>
        <extensions>
          <gpxtpx:TrackPointExtension>
            <gpxtpx:hr>132</gpxtpx:hr>
          </gpxtpx:TrackPointExtension>
        </extensions>
      </trkpt>
      <trkpt lat="22.39121735969377" lon="107.36781450502843">
        <ele>130.21059214603156</ele>
        <time>2025-12-29T14:15:23Z</time>
        <extensions>
          <gpxtpx:TrackPointExtension>
            <gpxtpx:hr>132</gpxtpx:hr>
          </gpxtpx:TrackPointExtension>
        </extensions>
      </trkpt>
      <trkpt lat="22.391207233224495" lon="107.36781603448046">
        <ele>130.20877846423537</ele>
        <time>2025-12-29T14:15:24Z</time>
        <extensions>
          <gpxtpx:TrackPointExtension>
            <gpxtpx:hr>132</gpxtpx:hr>
          </gpxtpx:TrackPointExtension>
        </extensions>
      </trkpt>
      <trkpt lat="22.391197296580618" lon="107.36781788221677">
        <ele>130.20787481497973</ele>
        <time>2025-12-29T14:15:25Z</time>
        <extensions>
          <gpxtpx:TrackPointExtension>
            <gpxtpx:hr>132</gpxtpx:hr>
          </gpxtpx:TrackPointExtension>
        </extensions>
      </trkpt>
      <trkpt lat="22.391187745873253" lon="107.36782004509085">
        <ele>130.2074669552967</ele>
        <time>2025-12-29T14:15:26Z</time>
        <extensions>
          <gpxtpx:TrackPointExtension>
            <gpxtpx:hr>132</gpxtpx:hr>
          </gpxtpx:TrackPointExtension>
        </extensions>
      </trkpt>
      <trkpt lat="22.391178353929888" lon="107.36782231363802">
        <ele>130.20715051330626</ele>
        <time>2025-12-29T14:15:27Z</time>
        <extensions>
          <gpxtpx:TrackPointExtension>
            <gpxtpx:hr>132</gpxtpx:hr>
          </gpxtpx:TrackPointExtension>
        </extensions>
      </trkpt>
      <trkpt lat="22.39116839979754" lon="107.36782446228995">
        <ele>130.2066245879978</ele>
        <time>2025-12-29T14:15:28Z</time>
        <extensions>
          <gpxtpx:TrackPointExtension>
            <gpxtpx:hr>132</gpxtpx:hr>
          </gpxtpx:TrackPointExtension>
        </extensions>
      </trkpt>
      <trkpt lat="22.391157884241107" lon="107.36782641333664">
        <ele>130.2056555254385</ele>
        <time>2025-12-29T14:15:29Z</time>
        <extensions>
          <gpxtpx:TrackPointExtension>
            <gpxtpx:hr>132</gpxtpx:hr>
          </gpxtpx:TrackPointExtension>
        </extensions>
      </trkpt>
      <trkpt lat="22.391147740580234" lon="107.36782825795109">
        <ele>130.20420097652823</ele>
        <time>2025-12-29T14:15:30Z</time>
        <extensions>
          <gpxtpx:TrackPointExtension>
            <gpxtpx:hr>132</gpxtpx:hr>
          </gpxtpx:TrackPointExtension>
        </extensions>
      </trkpt>
      <trkpt lat="22.391138580688207" lon="107.36782963496184">
        <ele>130.20241808146238</ele>
        <time>2025-12-29T14:15:31Z</time>
        <extensions>
          <gpxtpx:TrackPointExtension>
            <gpxtpx:hr>132</gpxtpx:hr>
          </gpxtpx:TrackPointExtension>
        </extensions>
      </trkpt>
      <trkpt lat="22.391130146309486" lon="107.36783059975929">
        <ele>130.20065073203295</ele>
        <time>2025-12-29T14:15:32Z</time>
        <extensions>
          <gpxtpx:TrackPointExtension>
            <gpxtpx:hr>132</gpxtpx:hr>
          </gpxtpx:TrackPointExtension>
        </extensions>
      </trkpt>
      <trkpt lat="22.391121705588365" lon="107.36783192464375">
        <ele>130.19935060851276</ele>
        <time>2025-12-29T14:15:33Z</time>
        <extensions>
          <gpxtpx:TrackPointExtension>
            <gpxtpx:hr>131</gpxtpx:hr>
          </gpxtpx:TrackPointExtension>
        </extensions>
      </trkpt>
      <trkpt lat="22.391112850626893" lon="107.36783376539802">
        <ele>130.198895980604</ele>
        <time>2025-12-29T14:15:34Z</time>
        <extensions>
          <gpxtpx:TrackPointExtension>
            <gpxtpx:hr>131</gpxtpx:hr>
          </gpxtpx:TrackPointExtension>
        </extensions>
      </trkpt>
      <trkpt lat="22.391103452329368" lon="107.36783554430156">
        <ele>130.19991086050868</ele>
        <time>2025-12-29T14:15:35Z</time>
        <extensions>
          <gpxtpx:TrackPointExtension>
            <gpxtpx:hr>131</gpxtpx:hr>
          </gpxtpx:TrackPointExtension>
        </extensions>
      </trkpt>
      <trkpt lat="22.391093495801837" lon="107.36783662083832">
        <ele>130.20292225200683</ele>
        <time>2025-12-29T14:15:36Z</time>
        <extensions>
          <gpxtpx:TrackPointExtension>
            <gpxtpx:hr>131</gpxtpx:hr>
          </gpxtpx:TrackPointExtension>
        </extensions>
      </trkpt>
      <trkpt lat="22.391083350056316" lon="107.36783711026754">
        <ele>130.20823439396918</ele>
        <time>2025-12-29T14:15:37Z</time>
        <extensions>
          <gpxtpx:TrackPointExtension>
            <gpxtpx:hr>130</gpxtpx:hr>
          </gpxtpx:TrackPointExtension>
        </extensions>
      </trkpt>
      <trkpt lat="22.39107384448585" lon="107.3678377357242">
        <ele>130.21628063730896</ele>
        <time>2025-12-29T14:15:38Z</time>
        <extensions>
          <gpxtpx:TrackPointExtension>
            <gpxtpx:hr>130</gpxtpx:hr>
          </gpxtpx:TrackPointExtension>
        </extensions>
      </trkpt>
      <trkpt lat="22.391065121237553" lon="107.36783955838385">
        <ele>130.227697821334</ele>
        <time>2025-12-29T14:15:39Z</time>
        <extensions>
          <gpxtpx:TrackPointExtension>
            <gpxtpx:hr>130</gpxtpx:hr>
          </gpxtpx:TrackPointExtension>
        </extensions>
      </trkpt>
      <trkpt lat="22.391056016245898" lon="107.36784282840425">
        <ele>130.24272779375315</ele>
        <time>2025-12-29T14:15:40Z</time>
        <extensions>
          <gpxtpx:TrackPointExtension>
            <gpxtpx:hr>130</gpxtpx:hr>
          </gpxtpx:TrackPointExtension>
        </extensions>
      </trkpt>
      <trkpt lat="22.391047265131604" lon="107.36784644232702">
        <ele>130.26151054352522</ele>
        <time>2025-12-29T14:15:41Z</time>
        <extensions>
          <gpxtpx:TrackPointExtension>
            <gpxtpx:hr>130</gpxtpx:hr>
          </gpxtpx:TrackPointExtension>
        </extensions>
      </trkpt>
      <trkpt lat="22.391039968661755" lon="107.3678499741864">
        <ele>130.28431407921016</ele>
        <time>2025-12-29T14:15:42Z</time>
        <extensions>
          <gpxtpx:TrackPointExtension>
            <gpxtpx:hr>130</gpxtpx:hr>
          </gpxtpx:TrackPointExtension>
        </extensions>
      </trkpt>
      <trkpt lat="22.391033263226408" lon="107.36785380662636">
        <ele>130.31131585035473</ele>
        <time>2025-12-29T14:15:43Z</time>
        <extensions>
          <gpxtpx:TrackPointExtension>
            <gpxtpx:hr>128</gpxtpx:hr>
          </gpxtpx:TrackPointExtension>
        </extensions>
      </trkpt>
      <trkpt lat="22.391026645360608" lon="107.36785801606308">
        <ele>130.34235728997737</ele>
        <time>2025-12-29T14:15:44Z</time>
        <extensions>
          <gpxtpx:TrackPointExtension>
            <gpxtpx:hr>128</gpxtpx:hr>
          </gpxtpx:TrackPointExtension>
        </extensions>
      </trkpt>
      <trkpt lat="22.391020418362746" lon="107.36786260116828">
        <ele>130.37674500513822</ele>
        <time>2025-12-29T14:15:45Z</time>
        <extensions>
          <gpxtpx:TrackPointExtension>
            <gpxtpx:hr>128</gpxtpx:hr>
          </gpxtpx:TrackPointExtension>
        </extensions>
      </trkpt>
      <trkpt lat="22.391014842592075" lon="107.36786713594003">
        <ele>130.4131845869124</ele>
        <time>2025-12-29T14:15:46Z</time>
        <extensions>
          <gpxtpx:TrackPointExtension>
            <gpxtpx:hr>128</gpxtpx:hr>
          </gpxtpx:TrackPointExtension>
        </extensions>
      </trkpt>
      <trkpt lat="22.391009796027262" lon="107.36787100228666">
        <ele>130.44986081309617</ele>
        <time>2025-12-29T14:15:47Z</time>
        <extensions>
          <gpxtpx:TrackPointExtension>
            <gpxtpx:hr>128</gpxtpx:hr>
          </gpxtpx:TrackPointExtension>
        </extensions>
      </trkpt>
      <trkpt lat="22.391005135063235" lon="107.36787386614147">
        <ele>130.48457658104599</ele>
        <time>2025-12-29T14:15:48Z</time>
        <extensions>
          <gpxtpx:TrackPointExtension>
            <gpxtpx:hr>128</gpxtpx:hr>
          </gpxtpx:TrackPointExtension>
        </extensions>
      </trkpt>
      <trkpt lat="22.391000907680205" lon="107.36787574512996">
        <ele>130.5154460920021</ele>
        <time>2025-12-29T14:15:49Z</time>
        <extensions>
          <gpxtpx:TrackPointExtension>
            <gpxtpx:hr>128</gpxtpx:hr>
          </gpxtpx:TrackPointExtension>
        </extensions>
      </trkpt>
      <trkpt lat="22.39099745612409" lon="107.36787672441115">
        <ele>130.54146018531173</ele>
        <time>2025-12-29T14:15:50Z</time>
        <extensions>
          <gpxtpx:TrackPointExtension>
            <gpxtpx:hr>128</gpxtpx:hr>
          </gpxtpx:TrackPointExtension>
        </extensions>
      </trkpt>
      <trkpt lat="22.390994303349544" lon="107.36787710766295">
        <ele>130.562523891218</ele>
        <time>2025-12-29T14:15:51Z</time>
        <extensions>
          <gpxtpx:TrackPointExtension>
            <gpxtpx:hr>128</gpxtpx:hr>
          </gpxtpx:TrackPointExtension>
        </extensions>
      </trkpt>
      <trkpt lat="22.390990908508495" lon="107.36787730482641">
        <ele>130.57917674817145</ele>
        <time>2025-12-29T14:15:52Z</time>
        <extensions>
          <gpxtpx:TrackPointExtension>
            <gpxtpx:hr>128</gpxtpx:hr>
          </gpxtpx:TrackPointExtension>
        </extensions>
      </trkpt>
      <trkpt lat="22.390987470075927" lon="107.36787746911494">
        <ele>130.59215462207794</ele>
        <time>2025-12-29T14:15:53Z</time>
        <extensions>
          <gpxtpx:TrackPointExtension>
            <gpxtpx:hr>128</gpxtpx:hr>
          </gpxtpx:TrackPointExtension>
        </extensions>
      </trkpt>
      <trkpt lat="22.390984098556693" lon="107.36787771219947">
        <ele>130.6022498831153</ele>
        <time>2025-12-29T14:15:54Z</time>
        <extensions>
          <gpxtpx:TrackPointExtension>
            <gpxtpx:hr>128</gpxtpx:hr>
          </gpxtpx:TrackPointExtension>
        </extensions>
      </trkpt>
      <trkpt lat="22.39098076123708" lon="107.36787805138648">
        <ele>130.61008184030652</ele>
        <time>2025-12-29T14:15:55Z</time>
        <extensions>
          <gpxtpx:TrackPointExtension>
            <gpxtpx:hr>129</gpxtpx:hr>
          </gpxtpx:TrackPointExtension>
        </extensions>
      </trkpt>
      <trkpt lat="22.39097728274866" lon="107.36787845696821">
        <ele>130.61597009934485</ele>
        <time>2025-12-29T14:15:56Z</time>
        <extensions>
          <gpxtpx:TrackPointExtension>
            <gpxtpx:hr>129</gpxtpx:hr>
          </gpxtpx:TrackPointExtension>
        </extensions>
      </trkpt>
      <trkpt lat="22.3909735975099" lon="107.36787888987098">
        <ele>130.6203349987045</ele>
        <time>2025-12-29T14:15:57Z</time>
        <extensions>
          <gpxtpx:TrackPointExtension>
            <gpxtpx:hr>129</gpxtpx:hr>
          </gpxtpx:TrackPointExtension>
        </extensions>
      </trkpt>
      <trkpt lat="22.39096994677008" lon="107.36787934679201">
        <ele>130.6230213837698</ele>
        <time>2025-12-29T14:15:58Z</time>
        <extensions>
          <gpxtpx:TrackPointExtension>
            <gpxtpx:hr>129</gpxtpx:hr>
          </gpxtpx:TrackPointExtension>
        </extensions>
      </trkpt>
      <trkpt lat="22.390966651088874" lon="107.36787986171849">
        <ele>130.62361358385533</ele>
        <time>2025-12-29T14:15:59Z</time>
        <extensions>
          <gpxtpx:TrackPointExtension>
            <gpxtpx:hr>129</gpxtpx:hr>
          </gpxtpx:TrackPointExtension>
        </extensions>
      </trkpt>
      <trkpt lat="22.39096343785796" lon="107.36788054258757">
        <ele>130.6214743470773</ele>
        <time>2025-12-29T14:16:00Z</time>
        <extensions>
          <gpxtpx:TrackPointExtension>
            <gpxtpx:hr>129</gpxtpx:hr>
          </gpxtpx:TrackPointExtension>
        </extensions>
      </trkpt>
      <trkpt lat="22.390959789534193" lon="107.3678814721505">
        <ele>130.6158455843106</ele>
        <time>2025-12-29T14:16:01Z</time>
        <extensions>
          <gpxtpx:TrackPointExtension>
            <gpxtpx:hr>130</gpxtpx:hr>
          </gpxtpx:TrackPointExtension>
        </extensions>
      </trkpt>
      <trkpt lat="22.390955491144055" lon="107.36788276191417">
        <ele>130.60567497368902</ele>
        <time>2025-12-29T14:16:02Z</time>
        <extensions>
          <gpxtpx:TrackPointExtension>
            <gpxtpx:hr>130</gpxtpx:hr>
          </gpxtpx:TrackPointExtension>
        </extensions>
      </trkpt>
      <trkpt lat="22.390951290084573" lon="107.36788451608128">
        <ele>130.59013890009373</ele>
        <time>2025-12-29T14:16:03Z</time>
        <extensions>
          <gpxtpx:TrackPointExtension>
            <gpxtpx:hr>130</gpxtpx:hr>
          </gpxtpx:TrackPointExtension>
        </extensions>
      </trkpt>
      <trkpt lat="22.390948760551254" lon="107.36788671646366">
        <ele>130.56857551075518</ele>
        <time>2025-12-29T14:16:04Z</time>
        <extensions>
          <gpxtpx:TrackPointExtension>
            <gpxtpx:hr>130</gpxtpx:hr>
          </gpxtpx:TrackPointExtension>
        </extensions>
      </trkpt>
      <trkpt lat="22.39094839761803" lon="107.3678896791796">
        <ele>130.5405167788267</ele>
        <time>2025-12-29T14:16:05Z</time>
        <extensions>
          <gpxtpx:TrackPointExtension>
            <gpxtpx:hr>130</gpxtpx:hr>
          </gpxtpx:TrackPointExtension>
        </extensions>
      </trkpt>
      <trkpt lat="22.390949743794803" lon="107.36789317857527">
        <ele>130.50620055571198</ele>
        <time>2025-12-29T14:16:06Z</time>
        <extensions>
          <gpxtpx:TrackPointExtension>
            <gpxtpx:hr>131</gpxtpx:hr>
          </gpxtpx:TrackPointExtension>
        </extensions>
      </trkpt>
      <trkpt lat="22.39095289850863" lon="107.36789671194299">
        <ele>130.46655677072704</ele>
        <time>2025-12-29T14:16:07Z</time>
        <extensions>
          <gpxtpx:TrackPointExtension>
            <gpxtpx:hr>131</gpxtpx:hr>
          </gpxtpx:TrackPointExtension>
        </extensions>
      </trkpt>
      <trkpt lat="22.390957773291877" lon="107.36789989747321">
        <ele>130.42336418107152</ele>
        <time>2025-12-29T14:16:08Z</time>
        <extensions>
          <gpxtpx:TrackPointExtension>
            <gpxtpx:hr>131</gpxtpx:hr>
          </gpxtpx:TrackPointExtension>
        </extensions>
      </trkpt>
      <trkpt lat="22.390964430751097" lon="107.36790244100393">
        <ele>130.3789819786325</ele>
        <time>2025-12-29T14:16:09Z</time>
        <extensions>
          <gpxtpx:TrackPointExtension>
            <gpxtpx:hr>131</gpxtpx:hr>
          </gpxtpx:TrackPointExtension>
        </extensions>
      </trkpt>
      <trkpt lat="22.39097243891128" lon="107.36790431703152">
        <ele>130.3357818434015</ele>
        <time>2025-12-29T14:16:10Z</time>
        <extensions>
          <gpxtpx:TrackPointExtension>
            <gpxtpx:hr>131</gpxtpx:hr>
          </gpxtpx:TrackPointExtension>
        </extensions>
      </trkpt>
      <trkpt lat="22.39098096236084" lon="107.3679053656024">
        <ele>130.29627840127796</ele>
        <time>2025-12-29T14:16:11Z</time>
        <extensions>
          <gpxtpx:TrackPointExtension>
            <gpxtpx:hr>131</gpxtpx:hr>
          </gpxtpx:TrackPointExtension>
        </extensions>
      </trkpt>
      <trkpt lat="22.39099030678551" lon="107.36790560215518">
        <ele>130.262521549128</ele>
        <time>2025-12-29T14:16:12Z</time>
        <extensions>
          <gpxtpx:TrackPointExtension>
            <gpxtpx:hr>131</gpxtpx:hr>
          </gpxtpx:TrackPointExtension>
        </extensions>
      </trkpt>
      <trkpt lat="22.391000492831623" lon="107.36790536919523">
        <ele>130.23590302281082</ele>
        <time>2025-12-29T14:16:13Z</time>
        <extensions>
          <gpxtpx:TrackPointExtension>
            <gpxtpx:hr>131</gpxtpx:hr>
          </gpxtpx:TrackPointExtension>
        </extensions>
      </trkpt>
      <trkpt lat="22.391011095337838" lon="107.36790477732913">
        <ele>130.21716859843582</ele>
        <time>2025-12-29T14:16:14Z</time>
        <extensions>
          <gpxtpx:TrackPointExtension>
            <gpxtpx:hr>131</gpxtpx:hr>
          </gpxtpx:TrackPointExtension>
        </extensions>
      </trkpt>
      <trkpt lat="22.39102168733259" lon="107.36790367643837">
        <ele>130.20691215898842</ele>
        <time>2025-12-29T14:16:15Z</time>
        <extensions>
          <gpxtpx:TrackPointExtension>
            <gpxtpx:hr>131</gpxtpx:hr>
          </gpxtpx:TrackPointExtension>
        </extensions>
      </trkpt>
      <trkpt lat="22.391032027109038" lon="107.3679022522719">
        <ele>130.20448708627373</ele>
        <time>2025-12-29T14:16:16Z</time>
        <extensions>
          <gpxtpx:TrackPointExtension>
            <gpxtpx:hr>131</gpxtpx:hr>
          </gpxtpx:TrackPointExtension>
        </extensions>
      </trkpt>
      <trkpt lat="22.391042057422723" lon="107.3679007281129">
        <ele>130.2090011658147</ele>
        <time>2025-12-29T14:16:17Z</time>
        <extensions>
          <gpxtpx:TrackPointExtension>
            <gpxtpx:hr>126</gpxtpx:hr>
          </gpxtpx:TrackPointExtension>
        </extensions>
      </trkpt>
      <trkpt lat="22.391051682558196" lon="107.36789928059868">
        <ele>130.21934809256345</ele>
        <time>2025-12-29T14:16:18Z</time>
        <extensions>
          <gpxtpx:TrackPointExtension>
            <gpxtpx:hr>126</gpxtpx:hr>
          </gpxtpx:TrackPointExtension>
        </extensions>
      </trkpt>
      <trkpt lat="22.391060951419664" lon="107.3678978137666">
        <ele>130.23408152814955</ele>
        <time>2025-12-29T14:16:19Z</time>
        <extensions>
          <gpxtpx:TrackPointExtension>
            <gpxtpx:hr>126</gpxtpx:hr>
          </gpxtpx:TrackPointExtension>
        </extensions>
      </trkpt>
      <trkpt lat="22.39107011014782" lon="107.36789634622784">
        <ele>130.25121449492872</ele>
        <time>2025-12-29T14:16:20Z</time>
        <extensions>
          <gpxtpx:TrackPointExtension>
            <gpxtpx:hr>126</gpxtpx:hr>
          </gpxtpx:TrackPointExtension>
        </extensions>
      </trkpt>
      <trkpt lat="22.391079683794658" lon="107.36789501855436">
        <ele>130.26850316300988</ele>
        <time>2025-12-29T14:16:21Z</time>
        <extensions>
          <gpxtpx:TrackPointExtension>
            <gpxtpx:hr>126</gpxtpx:hr>
          </gpxtpx:TrackPointExtension>
        </extensions>
      </trkpt>
      <trkpt lat="22.39109004041722" lon="107.36789359471952">
        <ele>130.28340740595013</ele>
        <time>2025-12-29T14:16:22Z</time>
        <extensions>
          <gpxtpx:TrackPointExtension>
            <gpxtpx:hr>126</gpxtpx:hr>
          </gpxtpx:TrackPointExtension>
        </extensions>
      </trkpt>
      <trkpt lat="22.391100656030616" lon="107.36789205123301">
        <ele>130.29344866611063</ele>
        <time>2025-12-29T14:16:23Z</time>
        <extensions>
          <gpxtpx:TrackPointExtension>
            <gpxtpx:hr>126</gpxtpx:hr>
          </gpxtpx:TrackPointExtension>
        </extensions>
      </trkpt>
      <trkpt lat="22.391110950342558" lon="107.36789091301165">
        <ele>130.29673657752573</ele>
        <time>2025-12-29T14:16:24Z</time>
        <extensions>
          <gpxtpx:TrackPointExtension>
            <gpxtpx:hr>126</gpxtpx:hr>
          </gpxtpx:TrackPointExtension>
        </extensions>
      </trkpt>
      <trkpt lat="22.391121392799626" lon="107.36789050455037">
        <ele>130.29231949988753</ele>
        <time>2025-12-29T14:16:25Z</time>
        <extensions>
          <gpxtpx:TrackPointExtension>
            <gpxtpx:hr>128</gpxtpx:hr>
          </gpxtpx:TrackPointExtension>
        </extensions>
      </trkpt>
      <trkpt lat="22.39113181634826" lon="107.36789039885616">
        <ele>130.28055759705603</ele>
        <time>2025-12-29T14:16:26Z</time>
        <extensions>
          <gpxtpx:TrackPointExtension>
            <gpxtpx:hr>128</gpxtpx:hr>
          </gpxtpx:TrackPointExtension>
        </extensions>
      </trkpt>
      <trkpt lat="22.39114171623767" lon="107.3678897683567">
        <ele>130.2628547018394</ele>
        <time>2025-12-29T14:16:27Z</time>
        <extensions>
          <gpxtpx:TrackPointExtension>
            <gpxtpx:hr>128</gpxtpx:hr>
          </gpxtpx:TrackPointExtension>
        </extensions>
      </trkpt>
      <trkpt lat="22.391151605338727" lon="107.367888411979">
        <ele>130.24120699241757</ele>
        <time>2025-12-29T14:16:28Z</time>
        <extensions>
          <gpxtpx:TrackPointExtension>
            <gpxtpx:hr>128</gpxtpx:hr>
          </gpxtpx:TrackPointExtension>
        </extensions>
      </trkpt>
      <trkpt lat="22.39116229570276" lon="107.36788673698133">
        <ele>130.21793456934392</ele>
        <time>2025-12-29T14:16:29Z</time>
        <extensions>
          <gpxtpx:TrackPointExtension>
            <gpxtpx:hr>128</gpxtpx:hr>
          </gpxtpx:TrackPointExtension>
        </extensions>
      </trkpt>
      <trkpt lat="22.391173771005423" lon="107.36788499268185">
        <ele>130.19522913824767</ele>
        <time>2025-12-29T14:16:30Z</time>
        <extensions>
          <gpxtpx:TrackPointExtension>
            <gpxtpx:hr>128</gpxtpx:hr>
          </gpxtpx:TrackPointExtension>
        </extensions>
      </trkpt>
      <trkpt lat="22.3911857204399" lon="107.36788312501716">
        <ele>130.174714458175</ele>
        <time>2025-12-29T14:16:31Z</time>
        <extensions>
          <gpxtpx:TrackPointExtension>
            <gpxtpx:hr>124</gpxtpx:hr>
          </gpxtpx:TrackPointExtension>
        </extensions>
      </trkpt>
      <trkpt lat="22.391197512103087" lon="107.36788140850135">
        <ele>130.15741833485663</ele>
        <time>2025-12-29T14:16:32Z</time>
        <extensions>
          <gpxtpx:TrackPointExtension>
            <gpxtpx:hr>124</gpxtpx:hr>
          </gpxtpx:TrackPointExtension>
        </extensions>
      </trkpt>
      <trkpt lat="22.391208686735055" lon="107.36787983488752">
        <ele>130.14390754234046</ele>
        <time>2025-12-29T14:16:33Z</time>
        <extensions>
          <gpxtpx:TrackPointExtension>
            <gpxtpx:hr>124</gpxtpx:hr>
          </gpxtpx:TrackPointExtension>
        </extensions>
      </trkpt>
      <trkpt lat="22.391219412180718" lon="107.36787787539483">
        <ele>130.13404202647507</ele>
        <time>2025-12-29T14:16:34Z</time>
        <extensions>
          <gpxtpx:TrackPointExtension>
            <gpxtpx:hr>124</gpxtpx:hr>
          </gpxtpx:TrackPointExtension>
        </extensions>
      </trkpt>
      <trkpt lat="22.391230028369225" lon="107.36787590061599">
        <ele>130.1273305825889</ele>
        <time>2025-12-29T14:16:35Z</time>
        <extensions>
          <gpxtpx:TrackPointExtension>
            <gpxtpx:hr>124</gpxtpx:hr>
          </gpxtpx:TrackPointExtension>
        </extensions>
      </trkpt>
      <trkpt lat="22.39124116557775" lon="107.36787463152442">
        <ele>130.12303875107318</ele>
        <time>2025-12-29T14:16:36Z</time>
        <extensions>
          <gpxtpx:TrackPointExtension>
            <gpxtpx:hr>124</gpxtpx:hr>
          </gpxtpx:TrackPointExtension>
        </extensions>
      </trkpt>
      <trkpt lat="22.391252164893157" lon="107.36787424338496">
        <ele>130.1202449174598</ele>
        <time>2025-12-29T14:16:37Z</time>
        <extensions>
          <gpxtpx:TrackPointExtension>
            <gpxtpx:hr>125</gpxtpx:hr>
          </gpxtpx:TrackPointExtension>
        </extensions>
      </trkpt>
      <trkpt lat="22.39126212107856" lon="107.36787457007358">
        <ele>130.1179215721786</ele>
        <time>2025-12-29T14:16:38Z</time>
        <extensions>
          <gpxtpx:TrackPointExtension>
            <gpxtpx:hr>125</gpxtpx:hr>
          </gpxtpx:TrackPointExtension>
        </extensions>
      </trkpt>
      <trkpt lat="22.3912715917859" lon="107.3678754343766">
        <ele>130.11480132117867</ele>
        <time>2025-12-29T14:16:39Z</time>
        <extensions>
          <gpxtpx:TrackPointExtension>
            <gpxtpx:hr>125</gpxtpx:hr>
          </gpxtpx:TrackPointExtension>
        </extensions>
      </trkpt>
      <trkpt lat="22.39128114765792" lon="107.36787686549751">
        <ele>130.10963437799364</ele>
        <time>2025-12-29T14:16:40Z</time>
        <extensions>
          <gpxtpx:TrackPointExtension>
            <gpxtpx:hr>125</gpxtpx:hr>
          </gpxtpx:TrackPointExtension>
        </extensions>
      </trkpt>
      <trkpt lat="22.391291344143887" lon="107.36787894639278">
        <ele>130.10142122767866</ele>
        <time>2025-12-29T14:16:41Z</time>
        <extensions>
          <gpxtpx:TrackPointExtension>
            <gpxtpx:hr>125</gpxtpx:hr>
          </gpxtpx:TrackPointExtension>
        </extensions>
      </trkpt>
      <trkpt lat="22.391301757326808" lon="107.36788186302205">
        <ele>130.0895531065762</ele>
        <time>2025-12-29T14:16:42Z</time>
        <extensions>
          <gpxtpx:TrackPointExtension>
            <gpxtpx:hr>125</gpxtpx:hr>
          </gpxtpx:TrackPointExtension>
        </extensions>
      </trkpt>
      <trkpt lat="22.391311504957375" lon="107.36788672301913">
        <ele>130.0735576748848</ele>
        <time>2025-12-29T14:16:43Z</time>
        <extensions>
          <gpxtpx:TrackPointExtension>
            <gpxtpx:hr>123</gpxtpx:hr>
          </gpxtpx:TrackPointExtension>
        </extensions>
      </trkpt>
      <trkpt lat="22.391320526064575" lon="107.36789405249972">
        <ele>130.05389402247965</ele>
        <time>2025-12-29T14:16:44Z</time>
        <extensions>
          <gpxtpx:TrackPointExtension>
            <gpxtpx:hr>123</gpxtpx:hr>
          </gpxtpx:TrackPointExtension>
        </extensions>
      </trkpt>
      <trkpt lat="22.391328235268748" lon="107.36790258112235">
        <ele>130.03135874681175</ele>
        <time>2025-12-29T14:16:45Z</time>
        <extensions>
          <gpxtpx:TrackPointExtension>
            <gpxtpx:hr>123</gpxtpx:hr>
          </gpxtpx:TrackPointExtension>
        </extensions>
      </trkpt>
      <trkpt lat="22.391334075053827" lon="107.36791040545562">
        <ele>130.0069439485669</ele>
        <time>2025-12-29T14:16:46Z</time>
        <extensions>
          <gpxtpx:TrackPointExtension>
            <gpxtpx:hr>123</gpxtpx:hr>
          </gpxtpx:TrackPointExtension>
        </extensions>
      </trkpt>
      <trkpt lat="22.39133878450198" lon="107.3679169993692">
        <ele>129.98184724152088</ele>
        <time>2025-12-29T14:16:47Z</time>
        <extensions>
          <gpxtpx:TrackPointExtension>
            <gpxtpx:hr>123</gpxtpx:hr>
          </gpxtpx:TrackPointExtension>
        </extensions>
      </trkpt>
      <trkpt lat="22.39134392810576" lon="107.3679240569501">
        <ele>129.95731202885509</ele>
        <time>2025-12-29T14:16:48Z</time>
        <extensions>
          <gpxtpx:TrackPointExtension>
            <gpxtpx:hr>123</gpxtpx:hr>
          </gpxtpx:TrackPointExtension>
        </extensions>
      </trkpt>
      <trkpt lat="22.391350187902603" lon="107.36793291951754">
        <ele>129.93512016162276</ele>
        <time>2025-12-29T14:16:49Z</time>
        <extensions>
          <gpxtpx:TrackPointExtension>
            <gpxtpx:hr>124</gpxtpx:hr>
          </gpxtpx:TrackPointExtension>
        </extensions>
      </trkpt>
      <trkpt lat="22.39135626829373" lon="107.3679433581362">
        <ele>129.91732878237963</ele>
        <time>2025-12-29T14:16:50Z</time>
        <extensions>
          <gpxtpx:TrackPointExtension>
            <gpxtpx:hr>124</gpxtpx:hr>
          </gpxtpx:TrackPointExtension>
        </extensions>
      </trkpt>
      <trkpt lat="22.39136081625665" lon="107.36795438159152">
        <ele>129.9059579251334</ele>
        <time>2025-12-29T14:16:51Z</time>
        <extensions>
          <gpxtpx:TrackPointExtension>
            <gpxtpx:hr>124</gpxtpx:hr>
          </gpxtpx:TrackPointExtension>
        </extensions>
      </trkpt>
      <trkpt lat="22.391363754872916" lon="107.36796489151321">
        <ele>129.9021729938686</ele>
        <time>2025-12-29T14:16:52Z</time>
        <extensions>
          <gpxtpx:TrackPointExtension>
            <gpxtpx:hr>124</gpxtpx:hr>
          </gpxtpx:TrackPointExtension>
        </extensions>
      </trkpt>
      <trkpt lat="22.39136582017736" lon="107.36797501801404">
        <ele>129.90668451599777</ele>
        <time>2025-12-29T14:16:53Z</time>
        <extensions>
          <gpxtpx:TrackPointExtension>
            <gpxtpx:hr>123</gpxtpx:hr>
          </gpxtpx:TrackPointExtension>
        </extensions>
      </trkpt>
      <trkpt lat="22.39136781447356" lon="107.36798561514037">
        <ele>129.91914672404528</ele>
        <time>2025-12-29T14:16:54Z</time>
        <extensions>
          <gpxtpx:TrackPointExtension>
            <gpxtpx:hr>123</gpxtpx:hr>
          </gpxtpx:TrackPointExtension>
        </extensions>
      </trkpt>
      <trkpt lat="22.39136998029862" lon="107.36799644323504">
        <ele>129.93835849966854</ele>
        <time>2025-12-29T14:16:55Z</time>
        <extensions>
          <gpxtpx:TrackPointExtension>
            <gpxtpx:hr>123</gpxtpx:hr>
          </gpxtpx:TrackPointExtension>
        </extensions>
      </trkpt>
      <trkpt lat="22.391371980963136" lon="107.3680076297718">
        <ele>129.96251930389553</ele>
        <time>2025-12-29T14:16:56Z</time>
        <extensions>
          <gpxtpx:TrackPointExtension>
            <gpxtpx:hr>123</gpxtpx:hr>
          </gpxtpx:TrackPointExtension>
        </extensions>
      </trkpt>
      <trkpt lat="22.391373535690743" lon="107.36801944508674">
        <ele>129.98986704368144</ele>
        <time>2025-12-29T14:16:57Z</time>
        <extensions>
          <gpxtpx:TrackPointExtension>
            <gpxtpx:hr>123</gpxtpx:hr>
          </gpxtpx:TrackPointExtension>
        </extensions>
      </trkpt>
      <trkpt lat="22.391374698921815" lon="107.36803248892814">
        <ele>130.0182065796107</ele>
        <time>2025-12-29T14:16:58Z</time>
        <extensions>
          <gpxtpx:TrackPointExtension>
            <gpxtpx:hr>125</gpxtpx:hr>
          </gpxtpx:TrackPointExtension>
        </extensions>
      </trkpt>
      <trkpt lat="22.391375319377335" lon="107.36804614870341">
        <ele>130.04509292636067</ele>
        <time>2025-12-29T14:16:59Z</time>
        <extensions>
          <gpxtpx:TrackPointExtension>
            <gpxtpx:hr>125</gpxtpx:hr>
          </gpxtpx:TrackPointExtension>
        </extensions>
      </trkpt>
      <trkpt lat="22.391375708819353" lon="107.36805922579283">
        <ele>130.06828239187598</ele>
        <time>2025-12-29T14:17:00Z</time>
        <extensions>
          <gpxtpx:TrackPointExtension>
            <gpxtpx:hr>125</gpxtpx:hr>
          </gpxtpx:TrackPointExtension>
        </extensions>
      </trkpt>
      <trkpt lat="22.39137617551772" lon="107.36807218347693">
        <ele>130.08641389384866</ele>
        <time>2025-12-29T14:17:01Z</time>
        <extensions>
          <gpxtpx:TrackPointExtension>
            <gpxtpx:hr>125</gpxtpx:hr>
          </gpxtpx:TrackPointExtension>
        </extensions>
      </trkpt>
      <trkpt lat="22.391376549107182" lon="107.36808499414147">
        <ele>130.09911312907934</ele>
        <time>2025-12-29T14:17:02Z</time>
        <extensions>
          <gpxtpx:TrackPointExtension>
            <gpxtpx:hr>125</gpxtpx:hr>
          </gpxtpx:TrackPointExtension>
        </extensions>
      </trkpt>
      <trkpt lat="22.391376542200035" lon="107.36809760118862">
        <ele>130.10706443339586</ele>
        <time>2025-12-29T14:17:03Z</time>
        <extensions>
          <gpxtpx:TrackPointExtension>
            <gpxtpx:hr>125</gpxtpx:hr>
          </gpxtpx:TrackPointExtension>
        </extensions>
      </trkpt>
      <trkpt lat="22.39137600014949" lon="107.36810996802582">
        <ele>130.1115489443764</ele>
        <time>2025-12-29T14:17:04Z</time>
        <extensions>
          <gpxtpx:TrackPointExtension>
            <gpxtpx:hr>125</gpxtpx:hr>
          </gpxtpx:TrackPointExtension>
        </extensions>
      </trkpt>
      <trkpt lat="22.391375143410254" lon="107.3681220188597">
        <ele>130.11492740176618</ele>
        <time>2025-12-29T14:17:05Z</time>
        <extensions>
          <gpxtpx:TrackPointExtension>
            <gpxtpx:hr>125</gpxtpx:hr>
          </gpxtpx:TrackPointExtension>
        </extensions>
      </trkpt>
      <trkpt lat="22.391374373056244" lon="107.36813412686035">
        <ele>130.1194054596126</ele>
        <time>2025-12-29T14:17:06Z</time>
        <extensions>
          <gpxtpx:TrackPointExtension>
            <gpxtpx:hr>125</gpxtpx:hr>
          </gpxtpx:TrackPointExtension>
        </extensions>
      </trkpt>
      <trkpt lat="22.391373604442748" lon="107.36814677552813">
        <ele>130.12649428658187</ele>
        <time>2025-12-29T14:17:07Z</time>
        <extensions>
          <gpxtpx:TrackPointExtension>
            <gpxtpx:hr>125</gpxtpx:hr>
          </gpxtpx:TrackPointExtension>
        </extensions>
      </trkpt>
      <trkpt lat="22.39137225105841" lon="107.36815966472177">
        <ele>130.13703325390816</ele>
        <time>2025-12-29T14:17:08Z</time>
        <extensions>
          <gpxtpx:TrackPointExtension>
            <gpxtpx:hr>125</gpxtpx:hr>
          </gpxtpx:TrackPointExtension>
        </extensions>
      </trkpt>
      <trkpt lat="22.391369258837916" lon="107.36817167651789">
        <ele>130.1520781684667</ele>
        <time>2025-12-29T14:17:09Z</time>
        <extensions>
          <gpxtpx:TrackPointExtension>
            <gpxtpx:hr>125</gpxtpx:hr>
          </gpxtpx:TrackPointExtension>
        </extensions>
      </trkpt>
      <trkpt lat="22.39136492081897" lon="107.36818274470606">
        <ele>130.17139834351838</ele>
        <time>2025-12-29T14:17:10Z</time>
        <extensions>
          <gpxtpx:TrackPointExtension>
            <gpxtpx:hr>125</gpxtpx:hr>
          </gpxtpx:TrackPointExtension>
        </extensions>
      </trkpt>
      <trkpt lat="22.391360814630843" lon="107.36819482828413">
        <ele>130.194713733159</ele>
        <time>2025-12-29T14:17:11Z</time>
        <extensions>
          <gpxtpx:TrackPointExtension>
            <gpxtpx:hr>125</gpxtpx:hr>
          </gpxtpx:TrackPointExtension>
        </extensions>
      </trkpt>
      <trkpt lat="22.391358441962335" lon="107.36820801117388">
        <ele>130.22171575482935</ele>
        <time>2025-12-29T14:17:12Z</time>
        <extensions>
          <gpxtpx:TrackPointExtension>
            <gpxtpx:hr>124</gpxtpx:hr>
          </gpxtpx:TrackPointExtension>
        </extensions>
      </trkpt>
      <trkpt lat="22.39135821226352" lon="107.36822169012255">
        <ele>130.25178506225348</ele>
        <time>2025-12-29T14:17:13Z</time>
        <extensions>
          <gpxtpx:TrackPointExtension>
            <gpxtpx:hr>124</gpxtpx:hr>
          </gpxtpx:TrackPointExtension>
        </extensions>
      </trkpt>
      <trkpt lat="22.391359206804744" lon="107.36823529295067">
        <ele>130.2833914756775</ele>
        <time>2025-12-29T14:17:14Z</time>
        <extensions>
          <gpxtpx:TrackPointExtension>
            <gpxtpx:hr>124</gpxtpx:hr>
          </gpxtpx:TrackPointExtension>
        </extensions>
      </trkpt>
      <trkpt lat="22.391360608113978" lon="107.36824772690115">
        <ele>130.31390052009374</ele>
        <time>2025-12-29T14:17:15Z</time>
        <extensions>
          <gpxtpx:TrackPointExtension>
            <gpxtpx:hr>124</gpxtpx:hr>
          </gpxtpx:TrackPointExtension>
        </extensions>
      </trkpt>
      <trkpt lat="22.391362369942094" lon="107.36825983842134">
        <ele>130.3400506079197</ele>
        <time>2025-12-29T14:17:16Z</time>
        <extensions>
          <gpxtpx:TrackPointExtension>
            <gpxtpx:hr>125</gpxtpx:hr>
          </gpxtpx:TrackPointExtension>
        </extensions>
      </trkpt>
      <trkpt lat="22.391364586402226" lon="107.36827270223442">
        <ele>130.35873637814075</ele>
        <time>2025-12-29T14:17:17Z</time>
        <extensions>
          <gpxtpx:TrackPointExtension>
            <gpxtpx:hr>125</gpxtpx:hr>
          </gpxtpx:TrackPointExtension>
        </extensions>
      </trkpt>
      <trkpt lat="22.391367128668435" lon="107.36828673203402">
        <ele>130.36772142071277</ele>
        <time>2025-12-29T14:17:18Z</time>
        <extensions>
          <gpxtpx:TrackPointExtension>
            <gpxtpx:hr>125</gpxtpx:hr>
          </gpxtpx:TrackPointExtension>
        </extensions>
      </trkpt>
      <trkpt lat="22.391369680367532" lon="107.36830099722717">
        <ele>130.3661530651152</ele>
        <time>2025-12-29T14:17:19Z</time>
        <extensions>
          <gpxtpx:TrackPointExtension>
            <gpxtpx:hr>125</gpxtpx:hr>
          </gpxtpx:TrackPointExtension>
        </extensions>
      </trkpt>
      <trkpt lat="22.391371995789616" lon="107.36831508185271">
        <ele>130.35473258979619</ele>
        <time>2025-12-29T14:17:20Z</time>
        <extensions>
          <gpxtpx:TrackPointExtension>
            <gpxtpx:hr>125</gpxtpx:hr>
          </gpxtpx:TrackPointExtension>
        </extensions>
      </trkpt>
      <trkpt lat="22.391374363566015" lon="107.36832905492797">
        <ele>130.3352141547948</ele>
        <time>2025-12-29T14:17:21Z</time>
        <extensions>
          <gpxtpx:TrackPointExtension>
            <gpxtpx:hr>127</gpxtpx:hr>
          </gpxtpx:TrackPointExtension>
        </extensions>
      </trkpt>
      <trkpt lat="22.391376701159153" lon="107.36834295045696">
        <ele>130.30965149123222</ele>
        <time>2025-12-29T14:17:22Z</time>
        <extensions>
          <gpxtpx:TrackPointExtension>
            <gpxtpx:hr>127</gpxtpx:hr>
          </gpxtpx:TrackPointExtension>
        </extensions>
      </trkpt>
      <trkpt lat="22.39137856538106" lon="107.36835668523818">
        <ele>130.28004334587604</ele>
        <time>2025-12-29T14:17:23Z</time>
        <extensions>
          <gpxtpx:TrackPointExtension>
            <gpxtpx:hr>127</gpxtpx:hr>
          </gpxtpx:TrackPointExtension>
        </extensions>
      </trkpt>
      <trkpt lat="22.39137957771692" lon="107.3683703569522">
        <ele>130.2480779113248</ele>
        <time>2025-12-29T14:17:24Z</time>
        <extensions>
          <gpxtpx:TrackPointExtension>
            <gpxtpx:hr>127</gpxtpx:hr>
          </gpxtpx:TrackPointExtension>
        </extensions>
      </trkpt>
      <trkpt lat="22.391379872633387" lon="107.36838404340135">
        <ele>130.2151629179716</ele>
        <time>2025-12-29T14:17:25Z</time>
        <extensions>
          <gpxtpx:TrackPointExtension>
            <gpxtpx:hr>127</gpxtpx:hr>
          </gpxtpx:TrackPointExtension>
        </extensions>
      </trkpt>
      <trkpt lat="22.39137986829809" lon="107.36839769413335">
        <ele>130.18237764760852</ele>
        <time>2025-12-29T14:17:26Z</time>
        <extensions>
          <gpxtpx:TrackPointExtension>
            <gpxtpx:hr>127</gpxtpx:hr>
          </gpxtpx:TrackPointExtension>
        </extensions>
      </trkpt>
      <trkpt lat="22.39137976509342" lon="107.36841087497935">
        <ele>130.15044851694256</ele>
        <time>2025-12-29T14:17:27Z</time>
        <extensions>
          <gpxtpx:TrackPointExtension>
            <gpxtpx:hr>126</gpxtpx:hr>
          </gpxtpx:TrackPointExtension>
        </extensions>
      </trkpt>
      <trkpt lat="22.391379396965164" lon="107.36842342304753">
        <ele>130.11964767985046</ele>
        <time>2025-12-29T14:17:28Z</time>
        <extensions>
          <gpxtpx:TrackPointExtension>
            <gpxtpx:hr>126</gpxtpx:hr>
          </gpxtpx:TrackPointExtension>
        </extensions>
      </trkpt>
      <trkpt lat="22.39137887036478" lon="107.36843581467834">
        <ele>130.09001292381436</ele>
        <time>2025-12-29T14:17:29Z</time>
        <extensions>
          <gpxtpx:TrackPointExtension>
            <gpxtpx:hr>126</gpxtpx:hr>
          </gpxtpx:TrackPointExtension>
        </extensions>
      </trkpt>
      <trkpt lat="22.39137871355865" lon="107.3684479805379">
        <ele>130.06161314528435</ele>
        <time>2025-12-29T14:17:30Z</time>
        <extensions>
          <gpxtpx:TrackPointExtension>
            <gpxtpx:hr>126</gpxtpx:hr>
          </gpxtpx:TrackPointExtension>
        </extensions>
      </trkpt>
      <trkpt lat="22.391378926983734" lon="107.3684604455468">
        <ele>130.03458091896027</ele>
        <time>2025-12-29T14:17:31Z</time>
        <extensions>
          <gpxtpx:TrackPointExtension>
            <gpxtpx:hr>126</gpxtpx:hr>
          </gpxtpx:TrackPointExtension>
        </extensions>
      </trkpt>
      <trkpt lat="22.391379333336165" lon="107.36847334857713">
        <ele>130.0089565217495</ele>
        <time>2025-12-29T14:17:32Z</time>
        <extensions>
          <gpxtpx:TrackPointExtension>
            <gpxtpx:hr>126</gpxtpx:hr>
          </gpxtpx:TrackPointExtension>
        </extensions>
      </trkpt>
      <trkpt lat="22.39137998850217" lon="107.36848586624185">
        <ele>129.9847658779472</ele>
        <time>2025-12-29T14:17:33Z</time>
        <extensions>
          <gpxtpx:TrackPointExtension>
            <gpxtpx:hr>126</gpxtpx:hr>
          </gpxtpx:TrackPointExtension>
        </extensions>
      </trkpt>
      <trkpt lat="22.391380664849304" lon="107.3684975539622">
        <ele>129.9619146026671</ele>
        <time>2025-12-29T14:17:34Z</time>
        <extensions>
          <gpxtpx:TrackPointExtension>
            <gpxtpx:hr>126</gpxtpx:hr>
          </gpxtpx:TrackPointExtension>
        </extensions>
      </trkpt>
      <trkpt lat="22.391381267039396" lon="107.36850816084788">
        <ele>129.94030663371086</ele>
        <time>2025-12-29T14:17:35Z</time>
        <extensions>
          <gpxtpx:TrackPointExtension>
            <gpxtpx:hr>126</gpxtpx:hr>
          </gpxtpx:TrackPointExtension>
        </extensions>
      </trkpt>
      <trkpt lat="22.39138254399057" lon="107.36851833008963">
        <ele>129.92001991532743</ele>
        <time>2025-12-29T14:17:36Z</time>
        <extensions>
          <gpxtpx:TrackPointExtension>
            <gpxtpx:hr>126</gpxtpx:hr>
          </gpxtpx:TrackPointExtension>
        </extensions>
      </trkpt>
      <trkpt lat="22.39138525136507" lon="107.36852846127393">
        <ele>129.90128292050213</ele>
        <time>2025-12-29T14:17:37Z</time>
        <extensions>
          <gpxtpx:TrackPointExtension>
            <gpxtpx:hr>125</gpxtpx:hr>
          </gpxtpx:TrackPointExtension>
        </extensions>
      </trkpt>
      <trkpt lat="22.3913891682551" lon="107.36853793457585">
        <ele>129.88456284347922</ele>
        <time>2025-12-29T14:17:38Z</time>
        <extensions>
          <gpxtpx:TrackPointExtension>
            <gpxtpx:hr>125</gpxtpx:hr>
          </gpxtpx:TrackPointExtension>
        </extensions>
      </trkpt>
      <trkpt lat="22.391393769857874" lon="107.36854648782999">
        <ele>129.87047345750034</ele>
        <time>2025-12-29T14:17:39Z</time>
        <extensions>
          <gpxtpx:TrackPointExtension>
            <gpxtpx:hr>125</gpxtpx:hr>
          </gpxtpx:TrackPointExtension>
        </extensions>
      </trkpt>
      <trkpt lat="22.391398666608687" lon="107.36855394424548">
        <ele>129.8595695057884</ele>
        <time>2025-12-29T14:17:40Z</time>
        <extensions>
          <gpxtpx:TrackPointExtension>
            <gpxtpx:hr>125</gpxtpx:hr>
          </gpxtpx:TrackPointExtension>
        </extensions>
      </trkpt>
      <trkpt lat="22.391403810079034" lon="107.36856012538388">
        <ele>129.85203484352678</ele>
        <time>2025-12-29T14:17:41Z</time>
        <extensions>
          <gpxtpx:TrackPointExtension>
            <gpxtpx:hr>125</gpxtpx:hr>
          </gpxtpx:TrackPointExtension>
        </extensions>
      </trkpt>
      <trkpt lat="22.39140945260222" lon="107.36856547334776">
        <ele>129.8478700518608</ele>
        <time>2025-12-29T14:17:42Z</time>
        <extensions>
          <gpxtpx:TrackPointExtension>
            <gpxtpx:hr>125</gpxtpx:hr>
          </gpxtpx:TrackPointExtension>
        </extensions>
      </trkpt>
      <trkpt lat="22.39141569979776" lon="107.36857023380654">
        <ele>129.84694206528366</ele>
        <time>2025-12-29T14:17:43Z</time>
        <extensions>
          <gpxtpx:TrackPointExtension>
            <gpxtpx:hr>126</gpxtpx:hr>
          </gpxtpx:TrackPointExtension>
        </extensions>
      </trkpt>
      <trkpt lat="22.391422559645402" lon="107.36857375082823">
        <ele>129.8488868419081</ele>
        <time>2025-12-29T14:17:44Z</time>
        <extensions>
          <gpxtpx:TrackPointExtension>
            <gpxtpx:hr>126</gpxtpx:hr>
          </gpxtpx:TrackPointExtension>
        </extensions>
      </trkpt>
      <trkpt lat="22.39143001154636" lon="107.36857646356293">
        <ele>129.8530282601714</ele>
        <time>2025-12-29T14:17:45Z</time>
        <extensions>
          <gpxtpx:TrackPointExtension>
            <gpxtpx:hr>126</gpxtpx:hr>
          </gpxtpx:TrackPointExtension>
        </extensions>
      </trkpt>
      <trkpt lat="22.391437938409492" lon="107.36857868452694">
        <ele>129.8586095990613</ele>
        <time>2025-12-29T14:17:46Z</time>
        <extensions>
          <gpxtpx:TrackPointExtension>
            <gpxtpx:hr>126</gpxtpx:hr>
          </gpxtpx:TrackPointExtension>
        </extensions>
      </trkpt>
      <trkpt lat="22.391446949913355" lon="107.3685796736956">
        <ele>129.86462652217597</ele>
        <time>2025-12-29T14:17:47Z</time>
        <extensions>
          <gpxtpx:TrackPointExtension>
            <gpxtpx:hr>126</gpxtpx:hr>
          </gpxtpx:TrackPointExtension>
        </extensions>
      </trkpt>
      <trkpt lat="22.391456845284093" lon="107.3685795739732">
        <ele>129.87034545466304</ele>
        <time>2025-12-29T14:17:48Z</time>
        <extensions>
          <gpxtpx:TrackPointExtension>
            <gpxtpx:hr>126</gpxtpx:hr>
          </gpxtpx:TrackPointExtension>
        </extensions>
      </trkpt>
      <trkpt lat="22.391467311712496" lon="107.36857878496147">
        <ele>129.875473969616</ele>
        <time>2025-12-29T14:17:49Z</time>
        <extensions>
          <gpxtpx:TrackPointExtension>
            <gpxtpx:hr>126</gpxtpx:hr>
          </gpxtpx:TrackPointExtension>
        </extensions>
      </trkpt>
      <trkpt lat="22.391478126053396" lon="107.36857786238946">
        <ele>129.88028979301453</ele>
        <time>2025-12-29T14:17:50Z</time>
        <extensions>
          <gpxtpx:TrackPointExtension>
            <gpxtpx:hr>126</gpxtpx:hr>
          </gpxtpx:TrackPointExtension>
        </extensions>
      </trkpt>
      <trkpt lat="22.391487717215668" lon="107.36857672853462">
        <ele>129.88545761350542</ele>
        <time>2025-12-29T14:17:51Z</time>
        <extensions>
          <gpxtpx:TrackPointExtension>
            <gpxtpx:hr>126</gpxtpx:hr>
          </gpxtpx:TrackPointExtension>
        </extensions>
      </trkpt>
      <trkpt lat="22.3914960933009" lon="107.36857487570654">
        <ele>129.89210946671665</ele>
        <time>2025-12-29T14:17:52Z</time>
        <extensions>
          <gpxtpx:TrackPointExtension>
            <gpxtpx:hr>126</gpxtpx:hr>
          </gpxtpx:TrackPointExtension>
        </extensions>
      </trkpt>
      <trkpt lat="22.39150428450672" lon="107.36857246721401">
        <ele>129.9013708755374</ele>
        <time>2025-12-29T14:17:53Z</time>
        <extensions>
          <gpxtpx:TrackPointExtension>
            <gpxtpx:hr>126</gpxtpx:hr>
          </gpxtpx:TrackPointExtension>
        </extensions>
      </trkpt>
      <trkpt lat="22.391512464308025" lon="107.36856988938479">
        <ele>129.91410654969513</ele>
        <time>2025-12-29T14:17:54Z</time>
        <extensions>
          <gpxtpx:TrackPointExtension>
            <gpxtpx:hr>126</gpxtpx:hr>
          </gpxtpx:TrackPointExtension>
        </extensions>
      </trkpt>
      <trkpt lat="22.391520720678123" lon="107.36856765472614">
        <ele>129.93088305555284</ele>
        <time>2025-12-29T14:17:55Z</time>
        <extensions>
          <gpxtpx:TrackPointExtension>
            <gpxtpx:hr>126</gpxtpx:hr>
          </gpxtpx:TrackPointExtension>
        </extensions>
      </trkpt>
      <trkpt lat="22.39152911279928" lon="107.36856569221227">
        <ele>129.95173339359462</ele>
        <time>2025-12-29T14:17:56Z</time>
        <extensions>
          <gpxtpx:TrackPointExtension>
            <gpxtpx:hr>126</gpxtpx:hr>
          </gpxtpx:TrackPointExtension>
        </extensions>
      </trkpt>
      <trkpt lat="22.391537741216286" lon="107.36856399915962">
        <ele>129.97609166894108</ele>
        <time>2025-12-29T14:17:57Z</time>
        <extensions>
          <gpxtpx:TrackPointExtension>
            <gpxtpx:hr>126</gpxtpx:hr>
          </gpxtpx:TrackPointExtension>
        </extensions>
      </trkpt>
      <trkpt lat="22.39154652324952" lon="107.36856280321592">
        <ele>130.00273833982646</ele>
        <time>2025-12-29T14:17:58Z</time>
        <extensions>
          <gpxtpx:TrackPointExtension>
            <gpxtpx:hr>128</gpxtpx:hr>
          </gpxtpx:TrackPointExtension>
        </extensions>
      </trkpt>
      <trkpt lat="22.391554955492424" lon="107.36856226082331">
        <ele>130.02997332066298</ele>
        <time>2025-12-29T14:17:59Z</time>
        <extensions>
          <gpxtpx:TrackPointExtension>
            <gpxtpx:hr>128</gpxtpx:hr>
          </gpxtpx:TrackPointExtension>
        </extensions>
      </trkpt>
      <trkpt lat="22.391563464793375" lon="107.36856225699208">
        <ele>130.05600977875292</ele>
        <time>2025-12-29T14:18:00Z</time>
        <extensions>
          <gpxtpx:TrackPointExtension>
            <gpxtpx:hr>128</gpxtpx:hr>
          </gpxtpx:TrackPointExtension>
        </extensions>
      </trkpt>
      <trkpt lat="22.391572800180516" lon="107.36856249840524">
        <ele>130.07937967404723</ele>
        <time>2025-12-29T14:18:01Z</time>
        <extensions>
          <gpxtpx:TrackPointExtension>
            <gpxtpx:hr>128</gpxtpx:hr>
          </gpxtpx:TrackPointExtension>
        </extensions>
      </trkpt>
      <trkpt lat="22.39158233556968" lon="107.36856283633954">
        <ele>130.09911107458174</ele>
        <time>2025-12-29T14:18:02Z</time>
        <extensions>
          <gpxtpx:TrackPointExtension>
            <gpxtpx:hr>129</gpxtpx:hr>
          </gpxtpx:TrackPointExtension>
        </extensions>
      </trkpt>
      <trkpt lat="22.391591505423474" lon="107.3685632180457">
        <ele>130.1147873327136</ele>
        <time>2025-12-29T14:18:03Z</time>
        <extensions>
          <gpxtpx:TrackPointExtension>
            <gpxtpx:hr>129</gpxtpx:hr>
          </gpxtpx:TrackPointExtension>
        </extensions>
      </trkpt>
      <trkpt lat="22.39160069840921" lon="107.36856352997653">
        <ele>130.126386734657</ele>
        <time>2025-12-29T14:18:04Z</time>
        <extensions>
          <gpxtpx:TrackPointExtension>
            <gpxtpx:hr>129</gpxtpx:hr>
          </gpxtpx:TrackPointExtension>
        </extensions>
      </trkpt>
      <trkpt lat="22.391609777464794" lon="107.36856363539282">
        <ele>130.13414475880563</ele>
        <time>2025-12-29T14:18:05Z</time>
        <extensions>
          <gpxtpx:TrackPointExtension>
            <gpxtpx:hr>129</gpxtpx:hr>
          </gpxtpx:TrackPointExtension>
        </extensions>
      </trkpt>
      <trkpt lat="22.3916187370716" lon="107.36856359008443">
        <ele>130.1385623468086</ele>
        <time>2025-12-29T14:18:06Z</time>
        <extensions>
          <gpxtpx:TrackPointExtension>
            <gpxtpx:hr>127</gpxtpx:hr>
          </gpxtpx:TrackPointExtension>
        </extensions>
      </trkpt>
      <trkpt lat="22.391628001988444" lon="107.3685634304904">
        <ele>130.14020254369825</ele>
        <time>2025-12-29T14:18:07Z</time>
        <extensions>
          <gpxtpx:TrackPointExtension>
            <gpxtpx:hr>127</gpxtpx:hr>
          </gpxtpx:TrackPointExtension>
        </extensions>
      </trkpt>
      <trkpt lat="22.39163729319675" lon="107.36856295900947">
        <ele>130.13960045110434</ele>
        <time>2025-12-29T14:18:08Z</time>
        <extensions>
          <gpxtpx:TrackPointExtension>
            <gpxtpx:hr>127</gpxtpx:hr>
          </gpxtpx:TrackPointExtension>
        </extensions>
      </trkpt>
      <trkpt lat="22.39164630464431" lon="107.36856197904598">
        <ele>130.13735112268478</ele>
        <time>2025-12-29T14:18:09Z</time>
        <extensions>
          <gpxtpx:TrackPointExtension>
            <gpxtpx:hr>127</gpxtpx:hr>
          </gpxtpx:TrackPointExtension>
        </extensions>
      </trkpt>
      <trkpt lat="22.391654860660978" lon="107.3685605687772">
        <ele>130.13401299342513</ele>
        <time>2025-12-29T14:18:10Z</time>
        <extensions>
          <gpxtpx:TrackPointExtension>
            <gpxtpx:hr>127</gpxtpx:hr>
          </gpxtpx:TrackPointExtension>
        </extensions>
      </trkpt>
      <trkpt lat="22.391663311541215" lon="107.36855869519343">
        <ele>130.12999097350985</ele>
        <time>2025-12-29T14:18:11Z</time>
        <extensions>
          <gpxtpx:TrackPointExtension>
            <gpxtpx:hr>127</gpxtpx:hr>
          </gpxtpx:TrackPointExtension>
        </extensions>
      </trkpt>
      <trkpt lat="22.39167208435842" lon="107.36855643607355">
        <ele>130.1256572138518</ele>
        <time>2025-12-29T14:18:12Z</time>
        <extensions>
          <gpxtpx:TrackPointExtension>
            <gpxtpx:hr>127</gpxtpx:hr>
          </gpxtpx:TrackPointExtension>
        </extensions>
      </trkpt>
      <trkpt lat="22.391680913372948" lon="107.36855391079654">
        <ele>130.12151819374412</ele>
        <time>2025-12-29T14:18:13Z</time>
        <extensions>
          <gpxtpx:TrackPointExtension>
            <gpxtpx:hr>126</gpxtpx:hr>
          </gpxtpx:TrackPointExtension>
        </extensions>
      </trkpt>
      <trkpt lat="22.391689511632705" lon="107.36855127867558">
        <ele>130.1180088100955</ele>
        <time>2025-12-29T14:18:14Z</time>
        <extensions>
          <gpxtpx:TrackPointExtension>
            <gpxtpx:hr>126</gpxtpx:hr>
          </gpxtpx:TrackPointExtension>
        </extensions>
      </trkpt>
      <trkpt lat="22.391698130636772" lon="107.36854890217158">
        <ele>130.1153924111277</ele>
        <time>2025-12-29T14:18:15Z</time>
        <extensions>
          <gpxtpx:TrackPointExtension>
            <gpxtpx:hr>126</gpxtpx:hr>
          </gpxtpx:TrackPointExtension>
        </extensions>
      </trkpt>
      <trkpt lat="22.391706533242346" lon="107.36854721150254">
        <ele>130.11382935661823</ele>
        <time>2025-12-29T14:18:16Z</time>
        <extensions>
          <gpxtpx:TrackPointExtension>
            <gpxtpx:hr>126</gpxtpx:hr>
          </gpxtpx:TrackPointExtension>
        </extensions>
      </trkpt>
      <trkpt lat="22.391715115808854" lon="107.36854617431753">
        <ele>130.11333622597158</ele>
        <time>2025-12-29T14:18:17Z</time>
        <extensions>
          <gpxtpx:TrackPointExtension>
            <gpxtpx:hr>127</gpxtpx:hr>
          </gpxtpx:TrackPointExtension>
        </extensions>
      </trkpt>
      <trkpt lat="22.391724551424968" lon="107.36854510813639">
        <ele>130.11364063434303</ele>
        <time>2025-12-29T14:18:18Z</time>
        <extensions>
          <gpxtpx:TrackPointExtension>
            <gpxtpx:hr>127</gpxtpx:hr>
          </gpxtpx:TrackPointExtension>
        </extensions>
      </trkpt>
      <trkpt lat="22.391734525310525" lon="107.36854359160361">
        <ele>130.11439847107977</ele>
        <time>2025-12-29T14:18:19Z</time>
        <extensions>
          <gpxtpx:TrackPointExtension>
            <gpxtpx:hr>127</gpxtpx:hr>
          </gpxtpx:TrackPointExtension>
        </extensions>
      </trkpt>
      <trkpt lat="22.391744797882982" lon="107.36854148218222">
        <ele>130.1153600011021</ele>
        <time>2025-12-29T14:18:20Z</time>
        <extensions>
          <gpxtpx:TrackPointExtension>
            <gpxtpx:hr>127</gpxtpx:hr>
          </gpxtpx:TrackPointExtension>
        </extensions>
      </trkpt>
      <trkpt lat="22.391755371183617" lon="107.36853894831751">
        <ele>130.11643747799098</ele>
        <time>2025-12-29T14:18:21Z</time>
        <extensions>
          <gpxtpx:TrackPointExtension>
            <gpxtpx:hr>127</gpxtpx:hr>
          </gpxtpx:TrackPointExtension>
        </extensions>
      </trkpt>
      <trkpt lat="22.39176621267815" lon="107.36853641906536">
        <ele>130.11771511100233</ele>
        <time>2025-12-29T14:18:22Z</time>
        <extensions>
          <gpxtpx:TrackPointExtension>
            <gpxtpx:hr>126</gpxtpx:hr>
          </gpxtpx:TrackPointExtension>
        </extensions>
      </trkpt>
      <trkpt lat="22.3917771734263" lon="107.36853411688766">
        <ele>130.11968270875514</ele>
        <time>2025-12-29T14:18:23Z</time>
        <extensions>
          <gpxtpx:TrackPointExtension>
            <gpxtpx:hr>126</gpxtpx:hr>
          </gpxtpx:TrackPointExtension>
        </extensions>
      </trkpt>
      <trkpt lat="22.391788145106926" lon="107.3685320782261">
        <ele>130.1227799989283</ele>
        <time>2025-12-29T14:18:24Z</time>
        <extensions>
          <gpxtpx:TrackPointExtension>
            <gpxtpx:hr>126</gpxtpx:hr>
          </gpxtpx:TrackPointExtension>
        </extensions>
      </trkpt>
      <trkpt lat="22.39179904073795" lon="107.3685303220249">
        <ele>130.1273092124611</ele>
        <time>2025-12-29T14:18:25Z</time>
        <extensions>
          <gpxtpx:TrackPointExtension>
            <gpxtpx:hr>126</gpxtpx:hr>
          </gpxtpx:TrackPointExtension>
        </extensions>
      </trkpt>
      <trkpt lat="22.391809859489527" lon="107.36852902239754">
        <ele>130.1331823123619</ele>
        <time>2025-12-29T14:18:26Z</time>
        <extensions>
          <gpxtpx:TrackPointExtension>
            <gpxtpx:hr>126</gpxtpx:hr>
          </gpxtpx:TrackPointExtension>
        </extensions>
      </trkpt>
      <trkpt lat="22.391820748742944" lon="107.36852850106823">
        <ele>130.1398845128715</ele>
        <time>2025-12-29T14:18:27Z</time>
        <extensions>
          <gpxtpx:TrackPointExtension>
            <gpxtpx:hr>126</gpxtpx:hr>
          </gpxtpx:TrackPointExtension>
        </extensions>
      </trkpt>
      <trkpt lat="22.391832202182567" lon="107.36852874052327">
        <ele>130.1465102089569</ele>
        <time>2025-12-29T14:18:28Z</time>
        <extensions>
          <gpxtpx:TrackPointExtension>
            <gpxtpx:hr>126</gpxtpx:hr>
          </gpxtpx:TrackPointExtension>
        </extensions>
      </trkpt>
      <trkpt lat="22.391844472766582" lon="107.36852963925257">
        <ele>130.15196723025292</ele>
        <time>2025-12-29T14:18:29Z</time>
        <extensions>
          <gpxtpx:TrackPointExtension>
            <gpxtpx:hr>126</gpxtpx:hr>
          </gpxtpx:TrackPointExtension>
        </extensions>
      </trkpt>
      <trkpt lat="22.391856528861872" lon="107.36853121914177">
        <ele>130.15526605211198</ele>
        <time>2025-12-29T14:18:30Z</time>
        <extensions>
          <gpxtpx:TrackPointExtension>
            <gpxtpx:hr>126</gpxtpx:hr>
          </gpxtpx:TrackPointExtension>
        </extensions>
      </trkpt>
      <trkpt lat="22.391867643147567" lon="107.36853320729581">
        <ele>130.15571993775666</ele>
        <time>2025-12-29T14:18:31Z</time>
        <extensions>
          <gpxtpx:TrackPointExtension>
            <gpxtpx:hr>127</gpxtpx:hr>
          </gpxtpx:TrackPointExtension>
        </extensions>
      </trkpt>
      <trkpt lat="22.39187823727147" lon="107.36853530051488">
        <ele>130.15266303997487</ele>
        <time>2025-12-29T14:18:32Z</time>
        <extensions>
          <gpxtpx:TrackPointExtension>
            <gpxtpx:hr>127</gpxtpx:hr>
          </gpxtpx:TrackPointExtension>
        </extensions>
      </trkpt>
      <trkpt lat="22.39188862263393" lon="107.3685373686493">
        <ele>130.1456658858806</ele>
        <time>2025-12-29T14:18:33Z</time>
        <extensions>
          <gpxtpx:TrackPointExtension>
            <gpxtpx:hr>127</gpxtpx:hr>
          </gpxtpx:TrackPointExtension>
        </extensions>
      </trkpt>
      <trkpt lat="22.391898705604117" lon="107.36853923647308">
        <ele>130.13491403032094</ele>
        <time>2025-12-29T14:18:34Z</time>
        <extensions>
          <gpxtpx:TrackPointExtension>
            <gpxtpx:hr>127</gpxtpx:hr>
          </gpxtpx:TrackPointExtension>
        </extensions>
      </trkpt>
      <trkpt lat="22.391908634527525" lon="107.36854083178132">
        <ele>130.12082357238978</ele>
        <time>2025-12-29T14:18:35Z</time>
        <extensions>
          <gpxtpx:TrackPointExtension>
            <gpxtpx:hr>127</gpxtpx:hr>
          </gpxtpx:TrackPointExtension>
        </extensions>
      </trkpt>
      <trkpt lat="22.39191857571612" lon="107.36854229409141">
        <ele>130.1036405339837</ele>
        <time>2025-12-29T14:18:36Z</time>
        <extensions>
          <gpxtpx:TrackPointExtension>
            <gpxtpx:hr>127</gpxtpx:hr>
          </gpxtpx:TrackPointExtension>
        </extensions>
      </trkpt>
      <trkpt lat="22.391928580036762" lon="107.36854406369622">
        <ele>130.08392432983965</ele>
        <time>2025-12-29T14:18:37Z</time>
        <extensions>
          <gpxtpx:TrackPointExtension>
            <gpxtpx:hr>128</gpxtpx:hr>
          </gpxtpx:TrackPointExtension>
        </extensions>
      </trkpt>
      <trkpt lat="22.391938792343574" lon="107.36854624834888">
        <ele>130.06225717067719</ele>
        <time>2025-12-29T14:18:38Z</time>
        <extensions>
          <gpxtpx:TrackPointExtension>
            <gpxtpx:hr>128</gpxtpx:hr>
          </gpxtpx:TrackPointExtension>
        </extensions>
      </trkpt>
      <trkpt lat="22.39194917870568" lon="107.36854876646295">
        <ele>130.03915304969996</ele>
        <time>2025-12-29T14:18:39Z</time>
        <extensions>
          <gpxtpx:TrackPointExtension>
            <gpxtpx:hr>128</gpxtpx:hr>
          </gpxtpx:TrackPointExtension>
        </extensions>
      </trkpt>
      <trkpt lat="22.39195987390853" lon="107.3685516525856">
        <ele>130.015302577056</ele>
        <time>2025-12-29T14:18:40Z</time>
        <extensions>
          <gpxtpx:TrackPointExtension>
            <gpxtpx:hr>128</gpxtpx:hr>
          </gpxtpx:TrackPointExtension>
        </extensions>
      </trkpt>
      <trkpt lat="22.391970760156656" lon="107.36855454497483">
        <ele>129.99190102797002</ele>
        <time>2025-12-29T14:18:41Z</time>
        <extensions>
          <gpxtpx:TrackPointExtension>
            <gpxtpx:hr>128</gpxtpx:hr>
          </gpxtpx:TrackPointExtension>
        </extensions>
      </trkpt>
      <trkpt lat="22.39198140585862" lon="107.36855714509815">
        <ele>129.97065876889974</ele>
        <time>2025-12-29T14:18:42Z</time>
        <extensions>
          <gpxtpx:TrackPointExtension>
            <gpxtpx:hr>127</gpxtpx:hr>
          </gpxtpx:TrackPointExtension>
        </extensions>
      </trkpt>
      <trkpt lat="22.3919918012053" lon="107.36855919012126">
        <ele>129.9533034907654</ele>
        <time>2025-12-29T14:18:43Z</time>
        <extensions>
          <gpxtpx:TrackPointExtension>
            <gpxtpx:hr>127</gpxtpx:hr>
          </gpxtpx:TrackPointExtension>
        </extensions>
      </trkpt>
      <trkpt lat="22.392002031049973" lon="107.36856040226587">
        <ele>129.9410384874791</ele>
        <time>2025-12-29T14:18:44Z</time>
        <extensions>
          <gpxtpx:TrackPointExtension>
            <gpxtpx:hr>127</gpxtpx:hr>
          </gpxtpx:TrackPointExtension>
        </extensions>
      </trkpt>
      <trkpt lat="22.392011801228254" lon="107.36856117748283">
        <ele>129.93429367337376</ele>
        <time>2025-12-29T14:18:45Z</time>
        <extensions>
          <gpxtpx:TrackPointExtension>
            <gpxtpx:hr>127</gpxtpx:hr>
          </gpxtpx:TrackPointExtension>
        </extensions>
      </trkpt>
      <trkpt lat="22.392020983828857" lon="107.36856182614274">
        <ele>129.9327131640166</ele>
        <time>2025-12-29T14:18:46Z</time>
        <extensions>
          <gpxtpx:TrackPointExtension>
            <gpxtpx:hr>126</gpxtpx:hr>
          </gpxtpx:TrackPointExtension>
        </extensions>
      </trkpt>
      <trkpt lat="22.392029759334545" lon="107.36856223487152">
        <ele>129.935141175054</ele>
        <time>2025-12-29T14:18:47Z</time>
        <extensions>
          <gpxtpx:TrackPointExtension>
            <gpxtpx:hr>126</gpxtpx:hr>
          </gpxtpx:TrackPointExtension>
        </extensions>
      </trkpt>
      <trkpt lat="22.39203847239944" lon="107.36856207534075">
        <ele>129.9402566254139</ele>
        <time>2025-12-29T14:18:48Z</time>
        <extensions>
          <gpxtpx:TrackPointExtension>
            <gpxtpx:hr>126</gpxtpx:hr>
          </gpxtpx:TrackPointExtension>
        </extensions>
      </trkpt>
      <trkpt lat="22.39204758945164" lon="107.3685611932641">
        <ele>129.94684350583702</ele>
        <time>2025-12-29T14:18:49Z</time>
        <extensions>
          <gpxtpx:TrackPointExtension>
            <gpxtpx:hr>126</gpxtpx:hr>
          </gpxtpx:TrackPointExtension>
        </extensions>
      </trkpt>
      <trkpt lat="22.392057481387905" lon="107.36855991501365">
        <ele>129.9536884110421</ele>
        <time>2025-12-29T14:18:50Z</time>
        <extensions>
          <gpxtpx:TrackPointExtension>
            <gpxtpx:hr>126</gpxtpx:hr>
          </gpxtpx:TrackPointExtension>
        </extensions>
      </trkpt>
      <trkpt lat="22.392068816681203" lon="107.36855860619245">
        <ele>129.95984325557947</ele>
        <time>2025-12-29T14:18:51Z</time>
        <extensions>
          <gpxtpx:TrackPointExtension>
            <gpxtpx:hr>126</gpxtpx:hr>
          </gpxtpx:TrackPointExtension>
        </extensions>
      </trkpt>
      <trkpt lat="22.39208108025313" lon="107.36855697484009">
        <ele>129.96429096534848</ele>
        <time>2025-12-29T14:18:52Z</time>
        <extensions>
          <gpxtpx:TrackPointExtension>
            <gpxtpx:hr>126</gpxtpx:hr>
          </gpxtpx:TrackPointExtension>
        </extensions>
      </trkpt>
      <trkpt lat="22.39209277117385" lon="107.36855429687567">
        <ele>129.9658954758197</ele>
        <time>2025-12-29T14:18:53Z</time>
        <extensions>
          <gpxtpx:TrackPointExtension>
            <gpxtpx:hr>126</gpxtpx:hr>
          </gpxtpx:TrackPointExtension>
        </extensions>
      </trkpt>
      <trkpt lat="22.392103907230826" lon="107.36855137353704">
        <ele>129.9634776385501</ele>
        <time>2025-12-29T14:18:54Z</time>
        <extensions>
          <gpxtpx:TrackPointExtension>
            <gpxtpx:hr>126</gpxtpx:hr>
          </gpxtpx:TrackPointExtension>
        </extensions>
      </trkpt>
      <trkpt lat="22.392115287722074" lon="107.36854974913544">
        <ele>129.9562301626429</ele>
        <time>2025-12-29T14:18:55Z</time>
        <extensions>
          <gpxtpx:TrackPointExtension>
            <gpxtpx:hr>126</gpxtpx:hr>
          </gpxtpx:TrackPointExtension>
        </extensions>
      </trkpt>
      <trkpt lat="22.392126247253724" lon="107.36855000280812">
        <ele>129.943414834328</ele>
        <time>2025-12-29T14:18:56Z</time>
        <extensions>
          <gpxtpx:TrackPointExtension>
            <gpxtpx:hr>126</gpxtpx:hr>
          </gpxtpx:TrackPointExtension>
        </extensions>
      </trkpt>
      <trkpt lat="22.392135466824026" lon="107.36855160721181">
        <ele>129.9245704524219</ele>
        <time>2025-12-29T14:18:57Z</time>
        <extensions>
          <gpxtpx:TrackPointExtension>
            <gpxtpx:hr>126</gpxtpx:hr>
          </gpxtpx:TrackPointExtension>
        </extensions>
      </trkpt>
      <trkpt lat="22.392143103278638" lon="107.36855352362328">
        <ele>129.89969302527606</ele>
        <time>2025-12-29T14:18:58Z</time>
        <extensions>
          <gpxtpx:TrackPointExtension>
            <gpxtpx:hr>126</gpxtpx:hr>
          </gpxtpx:TrackPointExtension>
        </extensions>
      </trkpt>
      <trkpt lat="22.392150819373096" lon="107.36855562047003">
        <ele>129.86944137793034</ele>
        <time>2025-12-29T14:18:59Z</time>
        <extensions>
          <gpxtpx:TrackPointExtension>
            <gpxtpx:hr>126</gpxtpx:hr>
          </gpxtpx:TrackPointExtension>
        </extensions>
      </trkpt>
      <trkpt lat="22.39215936277679" lon="107.36855777806161">
        <ele>129.83530073799193</ele>
        <time>2025-12-29T14:19:00Z</time>
        <extensions>
          <gpxtpx:TrackPointExtension>
            <gpxtpx:hr>125</gpxtpx:hr>
          </gpxtpx:TrackPointExtension>
        </extensions>
      </trkpt>
      <trkpt lat="22.392169079464225" lon="107.368559740328">
        <ele>129.79927582852542</ele>
        <time>2025-12-29T14:19:01Z</time>
        <extensions>
          <gpxtpx:TrackPointExtension>
            <gpxtpx:hr>125</gpxtpx:hr>
          </gpxtpx:TrackPointExtension>
        </extensions>
      </trkpt>
      <trkpt lat="22.392179776105" lon="107.36856161232876">
        <ele>129.76358826551586</ele>
        <time>2025-12-29T14:19:02Z</time>
        <extensions>
          <gpxtpx:TrackPointExtension>
            <gpxtpx:hr>125</gpxtpx:hr>
          </gpxtpx:TrackPointExtension>
        </extensions>
      </trkpt>
      <trkpt lat="22.39219063829894" lon="107.36856347809491">
        <ele>129.73025733884424</ele>
        <time>2025-12-29T14:19:03Z</time>
        <extensions>
          <gpxtpx:TrackPointExtension>
            <gpxtpx:hr>125</gpxtpx:hr>
          </gpxtpx:TrackPointExtension>
        </extensions>
      </trkpt>
      <trkpt lat="22.392201542036773" lon="107.36856533605734">
        <ele>129.70054033305496</ele>
        <time>2025-12-29T14:19:04Z</time>
        <extensions>
          <gpxtpx:TrackPointExtension>
            <gpxtpx:hr>125</gpxtpx:hr>
          </gpxtpx:TrackPointExtension>
        </extensions>
      </trkpt>
      <trkpt lat="22.39221257047734" lon="107.36856693313945">
        <ele>129.6754661789164</ele>
        <time>2025-12-29T14:19:05Z</time>
        <extensions>
          <gpxtpx:TrackPointExtension>
            <gpxtpx:hr>125</gpxtpx:hr>
          </gpxtpx:TrackPointExtension>
        </extensions>
      </trkpt>
      <trkpt lat="22.39222332629089" lon="107.36856799151383">
        <ele>129.6555684665218</ele>
        <time>2025-12-29T14:19:06Z</time>
        <extensions>
          <gpxtpx:TrackPointExtension>
            <gpxtpx:hr>125</gpxtpx:hr>
          </gpxtpx:TrackPointExtension>
        </extensions>
      </trkpt>
      <trkpt lat="22.392233192914365" lon="107.36856858063753">
        <ele>129.64107229560614</ele>
        <time>2025-12-29T14:19:07Z</time>
        <extensions>
          <gpxtpx:TrackPointExtension>
            <gpxtpx:hr>125</gpxtpx:hr>
          </gpxtpx:TrackPointExtension>
        </extensions>
      </trkpt>
      <trkpt lat="22.39224236010691" lon="107.36856874090451">
        <ele>129.6320502301678</ele>
        <time>2025-12-29T14:19:08Z</time>
        <extensions>
          <gpxtpx:TrackPointExtension>
            <gpxtpx:hr>125</gpxtpx:hr>
          </gpxtpx:TrackPointExtension>
        </extensions>
      </trkpt>
      <trkpt lat="22.392251703920135" lon="107.36856862881363">
        <ele>129.62908862810582</ele>
        <time>2025-12-29T14:19:09Z</time>
        <extensions>
          <gpxtpx:TrackPointExtension>
            <gpxtpx:hr>125</gpxtpx:hr>
          </gpxtpx:TrackPointExtension>
        </extensions>
      </trkpt>
      <trkpt lat="22.392261886925763" lon="107.3685683611162">
        <ele>129.63160373922437</ele>
        <time>2025-12-29T14:19:10Z</time>
        <extensions>
          <gpxtpx:TrackPointExtension>
            <gpxtpx:hr>127</gpxtpx:hr>
          </gpxtpx:TrackPointExtension>
        </extensions>
      </trkpt>
      <trkpt lat="22.392272939652184" lon="107.36856774940348">
        <ele>129.63894435204566</ele>
        <time>2025-12-29T14:19:11Z</time>
        <extensions>
          <gpxtpx:TrackPointExtension>
            <gpxtpx:hr>127</gpxtpx:hr>
          </gpxtpx:TrackPointExtension>
        </extensions>
      </trkpt>
      <trkpt lat="22.39228424945332" lon="107.36856694210385">
        <ele>129.65035334788263</ele>
        <time>2025-12-29T14:19:12Z</time>
        <extensions>
          <gpxtpx:TrackPointExtension>
            <gpxtpx:hr>127</gpxtpx:hr>
          </gpxtpx:TrackPointExtension>
        </extensions>
      </trkpt>
      <trkpt lat="22.39229533122531" lon="107.3685659467503">
        <ele>129.66480203159153</ele>
        <time>2025-12-29T14:19:13Z</time>
        <extensions>
          <gpxtpx:TrackPointExtension>
            <gpxtpx:hr>127</gpxtpx:hr>
          </gpxtpx:TrackPointExtension>
        </extensions>
      </trkpt>
      <trkpt lat="22.39230575986327" lon="107.3685646149328">
        <ele>129.68042084947228</ele>
        <time>2025-12-29T14:19:14Z</time>
        <extensions>
          <gpxtpx:TrackPointExtension>
            <gpxtpx:hr>127</gpxtpx:hr>
          </gpxtpx:TrackPointExtension>
        </extensions>
      </trkpt>
      <trkpt lat="22.392315641493415" lon="107.36856273404939">
        <ele>129.69491518102586</ele>
        <time>2025-12-29T14:19:15Z</time>
        <extensions>
          <gpxtpx:TrackPointExtension>
            <gpxtpx:hr>127</gpxtpx:hr>
          </gpxtpx:TrackPointExtension>
        </extensions>
      </trkpt>
      <trkpt lat="22.392325606962128" lon="107.3685601808657">
        <ele>129.7055889647454</ele>
        <time>2025-12-29T14:19:16Z</time>
        <extensions>
          <gpxtpx:TrackPointExtension>
            <gpxtpx:hr>127</gpxtpx:hr>
          </gpxtpx:TrackPointExtension>
        </extensions>
      </trkpt>
      <trkpt lat="22.392335946172047" lon="107.36855729589196">
        <ele>129.70987873058766</ele>
        <time>2025-12-29T14:19:17Z</time>
        <extensions>
          <gpxtpx:TrackPointExtension>
            <gpxtpx:hr>127</gpxtpx:hr>
          </gpxtpx:TrackPointExtension>
        </extensions>
      </trkpt>
      <trkpt lat="22.39234643328344" lon="107.36855479563992">
        <ele>129.705957043916</ele>
        <time>2025-12-29T14:19:18Z</time>
        <extensions>
          <gpxtpx:TrackPointExtension>
            <gpxtpx:hr>127</gpxtpx:hr>
          </gpxtpx:TrackPointExtension>
        </extensions>
      </trkpt>
      <trkpt lat="22.392356404319493" lon="107.368553207429">
        <ele>129.69330536201596</ele>
        <time>2025-12-29T14:19:19Z</time>
        <extensions>
          <gpxtpx:TrackPointExtension>
            <gpxtpx:hr>127</gpxtpx:hr>
          </gpxtpx:TrackPointExtension>
        </extensions>
      </trkpt>
      <trkpt lat="22.39236611209417" lon="107.36855212863337">
        <ele>129.67312627192587</ele>
        <time>2025-12-29T14:19:20Z</time>
        <extensions>
          <gpxtpx:TrackPointExtension>
            <gpxtpx:hr>127</gpxtpx:hr>
          </gpxtpx:TrackPointExtension>
        </extensions>
      </trkpt>
      <trkpt lat="22.39237599312801" lon="107.36855074947957">
        <ele>129.64778727199882</ele>
        <time>2025-12-29T14:19:21Z</time>
        <extensions>
          <gpxtpx:TrackPointExtension>
            <gpxtpx:hr>127</gpxtpx:hr>
          </gpxtpx:TrackPointExtension>
        </extensions>
      </trkpt>
      <trkpt lat="22.392385984153183" lon="107.36854907686215">
        <ele>129.6200031572953</ele>
        <time>2025-12-29T14:19:22Z</time>
        <extensions>
          <gpxtpx:TrackPointExtension>
            <gpxtpx:hr>123</gpxtpx:hr>
          </gpxtpx:TrackPointExtension>
        </extensions>
      </trkpt>
      <trkpt lat="22.39239588953116" lon="107.36854771499264">
        <ele>129.59232580661774</ele>
        <time>2025-12-29T14:19:23Z</time>
        <extensions>
          <gpxtpx:TrackPointExtension>
            <gpxtpx:hr>123</gpxtpx:hr>
          </gpxtpx:TrackPointExtension>
        </extensions>
      </trkpt>
      <trkpt lat="22.392406355195355" lon="107.36854668398766">
        <ele>129.56670601200312</ele>
        <time>2025-12-29T14:19:24Z</time>
        <extensions>
          <gpxtpx:TrackPointExtension>
            <gpxtpx:hr>123</gpxtpx:hr>
          </gpxtpx:TrackPointExtension>
        </extensions>
      </trkpt>
      <trkpt lat="22.392417151304166" lon="107.36854588754497">
        <ele>129.54438753705472</ele>
        <time>2025-12-29T14:19:25Z</time>
        <extensions>
          <gpxtpx:TrackPointExtension>
            <gpxtpx:hr>123</gpxtpx:hr>
          </gpxtpx:TrackPointExtension>
        </extensions>
      </trkpt>
      <trkpt lat="22.392427552923408" lon="107.36854519281022">
        <ele>129.52598679903895</ele>
        <time>2025-12-29T14:19:26Z</time>
        <extensions>
          <gpxtpx:TrackPointExtension>
            <gpxtpx:hr>123</gpxtpx:hr>
          </gpxtpx:TrackPointExtension>
        </extensions>
      </trkpt>
      <trkpt lat="22.39243786696381" lon="107.36854427406452">
        <ele>129.51167253032327</ele>
        <time>2025-12-29T14:19:27Z</time>
        <extensions>
          <gpxtpx:TrackPointExtension>
            <gpxtpx:hr>123</gpxtpx:hr>
          </gpxtpx:TrackPointExtension>
        </extensions>
      </trkpt>
      <trkpt lat="22.39244837429717" lon="107.36854314988125">
        <ele>129.5013284496963</ele>
        <time>2025-12-29T14:19:28Z</time>
        <extensions>
          <gpxtpx:TrackPointExtension>
            <gpxtpx:hr>123</gpxtpx:hr>
          </gpxtpx:TrackPointExtension>
        </extensions>
      </trkpt>
      <trkpt lat="22.39245925614486" lon="107.36854224563137">
        <ele>129.4947552504018</ele>
        <time>2025-12-29T14:19:29Z</time>
        <extensions>
          <gpxtpx:TrackPointExtension>
            <gpxtpx:hr>123</gpxtpx:hr>
          </gpxtpx:TrackPointExtension>
        </extensions>
      </trkpt>
      <trkpt lat="22.392470106320808" lon="107.36854186930388">
        <ele>129.49156868830323</ele>
        <time>2025-12-29T14:19:30Z</time>
        <extensions>
          <gpxtpx:TrackPointExtension>
            <gpxtpx:hr>123</gpxtpx:hr>
          </gpxtpx:TrackPointExtension>
        </extensions>
      </trkpt>
      <trkpt lat="22.392481114573584" lon="107.36854185449786">
        <ele>129.4912461573258</ele>
        <time>2025-12-29T14:19:31Z</time>
        <extensions>
          <gpxtpx:TrackPointExtension>
            <gpxtpx:hr>124</gpxtpx:hr>
          </gpxtpx:TrackPointExtension>
        </extensions>
      </trkpt>
      <trkpt lat="22.392492546994863" lon="107.368542416199">
        <ele>129.4933037981391</ele>
        <time>2025-12-29T14:19:32Z</time>
        <extensions>
          <gpxtpx:TrackPointExtension>
            <gpxtpx:hr>124</gpxtpx:hr>
          </gpxtpx:TrackPointExtension>
        </extensions>
      </trkpt>
      <trkpt lat="22.39250406849133" lon="107.36854392771221">
        <ele>129.4971071332693</ele>
        <time>2025-12-29T14:19:33Z</time>
        <extensions>
          <gpxtpx:TrackPointExtension>
            <gpxtpx:hr>124</gpxtpx:hr>
          </gpxtpx:TrackPointExtension>
        </extensions>
      </trkpt>
      <trkpt lat="22.39251518979655" lon="107.36854588860707">
        <ele>129.50190526340157</ele>
        <time>2025-12-29T14:19:34Z</time>
        <extensions>
          <gpxtpx:TrackPointExtension>
            <gpxtpx:hr>124</gpxtpx:hr>
          </gpxtpx:TrackPointExtension>
        </extensions>
      </trkpt>
      <trkpt lat="22.392525849653694" lon="107.36854823800026">
        <ele>129.50687431078404</ele>
        <time>2025-12-29T14:19:35Z</time>
        <extensions>
          <gpxtpx:TrackPointExtension>
            <gpxtpx:hr>124</gpxtpx:hr>
          </gpxtpx:TrackPointExtension>
        </extensions>
      </trkpt>
      <trkpt lat="22.392536484288588" lon="107.36855113433457">
        <ele>129.51118831615895</ele>
        <time>2025-12-29T14:19:36Z</time>
        <extensions>
          <gpxtpx:TrackPointExtension>
            <gpxtpx:hr>124</gpxtpx:hr>
          </gpxtpx:TrackPointExtension>
        </extensions>
      </trkpt>
      <trkpt lat="22.392547480391656" lon="107.36855428339156">
        <ele>129.5138725694269</ele>
        <time>2025-12-29T14:19:37Z</time>
        <extensions>
          <gpxtpx:TrackPointExtension>
            <gpxtpx:hr>123</gpxtpx:hr>
          </gpxtpx:TrackPointExtension>
        </extensions>
      </trkpt>
      <trkpt lat="22.392558859576788" lon="107.36855728304398">
        <ele>129.51435979176313</ele>
        <time>2025-12-29T14:19:38Z</time>
        <extensions>
          <gpxtpx:TrackPointExtension>
            <gpxtpx:hr>123</gpxtpx:hr>
          </gpxtpx:TrackPointExtension>
        </extensions>
      </trkpt>
      <trkpt lat="22.392570477114575" lon="107.36855980741983">
        <ele>129.51245847158134</ele>
        <time>2025-12-29T14:19:39Z</time>
        <extensions>
          <gpxtpx:TrackPointExtension>
            <gpxtpx:hr>123</gpxtpx:hr>
          </gpxtpx:TrackPointExtension>
        </extensions>
      </trkpt>
      <trkpt lat="22.392581901711623" lon="107.36856191910148">
        <ele>129.50835572183132</ele>
        <time>2025-12-29T14:19:40Z</time>
        <extensions>
          <gpxtpx:TrackPointExtension>
            <gpxtpx:hr>123</gpxtpx:hr>
          </gpxtpx:TrackPointExtension>
        </extensions>
      </trkpt>
      <trkpt lat="22.392592734230018" lon="107.36856385982624">
        <ele>129.50238673947752</ele>
        <time>2025-12-29T14:19:41Z</time>
        <extensions>
          <gpxtpx:TrackPointExtension>
            <gpxtpx:hr>123</gpxtpx:hr>
          </gpxtpx:TrackPointExtension>
        </extensions>
      </trkpt>
      <trkpt lat="22.39260315451973" lon="107.36856576581378">
        <ele>129.49540283344686</ele>
        <time>2025-12-29T14:19:42Z</time>
        <extensions>
          <gpxtpx:TrackPointExtension>
            <gpxtpx:hr>123</gpxtpx:hr>
          </gpxtpx:TrackPointExtension>
        </extensions>
      </trkpt>
      <trkpt lat="22.392613634033747" lon="107.3685680501116">
        <ele>129.4880685210228</ele>
        <time>2025-12-29T14:19:43Z</time>
        <extensions>
          <gpxtpx:TrackPointExtension>
            <gpxtpx:hr>124</gpxtpx:hr>
          </gpxtpx:TrackPointExtension>
        </extensions>
      </trkpt>
      <trkpt lat="22.39262433301713" lon="107.36857104634107">
        <ele>129.48080901894718</ele>
        <time>2025-12-29T14:19:44Z</time>
        <extensions>
          <gpxtpx:TrackPointExtension>
            <gpxtpx:hr>124</gpxtpx:hr>
          </gpxtpx:TrackPointExtension>
        </extensions>
      </trkpt>
      <trkpt lat="22.392634504938847" lon="107.36857507362093">
        <ele>129.4736594837159</ele>
        <time>2025-12-29T14:19:45Z</time>
        <extensions>
          <gpxtpx:TrackPointExtension>
            <gpxtpx:hr>124</gpxtpx:hr>
          </gpxtpx:TrackPointExtension>
        </extensions>
      </trkpt>
      <trkpt lat="22.392643188797962" lon="107.36858103970512">
        <ele>129.46654885448515</ele>
        <time>2025-12-29T14:19:46Z</time>
        <extensions>
          <gpxtpx:TrackPointExtension>
            <gpxtpx:hr>124</gpxtpx:hr>
          </gpxtpx:TrackPointExtension>
        </extensions>
      </trkpt>
      <trkpt lat="22.39264968585073" lon="107.36858930818504">
        <ele>129.45886342134327</ele>
        <time>2025-12-29T14:19:47Z</time>
        <extensions>
          <gpxtpx:TrackPointExtension>
            <gpxtpx:hr>124</gpxtpx:hr>
          </gpxtpx:TrackPointExtension>
        </extensions>
      </trkpt>
      <trkpt lat="22.392653819043684" lon="107.36859957941603">
        <ele>129.44944880902767</ele>
        <time>2025-12-29T14:19:48Z</time>
        <extensions>
          <gpxtpx:TrackPointExtension>
            <gpxtpx:hr>124</gpxtpx:hr>
          </gpxtpx:TrackPointExtension>
        </extensions>
      </trkpt>
      <trkpt lat="22.39265632607856" lon="107.36861103404088">
        <ele>129.4370108898729</ele>
        <time>2025-12-29T14:19:49Z</time>
        <extensions>
          <gpxtpx:TrackPointExtension>
            <gpxtpx:hr>124</gpxtpx:hr>
          </gpxtpx:TrackPointExtension>
        </extensions>
      </trkpt>
      <trkpt lat="22.392658673565116" lon="107.36862340768144">
        <ele>129.42062520235777</ele>
        <time>2025-12-29T14:19:50Z</time>
        <extensions>
          <gpxtpx:TrackPointExtension>
            <gpxtpx:hr>124</gpxtpx:hr>
          </gpxtpx:TrackPointExtension>
        </extensions>
      </trkpt>
      <trkpt lat="22.392661747234555" lon="107.36863667449525">
        <ele>129.4002436203882</ele>
        <time>2025-12-29T14:19:51Z</time>
        <extensions>
          <gpxtpx:TrackPointExtension>
            <gpxtpx:hr>124</gpxtpx:hr>
          </gpxtpx:TrackPointExtension>
        </extensions>
      </trkpt>
      <trkpt lat="22.392665256193336" lon="107.36865007093259">
        <ele>129.37663153279573</ele>
        <time>2025-12-29T14:19:52Z</time>
        <extensions>
          <gpxtpx:TrackPointExtension>
            <gpxtpx:hr>126</gpxtpx:hr>
          </gpxtpx:TrackPointExtension>
        </extensions>
      </trkpt>
      <trkpt lat="22.392668300448538" lon="107.36866268352185">
        <ele>129.35121769551188</ele>
        <time>2025-12-29T14:19:53Z</time>
        <extensions>
          <gpxtpx:TrackPointExtension>
            <gpxtpx:hr>126</gpxtpx:hr>
          </gpxtpx:TrackPointExtension>
        </extensions>
      </trkpt>
      <trkpt lat="22.39267051715538" lon="107.36867528247338">
        <ele>129.32567086722702</ele>
        <time>2025-12-29T14:19:54Z</time>
        <extensions>
          <gpxtpx:TrackPointExtension>
            <gpxtpx:hr>126</gpxtpx:hr>
          </gpxtpx:TrackPointExtension>
        </extensions>
      </trkpt>
      <trkpt lat="22.39267231613784" lon="107.36868853561087">
        <ele>129.30133342836052</ele>
        <time>2025-12-29T14:19:55Z</time>
        <extensions>
          <gpxtpx:TrackPointExtension>
            <gpxtpx:hr>126</gpxtpx:hr>
          </gpxtpx:TrackPointExtension>
        </extensions>
      </trkpt>
      <trkpt lat="22.392673568868005" lon="107.36870194773006">
        <ele>129.27900788281113</ele>
        <time>2025-12-29T14:19:56Z</time>
        <extensions>
          <gpxtpx:TrackPointExtension>
            <gpxtpx:hr>126</gpxtpx:hr>
          </gpxtpx:TrackPointExtension>
        </extensions>
      </trkpt>
      <trkpt lat="22.392673988575073" lon="107.36871485480943">
        <ele>129.25905460491776</ele>
        <time>2025-12-29T14:19:57Z</time>
        <extensions>
          <gpxtpx:TrackPointExtension>
            <gpxtpx:hr>126</gpxtpx:hr>
          </gpxtpx:TrackPointExtension>
        </extensions>
      </trkpt>
      <trkpt lat="22.392673644920126" lon="107.36872709168543">
        <ele>129.24162538070232</ele>
        <time>2025-12-29T14:19:58Z</time>
        <extensions>
          <gpxtpx:TrackPointExtension>
            <gpxtpx:hr>126</gpxtpx:hr>
          </gpxtpx:TrackPointExtension>
        </extensions>
      </trkpt>
      <trkpt lat="22.392673113999763" lon="107.36873953210127">
        <ele>129.22674202546477</ele>
        <time>2025-12-29T14:19:59Z</time>
        <extensions>
          <gpxtpx:TrackPointExtension>
            <gpxtpx:hr>126</gpxtpx:hr>
          </gpxtpx:TrackPointExtension>
        </extensions>
      </trkpt>
      <trkpt lat="22.3926730188424" lon="107.36875243344448">
        <ele>129.21430076099932</ele>
        <time>2025-12-29T14:20:00Z</time>
        <extensions>
          <gpxtpx:TrackPointExtension>
            <gpxtpx:hr>126</gpxtpx:hr>
          </gpxtpx:TrackPointExtension>
        </extensions>
      </trkpt>
      <trkpt lat="22.392673582913854" lon="107.36876504843012">
        <ele>129.20393038447946</ele>
        <time>2025-12-29T14:20:01Z</time>
        <extensions>
          <gpxtpx:TrackPointExtension>
            <gpxtpx:hr>126</gpxtpx:hr>
          </gpxtpx:TrackPointExtension>
        </extensions>
      </trkpt>
      <trkpt lat="22.392675053586885" lon="107.36877749984336">
        <ele>129.19516380690038</ele>
        <time>2025-12-29T14:20:02Z</time>
        <extensions>
          <gpxtpx:TrackPointExtension>
            <gpxtpx:hr>126</gpxtpx:hr>
          </gpxtpx:TrackPointExtension>
        </extensions>
      </trkpt>
      <trkpt lat="22.39267691327139" lon="107.36878981159332">
        <ele>129.18757241684943</ele>
        <time>2025-12-29T14:20:03Z</time>
        <extensions>
          <gpxtpx:TrackPointExtension>
            <gpxtpx:hr>126</gpxtpx:hr>
          </gpxtpx:TrackPointExtension>
        </extensions>
      </trkpt>
      <trkpt lat="22.392678333018925" lon="107.36880177347231">
        <ele>129.18084409367293</ele>
        <time>2025-12-29T14:20:04Z</time>
        <extensions>
          <gpxtpx:TrackPointExtension>
            <gpxtpx:hr>126</gpxtpx:hr>
          </gpxtpx:TrackPointExtension>
        </extensions>
      </trkpt>
      <trkpt lat="22.39267927812338" lon="107.36881299237689">
        <ele>129.17465120460838</ele>
        <time>2025-12-29T14:20:05Z</time>
        <extensions>
          <gpxtpx:TrackPointExtension>
            <gpxtpx:hr>126</gpxtpx:hr>
          </gpxtpx:TrackPointExtension>
        </extensions>
      </trkpt>
      <trkpt lat="22.39267996952388" lon="107.36882424312277">
        <ele>129.16878711711615</ele>
        <time>2025-12-29T14:20:06Z</time>
        <extensions>
          <gpxtpx:TrackPointExtension>
            <gpxtpx:hr>126</gpxtpx:hr>
          </gpxtpx:TrackPointExtension>
        </extensions>
      </trkpt>
      <trkpt lat="22.392680401234887" lon="107.36883678648326">
        <ele>129.16310566756874</ele>
        <time>2025-12-29T14:20:07Z</time>
        <extensions>
          <gpxtpx:TrackPointExtension>
            <gpxtpx:hr>125</gpxtpx:hr>
          </gpxtpx:TrackPointExtension>
        </extensions>
      </trkpt>
      <trkpt lat="22.39268069764577" lon="107.36884924801932">
        <ele>129.15752568468451</ele>
        <time>2025-12-29T14:20:08Z</time>
        <extensions>
          <gpxtpx:TrackPointExtension>
            <gpxtpx:hr>125</gpxtpx:hr>
          </gpxtpx:TrackPointExtension>
        </extensions>
      </trkpt>
      <trkpt lat="22.39268122723136" lon="107.36886031119636">
        <ele>129.15206805430353</ele>
        <time>2025-12-29T14:20:09Z</time>
        <extensions>
          <gpxtpx:TrackPointExtension>
            <gpxtpx:hr>125</gpxtpx:hr>
          </gpxtpx:TrackPointExtension>
        </extensions>
      </trkpt>
      <trkpt lat="22.392681544844955" lon="107.3688705307719">
        <ele>129.1469105547294</ele>
        <time>2025-12-29T14:20:10Z</time>
        <extensions>
          <gpxtpx:TrackPointExtension>
            <gpxtpx:hr>125</gpxtpx:hr>
          </gpxtpx:TrackPointExtension>
        </extensions>
      </trkpt>
      <trkpt lat="22.392681429284185" lon="107.36888057908547">
        <ele>129.142386960797</ele>
        <time>2025-12-29T14:20:11Z</time>
        <extensions>
          <gpxtpx:TrackPointExtension>
            <gpxtpx:hr>125</gpxtpx:hr>
          </gpxtpx:TrackPointExtension>
        </extensions>
      </trkpt>
      <trkpt lat="22.39268134988924" lon="107.36889055558359">
        <ele>129.13891418650746</ele>
        <time>2025-12-29T14:20:12Z</time>
        <extensions>
          <gpxtpx:TrackPointExtension>
            <gpxtpx:hr>125</gpxtpx:hr>
          </gpxtpx:TrackPointExtension>
        </extensions>
      </trkpt>
      <trkpt lat="22.392681360528986" lon="107.3689009655884">
        <ele>129.13687760662287</ele>
        <time>2025-12-29T14:20:13Z</time>
        <extensions>
          <gpxtpx:TrackPointExtension>
            <gpxtpx:hr>125</gpxtpx:hr>
          </gpxtpx:TrackPointExtension>
        </extensions>
      </trkpt>
      <trkpt lat="22.3926811102677" lon="107.36891265344843">
        <ele>129.13655257970095</ele>
        <time>2025-12-29T14:20:14Z</time>
        <extensions>
          <gpxtpx:TrackPointExtension>
            <gpxtpx:hr>125</gpxtpx:hr>
          </gpxtpx:TrackPointExtension>
        </extensions>
      </trkpt>
      <trkpt lat="22.392680436745422" lon="107.36892506170467">
        <ele>129.1380904065445</ele>
        <time>2025-12-29T14:20:15Z</time>
        <extensions>
          <gpxtpx:TrackPointExtension>
            <gpxtpx:hr>125</gpxtpx:hr>
          </gpxtpx:TrackPointExtension>
        </extensions>
      </trkpt>
      <trkpt lat="22.392679595796253" lon="107.36893645346409">
        <ele>129.14137467741966</ele>
        <time>2025-12-29T14:20:16Z</time>
        <extensions>
          <gpxtpx:TrackPointExtension>
            <gpxtpx:hr>125</gpxtpx:hr>
          </gpxtpx:TrackPointExtension>
        </extensions>
      </trkpt>
      <trkpt lat="22.3926789102909" lon="107.36894674647263">
        <ele>129.14601536188275</ele>
        <time>2025-12-29T14:20:17Z</time>
        <extensions>
          <gpxtpx:TrackPointExtension>
            <gpxtpx:hr>125</gpxtpx:hr>
          </gpxtpx:TrackPointExtension>
        </extensions>
      </trkpt>
      <trkpt lat="22.392678447023705" lon="107.36895690027087">
        <ele>129.15155308879912</ele>
        <time>2025-12-29T14:20:18Z</time>
        <extensions>
          <gpxtpx:TrackPointExtension>
            <gpxtpx:hr>125</gpxtpx:hr>
          </gpxtpx:TrackPointExtension>
        </extensions>
      </trkpt>
      <trkpt lat="22.39267853089927" lon="107.3689672387837">
        <ele>129.15745746996254</ele>
        <time>2025-12-29T14:20:19Z</time>
        <extensions>
          <gpxtpx:TrackPointExtension>
            <gpxtpx:hr>125</gpxtpx:hr>
          </gpxtpx:TrackPointExtension>
        </extensions>
      </trkpt>
      <trkpt lat="22.39267931865854" lon="107.36897819191697">
        <ele>129.16314739640802</ele>
        <time>2025-12-29T14:20:20Z</time>
        <extensions>
          <gpxtpx:TrackPointExtension>
            <gpxtpx:hr>125</gpxtpx:hr>
          </gpxtpx:TrackPointExtension>
        </extensions>
      </trkpt>
      <trkpt lat="22.392680782395363" lon="107.36899029922903">
        <ele>129.16807358246297</ele>
        <time>2025-12-29T14:20:21Z</time>
        <extensions>
          <gpxtpx:TrackPointExtension>
            <gpxtpx:hr>125</gpxtpx:hr>
          </gpxtpx:TrackPointExtension>
        </extensions>
      </trkpt>
      <trkpt lat="22.392682554095938" lon="107.36900298744985">
        <ele>129.17182990163565</ele>
        <time>2025-12-29T14:20:22Z</time>
        <extensions>
          <gpxtpx:TrackPointExtension>
            <gpxtpx:hr>125</gpxtpx:hr>
          </gpxtpx:TrackPointExtension>
        </extensions>
      </trkpt>
      <trkpt lat="22.39268424644752" lon="107.36901613059447">
        <ele>129.1740438370034</ele>
        <time>2025-12-29T14:20:23Z</time>
        <extensions>
          <gpxtpx:TrackPointExtension>
            <gpxtpx:hr>125</gpxtpx:hr>
          </gpxtpx:TrackPointExtension>
        </extensions>
      </trkpt>
      <trkpt lat="22.39268581929848" lon="107.36902922498108">
        <ele>129.174435691908</ele>
        <time>2025-12-29T14:20:24Z</time>
        <extensions>
          <gpxtpx:TrackPointExtension>
            <gpxtpx:hr>125</gpxtpx:hr>
          </gpxtpx:TrackPointExtension>
        </extensions>
      </trkpt>
      <trkpt lat="22.392687360357247" lon="107.36904190326815">
        <ele>129.17290147393942</ele>
        <time>2025-12-29T14:20:25Z</time>
        <extensions>
          <gpxtpx:TrackPointExtension>
            <gpxtpx:hr>125</gpxtpx:hr>
          </gpxtpx:TrackPointExtension>
        </extensions>
      </trkpt>
      <trkpt lat="22.39268888304357" lon="107.36905419683745">
        <ele>129.16962491441518</ele>
        <time>2025-12-29T14:20:26Z</time>
        <extensions>
          <gpxtpx:TrackPointExtension>
            <gpxtpx:hr>125</gpxtpx:hr>
          </gpxtpx:TrackPointExtension>
        </extensions>
      </trkpt>
      <trkpt lat="22.392689897764043" lon="107.36906578596631">
        <ele>129.16518725361675</ele>
        <time>2025-12-29T14:20:27Z</time>
        <extensions>
          <gpxtpx:TrackPointExtension>
            <gpxtpx:hr>125</gpxtpx:hr>
          </gpxtpx:TrackPointExtension>
        </extensions>
      </trkpt>
      <trkpt lat="22.392690422993006" lon="107.36907759744419">
        <ele>129.16042040660977</ele>
        <time>2025-12-29T14:20:28Z</time>
        <extensions>
          <gpxtpx:TrackPointExtension>
            <gpxtpx:hr>127</gpxtpx:hr>
          </gpxtpx:TrackPointExtension>
        </extensions>
      </trkpt>
      <trkpt lat="22.392690221578906" lon="107.36908975307222">
        <ele>129.15615464933217</ele>
        <time>2025-12-29T14:20:29Z</time>
        <extensions>
          <gpxtpx:TrackPointExtension>
            <gpxtpx:hr>127</gpxtpx:hr>
          </gpxtpx:TrackPointExtension>
        </extensions>
      </trkpt>
      <trkpt lat="22.39268906304575" lon="107.36910234817174">
        <ele>129.15309785027057</ele>
        <time>2025-12-29T14:20:30Z</time>
        <extensions>
          <gpxtpx:TrackPointExtension>
            <gpxtpx:hr>127</gpxtpx:hr>
          </gpxtpx:TrackPointExtension>
        </extensions>
      </trkpt>
      <trkpt lat="22.392686476489633" lon="107.36911508568207">
        <ele>129.15173278469592</ele>
        <time>2025-12-29T14:20:31Z</time>
        <extensions>
          <gpxtpx:TrackPointExtension>
            <gpxtpx:hr>127</gpxtpx:hr>
          </gpxtpx:TrackPointExtension>
        </extensions>
      </trkpt>
      <trkpt lat="22.392683244578123" lon="107.36912779912849">
        <ele>129.15222303383052</ele>
        <time>2025-12-29T14:20:32Z</time>
        <extensions>
          <gpxtpx:TrackPointExtension>
            <gpxtpx:hr>127</gpxtpx:hr>
          </gpxtpx:TrackPointExtension>
        </extensions>
      </trkpt>
      <trkpt lat="22.392680165593077" lon="107.36914039843543">
        <ele>129.15454918239266</ele>
        <time>2025-12-29T14:20:33Z</time>
        <extensions>
          <gpxtpx:TrackPointExtension>
            <gpxtpx:hr>127</gpxtpx:hr>
          </gpxtpx:TrackPointExtension>
        </extensions>
      </trkpt>
      <trkpt lat="22.39267809544228" lon="107.36915323557629">
        <ele>129.15848856884986</ele>
        <time>2025-12-29T14:20:34Z</time>
        <extensions>
          <gpxtpx:TrackPointExtension>
            <gpxtpx:hr>127</gpxtpx:hr>
          </gpxtpx:TrackPointExtension>
        </extensions>
      </trkpt>
      <trkpt lat="22.392677164015883" lon="107.36916662016745">
        <ele>129.1635975856334</ele>
        <time>2025-12-29T14:20:35Z</time>
        <extensions>
          <gpxtpx:TrackPointExtension>
            <gpxtpx:hr>127</gpxtpx:hr>
          </gpxtpx:TrackPointExtension>
        </extensions>
      </trkpt>
      <trkpt lat="22.39267741981648" lon="107.3691800518522">
        <ele>129.16928473394364</ele>
        <time>2025-12-29T14:20:36Z</time>
        <extensions>
          <gpxtpx:TrackPointExtension>
            <gpxtpx:hr>127</gpxtpx:hr>
          </gpxtpx:TrackPointExtension>
        </extensions>
      </trkpt>
      <trkpt lat="22.392678235128077" lon="107.36919292525808">
        <ele>129.17482273560017</ele>
        <time>2025-12-29T14:20:37Z</time>
        <extensions>
          <gpxtpx:TrackPointExtension>
            <gpxtpx:hr>128</gpxtpx:hr>
          </gpxtpx:TrackPointExtension>
        </extensions>
      </trkpt>
      <trkpt lat="22.392678849023806" lon="107.36920585782072">
        <ele>129.17946895211935</ele>
        <time>2025-12-29T14:20:38Z</time>
        <extensions>
          <gpxtpx:TrackPointExtension>
            <gpxtpx:hr>128</gpxtpx:hr>
          </gpxtpx:TrackPointExtension>
        </extensions>
      </trkpt>
      <trkpt lat="22.392678856785555" lon="107.36921894328013">
        <ele>129.18260127212852</ele>
        <time>2025-12-29T14:20:39Z</time>
        <extensions>
          <gpxtpx:TrackPointExtension>
            <gpxtpx:hr>128</gpxtpx:hr>
          </gpxtpx:TrackPointExtension>
        </extensions>
      </trkpt>
      <trkpt lat="22.39267859058618" lon="107.36923224081093">
        <ele>129.1837836643681</ele>
        <time>2025-12-29T14:20:40Z</time>
        <extensions>
          <gpxtpx:TrackPointExtension>
            <gpxtpx:hr>128</gpxtpx:hr>
          </gpxtpx:TrackPointExtension>
        </extensions>
      </trkpt>
      <trkpt lat="22.392677959918473" lon="107.36924590623467">
        <ele>129.1826725360006</ele>
        <time>2025-12-29T14:20:41Z</time>
        <extensions>
          <gpxtpx:TrackPointExtension>
            <gpxtpx:hr>128</gpxtpx:hr>
          </gpxtpx:TrackPointExtension>
        </extensions>
      </trkpt>
      <trkpt lat="22.392676844185317" lon="107.3692593339685">
        <ele>129.1791539695114</ele>
        <time>2025-12-29T14:20:42Z</time>
        <extensions>
          <gpxtpx:TrackPointExtension>
            <gpxtpx:hr>129</gpxtpx:hr>
          </gpxtpx:TrackPointExtension>
        </extensions>
      </trkpt>
      <trkpt lat="22.39267580285348" lon="107.36927255125676">
        <ele>129.17331398557872</ele>
        <time>2025-12-29T14:20:43Z</time>
        <extensions>
          <gpxtpx:TrackPointExtension>
            <gpxtpx:hr>129</gpxtpx:hr>
          </gpxtpx:TrackPointExtension>
        </extensions>
      </trkpt>
      <trkpt lat="22.39267555174431" lon="107.36928551829479">
        <ele>129.16545601841062</ele>
        <time>2025-12-29T14:20:44Z</time>
        <extensions>
          <gpxtpx:TrackPointExtension>
            <gpxtpx:hr>129</gpxtpx:hr>
          </gpxtpx:TrackPointExtension>
        </extensions>
      </trkpt>
      <trkpt lat="22.39267609768278" lon="107.36929826684057">
        <ele>129.15608606301248</ele>
        <time>2025-12-29T14:20:45Z</time>
        <extensions>
          <gpxtpx:TrackPointExtension>
            <gpxtpx:hr>129</gpxtpx:hr>
          </gpxtpx:TrackPointExtension>
        </extensions>
      </trkpt>
      <trkpt lat="22.392677062341576" lon="107.3693113384277">
        <ele>129.14578405208886</ele>
        <time>2025-12-29T14:20:46Z</time>
        <extensions>
          <gpxtpx:TrackPointExtension>
            <gpxtpx:hr>129</gpxtpx:hr>
          </gpxtpx:TrackPointExtension>
        </extensions>
      </trkpt>
      <trkpt lat="22.392678460418324" lon="107.36932491261427">
        <ele>129.13524415623397</ele>
        <time>2025-12-29T14:20:47Z</time>
        <extensions>
          <gpxtpx:TrackPointExtension>
            <gpxtpx:hr>129</gpxtpx:hr>
          </gpxtpx:TrackPointExtension>
        </extensions>
      </trkpt>
      <trkpt lat="22.392680151805965" lon="107.36933858709403">
        <ele>129.12520322855562</ele>
        <time>2025-12-29T14:20:48Z</time>
        <extensions>
          <gpxtpx:TrackPointExtension>
            <gpxtpx:hr>129</gpxtpx:hr>
          </gpxtpx:TrackPointExtension>
        </extensions>
      </trkpt>
      <trkpt lat="22.39268219277557" lon="107.3693520897581">
        <ele>129.11632848344743</ele>
        <time>2025-12-29T14:20:49Z</time>
        <extensions>
          <gpxtpx:TrackPointExtension>
            <gpxtpx:hr>129</gpxtpx:hr>
          </gpxtpx:TrackPointExtension>
        </extensions>
      </trkpt>
      <trkpt lat="22.39268442405248" lon="107.36936505258312">
        <ele>129.10913694370538</ele>
        <time>2025-12-29T14:20:50Z</time>
        <extensions>
          <gpxtpx:TrackPointExtension>
            <gpxtpx:hr>129</gpxtpx:hr>
          </gpxtpx:TrackPointExtension>
        </extensions>
      </trkpt>
      <trkpt lat="22.39268635418043" lon="107.36937776608892">
        <ele>129.10403541475534</ele>
        <time>2025-12-29T14:20:51Z</time>
        <extensions>
          <gpxtpx:TrackPointExtension>
            <gpxtpx:hr>129</gpxtpx:hr>
          </gpxtpx:TrackPointExtension>
        </extensions>
      </trkpt>
      <trkpt lat="22.39268787946129" lon="107.36939021293158">
        <ele>129.10122736822814</ele>
        <time>2025-12-29T14:20:52Z</time>
        <extensions>
          <gpxtpx:TrackPointExtension>
            <gpxtpx:hr>130</gpxtpx:hr>
          </gpxtpx:TrackPointExtension>
        </extensions>
      </trkpt>
      <trkpt lat="22.392689074773696" lon="107.369402113707">
        <ele>129.1006810059771</ele>
        <time>2025-12-29T14:20:53Z</time>
        <extensions>
          <gpxtpx:TrackPointExtension>
            <gpxtpx:hr>130</gpxtpx:hr>
          </gpxtpx:TrackPointExtension>
        </extensions>
      </trkpt>
      <trkpt lat="22.39269000405352" lon="107.36941360781327">
        <ele>129.10231144633144</ele>
        <time>2025-12-29T14:20:54Z</time>
        <extensions>
          <gpxtpx:TrackPointExtension>
            <gpxtpx:hr>130</gpxtpx:hr>
          </gpxtpx:TrackPointExtension>
        </extensions>
      </trkpt>
      <trkpt lat="22.392690950292977" lon="107.36942430927978">
        <ele>129.1058850567788</ele>
        <time>2025-12-29T14:20:55Z</time>
        <extensions>
          <gpxtpx:TrackPointExtension>
            <gpxtpx:hr>130</gpxtpx:hr>
          </gpxtpx:TrackPointExtension>
        </extensions>
      </trkpt>
      <trkpt lat="22.392692113738732" lon="107.36943384498193">
        <ele>129.11091790813953</ele>
        <time>2025-12-29T14:20:56Z</time>
        <extensions>
          <gpxtpx:TrackPointExtension>
            <gpxtpx:hr>129</gpxtpx:hr>
          </gpxtpx:TrackPointExtension>
        </extensions>
      </trkpt>
      <trkpt lat="22.392693721803376" lon="107.36944188813874">
        <ele>129.11655342485756</ele>
        <time>2025-12-29T14:20:57Z</time>
        <extensions>
          <gpxtpx:TrackPointExtension>
            <gpxtpx:hr>129</gpxtpx:hr>
          </gpxtpx:TrackPointExtension>
        </extensions>
      </trkpt>
      <trkpt lat="22.392696213885507" lon="107.3694493105978">
        <ele>129.12266181129962</ele>
        <time>2025-12-29T14:20:58Z</time>
        <extensions>
          <gpxtpx:TrackPointExtension>
            <gpxtpx:hr>129</gpxtpx:hr>
          </gpxtpx:TrackPointExtension>
        </extensions>
      </trkpt>
      <trkpt lat="22.392700143450092" lon="107.36945791243336">
        <ele>129.12901258841157</ele>
        <time>2025-12-29T14:20:59Z</time>
        <extensions>
          <gpxtpx:TrackPointExtension>
            <gpxtpx:hr>129</gpxtpx:hr>
          </gpxtpx:TrackPointExtension>
        </extensions>
      </trkpt>
      <trkpt lat="22.39270497361424" lon="107.36946755713646">
        <ele>129.13584488257766</ele>
        <time>2025-12-29T14:21:00Z</time>
        <extensions>
          <gpxtpx:TrackPointExtension>
            <gpxtpx:hr>129</gpxtpx:hr>
          </gpxtpx:TrackPointExtension>
        </extensions>
      </trkpt>
      <trkpt lat="22.392710265126297" lon="107.36947685503496">
        <ele>129.14398039784282</ele>
        <time>2025-12-29T14:21:01Z</time>
        <extensions>
          <gpxtpx:TrackPointExtension>
            <gpxtpx:hr>129</gpxtpx:hr>
          </gpxtpx:TrackPointExtension>
        </extensions>
      </trkpt>
      <trkpt lat="22.392715961681507" lon="107.36948546852192">
        <ele>129.15475066844374</ele>
        <time>2025-12-29T14:21:02Z</time>
        <extensions>
          <gpxtpx:TrackPointExtension>
            <gpxtpx:hr>125</gpxtpx:hr>
          </gpxtpx:TrackPointExtension>
        </extensions>
      </trkpt>
      <trkpt lat="22.392722304829576" lon="107.36949277216287">
        <ele>129.17034562211484</ele>
        <time>2025-12-29T14:21:03Z</time>
        <extensions>
          <gpxtpx:TrackPointExtension>
            <gpxtpx:hr>125</gpxtpx:hr>
          </gpxtpx:TrackPointExtension>
        </extensions>
      </trkpt>
      <trkpt lat="22.392729310643148" lon="107.36949771671102">
        <ele>129.19351341109723</ele>
        <time>2025-12-29T14:21:04Z</time>
        <extensions>
          <gpxtpx:TrackPointExtension>
            <gpxtpx:hr>125</gpxtpx:hr>
          </gpxtpx:TrackPointExtension>
        </extensions>
      </trkpt>
      <trkpt lat="22.392737712633974" lon="107.36950025623521">
        <ele>129.22721684817225</ele>
        <time>2025-12-29T14:21:05Z</time>
        <extensions>
          <gpxtpx:TrackPointExtension>
            <gpxtpx:hr>125</gpxtpx:hr>
          </gpxtpx:TrackPointExtension>
        </extensions>
      </trkpt>
      <trkpt lat="22.392747668384434" lon="107.36950130528032">
        <ele>129.27413216698915</ele>
        <time>2025-12-29T14:21:06Z</time>
        <extensions>
          <gpxtpx:TrackPointExtension>
            <gpxtpx:hr>125</gpxtpx:hr>
          </gpxtpx:TrackPointExtension>
        </extensions>
      </trkpt>
      <trkpt lat="22.392758105636236" lon="107.36950129702707">
        <ele>129.3359173927456</ele>
        <time>2025-12-29T14:21:07Z</time>
        <extensions>
          <gpxtpx:TrackPointExtension>
            <gpxtpx:hr>125</gpxtpx:hr>
          </gpxtpx:TrackPointExtension>
        </extensions>
      </trkpt>
      <trkpt lat="22.39276767209449" lon="107.36950073812608">
        <ele>129.41320310998708</ele>
        <time>2025-12-29T14:21:08Z</time>
        <extensions>
          <gpxtpx:TrackPointExtension>
            <gpxtpx:hr>125</gpxtpx:hr>
          </gpxtpx:TrackPointExtension>
        </extensions>
      </trkpt>
      <trkpt lat="22.392775854782396" lon="107.36949995566857">
        <ele>129.50569066870958</ele>
        <time>2025-12-29T14:21:09Z</time>
        <extensions>
          <gpxtpx:TrackPointExtension>
            <gpxtpx:hr>125</gpxtpx:hr>
          </gpxtpx:TrackPointExtension>
        </extensions>
      </trkpt>
      <trkpt lat="22.392782724494992" lon="107.3694982926934">
        <ele>129.61212304234505</ele>
        <time>2025-12-29T14:21:10Z</time>
        <extensions>
          <gpxtpx:TrackPointExtension>
            <gpxtpx:hr>125</gpxtpx:hr>
          </gpxtpx:TrackPointExtension>
        </extensions>
      </trkpt>
      <trkpt lat="22.392789292454715" lon="107.369495603665">
        <ele>129.7301279930398</ele>
        <time>2025-12-29T14:21:11Z</time>
        <extensions>
          <gpxtpx:TrackPointExtension>
            <gpxtpx:hr>125</gpxtpx:hr>
          </gpxtpx:TrackPointExtension>
        </extensions>
      </trkpt>
      <trkpt lat="22.392796516414535" lon="107.3694922143687">
        <ele>129.85721535980701</ele>
        <time>2025-12-29T14:21:12Z</time>
        <extensions>
          <gpxtpx:TrackPointExtension>
            <gpxtpx:hr>129</gpxtpx:hr>
          </gpxtpx:TrackPointExtension>
        </extensions>
      </trkpt>
      <trkpt lat="22.392805224781398" lon="107.36948891970967">
        <ele>129.99048183951527</ele>
        <time>2025-12-29T14:21:13Z</time>
        <extensions>
          <gpxtpx:TrackPointExtension>
            <gpxtpx:hr>129</gpxtpx:hr>
          </gpxtpx:TrackPointExtension>
        </extensions>
      </trkpt>
      <trkpt lat="22.392815537054325" lon="107.3694860127544">
        <ele>130.12665943335742</ele>
        <time>2025-12-29T14:21:14Z</time>
        <extensions>
          <gpxtpx:TrackPointExtension>
            <gpxtpx:hr>129</gpxtpx:hr>
          </gpxtpx:TrackPointExtension>
        </extensions>
      </trkpt>
      <trkpt lat="22.392827048675745" lon="107.36948275129251">
        <ele>130.26274797320366</ele>
        <time>2025-12-29T14:21:15Z</time>
        <extensions>
          <gpxtpx:TrackPointExtension>
            <gpxtpx:hr>129</gpxtpx:hr>
          </gpxtpx:TrackPointExtension>
        </extensions>
      </trkpt>
      <trkpt lat="22.392838022438056" lon="107.36947952358555">
        <ele>130.39544604998082</ele>
        <time>2025-12-29T14:21:16Z</time>
        <extensions>
          <gpxtpx:TrackPointExtension>
            <gpxtpx:hr>129</gpxtpx:hr>
          </gpxtpx:TrackPointExtension>
        </extensions>
      </trkpt>
      <trkpt lat="22.39284717406309" lon="107.36947605068697">
        <ele>130.52123818732798</ele>
        <time>2025-12-29T14:21:17Z</time>
        <extensions>
          <gpxtpx:TrackPointExtension>
            <gpxtpx:hr>130</gpxtpx:hr>
          </gpxtpx:TrackPointExtension>
        </extensions>
      </trkpt>
      <trkpt lat="22.392854281700032" lon="107.36947250238104">
        <ele>130.63652495201677</ele>
        <time>2025-12-29T14:21:18Z</time>
        <extensions>
          <gpxtpx:TrackPointExtension>
            <gpxtpx:hr>130</gpxtpx:hr>
          </gpxtpx:TrackPointExtension>
        </extensions>
      </trkpt>
      <trkpt lat="22.39286071758435" lon="107.36946894098409">
        <ele>130.73818250373006</ele>
        <time>2025-12-29T14:21:19Z</time>
        <extensions>
          <gpxtpx:TrackPointExtension>
            <gpxtpx:hr>130</gpxtpx:hr>
          </gpxtpx:TrackPointExtension>
        </extensions>
      </trkpt>
      <trkpt lat="22.392867025995486" lon="107.36946598108248">
        <ele>130.82394794095308</ele>
        <time>2025-12-29T14:21:20Z</time>
        <extensions>
          <gpxtpx:TrackPointExtension>
            <gpxtpx:hr>130</gpxtpx:hr>
          </gpxtpx:TrackPointExtension>
        </extensions>
      </trkpt>
      <trkpt lat="22.39287418422781" lon="107.36946364881821">
        <ele>130.89279928803444</ele>
        <time>2025-12-29T14:21:21Z</time>
        <extensions>
          <gpxtpx:TrackPointExtension>
            <gpxtpx:hr>130</gpxtpx:hr>
          </gpxtpx:TrackPointExtension>
        </extensions>
      </trkpt>
      <trkpt lat="22.39288199134807" lon="107.3694622002934">
        <ele>130.94495277293026</ele>
        <time>2025-12-29T14:21:22Z</time>
        <extensions>
          <gpxtpx:TrackPointExtension>
            <gpxtpx:hr>134</gpxtpx:hr>
          </gpxtpx:TrackPointExtension>
        </extensions>
      </trkpt>
      <trkpt lat="22.39288970735926" lon="107.3694627526704">
        <ele>130.98187066614628</ele>
        <time>2025-12-29T14:21:23Z</time>
        <extensions>
          <gpxtpx:TrackPointExtension>
            <gpxtpx:hr>134</gpxtpx:hr>
          </gpxtpx:TrackPointExtension>
        </extensions>
      </trkpt>
      <trkpt lat="22.39289706415213" lon="107.36946629337531">
        <ele>131.0056427521631</ele>
        <time>2025-12-29T14:21:24Z</time>
        <extensions>
          <gpxtpx:TrackPointExtension>
            <gpxtpx:hr>134</gpxtpx:hr>
          </gpxtpx:TrackPointExtension>
        </extensions>
      </trkpt>
      <trkpt lat="22.392904340113546" lon="107.36947162214828">
        <ele>131.01890023984015</ele>
        <time>2025-12-29T14:21:25Z</time>
        <extensions>
          <gpxtpx:TrackPointExtension>
            <gpxtpx:hr>134</gpxtpx:hr>
          </gpxtpx:TrackPointExtension>
        </extensions>
      </trkpt>
      <trkpt lat="22.39291206481986" lon="107.36947760688699">
        <ele>131.0245507620275</ele>
        <time>2025-12-29T14:21:26Z</time>
        <extensions>
          <gpxtpx:TrackPointExtension>
            <gpxtpx:hr>134</gpxtpx:hr>
          </gpxtpx:TrackPointExtension>
        </extensions>
      </trkpt>
      <trkpt lat="22.392921566876083" lon="107.3694842476857">
        <ele>131.0252771731466</ele>
        <time>2025-12-29T14:21:27Z</time>
        <extensions>
          <gpxtpx:TrackPointExtension>
            <gpxtpx:hr>134</gpxtpx:hr>
          </gpxtpx:TrackPointExtension>
        </extensions>
      </trkpt>
      <trkpt lat="22.392932853762268" lon="107.36949194829859">
        <ele>131.02295562252402</ele>
        <time>2025-12-29T14:21:28Z</time>
        <extensions>
          <gpxtpx:TrackPointExtension>
            <gpxtpx:hr>132</gpxtpx:hr>
          </gpxtpx:TrackPointExtension>
        </extensions>
      </trkpt>
      <trkpt lat="22.39294464885547" lon="107.36950052129592">
        <ele>131.01878786087036</ele>
        <time>2025-12-29T14:21:29Z</time>
        <extensions>
          <gpxtpx:TrackPointExtension>
            <gpxtpx:hr>132</gpxtpx:hr>
          </gpxtpx:TrackPointExtension>
        </extensions>
      </trkpt>
      <trkpt lat="22.39295599136907" lon="107.3695102428663">
        <ele>131.01329389680177</ele>
        <time>2025-12-29T14:21:30Z</time>
        <extensions>
          <gpxtpx:TrackPointExtension>
            <gpxtpx:hr>132</gpxtpx:hr>
          </gpxtpx:TrackPointExtension>
        </extensions>
      </trkpt>
      <trkpt lat="22.392966267932547" lon="107.36952182303875">
        <ele>131.00656588934362</ele>
        <time>2025-12-29T14:21:31Z</time>
        <extensions>
          <gpxtpx:TrackPointExtension>
            <gpxtpx:hr>132</gpxtpx:hr>
          </gpxtpx:TrackPointExtension>
        </extensions>
      </trkpt>
      <trkpt lat="22.392975498146576" lon="107.36953562753914">
        <ele>130.99856817908585</ele>
        <time>2025-12-29T14:21:32Z</time>
        <extensions>
          <gpxtpx:TrackPointExtension>
            <gpxtpx:hr>132</gpxtpx:hr>
          </gpxtpx:TrackPointExtension>
        </extensions>
      </trkpt>
      <trkpt lat="22.392983494845836" lon="107.36955154326478">
        <ele>130.9895078036934</ele>
        <time>2025-12-29T14:21:33Z</time>
        <extensions>
          <gpxtpx:TrackPointExtension>
            <gpxtpx:hr>133</gpxtpx:hr>
          </gpxtpx:TrackPointExtension>
        </extensions>
      </trkpt>
      <trkpt lat="22.392989751595877" lon="107.36956788178681">
        <ele>130.97996604256332</ele>
        <time>2025-12-29T14:21:34Z</time>
        <extensions>
          <gpxtpx:TrackPointExtension>
            <gpxtpx:hr>133</gpxtpx:hr>
          </gpxtpx:TrackPointExtension>
        </extensions>
      </trkpt>
      <trkpt lat="22.39299399557401" lon="107.36958389547048">
        <ele>130.97072466928512</ele>
        <time>2025-12-29T14:21:35Z</time>
        <extensions>
          <gpxtpx:TrackPointExtension>
            <gpxtpx:hr>133</gpxtpx:hr>
          </gpxtpx:TrackPointExtension>
        </extensions>
      </trkpt>
      <trkpt lat="22.39299658176251" lon="107.36960007187312">
        <ele>130.96248622145504</ele>
        <time>2025-12-29T14:21:36Z</time>
        <extensions>
          <gpxtpx:TrackPointExtension>
            <gpxtpx:hr>134</gpxtpx:hr>
          </gpxtpx:TrackPointExtension>
        </extensions>
      </trkpt>
      <trkpt lat="22.392998106375998" lon="107.36961670498862">
        <ele>130.95570227876306</ele>
        <time>2025-12-29T14:21:37Z</time>
        <extensions>
          <gpxtpx:TrackPointExtension>
            <gpxtpx:hr>134</gpxtpx:hr>
          </gpxtpx:TrackPointExtension>
        </extensions>
      </trkpt>
      <trkpt lat="22.392998967784923" lon="107.36963327680947">
        <ele>130.95055504329503</ele>
        <time>2025-12-29T14:21:38Z</time>
        <extensions>
          <gpxtpx:TrackPointExtension>
            <gpxtpx:hr>134</gpxtpx:hr>
          </gpxtpx:TrackPointExtension>
        </extensions>
      </trkpt>
      <trkpt lat="22.39299962447454" lon="107.36964884182129">
        <ele>130.9468628624454</ele>
        <time>2025-12-29T14:21:39Z</time>
        <extensions>
          <gpxtpx:TrackPointExtension>
            <gpxtpx:hr>134</gpxtpx:hr>
          </gpxtpx:TrackPointExtension>
        </extensions>
      </trkpt>
      <trkpt lat="22.39300022261987" lon="107.3696635201489">
        <ele>130.9442226588726</ele>
        <time>2025-12-29T14:21:40Z</time>
        <extensions>
          <gpxtpx:TrackPointExtension>
            <gpxtpx:hr>134</gpxtpx:hr>
          </gpxtpx:TrackPointExtension>
        </extensions>
      </trkpt>
      <trkpt lat="22.39300089814129" lon="107.36967754774027">
        <ele>130.9421647693962</ele>
        <time>2025-12-29T14:21:41Z</time>
        <extensions>
          <gpxtpx:TrackPointExtension>
            <gpxtpx:hr>134</gpxtpx:hr>
          </gpxtpx:TrackPointExtension>
        </extensions>
      </trkpt>
      <trkpt lat="22.393001435032378" lon="107.36969096424501">
        <ele>130.94027767889202</ele>
        <time>2025-12-29T14:21:42Z</time>
        <extensions>
          <gpxtpx:TrackPointExtension>
            <gpxtpx:hr>134</gpxtpx:hr>
          </gpxtpx:TrackPointExtension>
        </extensions>
      </trkpt>
      <trkpt lat="22.393002144005404" lon="107.36970387441072">
        <ele>130.9381769588217</ele>
        <time>2025-12-29T14:21:43Z</time>
        <extensions>
          <gpxtpx:TrackPointExtension>
            <gpxtpx:hr>134</gpxtpx:hr>
          </gpxtpx:TrackPointExtension>
        </extensions>
      </trkpt>
      <trkpt lat="22.393003090832398" lon="107.36971637824333">
        <ele>130.93556841742247</ele>
        <time>2025-12-29T14:21:44Z</time>
        <extensions>
          <gpxtpx:TrackPointExtension>
            <gpxtpx:hr>134</gpxtpx:hr>
          </gpxtpx:TrackPointExtension>
        </extensions>
      </trkpt>
      <trkpt lat="22.393003652673556" lon="107.36972843782536">
        <ele>130.93226131331176</ele>
        <time>2025-12-29T14:21:45Z</time>
        <extensions>
          <gpxtpx:TrackPointExtension>
            <gpxtpx:hr>134</gpxtpx:hr>
          </gpxtpx:TrackPointExtension>
        </extensions>
      </trkpt>
      <trkpt lat="22.393003732053348" lon="107.36973994824316">
        <ele>130.92814994975924</ele>
        <time>2025-12-29T14:21:46Z</time>
        <extensions>
          <gpxtpx:TrackPointExtension>
            <gpxtpx:hr>133</gpxtpx:hr>
          </gpxtpx:TrackPointExtension>
        </extensions>
      </trkpt>
      <trkpt lat="22.393003446472783" lon="107.36975106756177">
        <ele>130.9232478318736</ele>
        <time>2025-12-29T14:21:47Z</time>
        <extensions>
          <gpxtpx:TrackPointExtension>
            <gpxtpx:hr>133</gpxtpx:hr>
          </gpxtpx:TrackPointExtension>
        </extensions>
      </trkpt>
      <trkpt lat="22.3930027275406" lon="107.36976204047117">
        <ele>130.91772554721683</ele>
        <time>2025-12-29T14:21:48Z</time>
        <extensions>
          <gpxtpx:TrackPointExtension>
            <gpxtpx:hr>133</gpxtpx:hr>
          </gpxtpx:TrackPointExtension>
        </extensions>
      </trkpt>
      <trkpt lat="22.393001938003895" lon="107.36977330367034">
        <ele>130.91186025179923</ele>
        <time>2025-12-29T14:21:49Z</time>
        <extensions>
          <gpxtpx:TrackPointExtension>
            <gpxtpx:hr>133</gpxtpx:hr>
          </gpxtpx:TrackPointExtension>
        </extensions>
      </trkpt>
      <trkpt lat="22.3930014258229" lon="107.36978520740219">
        <ele>130.90594590827823</ele>
        <time>2025-12-29T14:21:50Z</time>
        <extensions>
          <gpxtpx:TrackPointExtension>
            <gpxtpx:hr>133</gpxtpx:hr>
          </gpxtpx:TrackPointExtension>
        </extensions>
      </trkpt>
      <trkpt lat="22.393001456009298" lon="107.36979781196145">
        <ele>130.90022375062108</ele>
        <time>2025-12-29T14:21:51Z</time>
        <extensions>
          <gpxtpx:TrackPointExtension>
            <gpxtpx:hr>133</gpxtpx:hr>
          </gpxtpx:TrackPointExtension>
        </extensions>
      </trkpt>
      <trkpt lat="22.393001846119574" lon="107.36981054639432">
        <ele>130.89488703664392</ele>
        <time>2025-12-29T14:21:52Z</time>
        <extensions>
          <gpxtpx:TrackPointExtension>
            <gpxtpx:hr>134</gpxtpx:hr>
          </gpxtpx:TrackPointExtension>
        </extensions>
      </trkpt>
      <trkpt lat="22.39300238489856" lon="107.36982269551442">
        <ele>130.88999343756586</ele>
        <time>2025-12-29T14:21:53Z</time>
        <extensions>
          <gpxtpx:TrackPointExtension>
            <gpxtpx:hr>134</gpxtpx:hr>
          </gpxtpx:TrackPointExtension>
        </extensions>
      </trkpt>
      <trkpt lat="22.393003411221372" lon="107.36983389780548">
        <ele>130.88543838635087</ele>
        <time>2025-12-29T14:21:54Z</time>
        <extensions>
          <gpxtpx:TrackPointExtension>
            <gpxtpx:hr>134</gpxtpx:hr>
          </gpxtpx:TrackPointExtension>
        </extensions>
      </trkpt>
      <trkpt lat="22.393004829287282" lon="107.3698443959871">
        <ele>130.8810608247295</ele>
        <time>2025-12-29T14:21:55Z</time>
        <extensions>
          <gpxtpx:TrackPointExtension>
            <gpxtpx:hr>134</gpxtpx:hr>
          </gpxtpx:TrackPointExtension>
        </extensions>
      </trkpt>
      <trkpt lat="22.393006643448242" lon="107.3698545471282">
        <ele>130.87656473740935</ele>
        <time>2025-12-29T14:21:56Z</time>
        <extensions>
          <gpxtpx:TrackPointExtension>
            <gpxtpx:hr>134</gpxtpx:hr>
          </gpxtpx:TrackPointExtension>
        </extensions>
      </trkpt>
      <trkpt lat="22.39300921105005" lon="107.3698648763469">
        <ele>130.87176816072315</ele>
        <time>2025-12-29T14:21:57Z</time>
        <extensions>
          <gpxtpx:TrackPointExtension>
            <gpxtpx:hr>134</gpxtpx:hr>
          </gpxtpx:TrackPointExtension>
        </extensions>
      </trkpt>
      <trkpt lat="22.393012379140757" lon="107.36987531071262">
        <ele>130.86670316476375</ele>
        <time>2025-12-29T14:21:58Z</time>
        <extensions>
          <gpxtpx:TrackPointExtension>
            <gpxtpx:hr>134</gpxtpx:hr>
          </gpxtpx:TrackPointExtension>
        </extensions>
      </trkpt>
      <trkpt lat="22.39301588590706" lon="107.36988543435628">
        <ele>130.86167991627008</ele>
        <time>2025-12-29T14:21:59Z</time>
        <extensions>
          <gpxtpx:TrackPointExtension>
            <gpxtpx:hr>134</gpxtpx:hr>
          </gpxtpx:TrackPointExtension>
        </extensions>
      </trkpt>
      <trkpt lat="22.39301995103293" lon="107.36989438073235">
        <ele>130.85708089824766</ele>
        <time>2025-12-29T14:22:00Z</time>
        <extensions>
          <gpxtpx:TrackPointExtension>
            <gpxtpx:hr>134</gpxtpx:hr>
          </gpxtpx:TrackPointExtension>
        </extensions>
      </trkpt>
      <trkpt lat="22.39302487068063" lon="107.36990185357259">
        <ele>130.85330797266215</ele>
        <time>2025-12-29T14:22:01Z</time>
        <extensions>
          <gpxtpx:TrackPointExtension>
            <gpxtpx:hr>134</gpxtpx:hr>
          </gpxtpx:TrackPointExtension>
        </extensions>
      </trkpt>
      <trkpt lat="22.393031002978177" lon="107.36990886220006">
        <ele>130.8508739322424</ele>
        <time>2025-12-29T14:22:02Z</time>
        <extensions>
          <gpxtpx:TrackPointExtension>
            <gpxtpx:hr>132</gpxtpx:hr>
          </gpxtpx:TrackPointExtension>
        </extensions>
      </trkpt>
      <trkpt lat="22.3930386677083" lon="107.36991586752322">
        <ele>130.8505815770477</ele>
        <time>2025-12-29T14:22:03Z</time>
        <extensions>
          <gpxtpx:TrackPointExtension>
            <gpxtpx:hr>132</gpxtpx:hr>
          </gpxtpx:TrackPointExtension>
        </extensions>
      </trkpt>
      <trkpt lat="22.393048022027656" lon="107.3699220486948">
        <ele>130.85300232097507</ele>
        <time>2025-12-29T14:22:04Z</time>
        <extensions>
          <gpxtpx:TrackPointExtension>
            <gpxtpx:hr>132</gpxtpx:hr>
          </gpxtpx:TrackPointExtension>
        </extensions>
      </trkpt>
      <trkpt lat="22.393058680460197" lon="107.36992711546227">
        <ele>130.85891116876155</ele>
        <time>2025-12-29T14:22:05Z</time>
        <extensions>
          <gpxtpx:TrackPointExtension>
            <gpxtpx:hr>132</gpxtpx:hr>
          </gpxtpx:TrackPointExtension>
        </extensions>
      </trkpt>
      <trkpt lat="22.39306971596829" lon="107.36993153493627">
        <ele>130.86903669126332</ele>
        <time>2025-12-29T14:22:06Z</time>
        <extensions>
          <gpxtpx:TrackPointExtension>
            <gpxtpx:hr>132</gpxtpx:hr>
          </gpxtpx:TrackPointExtension>
        </extensions>
      </trkpt>
      <trkpt lat="22.39307995541934" lon="107.36993631861124">
        <ele>130.88402059208602</ele>
        <time>2025-12-29T14:22:07Z</time>
        <extensions>
          <gpxtpx:TrackPointExtension>
            <gpxtpx:hr>129</gpxtpx:hr>
          </gpxtpx:TrackPointExtension>
        </extensions>
      </trkpt>
      <trkpt lat="22.393089454905926" lon="107.36994169286072">
        <ele>130.90439348574728</ele>
        <time>2025-12-29T14:22:08Z</time>
        <extensions>
          <gpxtpx:TrackPointExtension>
            <gpxtpx:hr>129</gpxtpx:hr>
          </gpxtpx:TrackPointExtension>
        </extensions>
      </trkpt>
      <trkpt lat="22.393098745436678" lon="107.36994642539312">
        <ele>130.93091282621026</ele>
        <time>2025-12-29T14:22:09Z</time>
        <extensions>
          <gpxtpx:TrackPointExtension>
            <gpxtpx:hr>129</gpxtpx:hr>
          </gpxtpx:TrackPointExtension>
        </extensions>
      </trkpt>
      <trkpt lat="22.393107733626177" lon="107.36994964588548">
        <ele>130.96472565922886</ele>
        <time>2025-12-29T14:22:10Z</time>
        <extensions>
          <gpxtpx:TrackPointExtension>
            <gpxtpx:hr>129</gpxtpx:hr>
          </gpxtpx:TrackPointExtension>
        </extensions>
      </trkpt>
      <trkpt lat="22.39311646746753" lon="107.36995210713643">
        <ele>131.0063237529248</ele>
        <time>2025-12-29T14:22:11Z</time>
        <extensions>
          <gpxtpx:TrackPointExtension>
            <gpxtpx:hr>129</gpxtpx:hr>
          </gpxtpx:TrackPointExtension>
        </extensions>
      </trkpt>
      <trkpt lat="22.39312475775825" lon="107.36995437778492">
        <ele>131.05579812079668</ele>
        <time>2025-12-29T14:22:12Z</time>
        <extensions>
          <gpxtpx:TrackPointExtension>
            <gpxtpx:hr>128</gpxtpx:hr>
          </gpxtpx:TrackPointExtension>
        </extensions>
      </trkpt>
      <trkpt lat="22.393132353380036" lon="107.3699563634526">
        <ele>131.11238132230937</ele>
        <time>2025-12-29T14:22:13Z</time>
        <extensions>
          <gpxtpx:TrackPointExtension>
            <gpxtpx:hr>128</gpxtpx:hr>
          </gpxtpx:TrackPointExtension>
        </extensions>
      </trkpt>
      <trkpt lat="22.393139765794864" lon="107.3699581616579">
        <ele>131.17431140318513</ele>
        <time>2025-12-29T14:22:14Z</time>
        <extensions>
          <gpxtpx:TrackPointExtension>
            <gpxtpx:hr>128</gpxtpx:hr>
          </gpxtpx:TrackPointExtension>
        </extensions>
      </trkpt>
      <trkpt lat="22.393147803763608" lon="107.36996006127745">
        <ele>131.23917938768864</ele>
        <time>2025-12-29T14:22:15Z</time>
        <extensions>
          <gpxtpx:TrackPointExtension>
            <gpxtpx:hr>128</gpxtpx:hr>
          </gpxtpx:TrackPointExtension>
        </extensions>
      </trkpt>
      <trkpt lat="22.393156984209746" lon="107.36996189534855">
        <ele>131.3039017925039</ele>
        <time>2025-12-29T14:22:16Z</time>
        <extensions>
          <gpxtpx:TrackPointExtension>
            <gpxtpx:hr>128</gpxtpx:hr>
          </gpxtpx:TrackPointExtension>
        </extensions>
      </trkpt>
      <trkpt lat="22.39316658114392" lon="107.36996360457916">
        <ele>131.3651264635846</ele>
        <time>2025-12-29T14:22:17Z</time>
        <extensions>
          <gpxtpx:TrackPointExtension>
            <gpxtpx:hr>128</gpxtpx:hr>
          </gpxtpx:TrackPointExtension>
        </extensions>
      </trkpt>
      <trkpt lat="22.393175664229464" lon="107.3699654430194">
        <ele>131.4197869291529</ele>
        <time>2025-12-29T14:22:18Z</time>
        <extensions>
          <gpxtpx:TrackPointExtension>
            <gpxtpx:hr>128</gpxtpx:hr>
          </gpxtpx:TrackPointExtension>
        </extensions>
      </trkpt>
      <trkpt lat="22.393184203175963" lon="107.36996755779396">
        <ele>131.46576838660985</ele>
        <time>2025-12-29T14:22:19Z</time>
        <extensions>
          <gpxtpx:TrackPointExtension>
            <gpxtpx:hr>128</gpxtpx:hr>
          </gpxtpx:TrackPointExtension>
        </extensions>
      </trkpt>
      <trkpt lat="22.393192346341714" lon="107.36996896535099">
        <ele>131.50176241248846</ele>
        <time>2025-12-29T14:22:20Z</time>
        <extensions>
          <gpxtpx:TrackPointExtension>
            <gpxtpx:hr>128</gpxtpx:hr>
          </gpxtpx:TrackPointExtension>
        </extensions>
      </trkpt>
      <trkpt lat="22.393200036221643" lon="107.36996930285206">
        <ele>131.52772969473153</ele>
        <time>2025-12-29T14:22:21Z</time>
        <extensions>
          <gpxtpx:TrackPointExtension>
            <gpxtpx:hr>129</gpxtpx:hr>
          </gpxtpx:TrackPointExtension>
        </extensions>
      </trkpt>
      <trkpt lat="22.39320776259197" lon="107.36996918548937">
        <ele>131.5448084520176</ele>
        <time>2025-12-29T14:22:22Z</time>
        <extensions>
          <gpxtpx:TrackPointExtension>
            <gpxtpx:hr>129</gpxtpx:hr>
          </gpxtpx:TrackPointExtension>
        </extensions>
      </trkpt>
      <trkpt lat="22.393216244518793" lon="107.36996928916913">
        <ele>131.55518126115203</ele>
        <time>2025-12-29T14:22:23Z</time>
        <extensions>
          <gpxtpx:TrackPointExtension>
            <gpxtpx:hr>129</gpxtpx:hr>
          </gpxtpx:TrackPointExtension>
        </extensions>
      </trkpt>
      <trkpt lat="22.393225571197164" lon="107.36996929034284">
        <ele>131.56084361486137</ele>
        <time>2025-12-29T14:22:24Z</time>
        <extensions>
          <gpxtpx:TrackPointExtension>
            <gpxtpx:hr>129</gpxtpx:hr>
          </gpxtpx:TrackPointExtension>
        </extensions>
      </trkpt>
      <trkpt lat="22.39323635063941" lon="107.36996928631916">
        <ele>131.56414087861776</ele>
        <time>2025-12-29T14:22:25Z</time>
        <extensions>
          <gpxtpx:TrackPointExtension>
            <gpxtpx:hr>129</gpxtpx:hr>
          </gpxtpx:TrackPointExtension>
        </extensions>
      </trkpt>
      <trkpt lat="22.39324862886641" lon="107.3699691057167">
        <ele>131.56727751158178</ele>
        <time>2025-12-29T14:22:26Z</time>
        <extensions>
          <gpxtpx:TrackPointExtension>
            <gpxtpx:hr>129</gpxtpx:hr>
          </gpxtpx:TrackPointExtension>
        </extensions>
      </trkpt>
      <trkpt lat="22.39326192080629" lon="107.36996888126505">
        <ele>131.5717394594103</ele>
        <time>2025-12-29T14:22:27Z</time>
        <extensions>
          <gpxtpx:TrackPointExtension>
            <gpxtpx:hr>129</gpxtpx:hr>
          </gpxtpx:TrackPointExtension>
        </extensions>
      </trkpt>
      <trkpt lat="22.393275778943995" lon="107.36996862455413">
        <ele>131.577587463893</ele>
        <time>2025-12-29T14:22:28Z</time>
        <extensions>
          <gpxtpx:TrackPointExtension>
            <gpxtpx:hr>127</gpxtpx:hr>
          </gpxtpx:TrackPointExtension>
        </extensions>
      </trkpt>
      <trkpt lat="22.39328980014301" lon="107.36996862266595">
        <ele>131.58415030222386</ele>
        <time>2025-12-29T14:22:29Z</time>
        <extensions>
          <gpxtpx:TrackPointExtension>
            <gpxtpx:hr>127</gpxtpx:hr>
          </gpxtpx:TrackPointExtension>
        </extensions>
      </trkpt>
      <trkpt lat="22.39330344886159" lon="107.3699682151059">
        <ele>131.58971262630075</ele>
        <time>2025-12-29T14:22:30Z</time>
        <extensions>
          <gpxtpx:TrackPointExtension>
            <gpxtpx:hr>127</gpxtpx:hr>
          </gpxtpx:TrackPointExtension>
        </extensions>
      </trkpt>
      <trkpt lat="22.3933171103974" lon="107.36996681954304">
        <ele>131.59218170680106</ele>
        <time>2025-12-29T14:22:31Z</time>
        <extensions>
          <gpxtpx:TrackPointExtension>
            <gpxtpx:hr>127</gpxtpx:hr>
          </gpxtpx:TrackPointExtension>
        </extensions>
      </trkpt>
      <trkpt lat="22.39333122404652" lon="107.36996465062349">
        <ele>131.58982846140862</ele>
        <time>2025-12-29T14:22:32Z</time>
        <extensions>
          <gpxtpx:TrackPointExtension>
            <gpxtpx:hr>127</gpxtpx:hr>
          </gpxtpx:TrackPointExtension>
        </extensions>
      </trkpt>
      <trkpt lat="22.39334603868925" lon="107.3699626498673">
        <ele>131.5819639498368</ele>
        <time>2025-12-29T14:22:33Z</time>
        <extensions>
          <gpxtpx:TrackPointExtension>
            <gpxtpx:hr>127</gpxtpx:hr>
          </gpxtpx:TrackPointExtension>
        </extensions>
      </trkpt>
      <trkpt lat="22.39336028180684" lon="107.36996116719239">
        <ele>131.56952030025423</ele>
        <time>2025-12-29T14:22:34Z</time>
        <extensions>
          <gpxtpx:TrackPointExtension>
            <gpxtpx:hr>127</gpxtpx:hr>
          </gpxtpx:TrackPointExtension>
        </extensions>
      </trkpt>
      <trkpt lat="22.393373752033398" lon="107.36995969263187">
        <ele>131.55464522447437</ele>
        <time>2025-12-29T14:22:35Z</time>
        <extensions>
          <gpxtpx:TrackPointExtension>
            <gpxtpx:hr>127</gpxtpx:hr>
          </gpxtpx:TrackPointExtension>
        </extensions>
      </trkpt>
      <trkpt lat="22.393387217000075" lon="107.36995789642033">
        <ele>131.54003264382482</ele>
        <time>2025-12-29T14:22:36Z</time>
        <extensions>
          <gpxtpx:TrackPointExtension>
            <gpxtpx:hr>128</gpxtpx:hr>
          </gpxtpx:TrackPointExtension>
        </extensions>
      </trkpt>
      <trkpt lat="22.39340091346694" lon="107.36995678717567">
        <ele>131.52826662454754</ele>
        <time>2025-12-29T14:22:37Z</time>
        <extensions>
          <gpxtpx:TrackPointExtension>
            <gpxtpx:hr>128</gpxtpx:hr>
          </gpxtpx:TrackPointExtension>
        </extensions>
      </trkpt>
      <trkpt lat="22.393415654428214" lon="107.3699563985813">
        <ele>131.5213827630505</ele>
        <time>2025-12-29T14:22:38Z</time>
        <extensions>
          <gpxtpx:TrackPointExtension>
            <gpxtpx:hr>128</gpxtpx:hr>
          </gpxtpx:TrackPointExtension>
        </extensions>
      </trkpt>
      <trkpt lat="22.393430916162007" lon="107.36995680375061">
        <ele>131.52029113285244</ele>
        <time>2025-12-29T14:22:39Z</time>
        <extensions>
          <gpxtpx:TrackPointExtension>
            <gpxtpx:hr>128</gpxtpx:hr>
          </gpxtpx:TrackPointExtension>
        </extensions>
      </trkpt>
      <trkpt lat="22.39344563028935" lon="107.3699573986837">
        <ele>131.5249873297289</ele>
        <time>2025-12-29T14:22:40Z</time>
        <extensions>
          <gpxtpx:TrackPointExtension>
            <gpxtpx:hr>128</gpxtpx:hr>
          </gpxtpx:TrackPointExtension>
        </extensions>
      </trkpt>
      <trkpt lat="22.393460198763297" lon="107.36995787609592">
        <ele>131.5348141565919</ele>
        <time>2025-12-29T14:22:41Z</time>
        <extensions>
          <gpxtpx:TrackPointExtension>
            <gpxtpx:hr>128</gpxtpx:hr>
          </gpxtpx:TrackPointExtension>
        </extensions>
      </trkpt>
      <trkpt lat="22.39347443631911" lon="107.36995887865858">
        <ele>131.54864823818207</ele>
        <time>2025-12-29T14:22:42Z</time>
        <extensions>
          <gpxtpx:TrackPointExtension>
            <gpxtpx:hr>128</gpxtpx:hr>
          </gpxtpx:TrackPointExtension>
        </extensions>
      </trkpt>
      <trkpt lat="22.393488416518064" lon="107.36996055980956">
        <ele>131.56510107498616</ele>
        <time>2025-12-29T14:22:43Z</time>
        <extensions>
          <gpxtpx:TrackPointExtension>
            <gpxtpx:hr>131</gpxtpx:hr>
          </gpxtpx:TrackPointExtension>
        </extensions>
      </trkpt>
      <trkpt lat="22.393501917536625" lon="107.3699624092201">
        <ele>131.58263310603797</ele>
        <time>2025-12-29T14:22:44Z</time>
        <extensions>
          <gpxtpx:TrackPointExtension>
            <gpxtpx:hr>131</gpxtpx:hr>
          </gpxtpx:TrackPointExtension>
        </extensions>
      </trkpt>
      <trkpt lat="22.39351518580532" lon="107.36996359540512">
        <ele>131.59970925934613</ele>
        <time>2025-12-29T14:22:45Z</time>
        <extensions>
          <gpxtpx:TrackPointExtension>
            <gpxtpx:hr>131</gpxtpx:hr>
          </gpxtpx:TrackPointExtension>
        </extensions>
      </trkpt>
      <trkpt lat="22.393527981497762" lon="107.36996368012093">
        <ele>131.61485261376947</ele>
        <time>2025-12-29T14:22:46Z</time>
        <extensions>
          <gpxtpx:TrackPointExtension>
            <gpxtpx:hr>131</gpxtpx:hr>
          </gpxtpx:TrackPointExtension>
        </extensions>
      </trkpt>
      <trkpt lat="22.393539817526953" lon="107.36996313172652">
        <ele>131.62747713178396</ele>
        <time>2025-12-29T14:22:47Z</time>
        <extensions>
          <gpxtpx:TrackPointExtension>
            <gpxtpx:hr>131</gpxtpx:hr>
          </gpxtpx:TrackPointExtension>
        </extensions>
      </trkpt>
      <trkpt lat="22.39355086536471" lon="107.3699627256355">
        <ele>131.6477020336315</ele>
        <time>2025-12-29T14:22:48Z</time>
        <extensions>
          <gpxtpx:TrackPointExtension>
            <gpxtpx:hr>131</gpxtpx:hr>
          </gpxtpx:TrackPointExtension>
        </extensions>
      </trkpt>
      <trkpt lat="22.39356216362006" lon="107.36996291143271">
        <ele>131.65657843649387</ele>
        <time>2025-12-29T14:22:49Z</time>
        <extensions>
          <gpxtpx:TrackPointExtension>
            <gpxtpx:hr>130</gpxtpx:hr>
          </gpxtpx:TrackPointExtension>
        </extensions>
      </trkpt>
      <trkpt lat="22.39357394901504" lon="107.36996352299839">
        <ele>131.64770109858364</ele>
        <time>2025-12-29T14:22:50Z</time>
        <extensions>
          <gpxtpx:TrackPointExtension>
            <gpxtpx:hr>130</gpxtpx:hr>
          </gpxtpx:TrackPointExtension>
        </extensions>
      </trkpt>
      <trkpt lat="22.393585282314056" lon="107.36996406633938">
        <ele>131.6154512418434</ele>
        <time>2025-12-29T14:22:51Z</time>
        <extensions>
          <gpxtpx:TrackPointExtension>
            <gpxtpx:hr>130</gpxtpx:hr>
          </gpxtpx:TrackPointExtension>
        </extensions>
      </trkpt>
      <trkpt lat="22.393595032576815" lon="107.36996527811012">
        <ele>131.54454124718904</ele>
        <time>2025-12-29T14:22:52Z</time>
        <extensions>
          <gpxtpx:TrackPointExtension>
            <gpxtpx:hr>130</gpxtpx:hr>
          </gpxtpx:TrackPointExtension>
        </extensions>
      </trkpt>
      <trkpt lat="22.39360352585968" lon="107.36996810858382">
        <ele>131.42618522047997</ele>
        <time>2025-12-29T14:22:53Z</time>
        <extensions>
          <gpxtpx:TrackPointExtension>
            <gpxtpx:hr>130</gpxtpx:hr>
          </gpxtpx:TrackPointExtension>
        </extensions>
      </trkpt>
      <trkpt lat="22.393612400451005" lon="107.36997253723325">
        <ele>131.24523616023362</ele>
        <time>2025-12-29T14:22:54Z</time>
        <extensions>
          <gpxtpx:TrackPointExtension>
            <gpxtpx:hr>130</gpxtpx:hr>
          </gpxtpx:TrackPointExtension>
        </extensions>
      </trkpt>
      <trkpt lat="22.393622215426472" lon="107.36997825396453">
        <ele>130.98567006830126</ele>
        <time>2025-12-29T14:22:55Z</time>
        <extensions>
          <gpxtpx:TrackPointExtension>
            <gpxtpx:hr>130</gpxtpx:hr>
          </gpxtpx:TrackPointExtension>
        </extensions>
      </trkpt>
      <trkpt lat="22.393632019929832" lon="107.36998469834745">
        <ele>130.63306818250567</ele>
        <time>2025-12-29T14:22:56Z</time>
        <extensions>
          <gpxtpx:TrackPointExtension>
            <gpxtpx:hr>130</gpxtpx:hr>
          </gpxtpx:TrackPointExtension>
        </extensions>
      </trkpt>
      <trkpt lat="22.393640632790625" lon="107.36999156464987">
        <ele>130.1792326811701</ele>
        <time>2025-12-29T14:22:57Z</time>
        <extensions>
          <gpxtpx:TrackPointExtension>
            <gpxtpx:hr>126</gpxtpx:hr>
          </gpxtpx:TrackPointExtension>
        </extensions>
      </trkpt>
      <trkpt lat="22.393647875404653" lon="107.36999876861695">
        <ele>129.63000422529876</ele>
        <time>2025-12-29T14:22:58Z</time>
        <extensions>
          <gpxtpx:TrackPointExtension>
            <gpxtpx:hr>126</gpxtpx:hr>
          </gpxtpx:TrackPointExtension>
        </extensions>
      </trkpt>
      <trkpt lat="22.393653547693997" lon="107.3700055908105">
        <ele>129.00547179579735</ele>
        <time>2025-12-29T14:22:59Z</time>
        <extensions>
          <gpxtpx:TrackPointExtension>
            <gpxtpx:hr>126</gpxtpx:hr>
          </gpxtpx:TrackPointExtension>
        </extensions>
      </trkpt>
      <trkpt lat="22.393657514391258" lon="107.37001123284658">
        <ele>128.32851938903332</ele>
        <time>2025-12-29T14:23:00Z</time>
        <extensions>
          <gpxtpx:TrackPointExtension>
            <gpxtpx:hr>126</gpxtpx:hr>
          </gpxtpx:TrackPointExtension>
        </extensions>
      </trkpt>
      <trkpt lat="22.393660188571683" lon="107.37001554178032">
        <ele>127.61942521389574</ele>
        <time>2025-12-29T14:23:01Z</time>
        <extensions>
          <gpxtpx:TrackPointExtension>
            <gpxtpx:hr>126</gpxtpx:hr>
          </gpxtpx:TrackPointExtension>
        </extensions>
      </trkpt>
    </trkseg>
  </trk>
</gpx>