<?xml version="1.0" encoding="UTF-8"?>
<gpx xmlns="http://www.topografix.com/GPX/1/1" xmlns:gpxtpx="http://www.garmin.com/xmlschemas/TrackPointExtension/v1" xmlns:xsi="http://www.w3.org/2001/XMLSchema-instance" xsi:schemaLocation="http://www.topografix.com/GPX/1/1 http://www.topografix.com/GPX/1/1/gpx.xsd" version="1.1" creator="gpx.py -- https://github.com/tkrajina/gpxpy">
  <trk>
    <name>gpx from keep</name>
    <type>Walk</type>
    <trkseg>
      <trkpt lat="22.649512793451766" lon="107.60619783853308">
        <ele>93.38444702513516</ele>
        <time>2023-07-11T01:08:45Z</time>
        <extensions>
          <gpxtpx:TrackPointExtension>
            <gpxtpx:hr>99</gpxtpx:hr>
          </gpxtpx:TrackPointExtension>
        </extensions>
      </trkpt>
      <trkpt lat="22.64951165427341" lon="107.60619521875773">
        <ele>93.35906180925667</ele>
        <time>2023-07-11T01:08:46Z</time>
        <extensions>
          <gpxtpx:TrackPointExtension>
            <gpxtpx:hr>99</gpxtpx:hr>
          </gpxtpx:TrackPointExtension>
        </extensions>
      </trkpt>
      <trkpt lat="22.649510695643823" lon="107.60619275627616">
        <ele>93.33569369278848</ele>
        <time>2023-07-11T01:08:47Z</time>
        <extensions>
          <gpxtpx:TrackPointExtension>
            <gpxtpx:hr>100</gpxtpx:hr>
          </gpxtpx:TrackPointExtension>
        </extensions>
      </trkpt>
      <trkpt lat="22.649509963521123" lon="107.6061906361374">
        <ele>93.31092546787113</ele>
        <time>2023-07-11T01:08:48Z</time>
        <extensions>
          <gpxtpx:TrackPointExtension>
            <gpxtpx:hr>100</gpxtpx:hr>
          </gpxtpx:TrackPointExtension>
        </extensions>
      </trkpt>
      <trkpt lat="22.649509372034487" lon="107.60618843662664">
        <ele>93.28769162856042</ele>
        <time>2023-07-11T01:08:49Z</time>
        <extensions>
          <gpxtpx:TrackPointExtension>
            <gpxtpx:hr>100</gpxtpx:hr>
          </gpxtpx:TrackPointExtension>
        </extensions>
      </trkpt>
      <trkpt lat="22.649509059558913" lon="107.60618607264304">
        <ele>93.26631313376129</ele>
        <time>2023-07-11T01:08:50Z</time>
        <extensions>
          <gpxtpx:TrackPointExtension>
            <gpxtpx:hr>100</gpxtpx:hr>
          </gpxtpx:TrackPointExtension>
        </extensions>
      </trkpt>
      <trkpt lat="22.649509724568485" lon="107.60618323113346">
        <ele>93.24216888193041</ele>
        <time>2023-07-11T01:08:51Z</time>
        <extensions>
          <gpxtpx:TrackPointExtension>
            <gpxtpx:hr>100</gpxtpx:hr>
          </gpxtpx:TrackPointExtension>
        </extensions>
      </trkpt>
      <trkpt lat="22.649513590058845" lon="107.60617911338514">
        <ele>93.21667469479144</ele>
        <time>2023-07-11T01:08:52Z</time>
        <extensions>
          <gpxtpx:TrackPointExtension>
            <gpxtpx:hr>100</gpxtpx:hr>
          </gpxtpx:TrackPointExtension>
        </extensions>
      </trkpt>
      <trkpt lat="22.649520208008887" lon="107.60617349569287">
        <ele>93.19235770590603</ele>
        <time>2023-07-11T01:08:53Z</time>
        <extensions>
          <gpxtpx:TrackPointExtension>
            <gpxtpx:hr>100</gpxtpx:hr>
          </gpxtpx:TrackPointExtension>
        </extensions>
      </trkpt>
      <trkpt lat="22.64952783474427" lon="107.60616643858997">
        <ele>93.16789138037711</ele>
        <time>2023-07-11T01:08:54Z</time>
        <extensions>
          <gpxtpx:TrackPointExtension>
            <gpxtpx:hr>100</gpxtpx:hr>
          </gpxtpx:TrackPointExtension>
        </extensions>
      </trkpt>
      <trkpt lat="22.6495350957136" lon="107.60615956932513">
        <ele>93.14402330014855</ele>
        <time>2023-07-11T01:08:55Z</time>
        <extensions>
          <gpxtpx:TrackPointExtension>
            <gpxtpx:hr>100</gpxtpx:hr>
          </gpxtpx:TrackPointExtension>
        </extensions>
      </trkpt>
      <trkpt lat="22.649541864432646" lon="107.60615316898402">
        <ele>93.12196279410273</ele>
        <time>2023-07-11T01:08:56Z</time>
        <extensions>
          <gpxtpx:TrackPointExtension>
            <gpxtpx:hr>100</gpxtpx:hr>
          </gpxtpx:TrackPointExtension>
        </extensions>
      </trkpt>
      <trkpt lat="22.649548733870496" lon="107.6061468339779">
        <ele>93.10274844337255</ele>
        <time>2023-07-11T01:08:57Z</time>
        <extensions>
          <gpxtpx:TrackPointExtension>
            <gpxtpx:hr>100</gpxtpx:hr>
          </gpxtpx:TrackPointExtension>
        </extensions>
      </trkpt>
      <trkpt lat="22.64955549215563" lon="107.60614050693816">
        <ele>93.08594164345413</ele>
        <time>2023-07-11T01:08:58Z</time>
        <extensions>
          <gpxtpx:TrackPointExtension>
            <gpxtpx:hr>102</gpxtpx:hr>
          </gpxtpx:TrackPointExtension>
        </extensions>
      </trkpt>
      <trkpt lat="22.649562100645618" lon="107.60613439218622">
        <ele>93.07275948207825</ele>
        <time>2023-07-11T01:08:59Z</time>
        <extensions>
          <gpxtpx:TrackPointExtension>
            <gpxtpx:hr>102</gpxtpx:hr>
          </gpxtpx:TrackPointExtension>
        </extensions>
      </trkpt>
      <trkpt lat="22.649568713002463" lon="107.60612807459826">
        <ele>93.06209646444768</ele>
        <time>2023-07-11T01:09:00Z</time>
        <extensions>
          <gpxtpx:TrackPointExtension>
            <gpxtpx:hr>102</gpxtpx:hr>
          </gpxtpx:TrackPointExtension>
        </extensions>
      </trkpt>
      <trkpt lat="22.64957571343845" lon="107.60612148589901">
        <ele>93.05382056999952</ele>
        <time>2023-07-11T01:09:01Z</time>
        <extensions>
          <gpxtpx:TrackPointExtension>
            <gpxtpx:hr>102</gpxtpx:hr>
          </gpxtpx:TrackPointExtension>
        </extensions>
      </trkpt>
      <trkpt lat="22.64958333997196" lon="107.60611478555455">
        <ele>93.04759229440242</ele>
        <time>2023-07-11T01:09:02Z</time>
        <extensions>
          <gpxtpx:TrackPointExtension>
            <gpxtpx:hr>102</gpxtpx:hr>
          </gpxtpx:TrackPointExtension>
        </extensions>
      </trkpt>
      <trkpt lat="22.649590972196766" lon="107.60610809610779">
        <ele>93.04362818598747</ele>
        <time>2023-07-11T01:09:03Z</time>
        <extensions>
          <gpxtpx:TrackPointExtension>
            <gpxtpx:hr>102</gpxtpx:hr>
          </gpxtpx:TrackPointExtension>
        </extensions>
      </trkpt>
      <trkpt lat="22.649598401397224" lon="107.6061012479877">
        <ele>93.04283984191716</ele>
        <time>2023-07-11T01:09:04Z</time>
        <extensions>
          <gpxtpx:TrackPointExtension>
            <gpxtpx:hr>102</gpxtpx:hr>
          </gpxtpx:TrackPointExtension>
        </extensions>
      </trkpt>
      <trkpt lat="22.649605853976652" lon="107.60609454256512">
        <ele>93.04511676542461</ele>
        <time>2023-07-11T01:09:05Z</time>
        <extensions>
          <gpxtpx:TrackPointExtension>
            <gpxtpx:hr>104</gpxtpx:hr>
          </gpxtpx:TrackPointExtension>
        </extensions>
      </trkpt>
      <trkpt lat="22.649613155631016" lon="107.6060881569092">
        <ele>93.04890114814043</ele>
        <time>2023-07-11T01:09:06Z</time>
        <extensions>
          <gpxtpx:TrackPointExtension>
            <gpxtpx:hr>104</gpxtpx:hr>
          </gpxtpx:TrackPointExtension>
        </extensions>
      </trkpt>
      <trkpt lat="22.649620720577506" lon="107.6060820193985">
        <ele>93.05494244489819</ele>
        <time>2023-07-11T01:09:07Z</time>
        <extensions>
          <gpxtpx:TrackPointExtension>
            <gpxtpx:hr>104</gpxtpx:hr>
          </gpxtpx:TrackPointExtension>
        </extensions>
      </trkpt>
      <trkpt lat="22.649625455752265" lon="107.60607352935084">
        <ele>93.09374655317515</ele>
        <time>2023-07-11T01:09:08Z</time>
        <extensions>
          <gpxtpx:TrackPointExtension>
            <gpxtpx:hr>104</gpxtpx:hr>
          </gpxtpx:TrackPointExtension>
        </extensions>
      </trkpt>
      <trkpt lat="22.64963131338084" lon="107.60606619935089">
        <ele>93.14576794300228</ele>
        <time>2023-07-11T01:09:09Z</time>
        <extensions>
          <gpxtpx:TrackPointExtension>
            <gpxtpx:hr>104</gpxtpx:hr>
          </gpxtpx:TrackPointExtension>
        </extensions>
      </trkpt>
      <trkpt lat="22.649638770552503" lon="107.60606041380052">
        <ele>93.20545917656273</ele>
        <time>2023-07-11T01:09:10Z</time>
        <extensions>
          <gpxtpx:TrackPointExtension>
            <gpxtpx:hr>104</gpxtpx:hr>
          </gpxtpx:TrackPointExtension>
        </extensions>
      </trkpt>
      <trkpt lat="22.649645922056315" lon="107.60605463459997">
        <ele>93.2710967361927</ele>
        <time>2023-07-11T01:09:11Z</time>
        <extensions>
          <gpxtpx:TrackPointExtension>
            <gpxtpx:hr>104</gpxtpx:hr>
          </gpxtpx:TrackPointExtension>
        </extensions>
      </trkpt>
      <trkpt lat="22.649652857403265" lon="107.6060480639789">
        <ele>93.34502933267504</ele>
        <time>2023-07-11T01:09:12Z</time>
        <extensions>
          <gpxtpx:TrackPointExtension>
            <gpxtpx:hr>100</gpxtpx:hr>
          </gpxtpx:TrackPointExtension>
        </extensions>
      </trkpt>
      <trkpt lat="22.649659252337372" lon="107.60604069361963">
        <ele>93.42879810370505</ele>
        <time>2023-07-11T01:09:13Z</time>
        <extensions>
          <gpxtpx:TrackPointExtension>
            <gpxtpx:hr>100</gpxtpx:hr>
          </gpxtpx:TrackPointExtension>
        </extensions>
      </trkpt>
      <trkpt lat="22.64966530021072" lon="107.60603316219638">
        <ele>93.52594618685544</ele>
        <time>2023-07-11T01:09:14Z</time>
        <extensions>
          <gpxtpx:TrackPointExtension>
            <gpxtpx:hr>100</gpxtpx:hr>
          </gpxtpx:TrackPointExtension>
        </extensions>
      </trkpt>
      <trkpt lat="22.6496717320686" lon="107.6060263447369">
        <ele>93.63238328136504</ele>
        <time>2023-07-11T01:09:15Z</time>
        <extensions>
          <gpxtpx:TrackPointExtension>
            <gpxtpx:hr>100</gpxtpx:hr>
          </gpxtpx:TrackPointExtension>
        </extensions>
      </trkpt>
      <trkpt lat="22.64967796380143" lon="107.60601955591827">
        <ele>93.73879620153457</ele>
        <time>2023-07-11T01:09:16Z</time>
        <extensions>
          <gpxtpx:TrackPointExtension>
            <gpxtpx:hr>100</gpxtpx:hr>
          </gpxtpx:TrackPointExtension>
        </extensions>
      </trkpt>
      <trkpt lat="22.649682774250067" lon="107.60601140942967">
        <ele>93.83938113227487</ele>
        <time>2023-07-11T01:09:17Z</time>
        <extensions>
          <gpxtpx:TrackPointExtension>
            <gpxtpx:hr>100</gpxtpx:hr>
          </gpxtpx:TrackPointExtension>
        </extensions>
      </trkpt>
      <trkpt lat="22.649683485660734" lon="107.60600072785086">
        <ele>93.9314305242151</ele>
        <time>2023-07-11T01:09:18Z</time>
        <extensions>
          <gpxtpx:TrackPointExtension>
            <gpxtpx:hr>100</gpxtpx:hr>
          </gpxtpx:TrackPointExtension>
        </extensions>
      </trkpt>
      <trkpt lat="22.649680509344037" lon="107.60598846713042">
        <ele>94.01338203251362</ele>
        <time>2023-07-11T01:09:19Z</time>
        <extensions>
          <gpxtpx:TrackPointExtension>
            <gpxtpx:hr>101</gpxtpx:hr>
          </gpxtpx:TrackPointExtension>
        </extensions>
      </trkpt>
      <trkpt lat="22.649677293685663" lon="107.60597669291485">
        <ele>94.09077325556427</ele>
        <time>2023-07-11T01:09:20Z</time>
        <extensions>
          <gpxtpx:TrackPointExtension>
            <gpxtpx:hr>101</gpxtpx:hr>
          </gpxtpx:TrackPointExtension>
        </extensions>
      </trkpt>
      <trkpt lat="22.649675165367807" lon="107.60596576687101">
        <ele>94.16922600287944</ele>
        <time>2023-07-11T01:09:21Z</time>
        <extensions>
          <gpxtpx:TrackPointExtension>
            <gpxtpx:hr>101</gpxtpx:hr>
          </gpxtpx:TrackPointExtension>
        </extensions>
      </trkpt>
      <trkpt lat="22.649674339070778" lon="107.60595537631579">
        <ele>94.25133547373116</ele>
        <time>2023-07-11T01:09:22Z</time>
        <extensions>
          <gpxtpx:TrackPointExtension>
            <gpxtpx:hr>101</gpxtpx:hr>
          </gpxtpx:TrackPointExtension>
        </extensions>
      </trkpt>
      <trkpt lat="22.649674213576898" lon="107.60594463628067">
        <ele>94.32090411614627</ele>
        <time>2023-07-11T01:09:23Z</time>
        <extensions>
          <gpxtpx:TrackPointExtension>
            <gpxtpx:hr>101</gpxtpx:hr>
          </gpxtpx:TrackPointExtension>
        </extensions>
      </trkpt>
      <trkpt lat="22.649674502837826" lon="107.60593324710204">
        <ele>94.37439205963165</ele>
        <time>2023-07-11T01:09:24Z</time>
        <extensions>
          <gpxtpx:TrackPointExtension>
            <gpxtpx:hr>101</gpxtpx:hr>
          </gpxtpx:TrackPointExtension>
        </extensions>
      </trkpt>
      <trkpt lat="22.649674974400813" lon="107.60592194185881">
        <ele>94.43617160245776</ele>
        <time>2023-07-11T01:09:25Z</time>
        <extensions>
          <gpxtpx:TrackPointExtension>
            <gpxtpx:hr>101</gpxtpx:hr>
          </gpxtpx:TrackPointExtension>
        </extensions>
      </trkpt>
      <trkpt lat="22.64967490360618" lon="107.60591127411833">
        <ele>94.50079241674393</ele>
        <time>2023-07-11T01:09:26Z</time>
        <extensions>
          <gpxtpx:TrackPointExtension>
            <gpxtpx:hr>101</gpxtpx:hr>
          </gpxtpx:TrackPointExtension>
        </extensions>
      </trkpt>
      <trkpt lat="22.64967384063981" lon="107.605901095699">
        <ele>94.53933938965201</ele>
        <time>2023-07-11T01:09:27Z</time>
        <extensions>
          <gpxtpx:TrackPointExtension>
            <gpxtpx:hr>101</gpxtpx:hr>
          </gpxtpx:TrackPointExtension>
        </extensions>
      </trkpt>
      <trkpt lat="22.649671979505033" lon="107.60589091102118">
        <ele>94.58271026052535</ele>
        <time>2023-07-11T01:09:28Z</time>
        <extensions>
          <gpxtpx:TrackPointExtension>
            <gpxtpx:hr>101</gpxtpx:hr>
          </gpxtpx:TrackPointExtension>
        </extensions>
      </trkpt>
      <trkpt lat="22.649669614893458" lon="107.60588039761477">
        <ele>94.63705811277032</ele>
        <time>2023-07-11T01:09:29Z</time>
        <extensions>
          <gpxtpx:TrackPointExtension>
            <gpxtpx:hr>101</gpxtpx:hr>
          </gpxtpx:TrackPointExtension>
        </extensions>
      </trkpt>
      <trkpt lat="22.649666845351945" lon="107.6058691924306">
        <ele>94.70896623376757</ele>
        <time>2023-07-11T01:09:30Z</time>
        <extensions>
          <gpxtpx:TrackPointExtension>
            <gpxtpx:hr>102</gpxtpx:hr>
          </gpxtpx:TrackPointExtension>
        </extensions>
      </trkpt>
      <trkpt lat="22.649663549590404" lon="107.60585722724488">
        <ele>94.78204661328346</ele>
        <time>2023-07-11T01:09:31Z</time>
        <extensions>
          <gpxtpx:TrackPointExtension>
            <gpxtpx:hr>102</gpxtpx:hr>
          </gpxtpx:TrackPointExtension>
        </extensions>
      </trkpt>
      <trkpt lat="22.649659895873942" lon="107.60584509286356">
        <ele>94.87627690471709</ele>
        <time>2023-07-11T01:09:32Z</time>
        <extensions>
          <gpxtpx:TrackPointExtension>
            <gpxtpx:hr>102</gpxtpx:hr>
          </gpxtpx:TrackPointExtension>
        </extensions>
      </trkpt>
      <trkpt lat="22.649655956128175" lon="107.60583287743597">
        <ele>94.97975494060665</ele>
        <time>2023-07-11T01:09:33Z</time>
        <extensions>
          <gpxtpx:TrackPointExtension>
            <gpxtpx:hr>102</gpxtpx:hr>
          </gpxtpx:TrackPointExtension>
        </extensions>
      </trkpt>
      <trkpt lat="22.649651541646527" lon="107.60582024866837">
        <ele>95.09340301342309</ele>
        <time>2023-07-11T01:09:34Z</time>
        <extensions>
          <gpxtpx:TrackPointExtension>
            <gpxtpx:hr>102</gpxtpx:hr>
          </gpxtpx:TrackPointExtension>
        </extensions>
      </trkpt>
      <trkpt lat="22.649646924665635" lon="107.60580789655215">
        <ele>95.2124287551269</ele>
        <time>2023-07-11T01:09:35Z</time>
        <extensions>
          <gpxtpx:TrackPointExtension>
            <gpxtpx:hr>104</gpxtpx:hr>
          </gpxtpx:TrackPointExtension>
        </extensions>
      </trkpt>
      <trkpt lat="22.64964267961015" lon="107.60579595824645">
        <ele>95.34226801525801</ele>
        <time>2023-07-11T01:09:36Z</time>
        <extensions>
          <gpxtpx:TrackPointExtension>
            <gpxtpx:hr>104</gpxtpx:hr>
          </gpxtpx:TrackPointExtension>
        </extensions>
      </trkpt>
      <trkpt lat="22.649638810781624" lon="107.60578301167762">
        <ele>95.47402925323695</ele>
        <time>2023-07-11T01:09:37Z</time>
        <extensions>
          <gpxtpx:TrackPointExtension>
            <gpxtpx:hr>104</gpxtpx:hr>
          </gpxtpx:TrackPointExtension>
        </extensions>
      </trkpt>
      <trkpt lat="22.649635530867304" lon="107.60576903680342">
        <ele>95.61493141204119</ele>
        <time>2023-07-11T01:09:38Z</time>
        <extensions>
          <gpxtpx:TrackPointExtension>
            <gpxtpx:hr>104</gpxtpx:hr>
          </gpxtpx:TrackPointExtension>
        </extensions>
      </trkpt>
      <trkpt lat="22.649633076596462" lon="107.60575548555784">
        <ele>95.77126747556031</ele>
        <time>2023-07-11T01:09:39Z</time>
        <extensions>
          <gpxtpx:TrackPointExtension>
            <gpxtpx:hr>104</gpxtpx:hr>
          </gpxtpx:TrackPointExtension>
        </extensions>
      </trkpt>
      <trkpt lat="22.64963106851846" lon="107.60574284970615">
        <ele>95.93324878439307</ele>
        <time>2023-07-11T01:09:40Z</time>
        <extensions>
          <gpxtpx:TrackPointExtension>
            <gpxtpx:hr>104</gpxtpx:hr>
          </gpxtpx:TrackPointExtension>
        </extensions>
      </trkpt>
      <trkpt lat="22.64962913717553" lon="107.60573063385067">
        <ele>96.10094240680337</ele>
        <time>2023-07-11T01:09:41Z</time>
        <extensions>
          <gpxtpx:TrackPointExtension>
            <gpxtpx:hr>104</gpxtpx:hr>
          </gpxtpx:TrackPointExtension>
        </extensions>
      </trkpt>
      <trkpt lat="22.649627002048923" lon="107.60571838647654">
        <ele>96.27206018194556</ele>
        <time>2023-07-11T01:09:42Z</time>
        <extensions>
          <gpxtpx:TrackPointExtension>
            <gpxtpx:hr>104</gpxtpx:hr>
          </gpxtpx:TrackPointExtension>
        </extensions>
      </trkpt>
      <trkpt lat="22.649624741723972" lon="107.60570621074896">
        <ele>96.44102552067488</ele>
        <time>2023-07-11T01:09:43Z</time>
        <extensions>
          <gpxtpx:TrackPointExtension>
            <gpxtpx:hr>104</gpxtpx:hr>
          </gpxtpx:TrackPointExtension>
        </extensions>
      </trkpt>
      <trkpt lat="22.64962251519809" lon="107.60569447758027">
        <ele>96.60464636515826</ele>
        <time>2023-07-11T01:09:44Z</time>
        <extensions>
          <gpxtpx:TrackPointExtension>
            <gpxtpx:hr>104</gpxtpx:hr>
          </gpxtpx:TrackPointExtension>
        </extensions>
      </trkpt>
      <trkpt lat="22.6496204292946" lon="107.60568324037739">
        <ele>96.75909843016416</ele>
        <time>2023-07-11T01:09:45Z</time>
        <extensions>
          <gpxtpx:TrackPointExtension>
            <gpxtpx:hr>105</gpxtpx:hr>
          </gpxtpx:TrackPointExtension>
        </extensions>
      </trkpt>
      <trkpt lat="22.649618457735677" lon="107.60567240383607">
        <ele>96.92628521472216</ele>
        <time>2023-07-11T01:09:46Z</time>
        <extensions>
          <gpxtpx:TrackPointExtension>
            <gpxtpx:hr>105</gpxtpx:hr>
          </gpxtpx:TrackPointExtension>
        </extensions>
      </trkpt>
      <trkpt lat="22.649616476586512" lon="107.60566160074409">
        <ele>97.06740281451494</ele>
        <time>2023-07-11T01:09:47Z</time>
        <extensions>
          <gpxtpx:TrackPointExtension>
            <gpxtpx:hr>105</gpxtpx:hr>
          </gpxtpx:TrackPointExtension>
        </extensions>
      </trkpt>
      <trkpt lat="22.649614446351123" lon="107.60565075899972">
        <ele>97.18913546297699</ele>
        <time>2023-07-11T01:09:48Z</time>
        <extensions>
          <gpxtpx:TrackPointExtension>
            <gpxtpx:hr>105</gpxtpx:hr>
          </gpxtpx:TrackPointExtension>
        </extensions>
      </trkpt>
      <trkpt lat="22.649612406540957" lon="107.60564023992222">
        <ele>97.2870076065883</ele>
        <time>2023-07-11T01:09:49Z</time>
        <extensions>
          <gpxtpx:TrackPointExtension>
            <gpxtpx:hr>98</gpxtpx:hr>
          </gpxtpx:TrackPointExtension>
        </extensions>
      </trkpt>
      <trkpt lat="22.64961056337003" lon="107.60562934386805">
        <ele>97.38143547531217</ele>
        <time>2023-07-11T01:09:50Z</time>
        <extensions>
          <gpxtpx:TrackPointExtension>
            <gpxtpx:hr>98</gpxtpx:hr>
          </gpxtpx:TrackPointExtension>
        </extensions>
      </trkpt>
      <trkpt lat="22.649608952586302" lon="107.6056173739966">
        <ele>97.45849721226841</ele>
        <time>2023-07-11T01:09:51Z</time>
        <extensions>
          <gpxtpx:TrackPointExtension>
            <gpxtpx:hr>98</gpxtpx:hr>
          </gpxtpx:TrackPointExtension>
        </extensions>
      </trkpt>
      <trkpt lat="22.649607530678622" lon="107.60560448509679">
        <ele>97.50662692822516</ele>
        <time>2023-07-11T01:09:52Z</time>
        <extensions>
          <gpxtpx:TrackPointExtension>
            <gpxtpx:hr>98</gpxtpx:hr>
          </gpxtpx:TrackPointExtension>
        </extensions>
      </trkpt>
      <trkpt lat="22.649606387480812" lon="107.60559104687675">
        <ele>97.5425562299788</ele>
        <time>2023-07-11T01:09:53Z</time>
        <extensions>
          <gpxtpx:TrackPointExtension>
            <gpxtpx:hr>98</gpxtpx:hr>
          </gpxtpx:TrackPointExtension>
        </extensions>
      </trkpt>
      <trkpt lat="22.64960552401075" lon="107.60557781818807">
        <ele>97.55910262651742</ele>
        <time>2023-07-11T01:09:54Z</time>
        <extensions>
          <gpxtpx:TrackPointExtension>
            <gpxtpx:hr>98</gpxtpx:hr>
          </gpxtpx:TrackPointExtension>
        </extensions>
      </trkpt>
      <trkpt lat="22.649604269638573" lon="107.60556444391284">
        <ele>97.56270872056484</ele>
        <time>2023-07-11T01:09:55Z</time>
        <extensions>
          <gpxtpx:TrackPointExtension>
            <gpxtpx:hr>98</gpxtpx:hr>
          </gpxtpx:TrackPointExtension>
        </extensions>
      </trkpt>
      <trkpt lat="22.649601784316562" lon="107.60555030545146">
        <ele>97.54561517760158</ele>
        <time>2023-07-11T01:09:56Z</time>
        <extensions>
          <gpxtpx:TrackPointExtension>
            <gpxtpx:hr>96</gpxtpx:hr>
          </gpxtpx:TrackPointExtension>
        </extensions>
      </trkpt>
      <trkpt lat="22.6495985424657" lon="107.60553654910915">
        <ele>97.53417958132923</ele>
        <time>2023-07-11T01:09:57Z</time>
        <extensions>
          <gpxtpx:TrackPointExtension>
            <gpxtpx:hr>96</gpxtpx:hr>
          </gpxtpx:TrackPointExtension>
        </extensions>
      </trkpt>
      <trkpt lat="22.64959596146456" lon="107.60552368459498">
        <ele>97.50852015335113</ele>
        <time>2023-07-11T01:09:58Z</time>
        <extensions>
          <gpxtpx:TrackPointExtension>
            <gpxtpx:hr>96</gpxtpx:hr>
          </gpxtpx:TrackPointExtension>
        </extensions>
      </trkpt>
      <trkpt lat="22.64959466963876" lon="107.6055115602208">
        <ele>97.46588890254498</ele>
        <time>2023-07-11T01:09:59Z</time>
        <extensions>
          <gpxtpx:TrackPointExtension>
            <gpxtpx:hr>96</gpxtpx:hr>
          </gpxtpx:TrackPointExtension>
        </extensions>
      </trkpt>
      <trkpt lat="22.649594367620704" lon="107.60550042627202">
        <ele>97.41671956516802</ele>
        <time>2023-07-11T01:10:00Z</time>
        <extensions>
          <gpxtpx:TrackPointExtension>
            <gpxtpx:hr>96</gpxtpx:hr>
          </gpxtpx:TrackPointExtension>
        </extensions>
      </trkpt>
      <trkpt lat="22.649594594185043" lon="107.60549021918263">
        <ele>97.35543280746788</ele>
        <time>2023-07-11T01:10:01Z</time>
        <extensions>
          <gpxtpx:TrackPointExtension>
            <gpxtpx:hr>96</gpxtpx:hr>
          </gpxtpx:TrackPointExtension>
        </extensions>
      </trkpt>
      <trkpt lat="22.649594769829978" lon="107.60548087523247">
        <ele>97.2698092116043</ele>
        <time>2023-07-11T01:10:02Z</time>
        <extensions>
          <gpxtpx:TrackPointExtension>
            <gpxtpx:hr>95</gpxtpx:hr>
          </gpxtpx:TrackPointExtension>
        </extensions>
      </trkpt>
      <trkpt lat="22.649594469195545" lon="107.60547131122006">
        <ele>97.1675122352317</ele>
        <time>2023-07-11T01:10:03Z</time>
        <extensions>
          <gpxtpx:TrackPointExtension>
            <gpxtpx:hr>95</gpxtpx:hr>
          </gpxtpx:TrackPointExtension>
        </extensions>
      </trkpt>
      <trkpt lat="22.64959346832269" lon="107.6054609929828">
        <ele>97.07348894421011</ele>
        <time>2023-07-11T01:10:04Z</time>
        <extensions>
          <gpxtpx:TrackPointExtension>
            <gpxtpx:hr>95</gpxtpx:hr>
          </gpxtpx:TrackPointExtension>
        </extensions>
      </trkpt>
      <trkpt lat="22.649591936235563" lon="107.60545062005659">
        <ele>96.95882904436439</ele>
        <time>2023-07-11T01:10:05Z</time>
        <extensions>
          <gpxtpx:TrackPointExtension>
            <gpxtpx:hr>95</gpxtpx:hr>
          </gpxtpx:TrackPointExtension>
        </extensions>
      </trkpt>
      <trkpt lat="22.649590318244552" lon="107.60544046938008">
        <ele>96.82928797509521</ele>
        <time>2023-07-11T01:10:06Z</time>
        <extensions>
          <gpxtpx:TrackPointExtension>
            <gpxtpx:hr>100</gpxtpx:hr>
          </gpxtpx:TrackPointExtension>
        </extensions>
      </trkpt>
      <trkpt lat="22.649589032858337" lon="107.60543049317523">
        <ele>96.70127524062991</ele>
        <time>2023-07-11T01:10:07Z</time>
        <extensions>
          <gpxtpx:TrackPointExtension>
            <gpxtpx:hr>100</gpxtpx:hr>
          </gpxtpx:TrackPointExtension>
        </extensions>
      </trkpt>
      <trkpt lat="22.649588318459156" lon="107.60542026147273">
        <ele>96.57131695374846</ele>
        <time>2023-07-11T01:10:08Z</time>
        <extensions>
          <gpxtpx:TrackPointExtension>
            <gpxtpx:hr>100</gpxtpx:hr>
          </gpxtpx:TrackPointExtension>
        </extensions>
      </trkpt>
      <trkpt lat="22.649588365629352" lon="107.60540911488422">
        <ele>96.43909350223839</ele>
        <time>2023-07-11T01:10:09Z</time>
        <extensions>
          <gpxtpx:TrackPointExtension>
            <gpxtpx:hr>100</gpxtpx:hr>
          </gpxtpx:TrackPointExtension>
        </extensions>
      </trkpt>
      <trkpt lat="22.64958915132255" lon="107.60539694626746">
        <ele>96.32535603735596</ele>
        <time>2023-07-11T01:10:10Z</time>
        <extensions>
          <gpxtpx:TrackPointExtension>
            <gpxtpx:hr>100</gpxtpx:hr>
          </gpxtpx:TrackPointExtension>
        </extensions>
      </trkpt>
      <trkpt lat="22.64959026440672" lon="107.60538458054465">
        <ele>96.22975458577275</ele>
        <time>2023-07-11T01:10:11Z</time>
        <extensions>
          <gpxtpx:TrackPointExtension>
            <gpxtpx:hr>102</gpxtpx:hr>
          </gpxtpx:TrackPointExtension>
        </extensions>
      </trkpt>
      <trkpt lat="22.649591272664196" lon="107.6053726855168">
        <ele>96.13043043296784</ele>
        <time>2023-07-11T01:10:12Z</time>
        <extensions>
          <gpxtpx:TrackPointExtension>
            <gpxtpx:hr>102</gpxtpx:hr>
          </gpxtpx:TrackPointExtension>
        </extensions>
      </trkpt>
      <trkpt lat="22.649591864982305" lon="107.60536131752079">
        <ele>96.04484453238547</ele>
        <time>2023-07-11T01:10:13Z</time>
        <extensions>
          <gpxtpx:TrackPointExtension>
            <gpxtpx:hr>102</gpxtpx:hr>
          </gpxtpx:TrackPointExtension>
        </extensions>
      </trkpt>
      <trkpt lat="22.64959200293295" lon="107.60535062693671">
        <ele>95.9646895127371</ele>
        <time>2023-07-11T01:10:14Z</time>
        <extensions>
          <gpxtpx:TrackPointExtension>
            <gpxtpx:hr>102</gpxtpx:hr>
          </gpxtpx:TrackPointExtension>
        </extensions>
      </trkpt>
      <trkpt lat="22.649592013167005" lon="107.60534055586038">
        <ele>95.89869925286621</ele>
        <time>2023-07-11T01:10:15Z</time>
        <extensions>
          <gpxtpx:TrackPointExtension>
            <gpxtpx:hr>102</gpxtpx:hr>
          </gpxtpx:TrackPointExtension>
        </extensions>
      </trkpt>
      <trkpt lat="22.64959215216039" lon="107.60533110018501">
        <ele>95.8545644627884</ele>
        <time>2023-07-11T01:10:16Z</time>
        <extensions>
          <gpxtpx:TrackPointExtension>
            <gpxtpx:hr>102</gpxtpx:hr>
          </gpxtpx:TrackPointExtension>
        </extensions>
      </trkpt>
      <trkpt lat="22.649592486931184" lon="107.60532202017967">
        <ele>95.82877879031003</ele>
        <time>2023-07-11T01:10:17Z</time>
        <extensions>
          <gpxtpx:TrackPointExtension>
            <gpxtpx:hr>102</gpxtpx:hr>
          </gpxtpx:TrackPointExtension>
        </extensions>
      </trkpt>
      <trkpt lat="22.649592935399838" lon="107.60531256304313">
        <ele>95.81157899089158</ele>
        <time>2023-07-11T01:10:18Z</time>
        <extensions>
          <gpxtpx:TrackPointExtension>
            <gpxtpx:hr>102</gpxtpx:hr>
          </gpxtpx:TrackPointExtension>
        </extensions>
      </trkpt>
      <trkpt lat="22.64959322905482" lon="107.60530246785915">
        <ele>95.82859514281154</ele>
        <time>2023-07-11T01:10:19Z</time>
        <extensions>
          <gpxtpx:TrackPointExtension>
            <gpxtpx:hr>102</gpxtpx:hr>
          </gpxtpx:TrackPointExtension>
        </extensions>
      </trkpt>
      <trkpt lat="22.64959316454536" lon="107.60529218439291">
        <ele>95.84268350619823</ele>
        <time>2023-07-11T01:10:20Z</time>
        <extensions>
          <gpxtpx:TrackPointExtension>
            <gpxtpx:hr>101</gpxtpx:hr>
          </gpxtpx:TrackPointExtension>
        </extensions>
      </trkpt>
      <trkpt lat="22.649593010779178" lon="107.60528161639539">
        <ele>95.86725847329944</ele>
        <time>2023-07-11T01:10:21Z</time>
        <extensions>
          <gpxtpx:TrackPointExtension>
            <gpxtpx:hr>101</gpxtpx:hr>
          </gpxtpx:TrackPointExtension>
        </extensions>
      </trkpt>
      <trkpt lat="22.649593293602585" lon="107.605270402478">
        <ele>95.89587611611933</ele>
        <time>2023-07-11T01:10:22Z</time>
        <extensions>
          <gpxtpx:TrackPointExtension>
            <gpxtpx:hr>101</gpxtpx:hr>
          </gpxtpx:TrackPointExtension>
        </extensions>
      </trkpt>
      <trkpt lat="22.6495944484798" lon="107.60525826682974">
        <ele>95.92292824108154</ele>
        <time>2023-07-11T01:10:23Z</time>
        <extensions>
          <gpxtpx:TrackPointExtension>
            <gpxtpx:hr>101</gpxtpx:hr>
          </gpxtpx:TrackPointExtension>
        </extensions>
      </trkpt>
      <trkpt lat="22.649596924267296" lon="107.60524529985533">
        <ele>95.94120281748474</ele>
        <time>2023-07-11T01:10:24Z</time>
        <extensions>
          <gpxtpx:TrackPointExtension>
            <gpxtpx:hr>101</gpxtpx:hr>
          </gpxtpx:TrackPointExtension>
        </extensions>
      </trkpt>
      <trkpt lat="22.64960108103832" lon="107.60523179635494">
        <ele>95.95218012202531</ele>
        <time>2023-07-11T01:10:25Z</time>
        <extensions>
          <gpxtpx:TrackPointExtension>
            <gpxtpx:hr>101</gpxtpx:hr>
          </gpxtpx:TrackPointExtension>
        </extensions>
      </trkpt>
      <trkpt lat="22.649606682862796" lon="107.60521787283952">
        <ele>95.98199414182454</ele>
        <time>2023-07-11T01:10:26Z</time>
        <extensions>
          <gpxtpx:TrackPointExtension>
            <gpxtpx:hr>104</gpxtpx:hr>
          </gpxtpx:TrackPointExtension>
        </extensions>
      </trkpt>
      <trkpt lat="22.649613194325024" lon="107.60520390907443">
        <ele>95.99233833793551</ele>
        <time>2023-07-11T01:10:27Z</time>
        <extensions>
          <gpxtpx:TrackPointExtension>
            <gpxtpx:hr>104</gpxtpx:hr>
          </gpxtpx:TrackPointExtension>
        </extensions>
      </trkpt>
      <trkpt lat="22.64962012764094" lon="107.60519147627197">
        <ele>95.98917400464416</ele>
        <time>2023-07-11T01:10:28Z</time>
        <extensions>
          <gpxtpx:TrackPointExtension>
            <gpxtpx:hr>104</gpxtpx:hr>
          </gpxtpx:TrackPointExtension>
        </extensions>
      </trkpt>
      <trkpt lat="22.649628540881228" lon="107.60518017480778">
        <ele>95.98957439791411</ele>
        <time>2023-07-11T01:10:29Z</time>
        <extensions>
          <gpxtpx:TrackPointExtension>
            <gpxtpx:hr>104</gpxtpx:hr>
          </gpxtpx:TrackPointExtension>
        </extensions>
      </trkpt>
      <trkpt lat="22.64963894584982" lon="107.60516924390794">
        <ele>95.97298921551555</ele>
        <time>2023-07-11T01:10:30Z</time>
        <extensions>
          <gpxtpx:TrackPointExtension>
            <gpxtpx:hr>104</gpxtpx:hr>
          </gpxtpx:TrackPointExtension>
        </extensions>
      </trkpt>
      <trkpt lat="22.649649183426835" lon="107.60516043782552">
        <ele>95.9378383839503</ele>
        <time>2023-07-11T01:10:31Z</time>
        <extensions>
          <gpxtpx:TrackPointExtension>
            <gpxtpx:hr>102</gpxtpx:hr>
          </gpxtpx:TrackPointExtension>
        </extensions>
      </trkpt>
      <trkpt lat="22.64965978875416" lon="107.60515320102724">
        <ele>95.89493203535676</ele>
        <time>2023-07-11T01:10:32Z</time>
        <extensions>
          <gpxtpx:TrackPointExtension>
            <gpxtpx:hr>102</gpxtpx:hr>
          </gpxtpx:TrackPointExtension>
        </extensions>
      </trkpt>
      <trkpt lat="22.649672014635954" lon="107.60514667311138">
        <ele>95.8562294645235</ele>
        <time>2023-07-11T01:10:33Z</time>
        <extensions>
          <gpxtpx:TrackPointExtension>
            <gpxtpx:hr>102</gpxtpx:hr>
          </gpxtpx:TrackPointExtension>
        </extensions>
      </trkpt>
      <trkpt lat="22.64968499146653" lon="107.60514176297133">
        <ele>95.81781365443021</ele>
        <time>2023-07-11T01:10:34Z</time>
        <extensions>
          <gpxtpx:TrackPointExtension>
            <gpxtpx:hr>99</gpxtpx:hr>
          </gpxtpx:TrackPointExtension>
        </extensions>
      </trkpt>
      <trkpt lat="22.649697222930296" lon="107.60513869134061">
        <ele>95.76989150978625</ele>
        <time>2023-07-11T01:10:35Z</time>
        <extensions>
          <gpxtpx:TrackPointExtension>
            <gpxtpx:hr>99</gpxtpx:hr>
          </gpxtpx:TrackPointExtension>
        </extensions>
      </trkpt>
      <trkpt lat="22.64970903023303" lon="107.6051354144024">
        <ele>95.73935891967267</ele>
        <time>2023-07-11T01:10:36Z</time>
        <extensions>
          <gpxtpx:TrackPointExtension>
            <gpxtpx:hr>99</gpxtpx:hr>
          </gpxtpx:TrackPointExtension>
        </extensions>
      </trkpt>
      <trkpt lat="22.649721278772642" lon="107.60513019402102">
        <ele>95.710962748155</ele>
        <time>2023-07-11T01:10:37Z</time>
        <extensions>
          <gpxtpx:TrackPointExtension>
            <gpxtpx:hr>99</gpxtpx:hr>
          </gpxtpx:TrackPointExtension>
        </extensions>
      </trkpt>
      <trkpt lat="22.649733316376008" lon="107.60512449147458">
        <ele>95.68413847498596</ele>
        <time>2023-07-11T01:10:38Z</time>
        <extensions>
          <gpxtpx:TrackPointExtension>
            <gpxtpx:hr>99</gpxtpx:hr>
          </gpxtpx:TrackPointExtension>
        </extensions>
      </trkpt>
      <trkpt lat="22.649744485579472" lon="107.60511983926637">
        <ele>95.65961045958102</ele>
        <time>2023-07-11T01:10:39Z</time>
        <extensions>
          <gpxtpx:TrackPointExtension>
            <gpxtpx:hr>99</gpxtpx:hr>
          </gpxtpx:TrackPointExtension>
        </extensions>
      </trkpt>
      <trkpt lat="22.649755740010075" lon="107.60511608222785">
        <ele>95.63334417715669</ele>
        <time>2023-07-11T01:10:40Z</time>
        <extensions>
          <gpxtpx:TrackPointExtension>
            <gpxtpx:hr>102</gpxtpx:hr>
          </gpxtpx:TrackPointExtension>
        </extensions>
      </trkpt>
      <trkpt lat="22.649768100192208" lon="107.60511227661378">
        <ele>95.60600404907018</ele>
        <time>2023-07-11T01:10:41Z</time>
        <extensions>
          <gpxtpx:TrackPointExtension>
            <gpxtpx:hr>102</gpxtpx:hr>
          </gpxtpx:TrackPointExtension>
        </extensions>
      </trkpt>
      <trkpt lat="22.649781200118785" lon="107.60510811572173">
        <ele>95.59984208922833</ele>
        <time>2023-07-11T01:10:42Z</time>
        <extensions>
          <gpxtpx:TrackPointExtension>
            <gpxtpx:hr>102</gpxtpx:hr>
          </gpxtpx:TrackPointExtension>
        </extensions>
      </trkpt>
      <trkpt lat="22.649794230132272" lon="107.605103955331">
        <ele>95.6068938812241</ele>
        <time>2023-07-11T01:10:43Z</time>
        <extensions>
          <gpxtpx:TrackPointExtension>
            <gpxtpx:hr>102</gpxtpx:hr>
          </gpxtpx:TrackPointExtension>
        </extensions>
      </trkpt>
      <trkpt lat="22.64980618008569" lon="107.60510047765158">
        <ele>95.60429776739329</ele>
        <time>2023-07-11T01:10:44Z</time>
        <extensions>
          <gpxtpx:TrackPointExtension>
            <gpxtpx:hr>102</gpxtpx:hr>
          </gpxtpx:TrackPointExtension>
        </extensions>
      </trkpt>
      <trkpt lat="22.64981691954757" lon="107.60509764193829">
        <ele>95.61960973683745</ele>
        <time>2023-07-11T01:10:45Z</time>
        <extensions>
          <gpxtpx:TrackPointExtension>
            <gpxtpx:hr>102</gpxtpx:hr>
          </gpxtpx:TrackPointExtension>
        </extensions>
      </trkpt>
      <trkpt lat="22.649826352915866" lon="107.60509525730666">
        <ele>95.65085066016763</ele>
        <time>2023-07-11T01:10:46Z</time>
        <extensions>
          <gpxtpx:TrackPointExtension>
            <gpxtpx:hr>102</gpxtpx:hr>
          </gpxtpx:TrackPointExtension>
        </extensions>
      </trkpt>
      <trkpt lat="22.64983464968615" lon="107.605093034589">
        <ele>95.67232819646597</ele>
        <time>2023-07-11T01:10:47Z</time>
        <extensions>
          <gpxtpx:TrackPointExtension>
            <gpxtpx:hr>101</gpxtpx:hr>
          </gpxtpx:TrackPointExtension>
        </extensions>
      </trkpt>
      <trkpt lat="22.6498424973876" lon="107.60509084934152">
        <ele>95.69004312250763</ele>
        <time>2023-07-11T01:10:48Z</time>
        <extensions>
          <gpxtpx:TrackPointExtension>
            <gpxtpx:hr>101</gpxtpx:hr>
          </gpxtpx:TrackPointExtension>
        </extensions>
      </trkpt>
      <trkpt lat="22.649850564968308" lon="107.60508883767116">
        <ele>95.72916589584202</ele>
        <time>2023-07-11T01:10:49Z</time>
        <extensions>
          <gpxtpx:TrackPointExtension>
            <gpxtpx:hr>101</gpxtpx:hr>
          </gpxtpx:TrackPointExtension>
        </extensions>
      </trkpt>
      <trkpt lat="22.64985942561337" lon="107.60508683416317">
        <ele>95.74743703193963</ele>
        <time>2023-07-11T01:10:50Z</time>
        <extensions>
          <gpxtpx:TrackPointExtension>
            <gpxtpx:hr>101</gpxtpx:hr>
          </gpxtpx:TrackPointExtension>
        </extensions>
      </trkpt>
      <trkpt lat="22.64986930953078" lon="107.60508449323899">
        <ele>95.76819273177534</ele>
        <time>2023-07-11T01:10:51Z</time>
        <extensions>
          <gpxtpx:TrackPointExtension>
            <gpxtpx:hr>101</gpxtpx:hr>
          </gpxtpx:TrackPointExtension>
        </extensions>
      </trkpt>
      <trkpt lat="22.649879544178106" lon="107.60508141176915">
        <ele>95.80617426801473</ele>
        <time>2023-07-11T01:10:52Z</time>
        <extensions>
          <gpxtpx:TrackPointExtension>
            <gpxtpx:hr>97</gpxtpx:hr>
          </gpxtpx:TrackPointExtension>
        </extensions>
      </trkpt>
      <trkpt lat="22.649889316898236" lon="107.605077426694">
        <ele>95.83306018821895</ele>
        <time>2023-07-11T01:10:53Z</time>
        <extensions>
          <gpxtpx:TrackPointExtension>
            <gpxtpx:hr>97</gpxtpx:hr>
          </gpxtpx:TrackPointExtension>
        </extensions>
      </trkpt>
      <trkpt lat="22.64989880761052" lon="107.6050731493058">
        <ele>95.86332193482667</ele>
        <time>2023-07-11T01:10:54Z</time>
        <extensions>
          <gpxtpx:TrackPointExtension>
            <gpxtpx:hr>97</gpxtpx:hr>
          </gpxtpx:TrackPointExtension>
        </extensions>
      </trkpt>
      <trkpt lat="22.64990846240052" lon="107.60506938671118">
        <ele>95.89460835047066</ele>
        <time>2023-07-11T01:10:55Z</time>
        <extensions>
          <gpxtpx:TrackPointExtension>
            <gpxtpx:hr>97</gpxtpx:hr>
          </gpxtpx:TrackPointExtension>
        </extensions>
      </trkpt>
      <trkpt lat="22.64991833076897" lon="107.60506648850765">
        <ele>95.91851630341262</ele>
        <time>2023-07-11T01:10:56Z</time>
        <extensions>
          <gpxtpx:TrackPointExtension>
            <gpxtpx:hr>98</gpxtpx:hr>
          </gpxtpx:TrackPointExtension>
        </extensions>
      </trkpt>
      <trkpt lat="22.649928273261303" lon="107.6050643020427">
        <ele>95.93695901148021</ele>
        <time>2023-07-11T01:10:57Z</time>
        <extensions>
          <gpxtpx:TrackPointExtension>
            <gpxtpx:hr>98</gpxtpx:hr>
          </gpxtpx:TrackPointExtension>
        </extensions>
      </trkpt>
      <trkpt lat="22.649937559606304" lon="107.60506186839032">
        <ele>95.96588405128568</ele>
        <time>2023-07-11T01:10:58Z</time>
        <extensions>
          <gpxtpx:TrackPointExtension>
            <gpxtpx:hr>98</gpxtpx:hr>
          </gpxtpx:TrackPointExtension>
        </extensions>
      </trkpt>
      <trkpt lat="22.649945739680806" lon="107.60505896758936">
        <ele>95.99428224563599</ele>
        <time>2023-07-11T01:10:59Z</time>
        <extensions>
          <gpxtpx:TrackPointExtension>
            <gpxtpx:hr>98</gpxtpx:hr>
          </gpxtpx:TrackPointExtension>
        </extensions>
      </trkpt>
      <trkpt lat="22.64995349444028" lon="107.60505613169937">
        <ele>96.0059461267665</ele>
        <time>2023-07-11T01:11:00Z</time>
        <extensions>
          <gpxtpx:TrackPointExtension>
            <gpxtpx:hr>98</gpxtpx:hr>
          </gpxtpx:TrackPointExtension>
        </extensions>
      </trkpt>
      <trkpt lat="22.649961724283926" lon="107.60505327545134">
        <ele>96.00951214041561</ele>
        <time>2023-07-11T01:11:01Z</time>
        <extensions>
          <gpxtpx:TrackPointExtension>
            <gpxtpx:hr>98</gpxtpx:hr>
          </gpxtpx:TrackPointExtension>
        </extensions>
      </trkpt>
      <trkpt lat="22.64997077545918" lon="107.60505045700896">
        <ele>96.01200295053422</ele>
        <time>2023-07-11T01:11:02Z</time>
        <extensions>
          <gpxtpx:TrackPointExtension>
            <gpxtpx:hr>98</gpxtpx:hr>
          </gpxtpx:TrackPointExtension>
        </extensions>
      </trkpt>
      <trkpt lat="22.649980660293146" lon="107.60504778113891">
        <ele>96.00495363678783</ele>
        <time>2023-07-11T01:11:03Z</time>
        <extensions>
          <gpxtpx:TrackPointExtension>
            <gpxtpx:hr>98</gpxtpx:hr>
          </gpxtpx:TrackPointExtension>
        </extensions>
      </trkpt>
      <trkpt lat="22.64999109000825" lon="107.6050450256505">
        <ele>96.00061009079218</ele>
        <time>2023-07-11T01:11:04Z</time>
        <extensions>
          <gpxtpx:TrackPointExtension>
            <gpxtpx:hr>98</gpxtpx:hr>
          </gpxtpx:TrackPointExtension>
        </extensions>
      </trkpt>
      <trkpt lat="22.650001982187405" lon="107.60504177718951">
        <ele>95.99732128623873</ele>
        <time>2023-07-11T01:11:05Z</time>
        <extensions>
          <gpxtpx:TrackPointExtension>
            <gpxtpx:hr>98</gpxtpx:hr>
          </gpxtpx:TrackPointExtension>
        </extensions>
      </trkpt>
      <trkpt lat="22.650013385206684" lon="107.60503802918667">
        <ele>95.98325087781996</ele>
        <time>2023-07-11T01:11:06Z</time>
        <extensions>
          <gpxtpx:TrackPointExtension>
            <gpxtpx:hr>98</gpxtpx:hr>
          </gpxtpx:TrackPointExtension>
        </extensions>
      </trkpt>
      <trkpt lat="22.650025200774476" lon="107.6050344532137">
        <ele>95.965689917095</ele>
        <time>2023-07-11T01:11:07Z</time>
        <extensions>
          <gpxtpx:TrackPointExtension>
            <gpxtpx:hr>98</gpxtpx:hr>
          </gpxtpx:TrackPointExtension>
        </extensions>
      </trkpt>
      <trkpt lat="22.650036969787926" lon="107.60503122473257">
        <ele>95.94323884695768</ele>
        <time>2023-07-11T01:11:08Z</time>
        <extensions>
          <gpxtpx:TrackPointExtension>
            <gpxtpx:hr>98</gpxtpx:hr>
          </gpxtpx:TrackPointExtension>
        </extensions>
      </trkpt>
      <trkpt lat="22.650047770390195" lon="107.60502810526027">
        <ele>95.92153564281762</ele>
        <time>2023-07-11T01:11:09Z</time>
        <extensions>
          <gpxtpx:TrackPointExtension>
            <gpxtpx:hr>101</gpxtpx:hr>
          </gpxtpx:TrackPointExtension>
        </extensions>
      </trkpt>
      <trkpt lat="22.650057458322898" lon="107.60502550055345">
        <ele>95.90033700037748</ele>
        <time>2023-07-11T01:11:10Z</time>
        <extensions>
          <gpxtpx:TrackPointExtension>
            <gpxtpx:hr>101</gpxtpx:hr>
          </gpxtpx:TrackPointExtension>
        </extensions>
      </trkpt>
      <trkpt lat="22.650066371930528" lon="107.60502344803334">
        <ele>95.852987870574</ele>
        <time>2023-07-11T01:11:11Z</time>
        <extensions>
          <gpxtpx:TrackPointExtension>
            <gpxtpx:hr>101</gpxtpx:hr>
          </gpxtpx:TrackPointExtension>
        </extensions>
      </trkpt>
      <trkpt lat="22.650074780592917" lon="107.6050213612699">
        <ele>95.81184329278767</ele>
        <time>2023-07-11T01:11:12Z</time>
        <extensions>
          <gpxtpx:TrackPointExtension>
            <gpxtpx:hr>101</gpxtpx:hr>
          </gpxtpx:TrackPointExtension>
        </extensions>
      </trkpt>
      <trkpt lat="22.65008300320535" lon="107.60501891851139">
        <ele>95.76413617283106</ele>
        <time>2023-07-11T01:11:13Z</time>
        <extensions>
          <gpxtpx:TrackPointExtension>
            <gpxtpx:hr>101</gpxtpx:hr>
          </gpxtpx:TrackPointExtension>
        </extensions>
      </trkpt>
      <trkpt lat="22.650091366911383" lon="107.60501608010864">
        <ele>95.7212599394843</ele>
        <time>2023-07-11T01:11:14Z</time>
        <extensions>
          <gpxtpx:TrackPointExtension>
            <gpxtpx:hr>101</gpxtpx:hr>
          </gpxtpx:TrackPointExtension>
        </extensions>
      </trkpt>
      <trkpt lat="22.65010006601166" lon="107.60501301806009">
        <ele>95.67701097298414</ele>
        <time>2023-07-11T01:11:15Z</time>
        <extensions>
          <gpxtpx:TrackPointExtension>
            <gpxtpx:hr>106</gpxtpx:hr>
          </gpxtpx:TrackPointExtension>
        </extensions>
      </trkpt>
      <trkpt lat="22.650109339198178" lon="107.60500994585395">
        <ele>95.6366559099406</ele>
        <time>2023-07-11T01:11:16Z</time>
        <extensions>
          <gpxtpx:TrackPointExtension>
            <gpxtpx:hr>106</gpxtpx:hr>
          </gpxtpx:TrackPointExtension>
        </extensions>
      </trkpt>
      <trkpt lat="22.65011949399605" lon="107.60500684667292">
        <ele>95.59014065377414</ele>
        <time>2023-07-11T01:11:17Z</time>
        <extensions>
          <gpxtpx:TrackPointExtension>
            <gpxtpx:hr>106</gpxtpx:hr>
          </gpxtpx:TrackPointExtension>
        </extensions>
      </trkpt>
      <trkpt lat="22.650130488624498" lon="107.60500374891453">
        <ele>95.55391741171479</ele>
        <time>2023-07-11T01:11:18Z</time>
        <extensions>
          <gpxtpx:TrackPointExtension>
            <gpxtpx:hr>106</gpxtpx:hr>
          </gpxtpx:TrackPointExtension>
        </extensions>
      </trkpt>
      <trkpt lat="22.650141674359286" lon="107.60500091755341">
        <ele>95.50088739115745</ele>
        <time>2023-07-11T01:11:19Z</time>
        <extensions>
          <gpxtpx:TrackPointExtension>
            <gpxtpx:hr>106</gpxtpx:hr>
          </gpxtpx:TrackPointExtension>
        </extensions>
      </trkpt>
      <trkpt lat="22.650152659948326" lon="107.60499875181901">
        <ele>95.44461680296808</ele>
        <time>2023-07-11T01:11:20Z</time>
        <extensions>
          <gpxtpx:TrackPointExtension>
            <gpxtpx:hr>106</gpxtpx:hr>
          </gpxtpx:TrackPointExtension>
        </extensions>
      </trkpt>
      <trkpt lat="22.650163564204792" lon="107.60499737751502">
        <ele>95.40326500218362</ele>
        <time>2023-07-11T01:11:21Z</time>
        <extensions>
          <gpxtpx:TrackPointExtension>
            <gpxtpx:hr>103</gpxtpx:hr>
          </gpxtpx:TrackPointExtension>
        </extensions>
      </trkpt>
      <trkpt lat="22.65017410003031" lon="107.60499648866546">
        <ele>95.36754885967821</ele>
        <time>2023-07-11T01:11:22Z</time>
        <extensions>
          <gpxtpx:TrackPointExtension>
            <gpxtpx:hr>103</gpxtpx:hr>
          </gpxtpx:TrackPointExtension>
        </extensions>
      </trkpt>
      <trkpt lat="22.650184032099233" lon="107.604995790763">
        <ele>95.33865979127586</ele>
        <time>2023-07-11T01:11:23Z</time>
        <extensions>
          <gpxtpx:TrackPointExtension>
            <gpxtpx:hr>103</gpxtpx:hr>
          </gpxtpx:TrackPointExtension>
        </extensions>
      </trkpt>
      <trkpt lat="22.650194261640905" lon="107.60499540050152">
        <ele>95.31939395796508</ele>
        <time>2023-07-11T01:11:24Z</time>
        <extensions>
          <gpxtpx:TrackPointExtension>
            <gpxtpx:hr>103</gpxtpx:hr>
          </gpxtpx:TrackPointExtension>
        </extensions>
      </trkpt>
      <trkpt lat="22.6502054492985" lon="107.60499533274127">
        <ele>95.30994855705649</ele>
        <time>2023-07-11T01:11:25Z</time>
        <extensions>
          <gpxtpx:TrackPointExtension>
            <gpxtpx:hr>103</gpxtpx:hr>
          </gpxtpx:TrackPointExtension>
        </extensions>
      </trkpt>
      <trkpt lat="22.650217373793268" lon="107.60499527868055">
        <ele>95.31054740492254</ele>
        <time>2023-07-11T01:11:26Z</time>
        <extensions>
          <gpxtpx:TrackPointExtension>
            <gpxtpx:hr>98</gpxtpx:hr>
          </gpxtpx:TrackPointExtension>
        </extensions>
      </trkpt>
      <trkpt lat="22.650230123107008" lon="107.604995000211">
        <ele>95.32411373499781</ele>
        <time>2023-07-11T01:11:27Z</time>
        <extensions>
          <gpxtpx:TrackPointExtension>
            <gpxtpx:hr>98</gpxtpx:hr>
          </gpxtpx:TrackPointExtension>
        </extensions>
      </trkpt>
      <trkpt lat="22.650242610170462" lon="107.60499419096061">
        <ele>95.33319832663983</ele>
        <time>2023-07-11T01:11:28Z</time>
        <extensions>
          <gpxtpx:TrackPointExtension>
            <gpxtpx:hr>98</gpxtpx:hr>
          </gpxtpx:TrackPointExtension>
        </extensions>
      </trkpt>
      <trkpt lat="22.650253603983103" lon="107.6049919418252">
        <ele>95.36044803541154</ele>
        <time>2023-07-11T01:11:29Z</time>
        <extensions>
          <gpxtpx:TrackPointExtension>
            <gpxtpx:hr>98</gpxtpx:hr>
          </gpxtpx:TrackPointExtension>
        </extensions>
      </trkpt>
      <trkpt lat="22.650264066195696" lon="107.60498817075836">
        <ele>95.39228498004377</ele>
        <time>2023-07-11T01:11:30Z</time>
        <extensions>
          <gpxtpx:TrackPointExtension>
            <gpxtpx:hr>98</gpxtpx:hr>
          </gpxtpx:TrackPointExtension>
        </extensions>
      </trkpt>
      <trkpt lat="22.650274350786386" lon="107.60498401292372">
        <ele>95.41557751968503</ele>
        <time>2023-07-11T01:11:31Z</time>
        <extensions>
          <gpxtpx:TrackPointExtension>
            <gpxtpx:hr>98</gpxtpx:hr>
          </gpxtpx:TrackPointExtension>
        </extensions>
      </trkpt>
      <trkpt lat="22.650283586423654" lon="107.60498054168342">
        <ele>95.43137512914836</ele>
        <time>2023-07-11T01:11:32Z</time>
        <extensions>
          <gpxtpx:TrackPointExtension>
            <gpxtpx:hr>98</gpxtpx:hr>
          </gpxtpx:TrackPointExtension>
        </extensions>
      </trkpt>
      <trkpt lat="22.650291883209327" lon="107.60497794827481">
        <ele>95.45808287709951</ele>
        <time>2023-07-11T01:11:33Z</time>
        <extensions>
          <gpxtpx:TrackPointExtension>
            <gpxtpx:hr>98</gpxtpx:hr>
          </gpxtpx:TrackPointExtension>
        </extensions>
      </trkpt>
      <trkpt lat="22.65030048363495" lon="107.60497581305317">
        <ele>95.49245362263173</ele>
        <time>2023-07-11T01:11:34Z</time>
        <extensions>
          <gpxtpx:TrackPointExtension>
            <gpxtpx:hr>98</gpxtpx:hr>
          </gpxtpx:TrackPointExtension>
        </extensions>
      </trkpt>
      <trkpt lat="22.650309815184038" lon="107.60497370775698">
        <ele>95.51200138311833</ele>
        <time>2023-07-11T01:11:35Z</time>
        <extensions>
          <gpxtpx:TrackPointExtension>
            <gpxtpx:hr>98</gpxtpx:hr>
          </gpxtpx:TrackPointExtension>
        </extensions>
      </trkpt>
      <trkpt lat="22.650319644320184" lon="107.60497116235241">
        <ele>95.53627427201718</ele>
        <time>2023-07-11T01:11:36Z</time>
        <extensions>
          <gpxtpx:TrackPointExtension>
            <gpxtpx:hr>97</gpxtpx:hr>
          </gpxtpx:TrackPointExtension>
        </extensions>
      </trkpt>
      <trkpt lat="22.650330239942882" lon="107.60496796740935">
        <ele>95.56749626155943</ele>
        <time>2023-07-11T01:11:37Z</time>
        <extensions>
          <gpxtpx:TrackPointExtension>
            <gpxtpx:hr>97</gpxtpx:hr>
          </gpxtpx:TrackPointExtension>
        </extensions>
      </trkpt>
      <trkpt lat="22.650341568891974" lon="107.60496436041701">
        <ele>95.60416869539768</ele>
        <time>2023-07-11T01:11:38Z</time>
        <extensions>
          <gpxtpx:TrackPointExtension>
            <gpxtpx:hr>97</gpxtpx:hr>
          </gpxtpx:TrackPointExtension>
        </extensions>
      </trkpt>
      <trkpt lat="22.65035284906832" lon="107.60496061752552">
        <ele>95.63147247489542</ele>
        <time>2023-07-11T01:11:39Z</time>
        <extensions>
          <gpxtpx:TrackPointExtension>
            <gpxtpx:hr>97</gpxtpx:hr>
          </gpxtpx:TrackPointExtension>
        </extensions>
      </trkpt>
      <trkpt lat="22.650363362603088" lon="107.60495701257426">
        <ele>95.64655829407275</ele>
        <time>2023-07-11T01:11:40Z</time>
        <extensions>
          <gpxtpx:TrackPointExtension>
            <gpxtpx:hr>97</gpxtpx:hr>
          </gpxtpx:TrackPointExtension>
        </extensions>
      </trkpt>
      <trkpt lat="22.650373220396755" lon="107.60495367937445">
        <ele>95.65327544696629</ele>
        <time>2023-07-11T01:11:41Z</time>
        <extensions>
          <gpxtpx:TrackPointExtension>
            <gpxtpx:hr>96</gpxtpx:hr>
          </gpxtpx:TrackPointExtension>
        </extensions>
      </trkpt>
      <trkpt lat="22.65038292226644" lon="107.60495055268423">
        <ele>95.65531556122005</ele>
        <time>2023-07-11T01:11:42Z</time>
        <extensions>
          <gpxtpx:TrackPointExtension>
            <gpxtpx:hr>96</gpxtpx:hr>
          </gpxtpx:TrackPointExtension>
        </extensions>
      </trkpt>
      <trkpt lat="22.650392701453463" lon="107.60494757036814">
        <ele>95.66755726002157</ele>
        <time>2023-07-11T01:11:43Z</time>
        <extensions>
          <gpxtpx:TrackPointExtension>
            <gpxtpx:hr>96</gpxtpx:hr>
          </gpxtpx:TrackPointExtension>
        </extensions>
      </trkpt>
      <trkpt lat="22.650402170510194" lon="107.60494501120507">
        <ele>95.67171464301646</ele>
        <time>2023-07-11T01:11:44Z</time>
        <extensions>
          <gpxtpx:TrackPointExtension>
            <gpxtpx:hr>97</gpxtpx:hr>
          </gpxtpx:TrackPointExtension>
        </extensions>
      </trkpt>
      <trkpt lat="22.650410875741624" lon="107.604943085455">
        <ele>95.68268690351397</ele>
        <time>2023-07-11T01:11:45Z</time>
        <extensions>
          <gpxtpx:TrackPointExtension>
            <gpxtpx:hr>97</gpxtpx:hr>
          </gpxtpx:TrackPointExtension>
        </extensions>
      </trkpt>
      <trkpt lat="22.650419072414063" lon="107.60494181696625">
        <ele>95.69633584469557</ele>
        <time>2023-07-11T01:11:45Z</time>
        <extensions>
          <gpxtpx:TrackPointExtension>
            <gpxtpx:hr>97</gpxtpx:hr>
          </gpxtpx:TrackPointExtension>
        </extensions>
      </trkpt>
      <trkpt lat="22.650427253018172" lon="107.60494103302517">
        <ele>95.70553270541131</ele>
        <time>2023-07-11T01:11:47Z</time>
        <extensions>
          <gpxtpx:TrackPointExtension>
            <gpxtpx:hr>97</gpxtpx:hr>
          </gpxtpx:TrackPointExtension>
        </extensions>
      </trkpt>
      <trkpt lat="22.650435916371443" lon="107.60494060139007">
        <ele>95.70729914028198</ele>
        <time>2023-07-11T01:11:47Z</time>
        <extensions>
          <gpxtpx:TrackPointExtension>
            <gpxtpx:hr>97</gpxtpx:hr>
          </gpxtpx:TrackPointExtension>
        </extensions>
      </trkpt>
      <trkpt lat="22.650445451943515" lon="107.60494024556543">
        <ele>95.70331741590053</ele>
        <time>2023-07-11T01:11:49Z</time>
        <extensions>
          <gpxtpx:TrackPointExtension>
            <gpxtpx:hr>97</gpxtpx:hr>
          </gpxtpx:TrackPointExtension>
        </extensions>
      </trkpt>
      <trkpt lat="22.65045577725222" lon="107.60493953947547">
        <ele>95.69554060697556</ele>
        <time>2023-07-11T01:11:49Z</time>
        <extensions>
          <gpxtpx:TrackPointExtension>
            <gpxtpx:hr>97</gpxtpx:hr>
          </gpxtpx:TrackPointExtension>
        </extensions>
      </trkpt>
      <trkpt lat="22.650466615673544" lon="107.60493835937433">
        <ele>95.6859049089253</ele>
        <time>2023-07-11T01:11:50Z</time>
        <extensions>
          <gpxtpx:TrackPointExtension>
            <gpxtpx:hr>92</gpxtpx:hr>
          </gpxtpx:TrackPointExtension>
        </extensions>
      </trkpt>
      <trkpt lat="22.65047773574635" lon="107.60493654398735">
        <ele>95.6781665654853</ele>
        <time>2023-07-11T01:11:51Z</time>
        <extensions>
          <gpxtpx:TrackPointExtension>
            <gpxtpx:hr>92</gpxtpx:hr>
          </gpxtpx:TrackPointExtension>
        </extensions>
      </trkpt>
      <trkpt lat="22.650489089279784" lon="107.60493421247494">
        <ele>95.6642592670396</ele>
        <time>2023-07-11T01:11:52Z</time>
        <extensions>
          <gpxtpx:TrackPointExtension>
            <gpxtpx:hr>92</gpxtpx:hr>
          </gpxtpx:TrackPointExtension>
        </extensions>
      </trkpt>
      <trkpt lat="22.650500271869177" lon="107.60493188268329">
        <ele>95.65726522728801</ele>
        <time>2023-07-11T01:11:53Z</time>
        <extensions>
          <gpxtpx:TrackPointExtension>
            <gpxtpx:hr>92</gpxtpx:hr>
          </gpxtpx:TrackPointExtension>
        </extensions>
      </trkpt>
      <trkpt lat="22.65051076214567" lon="107.60492990946892">
        <ele>95.6434700479731</ele>
        <time>2023-07-11T01:11:54Z</time>
        <extensions>
          <gpxtpx:TrackPointExtension>
            <gpxtpx:hr>92</gpxtpx:hr>
          </gpxtpx:TrackPointExtension>
        </extensions>
      </trkpt>
      <trkpt lat="22.650520309935867" lon="107.60492809897438">
        <ele>95.62324164249003</ele>
        <time>2023-07-11T01:11:55Z</time>
        <extensions>
          <gpxtpx:TrackPointExtension>
            <gpxtpx:hr>92</gpxtpx:hr>
          </gpxtpx:TrackPointExtension>
        </extensions>
      </trkpt>
      <trkpt lat="22.6505293024886" lon="107.60492619547628">
        <ele>95.60354899894446</ele>
        <time>2023-07-11T01:11:56Z</time>
        <extensions>
          <gpxtpx:TrackPointExtension>
            <gpxtpx:hr>96</gpxtpx:hr>
          </gpxtpx:TrackPointExtension>
        </extensions>
      </trkpt>
      <trkpt lat="22.650538317211254" lon="107.60492429346988">
        <ele>95.58875300642103</ele>
        <time>2023-07-11T01:11:57Z</time>
        <extensions>
          <gpxtpx:TrackPointExtension>
            <gpxtpx:hr>96</gpxtpx:hr>
          </gpxtpx:TrackPointExtension>
        </extensions>
      </trkpt>
      <trkpt lat="22.650547681535244" lon="107.60492237433851">
        <ele>95.59480599872768</ele>
        <time>2023-07-11T01:11:58Z</time>
        <extensions>
          <gpxtpx:TrackPointExtension>
            <gpxtpx:hr>96</gpxtpx:hr>
          </gpxtpx:TrackPointExtension>
        </extensions>
      </trkpt>
      <trkpt lat="22.65055737055878" lon="107.60492036685812">
        <ele>95.5962376203388</ele>
        <time>2023-07-11T01:11:59Z</time>
        <extensions>
          <gpxtpx:TrackPointExtension>
            <gpxtpx:hr>96</gpxtpx:hr>
          </gpxtpx:TrackPointExtension>
        </extensions>
      </trkpt>
      <trkpt lat="22.65056745653046" lon="107.60491837693931">
        <ele>95.59953042212874</ele>
        <time>2023-07-11T01:12:00Z</time>
        <extensions>
          <gpxtpx:TrackPointExtension>
            <gpxtpx:hr>95</gpxtpx:hr>
          </gpxtpx:TrackPointExtension>
        </extensions>
      </trkpt>
      <trkpt lat="22.650578176642767" lon="107.60491650637677">
        <ele>95.60435682348907</ele>
        <time>2023-07-11T01:12:01Z</time>
        <extensions>
          <gpxtpx:TrackPointExtension>
            <gpxtpx:hr>95</gpxtpx:hr>
          </gpxtpx:TrackPointExtension>
        </extensions>
      </trkpt>
      <trkpt lat="22.650589532894102" lon="107.60491473014785">
        <ele>95.61847890168428</ele>
        <time>2023-07-11T01:12:02Z</time>
        <extensions>
          <gpxtpx:TrackPointExtension>
            <gpxtpx:hr>95</gpxtpx:hr>
          </gpxtpx:TrackPointExtension>
        </extensions>
      </trkpt>
      <trkpt lat="22.650601420916725" lon="107.604913051984">
        <ele>95.64701052289456</ele>
        <time>2023-07-11T01:12:03Z</time>
        <extensions>
          <gpxtpx:TrackPointExtension>
            <gpxtpx:hr>95</gpxtpx:hr>
          </gpxtpx:TrackPointExtension>
        </extensions>
      </trkpt>
      <trkpt lat="22.65061369817203" lon="107.60491143644859">
        <ele>95.67520045861602</ele>
        <time>2023-07-11T01:12:04Z</time>
        <extensions>
          <gpxtpx:TrackPointExtension>
            <gpxtpx:hr>95</gpxtpx:hr>
          </gpxtpx:TrackPointExtension>
        </extensions>
      </trkpt>
      <trkpt lat="22.650626013185462" lon="107.60490962766275">
        <ele>95.71135539282113</ele>
        <time>2023-07-11T01:12:05Z</time>
        <extensions>
          <gpxtpx:TrackPointExtension>
            <gpxtpx:hr>100</gpxtpx:hr>
          </gpxtpx:TrackPointExtension>
        </extensions>
      </trkpt>
      <trkpt lat="22.650637884729907" lon="107.60490724463828">
        <ele>95.75453769881278</ele>
        <time>2023-07-11T01:12:06Z</time>
        <extensions>
          <gpxtpx:TrackPointExtension>
            <gpxtpx:hr>100</gpxtpx:hr>
          </gpxtpx:TrackPointExtension>
        </extensions>
      </trkpt>
      <trkpt lat="22.650649072109925" lon="107.6049041918034">
        <ele>95.80512808449566</ele>
        <time>2023-07-11T01:12:07Z</time>
        <extensions>
          <gpxtpx:TrackPointExtension>
            <gpxtpx:hr>100</gpxtpx:hr>
          </gpxtpx:TrackPointExtension>
        </extensions>
      </trkpt>
      <trkpt lat="22.650659562531747" lon="107.60490072404178">
        <ele>95.85697528254241</ele>
        <time>2023-07-11T01:12:08Z</time>
        <extensions>
          <gpxtpx:TrackPointExtension>
            <gpxtpx:hr>100</gpxtpx:hr>
          </gpxtpx:TrackPointExtension>
        </extensions>
      </trkpt>
      <trkpt lat="22.650669648900482" lon="107.60489704924606">
        <ele>95.92756826709956</ele>
        <time>2023-07-11T01:12:09Z</time>
        <extensions>
          <gpxtpx:TrackPointExtension>
            <gpxtpx:hr>100</gpxtpx:hr>
          </gpxtpx:TrackPointExtension>
        </extensions>
      </trkpt>
      <trkpt lat="22.65067952644752" lon="107.60489334638847">
        <ele>96.00597179215401</ele>
        <time>2023-07-11T01:12:10Z</time>
        <extensions>
          <gpxtpx:TrackPointExtension>
            <gpxtpx:hr>100</gpxtpx:hr>
          </gpxtpx:TrackPointExtension>
        </extensions>
      </trkpt>
      <trkpt lat="22.650689084105217" lon="107.60488966517855">
        <ele>96.0876141237095</ele>
        <time>2023-07-11T01:12:11Z</time>
        <extensions>
          <gpxtpx:TrackPointExtension>
            <gpxtpx:hr>100</gpxtpx:hr>
          </gpxtpx:TrackPointExtension>
        </extensions>
      </trkpt>
      <trkpt lat="22.650698379410315" lon="107.60488563834082">
        <ele>96.17921710200608</ele>
        <time>2023-07-11T01:12:12Z</time>
        <extensions>
          <gpxtpx:TrackPointExtension>
            <gpxtpx:hr>102</gpxtpx:hr>
          </gpxtpx:TrackPointExtension>
        </extensions>
      </trkpt>
      <trkpt lat="22.650707745629887" lon="107.6048807424669">
        <ele>96.27583130542189</ele>
        <time>2023-07-11T01:12:13Z</time>
        <extensions>
          <gpxtpx:TrackPointExtension>
            <gpxtpx:hr>102</gpxtpx:hr>
          </gpxtpx:TrackPointExtension>
        </extensions>
      </trkpt>
      <trkpt lat="22.650717462336896" lon="107.60487498604701">
        <ele>96.36748040653765</ele>
        <time>2023-07-11T01:12:14Z</time>
        <extensions>
          <gpxtpx:TrackPointExtension>
            <gpxtpx:hr>102</gpxtpx:hr>
          </gpxtpx:TrackPointExtension>
        </extensions>
      </trkpt>
      <trkpt lat="22.650727642828098" lon="107.60486892517694">
        <ele>96.44544618576765</ele>
        <time>2023-07-11T01:12:15Z</time>
        <extensions>
          <gpxtpx:TrackPointExtension>
            <gpxtpx:hr>102</gpxtpx:hr>
          </gpxtpx:TrackPointExtension>
        </extensions>
      </trkpt>
      <trkpt lat="22.65073799670132" lon="107.60486299392845">
        <ele>96.52133149281144</ele>
        <time>2023-07-11T01:12:16Z</time>
        <extensions>
          <gpxtpx:TrackPointExtension>
            <gpxtpx:hr>102</gpxtpx:hr>
          </gpxtpx:TrackPointExtension>
        </extensions>
      </trkpt>
      <trkpt lat="22.650748285722642" lon="107.60485700600816">
        <ele>96.59634599648416</ele>
        <time>2023-07-11T01:12:17Z</time>
        <extensions>
          <gpxtpx:TrackPointExtension>
            <gpxtpx:hr>102</gpxtpx:hr>
          </gpxtpx:TrackPointExtension>
        </extensions>
      </trkpt>
      <trkpt lat="22.650758448335925" lon="107.60485065640653">
        <ele>96.67437785398215</ele>
        <time>2023-07-11T01:12:18Z</time>
        <extensions>
          <gpxtpx:TrackPointExtension>
            <gpxtpx:hr>102</gpxtpx:hr>
          </gpxtpx:TrackPointExtension>
        </extensions>
      </trkpt>
      <trkpt lat="22.65076836114485" lon="107.60484406064998">
        <ele>96.75779589265585</ele>
        <time>2023-07-11T01:12:19Z</time>
        <extensions>
          <gpxtpx:TrackPointExtension>
            <gpxtpx:hr>103</gpxtpx:hr>
          </gpxtpx:TrackPointExtension>
        </extensions>
      </trkpt>
      <trkpt lat="22.650777983020134" lon="107.60483732329324">
        <ele>96.84263596311212</ele>
        <time>2023-07-11T01:12:20Z</time>
        <extensions>
          <gpxtpx:TrackPointExtension>
            <gpxtpx:hr>103</gpxtpx:hr>
          </gpxtpx:TrackPointExtension>
        </extensions>
      </trkpt>
      <trkpt lat="22.65078742129578" lon="107.60483039980777">
        <ele>96.91460983455181</ele>
        <time>2023-07-11T01:12:21Z</time>
        <extensions>
          <gpxtpx:TrackPointExtension>
            <gpxtpx:hr>103</gpxtpx:hr>
          </gpxtpx:TrackPointExtension>
        </extensions>
      </trkpt>
      <trkpt lat="22.650796627687413" lon="107.60482324853056">
        <ele>96.99147607572377</ele>
        <time>2023-07-11T01:12:22Z</time>
        <extensions>
          <gpxtpx:TrackPointExtension>
            <gpxtpx:hr>103</gpxtpx:hr>
          </gpxtpx:TrackPointExtension>
        </extensions>
      </trkpt>
      <trkpt lat="22.650805625065548" lon="107.60481583349143">
        <ele>97.07886009011418</ele>
        <time>2023-07-11T01:12:23Z</time>
        <extensions>
          <gpxtpx:TrackPointExtension>
            <gpxtpx:hr>100</gpxtpx:hr>
          </gpxtpx:TrackPointExtension>
        </extensions>
      </trkpt>
      <trkpt lat="22.65081475080842" lon="107.6048083247142">
        <ele>97.17639403231442</ele>
        <time>2023-07-11T01:12:24Z</time>
        <extensions>
          <gpxtpx:TrackPointExtension>
            <gpxtpx:hr>100</gpxtpx:hr>
          </gpxtpx:TrackPointExtension>
        </extensions>
      </trkpt>
      <trkpt lat="22.65082431323244" lon="107.60480102381021">
        <ele>97.27711492031813</ele>
        <time>2023-07-11T01:12:25Z</time>
        <extensions>
          <gpxtpx:TrackPointExtension>
            <gpxtpx:hr>100</gpxtpx:hr>
          </gpxtpx:TrackPointExtension>
        </extensions>
      </trkpt>
      <trkpt lat="22.650834060121852" lon="107.60479440492017">
        <ele>97.37532607745379</ele>
        <time>2023-07-11T01:12:26Z</time>
        <extensions>
          <gpxtpx:TrackPointExtension>
            <gpxtpx:hr>100</gpxtpx:hr>
          </gpxtpx:TrackPointExtension>
        </extensions>
      </trkpt>
      <trkpt lat="22.650843680116104" lon="107.60478867987084">
        <ele>97.47660870384425</ele>
        <time>2023-07-11T01:12:27Z</time>
        <extensions>
          <gpxtpx:TrackPointExtension>
            <gpxtpx:hr>100</gpxtpx:hr>
          </gpxtpx:TrackPointExtension>
        </extensions>
      </trkpt>
      <trkpt lat="22.650853081644065" lon="107.60478349919445">
        <ele>97.5884358594194</ele>
        <time>2023-07-11T01:12:28Z</time>
        <extensions>
          <gpxtpx:TrackPointExtension>
            <gpxtpx:hr>100</gpxtpx:hr>
          </gpxtpx:TrackPointExtension>
        </extensions>
      </trkpt>
      <trkpt lat="22.650862154865106" lon="107.60477851881308">
        <ele>97.7161960247904</ele>
        <time>2023-07-11T01:12:29Z</time>
        <extensions>
          <gpxtpx:TrackPointExtension>
            <gpxtpx:hr>101</gpxtpx:hr>
          </gpxtpx:TrackPointExtension>
        </extensions>
      </trkpt>
      <trkpt lat="22.65087120150212" lon="107.60477331977464">
        <ele>97.85525840241462</ele>
        <time>2023-07-11T01:12:30Z</time>
        <extensions>
          <gpxtpx:TrackPointExtension>
            <gpxtpx:hr>101</gpxtpx:hr>
          </gpxtpx:TrackPointExtension>
        </extensions>
      </trkpt>
      <trkpt lat="22.650880105507" lon="107.60476723259931">
        <ele>97.99103600438684</ele>
        <time>2023-07-11T01:12:31Z</time>
        <extensions>
          <gpxtpx:TrackPointExtension>
            <gpxtpx:hr>101</gpxtpx:hr>
          </gpxtpx:TrackPointExtension>
        </extensions>
      </trkpt>
      <trkpt lat="22.650887656928873" lon="107.60475936759174">
        <ele>98.13140065036714</ele>
        <time>2023-07-11T01:12:32Z</time>
        <extensions>
          <gpxtpx:TrackPointExtension>
            <gpxtpx:hr>101</gpxtpx:hr>
          </gpxtpx:TrackPointExtension>
        </extensions>
      </trkpt>
      <trkpt lat="22.650893373537755" lon="107.60474927319613">
        <ele>98.26353350374848</ele>
        <time>2023-07-11T01:12:33Z</time>
        <extensions>
          <gpxtpx:TrackPointExtension>
            <gpxtpx:hr>101</gpxtpx:hr>
          </gpxtpx:TrackPointExtension>
        </extensions>
      </trkpt>
      <trkpt lat="22.65089791149766" lon="107.60473727435806">
        <ele>98.40152025409043</ele>
        <time>2023-07-11T01:12:34Z</time>
        <extensions>
          <gpxtpx:TrackPointExtension>
            <gpxtpx:hr>101</gpxtpx:hr>
          </gpxtpx:TrackPointExtension>
        </extensions>
      </trkpt>
      <trkpt lat="22.65090169399501" lon="107.60472427605826">
        <ele>98.53645138721913</ele>
        <time>2023-07-11T01:12:35Z</time>
        <extensions>
          <gpxtpx:TrackPointExtension>
            <gpxtpx:hr>101</gpxtpx:hr>
          </gpxtpx:TrackPointExtension>
        </extensions>
      </trkpt>
      <trkpt lat="22.65090473452967" lon="107.60471109644891">
        <ele>98.66018488816917</ele>
        <time>2023-07-11T01:12:36Z</time>
        <extensions>
          <gpxtpx:TrackPointExtension>
            <gpxtpx:hr>102</gpxtpx:hr>
          </gpxtpx:TrackPointExtension>
        </extensions>
      </trkpt>
      <trkpt lat="22.65090697038476" lon="107.60469807903281">
        <ele>98.7810088340193</ele>
        <time>2023-07-11T01:12:37Z</time>
        <extensions>
          <gpxtpx:TrackPointExtension>
            <gpxtpx:hr>102</gpxtpx:hr>
          </gpxtpx:TrackPointExtension>
        </extensions>
      </trkpt>
      <trkpt lat="22.650908274724074" lon="107.60468553097365">
        <ele>98.87769418861717</ele>
        <time>2023-07-11T01:12:38Z</time>
        <extensions>
          <gpxtpx:TrackPointExtension>
            <gpxtpx:hr>102</gpxtpx:hr>
          </gpxtpx:TrackPointExtension>
        </extensions>
      </trkpt>
      <trkpt lat="22.65090858505689" lon="107.6046737268549">
        <ele>98.9686567755416</ele>
        <time>2023-07-11T01:12:39Z</time>
        <extensions>
          <gpxtpx:TrackPointExtension>
            <gpxtpx:hr>102</gpxtpx:hr>
          </gpxtpx:TrackPointExtension>
        </extensions>
      </trkpt>
      <trkpt lat="22.650907907731895" lon="107.60466258451869">
        <ele>99.03730341419578</ele>
        <time>2023-07-11T01:12:40Z</time>
        <extensions>
          <gpxtpx:TrackPointExtension>
            <gpxtpx:hr>102</gpxtpx:hr>
          </gpxtpx:TrackPointExtension>
        </extensions>
      </trkpt>
      <trkpt lat="22.65090620028821" lon="107.60465113300711">
        <ele>99.0979776699096</ele>
        <time>2023-07-11T01:12:41Z</time>
        <extensions>
          <gpxtpx:TrackPointExtension>
            <gpxtpx:hr>103</gpxtpx:hr>
          </gpxtpx:TrackPointExtension>
        </extensions>
      </trkpt>
      <trkpt lat="22.65090341072293" lon="107.6046392603332">
        <ele>99.13121436070651</ele>
        <time>2023-07-11T01:12:42Z</time>
        <extensions>
          <gpxtpx:TrackPointExtension>
            <gpxtpx:hr>103</gpxtpx:hr>
          </gpxtpx:TrackPointExtension>
        </extensions>
      </trkpt>
      <trkpt lat="22.65089973018416" lon="107.60462756176123">
        <ele>99.14418533537537</ele>
        <time>2023-07-11T01:12:43Z</time>
        <extensions>
          <gpxtpx:TrackPointExtension>
            <gpxtpx:hr>103</gpxtpx:hr>
          </gpxtpx:TrackPointExtension>
        </extensions>
      </trkpt>
      <trkpt lat="22.65089546767967" lon="107.60461602818599">
        <ele>99.1470948709175</ele>
        <time>2023-07-11T01:12:44Z</time>
        <extensions>
          <gpxtpx:TrackPointExtension>
            <gpxtpx:hr>103</gpxtpx:hr>
          </gpxtpx:TrackPointExtension>
        </extensions>
      </trkpt>
      <trkpt lat="22.650891454375646" lon="107.60460462103237">
        <ele>99.13228209875524</ele>
        <time>2023-07-11T01:12:45Z</time>
        <extensions>
          <gpxtpx:TrackPointExtension>
            <gpxtpx:hr>104</gpxtpx:hr>
          </gpxtpx:TrackPointExtension>
        </extensions>
      </trkpt>
      <trkpt lat="22.650888557857066" lon="107.60459430707998">
        <ele>99.11189198214561</ele>
        <time>2023-07-11T01:12:46Z</time>
        <extensions>
          <gpxtpx:TrackPointExtension>
            <gpxtpx:hr>104</gpxtpx:hr>
          </gpxtpx:TrackPointExtension>
        </extensions>
      </trkpt>
      <trkpt lat="22.650886133403706" lon="107.6045867532961">
        <ele>99.1001395136118</ele>
        <time>2023-07-11T01:12:47Z</time>
        <extensions>
          <gpxtpx:TrackPointExtension>
            <gpxtpx:hr>104</gpxtpx:hr>
          </gpxtpx:TrackPointExtension>
        </extensions>
      </trkpt>
      <trkpt lat="22.650882532302987" lon="107.60458247949971">
        <ele>99.04715602099895</ele>
        <time>2023-07-11T01:12:48Z</time>
        <extensions>
          <gpxtpx:TrackPointExtension>
            <gpxtpx:hr>104</gpxtpx:hr>
          </gpxtpx:TrackPointExtension>
        </extensions>
      </trkpt>
      <trkpt lat="22.65087708985315" lon="107.60457926505981">
        <ele>98.95924323052168</ele>
        <time>2023-07-11T01:12:49Z</time>
        <extensions>
          <gpxtpx:TrackPointExtension>
            <gpxtpx:hr>104</gpxtpx:hr>
          </gpxtpx:TrackPointExtension>
        </extensions>
      </trkpt>
      <trkpt lat="22.650870841653447" lon="107.6045741667315">
        <ele>98.86567231826484</ele>
        <time>2023-07-11T01:12:50Z</time>
        <extensions>
          <gpxtpx:TrackPointExtension>
            <gpxtpx:hr>102</gpxtpx:hr>
          </gpxtpx:TrackPointExtension>
        </extensions>
      </trkpt>
      <trkpt lat="22.650865739601624" lon="107.60456626130177">
        <ele>98.74844622612</ele>
        <time>2023-07-11T01:12:51Z</time>
        <extensions>
          <gpxtpx:TrackPointExtension>
            <gpxtpx:hr>102</gpxtpx:hr>
          </gpxtpx:TrackPointExtension>
        </extensions>
      </trkpt>
      <trkpt lat="22.650862732994433" lon="107.60455656066816">
        <ele>98.62002046592534</ele>
        <time>2023-07-11T01:12:52Z</time>
        <extensions>
          <gpxtpx:TrackPointExtension>
            <gpxtpx:hr>102</gpxtpx:hr>
          </gpxtpx:TrackPointExtension>
        </extensions>
      </trkpt>
      <trkpt lat="22.6508611878367" lon="107.6045463986443">
        <ele>98.4869284722954</ele>
        <time>2023-07-11T01:12:53Z</time>
        <extensions>
          <gpxtpx:TrackPointExtension>
            <gpxtpx:hr>102</gpxtpx:hr>
          </gpxtpx:TrackPointExtension>
        </extensions>
      </trkpt>
      <trkpt lat="22.65086023969887" lon="107.60453608484426">
        <ele>98.3303155824542</ele>
        <time>2023-07-11T01:12:54Z</time>
        <extensions>
          <gpxtpx:TrackPointExtension>
            <gpxtpx:hr>102</gpxtpx:hr>
          </gpxtpx:TrackPointExtension>
        </extensions>
      </trkpt>
      <trkpt lat="22.650859495472186" lon="107.60452508664409">
        <ele>98.17253036797047</ele>
        <time>2023-07-11T01:12:55Z</time>
        <extensions>
          <gpxtpx:TrackPointExtension>
            <gpxtpx:hr>102</gpxtpx:hr>
          </gpxtpx:TrackPointExtension>
        </extensions>
      </trkpt>
      <trkpt lat="22.65085853400019" lon="107.60451275771369">
        <ele>98.02294547483325</ele>
        <time>2023-07-11T01:12:56Z</time>
        <extensions>
          <gpxtpx:TrackPointExtension>
            <gpxtpx:hr>102</gpxtpx:hr>
          </gpxtpx:TrackPointExtension>
        </extensions>
      </trkpt>
      <trkpt lat="22.650857016786418" lon="107.60449950384995">
        <ele>97.87349262926728</ele>
        <time>2023-07-11T01:12:57Z</time>
        <extensions>
          <gpxtpx:TrackPointExtension>
            <gpxtpx:hr>102</gpxtpx:hr>
          </gpxtpx:TrackPointExtension>
        </extensions>
      </trkpt>
      <trkpt lat="22.650855201385063" lon="107.60448594253829">
        <ele>97.71700238622725</ele>
        <time>2023-07-11T01:12:58Z</time>
        <extensions>
          <gpxtpx:TrackPointExtension>
            <gpxtpx:hr>102</gpxtpx:hr>
          </gpxtpx:TrackPointExtension>
        </extensions>
      </trkpt>
      <trkpt lat="22.65085315217015" lon="107.60447208830675">
        <ele>97.55998472962528</ele>
        <time>2023-07-11T01:12:59Z</time>
        <extensions>
          <gpxtpx:TrackPointExtension>
            <gpxtpx:hr>102</gpxtpx:hr>
          </gpxtpx:TrackPointExtension>
        </extensions>
      </trkpt>
      <trkpt lat="22.650850437525204" lon="107.6044580287137">
        <ele>97.4121411954984</ele>
        <time>2023-07-11T01:13:00Z</time>
        <extensions>
          <gpxtpx:TrackPointExtension>
            <gpxtpx:hr>102</gpxtpx:hr>
          </gpxtpx:TrackPointExtension>
        </extensions>
      </trkpt>
      <trkpt lat="22.65084724972924" lon="107.60444379518425">
        <ele>97.27226356882602</ele>
        <time>2023-07-11T01:13:01Z</time>
        <extensions>
          <gpxtpx:TrackPointExtension>
            <gpxtpx:hr>104</gpxtpx:hr>
          </gpxtpx:TrackPointExtension>
        </extensions>
      </trkpt>
      <trkpt lat="22.65084427042315" lon="107.60442970682416">
        <ele>97.13914701715112</ele>
        <time>2023-07-11T01:13:02Z</time>
        <extensions>
          <gpxtpx:TrackPointExtension>
            <gpxtpx:hr>104</gpxtpx:hr>
          </gpxtpx:TrackPointExtension>
        </extensions>
      </trkpt>
      <trkpt lat="22.650840762173335" lon="107.6044160439903">
        <ele>97.03220040351152</ele>
        <time>2023-07-11T01:13:03Z</time>
        <extensions>
          <gpxtpx:TrackPointExtension>
            <gpxtpx:hr>104</gpxtpx:hr>
          </gpxtpx:TrackPointExtension>
        </extensions>
      </trkpt>
      <trkpt lat="22.65083595142106" lon="107.60440324674417">
        <ele>96.94454380031675</ele>
        <time>2023-07-11T01:13:04Z</time>
        <extensions>
          <gpxtpx:TrackPointExtension>
            <gpxtpx:hr>105</gpxtpx:hr>
          </gpxtpx:TrackPointExtension>
        </extensions>
      </trkpt>
      <trkpt lat="22.650830399895003" lon="107.60439162072008">
        <ele>96.86756035499275</ele>
        <time>2023-07-11T01:13:05Z</time>
        <extensions>
          <gpxtpx:TrackPointExtension>
            <gpxtpx:hr>105</gpxtpx:hr>
          </gpxtpx:TrackPointExtension>
        </extensions>
      </trkpt>
      <trkpt lat="22.650824495177087" lon="107.60438042517735">
        <ele>96.81579719949514</ele>
        <time>2023-07-11T01:13:06Z</time>
        <extensions>
          <gpxtpx:TrackPointExtension>
            <gpxtpx:hr>105</gpxtpx:hr>
          </gpxtpx:TrackPointExtension>
        </extensions>
      </trkpt>
      <trkpt lat="22.650818526950786" lon="107.60436865725487">
        <ele>96.779800189659</ele>
        <time>2023-07-11T01:13:07Z</time>
        <extensions>
          <gpxtpx:TrackPointExtension>
            <gpxtpx:hr>105</gpxtpx:hr>
          </gpxtpx:TrackPointExtension>
        </extensions>
      </trkpt>
      <trkpt lat="22.650812248794196" lon="107.60435642585554">
        <ele>96.7568653235212</ele>
        <time>2023-07-11T01:13:08Z</time>
        <extensions>
          <gpxtpx:TrackPointExtension>
            <gpxtpx:hr>105</gpxtpx:hr>
          </gpxtpx:TrackPointExtension>
        </extensions>
      </trkpt>
      <trkpt lat="22.650805685856074" lon="107.60434399361395">
        <ele>96.73489974532276</ele>
        <time>2023-07-11T01:13:09Z</time>
        <extensions>
          <gpxtpx:TrackPointExtension>
            <gpxtpx:hr>105</gpxtpx:hr>
          </gpxtpx:TrackPointExtension>
        </extensions>
      </trkpt>
      <trkpt lat="22.650799622622916" lon="107.60433155269473">
        <ele>96.72399398498237</ele>
        <time>2023-07-11T01:13:10Z</time>
        <extensions>
          <gpxtpx:TrackPointExtension>
            <gpxtpx:hr>97</gpxtpx:hr>
          </gpxtpx:TrackPointExtension>
        </extensions>
      </trkpt>
      <trkpt lat="22.650795083667557" lon="107.60431979796508">
        <ele>96.73465542122722</ele>
        <time>2023-07-11T01:13:11Z</time>
        <extensions>
          <gpxtpx:TrackPointExtension>
            <gpxtpx:hr>97</gpxtpx:hr>
          </gpxtpx:TrackPointExtension>
        </extensions>
      </trkpt>
      <trkpt lat="22.65079152246963" lon="107.60431011956481">
        <ele>96.7461100621149</ele>
        <time>2023-07-11T01:13:12Z</time>
        <extensions>
          <gpxtpx:TrackPointExtension>
            <gpxtpx:hr>97</gpxtpx:hr>
          </gpxtpx:TrackPointExtension>
        </extensions>
      </trkpt>
      <trkpt lat="22.650787428408993" lon="107.60430278747938">
        <ele>96.75670295394957</ele>
        <time>2023-07-11T01:13:13Z</time>
        <extensions>
          <gpxtpx:TrackPointExtension>
            <gpxtpx:hr>97</gpxtpx:hr>
          </gpxtpx:TrackPointExtension>
        </extensions>
      </trkpt>
      <trkpt lat="22.650782535546085" lon="107.60429617467007">
        <ele>96.74984259251505</ele>
        <time>2023-07-11T01:13:14Z</time>
        <extensions>
          <gpxtpx:TrackPointExtension>
            <gpxtpx:hr>97</gpxtpx:hr>
          </gpxtpx:TrackPointExtension>
        </extensions>
      </trkpt>
      <trkpt lat="22.65077706741284" lon="107.60428897156703">
        <ele>96.746472180821</ele>
        <time>2023-07-11T01:13:15Z</time>
        <extensions>
          <gpxtpx:TrackPointExtension>
            <gpxtpx:hr>98</gpxtpx:hr>
          </gpxtpx:TrackPointExtension>
        </extensions>
      </trkpt>
      <trkpt lat="22.650771696289254" lon="107.60428061678051">
        <ele>96.72817081399262</ele>
        <time>2023-07-11T01:13:16Z</time>
        <extensions>
          <gpxtpx:TrackPointExtension>
            <gpxtpx:hr>98</gpxtpx:hr>
          </gpxtpx:TrackPointExtension>
        </extensions>
      </trkpt>
      <trkpt lat="22.650767099077314" lon="107.60427124082017">
        <ele>96.7091985763982</ele>
        <time>2023-07-11T01:13:17Z</time>
        <extensions>
          <gpxtpx:TrackPointExtension>
            <gpxtpx:hr>98</gpxtpx:hr>
          </gpxtpx:TrackPointExtension>
        </extensions>
      </trkpt>
      <trkpt lat="22.650763313017805" lon="107.60426112214603">
        <ele>96.68988270498812</ele>
        <time>2023-07-11T01:13:18Z</time>
        <extensions>
          <gpxtpx:TrackPointExtension>
            <gpxtpx:hr>98</gpxtpx:hr>
          </gpxtpx:TrackPointExtension>
        </extensions>
      </trkpt>
      <trkpt lat="22.650759977371465" lon="107.60425021964568">
        <ele>96.66121523082256</ele>
        <time>2023-07-11T01:13:19Z</time>
        <extensions>
          <gpxtpx:TrackPointExtension>
            <gpxtpx:hr>98</gpxtpx:hr>
          </gpxtpx:TrackPointExtension>
        </extensions>
      </trkpt>
      <trkpt lat="22.650756779646603" lon="107.60423871615542">
        <ele>96.63392611872405</ele>
        <time>2023-07-11T01:13:20Z</time>
        <extensions>
          <gpxtpx:TrackPointExtension>
            <gpxtpx:hr>107</gpxtpx:hr>
          </gpxtpx:TrackPointExtension>
        </extensions>
      </trkpt>
      <trkpt lat="22.650753499324995" lon="107.60422703723161">
        <ele>96.59390111546963</ele>
        <time>2023-07-11T01:13:21Z</time>
        <extensions>
          <gpxtpx:TrackPointExtension>
            <gpxtpx:hr>107</gpxtpx:hr>
          </gpxtpx:TrackPointExtension>
        </extensions>
      </trkpt>
      <trkpt lat="22.650750022282846" lon="107.60421565075343">
        <ele>96.53533345554024</ele>
        <time>2023-07-11T01:13:22Z</time>
        <extensions>
          <gpxtpx:TrackPointExtension>
            <gpxtpx:hr>107</gpxtpx:hr>
          </gpxtpx:TrackPointExtension>
        </extensions>
      </trkpt>
      <trkpt lat="22.650746306556144" lon="107.60420459158009">
        <ele>96.46441684104502</ele>
        <time>2023-07-11T01:13:23Z</time>
        <extensions>
          <gpxtpx:TrackPointExtension>
            <gpxtpx:hr>107</gpxtpx:hr>
          </gpxtpx:TrackPointExtension>
        </extensions>
      </trkpt>
      <trkpt lat="22.65074245889278" lon="107.60419313669166">
        <ele>96.3922818750143</ele>
        <time>2023-07-11T01:13:24Z</time>
        <extensions>
          <gpxtpx:TrackPointExtension>
            <gpxtpx:hr>107</gpxtpx:hr>
          </gpxtpx:TrackPointExtension>
        </extensions>
      </trkpt>
      <trkpt lat="22.650739063410846" lon="107.604181358727">
        <ele>96.32883856166154</ele>
        <time>2023-07-11T01:13:25Z</time>
        <extensions>
          <gpxtpx:TrackPointExtension>
            <gpxtpx:hr>107</gpxtpx:hr>
          </gpxtpx:TrackPointExtension>
        </extensions>
      </trkpt>
      <trkpt lat="22.650736406474767" lon="107.60416999019458">
        <ele>96.26843922398984</ele>
        <time>2023-07-11T01:13:26Z</time>
        <extensions>
          <gpxtpx:TrackPointExtension>
            <gpxtpx:hr>107</gpxtpx:hr>
          </gpxtpx:TrackPointExtension>
        </extensions>
      </trkpt>
      <trkpt lat="22.650734134468507" lon="107.60415922130119">
        <ele>96.19888741523027</ele>
        <time>2023-07-11T01:13:27Z</time>
        <extensions>
          <gpxtpx:TrackPointExtension>
            <gpxtpx:hr>104</gpxtpx:hr>
          </gpxtpx:TrackPointExtension>
        </extensions>
      </trkpt>
      <trkpt lat="22.650731813555065" lon="107.60414900882974">
        <ele>96.13671127147973</ele>
        <time>2023-07-11T01:13:28Z</time>
        <extensions>
          <gpxtpx:TrackPointExtension>
            <gpxtpx:hr>104</gpxtpx:hr>
          </gpxtpx:TrackPointExtension>
        </extensions>
      </trkpt>
      <trkpt lat="22.650729316613756" lon="107.6041391661307">
        <ele>96.07268492784351</ele>
        <time>2023-07-11T01:13:29Z</time>
        <extensions>
          <gpxtpx:TrackPointExtension>
            <gpxtpx:hr>104</gpxtpx:hr>
          </gpxtpx:TrackPointExtension>
        </extensions>
      </trkpt>
      <trkpt lat="22.650726663168637" lon="107.60412941718513">
        <ele>96.02349546737969</ele>
        <time>2023-07-11T01:13:30Z</time>
        <extensions>
          <gpxtpx:TrackPointExtension>
            <gpxtpx:hr>104</gpxtpx:hr>
          </gpxtpx:TrackPointExtension>
        </extensions>
      </trkpt>
      <trkpt lat="22.650723704775135" lon="107.60411923768065">
        <ele>95.99044151883572</ele>
        <time>2023-07-11T01:13:31Z</time>
        <extensions>
          <gpxtpx:TrackPointExtension>
            <gpxtpx:hr>104</gpxtpx:hr>
          </gpxtpx:TrackPointExtension>
        </extensions>
      </trkpt>
      <trkpt lat="22.650720267914526" lon="107.60410852350502">
        <ele>95.96242835465819</ele>
        <time>2023-07-11T01:13:32Z</time>
        <extensions>
          <gpxtpx:TrackPointExtension>
            <gpxtpx:hr>104</gpxtpx:hr>
          </gpxtpx:TrackPointExtension>
        </extensions>
      </trkpt>
      <trkpt lat="22.65071643912568" lon="107.60409761985638">
        <ele>95.94109376054257</ele>
        <time>2023-07-11T01:13:33Z</time>
        <extensions>
          <gpxtpx:TrackPointExtension>
            <gpxtpx:hr>104</gpxtpx:hr>
          </gpxtpx:TrackPointExtension>
        </extensions>
      </trkpt>
      <trkpt lat="22.65071262061768" lon="107.6040868805183">
        <ele>95.91596970520914</ele>
        <time>2023-07-11T01:13:34Z</time>
        <extensions>
          <gpxtpx:TrackPointExtension>
            <gpxtpx:hr>111</gpxtpx:hr>
          </gpxtpx:TrackPointExtension>
        </extensions>
      </trkpt>
      <trkpt lat="22.6507093267281" lon="107.60407712823488">
        <ele>95.90706971939653</ele>
        <time>2023-07-11T01:13:35Z</time>
        <extensions>
          <gpxtpx:TrackPointExtension>
            <gpxtpx:hr>111</gpxtpx:hr>
          </gpxtpx:TrackPointExtension>
        </extensions>
      </trkpt>
      <trkpt lat="22.65070674522693" lon="107.60406852864911">
        <ele>95.92235750518739</ele>
        <time>2023-07-11T01:13:36Z</time>
        <extensions>
          <gpxtpx:TrackPointExtension>
            <gpxtpx:hr>111</gpxtpx:hr>
          </gpxtpx:TrackPointExtension>
        </extensions>
      </trkpt>
      <trkpt lat="22.650704653251772" lon="107.60405999384284">
        <ele>95.96758365817368</ele>
        <time>2023-07-11T01:13:37Z</time>
        <extensions>
          <gpxtpx:TrackPointExtension>
            <gpxtpx:hr>111</gpxtpx:hr>
          </gpxtpx:TrackPointExtension>
        </extensions>
      </trkpt>
      <trkpt lat="22.65070282718206" lon="107.60405081940605">
        <ele>96.04568278975785</ele>
        <time>2023-07-11T01:13:38Z</time>
        <extensions>
          <gpxtpx:TrackPointExtension>
            <gpxtpx:hr>111</gpxtpx:hr>
          </gpxtpx:TrackPointExtension>
        </extensions>
      </trkpt>
      <trkpt lat="22.650701231575038" lon="107.60404169438961">
        <ele>96.13348038587719</ele>
        <time>2023-07-11T01:13:39Z</time>
        <extensions>
          <gpxtpx:TrackPointExtension>
            <gpxtpx:hr>111</gpxtpx:hr>
          </gpxtpx:TrackPointExtension>
        </extensions>
      </trkpt>
      <trkpt lat="22.650700114632663" lon="107.60403326250145">
        <ele>96.22348132263869</ele>
        <time>2023-07-11T01:13:40Z</time>
        <extensions>
          <gpxtpx:TrackPointExtension>
            <gpxtpx:hr>111</gpxtpx:hr>
          </gpxtpx:TrackPointExtension>
        </extensions>
      </trkpt>
      <trkpt lat="22.650699712183545" lon="107.60402531080452">
        <ele>96.32626740541309</ele>
        <time>2023-07-11T01:13:41Z</time>
        <extensions>
          <gpxtpx:TrackPointExtension>
            <gpxtpx:hr>111</gpxtpx:hr>
          </gpxtpx:TrackPointExtension>
        </extensions>
      </trkpt>
      <trkpt lat="22.650699995390532" lon="107.6040170991256">
        <ele>96.4429024392739</ele>
        <time>2023-07-11T01:13:42Z</time>
        <extensions>
          <gpxtpx:TrackPointExtension>
            <gpxtpx:hr>111</gpxtpx:hr>
          </gpxtpx:TrackPointExtension>
        </extensions>
      </trkpt>
      <trkpt lat="22.650700865322488" lon="107.60400785533864">
        <ele>96.56767785456032</ele>
        <time>2023-07-11T01:13:43Z</time>
        <extensions>
          <gpxtpx:TrackPointExtension>
            <gpxtpx:hr>111</gpxtpx:hr>
          </gpxtpx:TrackPointExtension>
        </extensions>
      </trkpt>
      <trkpt lat="22.650702644078542" lon="107.60399739124688">
        <ele>96.71696986909956</ele>
        <time>2023-07-11T01:13:44Z</time>
        <extensions>
          <gpxtpx:TrackPointExtension>
            <gpxtpx:hr>111</gpxtpx:hr>
          </gpxtpx:TrackPointExtension>
        </extensions>
      </trkpt>
      <trkpt lat="22.650705828816257" lon="107.60398580153658">
        <ele>96.87661501765251</ele>
        <time>2023-07-11T01:13:45Z</time>
        <extensions>
          <gpxtpx:TrackPointExtension>
            <gpxtpx:hr>103</gpxtpx:hr>
          </gpxtpx:TrackPointExtension>
        </extensions>
      </trkpt>
      <trkpt lat="22.6507107247645" lon="107.60397305960267">
        <ele>97.05462063197047</ele>
        <time>2023-07-11T01:13:46Z</time>
        <extensions>
          <gpxtpx:TrackPointExtension>
            <gpxtpx:hr>103</gpxtpx:hr>
          </gpxtpx:TrackPointExtension>
        </extensions>
      </trkpt>
      <trkpt lat="22.650717315729505" lon="107.60395961182095">
        <ele>97.23770575784147</ele>
        <time>2023-07-11T01:13:47Z</time>
        <extensions>
          <gpxtpx:TrackPointExtension>
            <gpxtpx:hr>103</gpxtpx:hr>
          </gpxtpx:TrackPointExtension>
        </extensions>
      </trkpt>
      <trkpt lat="22.650725363684536" lon="107.6039461655331">
        <ele>97.41357713192701</ele>
        <time>2023-07-11T01:13:48Z</time>
        <extensions>
          <gpxtpx:TrackPointExtension>
            <gpxtpx:hr>103</gpxtpx:hr>
          </gpxtpx:TrackPointExtension>
        </extensions>
      </trkpt>
      <trkpt lat="22.65073492999252" lon="107.60393304941309">
        <ele>97.59081837628037</ele>
        <time>2023-07-11T01:13:49Z</time>
        <extensions>
          <gpxtpx:TrackPointExtension>
            <gpxtpx:hr>103</gpxtpx:hr>
          </gpxtpx:TrackPointExtension>
        </extensions>
      </trkpt>
      <trkpt lat="22.650745954322954" lon="107.60391987766295">
        <ele>97.75278228428215</ele>
        <time>2023-07-11T01:13:50Z</time>
        <extensions>
          <gpxtpx:TrackPointExtension>
            <gpxtpx:hr>103</gpxtpx:hr>
          </gpxtpx:TrackPointExtension>
        </extensions>
      </trkpt>
      <trkpt lat="22.65075800819026" lon="107.60390644894461">
        <ele>97.91856891009957</ele>
        <time>2023-07-11T01:13:51Z</time>
        <extensions>
          <gpxtpx:TrackPointExtension>
            <gpxtpx:hr>103</gpxtpx:hr>
          </gpxtpx:TrackPointExtension>
        </extensions>
      </trkpt>
      <trkpt lat="22.650770789230098" lon="107.60389328153167">
        <ele>98.06624770630151</ele>
        <time>2023-07-11T01:13:52Z</time>
        <extensions>
          <gpxtpx:TrackPointExtension>
            <gpxtpx:hr>103</gpxtpx:hr>
          </gpxtpx:TrackPointExtension>
        </extensions>
      </trkpt>
      <trkpt lat="22.65078397444421" lon="107.60388073221588">
        <ele>98.21728230919689</ele>
        <time>2023-07-11T01:13:53Z</time>
        <extensions>
          <gpxtpx:TrackPointExtension>
            <gpxtpx:hr>103</gpxtpx:hr>
          </gpxtpx:TrackPointExtension>
        </extensions>
      </trkpt>
      <trkpt lat="22.650797686988142" lon="107.60386876478276">
        <ele>98.36567698139697</ele>
        <time>2023-07-11T01:13:54Z</time>
        <extensions>
          <gpxtpx:TrackPointExtension>
            <gpxtpx:hr>103</gpxtpx:hr>
          </gpxtpx:TrackPointExtension>
        </extensions>
      </trkpt>
      <trkpt lat="22.650811906838555" lon="107.60385777635764">
        <ele>98.49651406612247</ele>
        <time>2023-07-11T01:13:55Z</time>
        <extensions>
          <gpxtpx:TrackPointExtension>
            <gpxtpx:hr>103</gpxtpx:hr>
          </gpxtpx:TrackPointExtension>
        </extensions>
      </trkpt>
      <trkpt lat="22.650825482232975" lon="107.60384895412169">
        <ele>98.60835179593414</ele>
        <time>2023-07-11T01:13:56Z</time>
        <extensions>
          <gpxtpx:TrackPointExtension>
            <gpxtpx:hr>99</gpxtpx:hr>
          </gpxtpx:TrackPointExtension>
        </extensions>
      </trkpt>
      <trkpt lat="22.650839141264168" lon="107.6038417091862">
        <ele>98.7107573710382</ele>
        <time>2023-07-11T01:13:57Z</time>
        <extensions>
          <gpxtpx:TrackPointExtension>
            <gpxtpx:hr>99</gpxtpx:hr>
          </gpxtpx:TrackPointExtension>
        </extensions>
      </trkpt>
      <trkpt lat="22.65085390947321" lon="107.60383495155646">
        <ele>98.79326966963708</ele>
        <time>2023-07-11T01:13:58Z</time>
        <extensions>
          <gpxtpx:TrackPointExtension>
            <gpxtpx:hr>99</gpxtpx:hr>
          </gpxtpx:TrackPointExtension>
        </extensions>
      </trkpt>
      <trkpt lat="22.6508689567468" lon="107.60382870180973">
        <ele>98.85694499779493</ele>
        <time>2023-07-11T01:13:59Z</time>
        <extensions>
          <gpxtpx:TrackPointExtension>
            <gpxtpx:hr>99</gpxtpx:hr>
          </gpxtpx:TrackPointExtension>
        </extensions>
      </trkpt>
      <trkpt lat="22.650883688592614" lon="107.60382261581165">
        <ele>98.90850097034127</ele>
        <time>2023-07-11T01:14:00Z</time>
        <extensions>
          <gpxtpx:TrackPointExtension>
            <gpxtpx:hr>99</gpxtpx:hr>
          </gpxtpx:TrackPointExtension>
        </extensions>
      </trkpt>
      <trkpt lat="22.650897297296645" lon="107.60381660902021">
        <ele>98.94602078199387</ele>
        <time>2023-07-11T01:14:01Z</time>
        <extensions>
          <gpxtpx:TrackPointExtension>
            <gpxtpx:hr>99</gpxtpx:hr>
          </gpxtpx:TrackPointExtension>
        </extensions>
      </trkpt>
      <trkpt lat="22.65090994846731" lon="107.60381091017797">
        <ele>98.96762403193861</ele>
        <time>2023-07-11T01:14:02Z</time>
        <extensions>
          <gpxtpx:TrackPointExtension>
            <gpxtpx:hr>99</gpxtpx:hr>
          </gpxtpx:TrackPointExtension>
        </extensions>
      </trkpt>
      <trkpt lat="22.650922690307276" lon="107.60380559724734">
        <ele>98.97524371370673</ele>
        <time>2023-07-11T01:14:03Z</time>
        <extensions>
          <gpxtpx:TrackPointExtension>
            <gpxtpx:hr>99</gpxtpx:hr>
          </gpxtpx:TrackPointExtension>
        </extensions>
      </trkpt>
      <trkpt lat="22.650935510759435" lon="107.60380056255613">
        <ele>98.97763424459845</ele>
        <time>2023-07-11T01:14:04Z</time>
        <extensions>
          <gpxtpx:TrackPointExtension>
            <gpxtpx:hr>99</gpxtpx:hr>
          </gpxtpx:TrackPointExtension>
        </extensions>
      </trkpt>
      <trkpt lat="22.65094791245718" lon="107.60379556647501">
        <ele>98.96337537281215</ele>
        <time>2023-07-11T01:14:05Z</time>
        <extensions>
          <gpxtpx:TrackPointExtension>
            <gpxtpx:hr>99</gpxtpx:hr>
          </gpxtpx:TrackPointExtension>
        </extensions>
      </trkpt>
      <trkpt lat="22.65095972687524" lon="107.60379050293156">
        <ele>98.93697858415544</ele>
        <time>2023-07-11T01:14:06Z</time>
        <extensions>
          <gpxtpx:TrackPointExtension>
            <gpxtpx:hr>99</gpxtpx:hr>
          </gpxtpx:TrackPointExtension>
        </extensions>
      </trkpt>
      <trkpt lat="22.65097088285667" lon="107.60378565377216">
        <ele>98.90740211773664</ele>
        <time>2023-07-11T01:14:07Z</time>
        <extensions>
          <gpxtpx:TrackPointExtension>
            <gpxtpx:hr>99</gpxtpx:hr>
          </gpxtpx:TrackPointExtension>
        </extensions>
      </trkpt>
      <trkpt lat="22.65098155630114" lon="107.60378117005246">
        <ele>98.88262225408107</ele>
        <time>2023-07-11T01:14:08Z</time>
        <extensions>
          <gpxtpx:TrackPointExtension>
            <gpxtpx:hr>99</gpxtpx:hr>
          </gpxtpx:TrackPointExtension>
        </extensions>
      </trkpt>
      <trkpt lat="22.65099192198026" lon="107.60377698211086">
        <ele>98.84462776593864</ele>
        <time>2023-07-11T01:14:09Z</time>
        <extensions>
          <gpxtpx:TrackPointExtension>
            <gpxtpx:hr>99</gpxtpx:hr>
          </gpxtpx:TrackPointExtension>
        </extensions>
      </trkpt>
      <trkpt lat="22.651002231779277" lon="107.60377307315552">
        <ele>98.80624742433429</ele>
        <time>2023-07-11T01:14:10Z</time>
        <extensions>
          <gpxtpx:TrackPointExtension>
            <gpxtpx:hr>99</gpxtpx:hr>
          </gpxtpx:TrackPointExtension>
        </extensions>
      </trkpt>
      <trkpt lat="22.651012577377976" lon="107.60376968123902">
        <ele>98.77989661507308</ele>
        <time>2023-07-11T01:14:11Z</time>
        <extensions>
          <gpxtpx:TrackPointExtension>
            <gpxtpx:hr>99</gpxtpx:hr>
          </gpxtpx:TrackPointExtension>
        </extensions>
      </trkpt>
      <trkpt lat="22.651022891557595" lon="107.60376677350501">
        <ele>98.74962850194424</ele>
        <time>2023-07-11T01:14:12Z</time>
        <extensions>
          <gpxtpx:TrackPointExtension>
            <gpxtpx:hr>99</gpxtpx:hr>
          </gpxtpx:TrackPointExtension>
        </extensions>
      </trkpt>
      <trkpt lat="22.651033009910453" lon="107.60376418046998">
        <ele>98.72453592997044</ele>
        <time>2023-07-11T01:14:13Z</time>
        <extensions>
          <gpxtpx:TrackPointExtension>
            <gpxtpx:hr>99</gpxtpx:hr>
          </gpxtpx:TrackPointExtension>
        </extensions>
      </trkpt>
      <trkpt lat="22.6510425838142" lon="107.6037619247061">
        <ele>98.7082161679864</ele>
        <time>2023-07-11T01:14:14Z</time>
        <extensions>
          <gpxtpx:TrackPointExtension>
            <gpxtpx:hr>99</gpxtpx:hr>
          </gpxtpx:TrackPointExtension>
        </extensions>
      </trkpt>
      <trkpt lat="22.65105116611643" lon="107.60375998237421">
        <ele>98.6939806099981</ele>
        <time>2023-07-11T01:14:15Z</time>
        <extensions>
          <gpxtpx:TrackPointExtension>
            <gpxtpx:hr>97</gpxtpx:hr>
          </gpxtpx:TrackPointExtension>
        </extensions>
      </trkpt>
      <trkpt lat="22.6510586322884" lon="107.60375848698405">
        <ele>98.68468719068915</ele>
        <time>2023-07-11T01:14:16Z</time>
        <extensions>
          <gpxtpx:TrackPointExtension>
            <gpxtpx:hr>97</gpxtpx:hr>
          </gpxtpx:TrackPointExtension>
        </extensions>
      </trkpt>
      <trkpt lat="22.65106510604908" lon="107.6037575045096">
        <ele>98.67301714327186</ele>
        <time>2023-07-11T01:14:17Z</time>
        <extensions>
          <gpxtpx:TrackPointExtension>
            <gpxtpx:hr>97</gpxtpx:hr>
          </gpxtpx:TrackPointExtension>
        </extensions>
      </trkpt>
      <trkpt lat="22.651071554646098" lon="107.60375659738881">
        <ele>98.6627549789846</ele>
        <time>2023-07-11T01:14:18Z</time>
        <extensions>
          <gpxtpx:TrackPointExtension>
            <gpxtpx:hr>97</gpxtpx:hr>
          </gpxtpx:TrackPointExtension>
        </extensions>
      </trkpt>
      <trkpt lat="22.651079195083447" lon="107.60375523882864">
        <ele>98.65082175657153</ele>
        <time>2023-07-11T01:14:19Z</time>
        <extensions>
          <gpxtpx:TrackPointExtension>
            <gpxtpx:hr>98</gpxtpx:hr>
          </gpxtpx:TrackPointExtension>
        </extensions>
      </trkpt>
      <trkpt lat="22.651088003765697" lon="107.60375335775171">
        <ele>98.63587468955666</ele>
        <time>2023-07-11T01:14:20Z</time>
        <extensions>
          <gpxtpx:TrackPointExtension>
            <gpxtpx:hr>98</gpxtpx:hr>
          </gpxtpx:TrackPointExtension>
        </extensions>
      </trkpt>
      <trkpt lat="22.651097437413874" lon="107.60375129735857">
        <ele>98.63075334951282</ele>
        <time>2023-07-11T01:14:21Z</time>
        <extensions>
          <gpxtpx:TrackPointExtension>
            <gpxtpx:hr>98</gpxtpx:hr>
          </gpxtpx:TrackPointExtension>
        </extensions>
      </trkpt>
      <trkpt lat="22.651106841874068" lon="107.60374917417042">
        <ele>98.63118204008788</ele>
        <time>2023-07-11T01:14:22Z</time>
        <extensions>
          <gpxtpx:TrackPointExtension>
            <gpxtpx:hr>98</gpxtpx:hr>
          </gpxtpx:TrackPointExtension>
        </extensions>
      </trkpt>
      <trkpt lat="22.65111590173396" lon="107.60374682642232">
        <ele>98.6350650312379</ele>
        <time>2023-07-11T01:14:23Z</time>
        <extensions>
          <gpxtpx:TrackPointExtension>
            <gpxtpx:hr>98</gpxtpx:hr>
          </gpxtpx:TrackPointExtension>
        </extensions>
      </trkpt>
      <trkpt lat="22.651125148073376" lon="107.60374423932716">
        <ele>98.63174091372639</ele>
        <time>2023-07-11T01:14:24Z</time>
        <extensions>
          <gpxtpx:TrackPointExtension>
            <gpxtpx:hr>98</gpxtpx:hr>
          </gpxtpx:TrackPointExtension>
        </extensions>
      </trkpt>
      <trkpt lat="22.651134499529885" lon="107.60374145494126">
        <ele>98.63138150889426</ele>
        <time>2023-07-11T01:14:25Z</time>
        <extensions>
          <gpxtpx:TrackPointExtension>
            <gpxtpx:hr>100</gpxtpx:hr>
          </gpxtpx:TrackPointExtension>
        </extensions>
      </trkpt>
      <trkpt lat="22.65114346807868" lon="107.60373823607833">
        <ele>98.63389880210161</ele>
        <time>2023-07-11T01:14:26Z</time>
        <extensions>
          <gpxtpx:TrackPointExtension>
            <gpxtpx:hr>100</gpxtpx:hr>
          </gpxtpx:TrackPointExtension>
        </extensions>
      </trkpt>
      <trkpt lat="22.651152405139243" lon="107.60373413871923">
        <ele>98.6252487031743</ele>
        <time>2023-07-11T01:14:27Z</time>
        <extensions>
          <gpxtpx:TrackPointExtension>
            <gpxtpx:hr>100</gpxtpx:hr>
          </gpxtpx:TrackPointExtension>
        </extensions>
      </trkpt>
      <trkpt lat="22.651161508104973" lon="107.60372896863558">
        <ele>98.61231665220112</ele>
        <time>2023-07-11T01:14:28Z</time>
        <extensions>
          <gpxtpx:TrackPointExtension>
            <gpxtpx:hr>100</gpxtpx:hr>
          </gpxtpx:TrackPointExtension>
        </extensions>
      </trkpt>
      <trkpt lat="22.651170647857146" lon="107.60372276407311">
        <ele>98.6092793578282</ele>
        <time>2023-07-11T01:14:29Z</time>
        <extensions>
          <gpxtpx:TrackPointExtension>
            <gpxtpx:hr>100</gpxtpx:hr>
          </gpxtpx:TrackPointExtension>
        </extensions>
      </trkpt>
      <trkpt lat="22.6511793046817" lon="107.60371565516805">
        <ele>98.600053017959</ele>
        <time>2023-07-11T01:14:30Z</time>
        <extensions>
          <gpxtpx:TrackPointExtension>
            <gpxtpx:hr>100</gpxtpx:hr>
          </gpxtpx:TrackPointExtension>
        </extensions>
      </trkpt>
      <trkpt lat="22.651186786033776" lon="107.60370795815938">
        <ele>98.58943742327392</ele>
        <time>2023-07-11T01:14:31Z</time>
        <extensions>
          <gpxtpx:TrackPointExtension>
            <gpxtpx:hr>100</gpxtpx:hr>
          </gpxtpx:TrackPointExtension>
        </extensions>
      </trkpt>
      <trkpt lat="22.651193130401417" lon="107.60369996752243">
        <ele>98.57564835902303</ele>
        <time>2023-07-11T01:14:32Z</time>
        <extensions>
          <gpxtpx:TrackPointExtension>
            <gpxtpx:hr>100</gpxtpx:hr>
          </gpxtpx:TrackPointExtension>
        </extensions>
      </trkpt>
      <trkpt lat="22.651198559973125" lon="107.60369158271226">
        <ele>98.54421885404736</ele>
        <time>2023-07-11T01:14:33Z</time>
        <extensions>
          <gpxtpx:TrackPointExtension>
            <gpxtpx:hr>100</gpxtpx:hr>
          </gpxtpx:TrackPointExtension>
        </extensions>
      </trkpt>
      <trkpt lat="22.651203018697114" lon="107.60368291167934">
        <ele>98.51076977234334</ele>
        <time>2023-07-11T01:14:34Z</time>
        <extensions>
          <gpxtpx:TrackPointExtension>
            <gpxtpx:hr>100</gpxtpx:hr>
          </gpxtpx:TrackPointExtension>
        </extensions>
      </trkpt>
      <trkpt lat="22.651206301817492" lon="107.60367404470226">
        <ele>98.48682261630893</ele>
        <time>2023-07-11T01:14:35Z</time>
        <extensions>
          <gpxtpx:TrackPointExtension>
            <gpxtpx:hr>101</gpxtpx:hr>
          </gpxtpx:TrackPointExtension>
        </extensions>
      </trkpt>
      <trkpt lat="22.651208388036654" lon="107.60366501256975">
        <ele>98.45118773635477</ele>
        <time>2023-07-11T01:14:36Z</time>
        <extensions>
          <gpxtpx:TrackPointExtension>
            <gpxtpx:hr>101</gpxtpx:hr>
          </gpxtpx:TrackPointExtension>
        </extensions>
      </trkpt>
      <trkpt lat="22.651209419205394" lon="107.60365595714987">
        <ele>98.41396744828671</ele>
        <time>2023-07-11T01:14:37Z</time>
        <extensions>
          <gpxtpx:TrackPointExtension>
            <gpxtpx:hr>101</gpxtpx:hr>
          </gpxtpx:TrackPointExtension>
        </extensions>
      </trkpt>
      <trkpt lat="22.651209668247844" lon="107.60364690298013">
        <ele>98.37645720876753</ele>
        <time>2023-07-11T01:14:38Z</time>
        <extensions>
          <gpxtpx:TrackPointExtension>
            <gpxtpx:hr>101</gpxtpx:hr>
          </gpxtpx:TrackPointExtension>
        </extensions>
      </trkpt>
      <trkpt lat="22.65120948835579" lon="107.60363767662842">
        <ele>98.31629178207368</ele>
        <time>2023-07-11T01:14:39Z</time>
        <extensions>
          <gpxtpx:TrackPointExtension>
            <gpxtpx:hr>101</gpxtpx:hr>
          </gpxtpx:TrackPointExtension>
        </extensions>
      </trkpt>
      <trkpt lat="22.651209078802438" lon="107.60362784168967">
        <ele>98.27053549792618</ele>
        <time>2023-07-11T01:14:40Z</time>
        <extensions>
          <gpxtpx:TrackPointExtension>
            <gpxtpx:hr>101</gpxtpx:hr>
          </gpxtpx:TrackPointExtension>
        </extensions>
      </trkpt>
      <trkpt lat="22.65120840310838" lon="107.60361752765287">
        <ele>98.22153547406197</ele>
        <time>2023-07-11T01:14:41Z</time>
        <extensions>
          <gpxtpx:TrackPointExtension>
            <gpxtpx:hr>101</gpxtpx:hr>
          </gpxtpx:TrackPointExtension>
        </extensions>
      </trkpt>
      <trkpt lat="22.651207441204022" lon="107.60360735119603">
        <ele>98.18017501011491</ele>
        <time>2023-07-11T01:14:42Z</time>
        <extensions>
          <gpxtpx:TrackPointExtension>
            <gpxtpx:hr>101</gpxtpx:hr>
          </gpxtpx:TrackPointExtension>
        </extensions>
      </trkpt>
      <trkpt lat="22.651206304060633" lon="107.60359793745711">
        <ele>98.14273692201823</ele>
        <time>2023-07-11T01:14:43Z</time>
        <extensions>
          <gpxtpx:TrackPointExtension>
            <gpxtpx:hr>101</gpxtpx:hr>
          </gpxtpx:TrackPointExtension>
        </extensions>
      </trkpt>
      <trkpt lat="22.651205271631444" lon="107.60358978239994">
        <ele>98.11219998914748</ele>
        <time>2023-07-11T01:14:44Z</time>
        <extensions>
          <gpxtpx:TrackPointExtension>
            <gpxtpx:hr>96</gpxtpx:hr>
          </gpxtpx:TrackPointExtension>
        </extensions>
      </trkpt>
      <trkpt lat="22.65120449723401" lon="107.60358235642707">
        <ele>98.0913425507024</ele>
        <time>2023-07-11T01:14:45Z</time>
        <extensions>
          <gpxtpx:TrackPointExtension>
            <gpxtpx:hr>96</gpxtpx:hr>
          </gpxtpx:TrackPointExtension>
        </extensions>
      </trkpt>
      <trkpt lat="22.65120388629665" lon="107.60357449202807">
        <ele>98.07520714402199</ele>
        <time>2023-07-11T01:14:46Z</time>
        <extensions>
          <gpxtpx:TrackPointExtension>
            <gpxtpx:hr>96</gpxtpx:hr>
          </gpxtpx:TrackPointExtension>
        </extensions>
      </trkpt>
      <trkpt lat="22.651203366180223" lon="107.603565935079">
        <ele>98.06593610718846</ele>
        <time>2023-07-11T01:14:47Z</time>
        <extensions>
          <gpxtpx:TrackPointExtension>
            <gpxtpx:hr>96</gpxtpx:hr>
          </gpxtpx:TrackPointExtension>
        </extensions>
      </trkpt>
      <trkpt lat="22.651202944741367" lon="107.60355704578272">
        <ele>98.06409965455532</ele>
        <time>2023-07-11T01:14:48Z</time>
        <extensions>
          <gpxtpx:TrackPointExtension>
            <gpxtpx:hr>96</gpxtpx:hr>
          </gpxtpx:TrackPointExtension>
        </extensions>
      </trkpt>
      <trkpt lat="22.65120273833286" lon="107.60354792192518">
        <ele>98.0660413429141</ele>
        <time>2023-07-11T01:14:49Z</time>
        <extensions>
          <gpxtpx:TrackPointExtension>
            <gpxtpx:hr>96</gpxtpx:hr>
          </gpxtpx:TrackPointExtension>
        </extensions>
      </trkpt>
      <trkpt lat="22.65120248882039" lon="107.60353831385605">
        <ele>98.07178429700434</ele>
        <time>2023-07-11T01:14:50Z</time>
        <extensions>
          <gpxtpx:TrackPointExtension>
            <gpxtpx:hr>96</gpxtpx:hr>
          </gpxtpx:TrackPointExtension>
        </extensions>
      </trkpt>
      <trkpt lat="22.651201745804286" lon="107.60352799618077">
        <ele>98.09296876285225</ele>
        <time>2023-07-11T01:14:51Z</time>
        <extensions>
          <gpxtpx:TrackPointExtension>
            <gpxtpx:hr>99</gpxtpx:hr>
          </gpxtpx:TrackPointExtension>
        </extensions>
      </trkpt>
      <trkpt lat="22.651200452480445" lon="107.60351688527344">
        <ele>98.12839282676578</ele>
        <time>2023-07-11T01:14:52Z</time>
        <extensions>
          <gpxtpx:TrackPointExtension>
            <gpxtpx:hr>99</gpxtpx:hr>
          </gpxtpx:TrackPointExtension>
        </extensions>
      </trkpt>
      <trkpt lat="22.651198834116236" lon="107.6035051210695">
        <ele>98.16860309522599</ele>
        <time>2023-07-11T01:14:53Z</time>
        <extensions>
          <gpxtpx:TrackPointExtension>
            <gpxtpx:hr>99</gpxtpx:hr>
          </gpxtpx:TrackPointExtension>
        </extensions>
      </trkpt>
      <trkpt lat="22.651197189967842" lon="107.60349289335002">
        <ele>98.20558147132397</ele>
        <time>2023-07-11T01:14:54Z</time>
        <extensions>
          <gpxtpx:TrackPointExtension>
            <gpxtpx:hr>99</gpxtpx:hr>
          </gpxtpx:TrackPointExtension>
        </extensions>
      </trkpt>
      <trkpt lat="22.65119568738692" lon="107.60348052305433">
        <ele>98.25345701910555</ele>
        <time>2023-07-11T01:14:55Z</time>
        <extensions>
          <gpxtpx:TrackPointExtension>
            <gpxtpx:hr>99</gpxtpx:hr>
          </gpxtpx:TrackPointExtension>
        </extensions>
      </trkpt>
      <trkpt lat="22.651194411564973" lon="107.60346823171278">
        <ele>98.31035087723285</ele>
        <time>2023-07-11T01:14:56Z</time>
        <extensions>
          <gpxtpx:TrackPointExtension>
            <gpxtpx:hr>96</gpxtpx:hr>
          </gpxtpx:TrackPointExtension>
        </extensions>
      </trkpt>
      <trkpt lat="22.651193650751573" lon="107.60345623034628">
        <ele>98.35598686523736</ele>
        <time>2023-07-11T01:14:57Z</time>
        <extensions>
          <gpxtpx:TrackPointExtension>
            <gpxtpx:hr>96</gpxtpx:hr>
          </gpxtpx:TrackPointExtension>
        </extensions>
      </trkpt>
      <trkpt lat="22.65119370387745" lon="107.60344518436847">
        <ele>98.39442262332886</ele>
        <time>2023-07-11T01:14:58Z</time>
        <extensions>
          <gpxtpx:TrackPointExtension>
            <gpxtpx:hr>96</gpxtpx:hr>
          </gpxtpx:TrackPointExtension>
        </extensions>
      </trkpt>
      <trkpt lat="22.651194610483184" lon="107.60343439882502">
        <ele>98.4438437949866</ele>
        <time>2023-07-11T01:14:59Z</time>
        <extensions>
          <gpxtpx:TrackPointExtension>
            <gpxtpx:hr>96</gpxtpx:hr>
          </gpxtpx:TrackPointExtension>
        </extensions>
      </trkpt>
      <trkpt lat="22.651195995683164" lon="107.60342284312951">
        <ele>98.48926620837301</ele>
        <time>2023-07-11T01:15:00Z</time>
        <extensions>
          <gpxtpx:TrackPointExtension>
            <gpxtpx:hr>96</gpxtpx:hr>
          </gpxtpx:TrackPointExtension>
        </extensions>
      </trkpt>
      <trkpt lat="22.65119716999234" lon="107.60341098914996">
        <ele>98.53465536702424</ele>
        <time>2023-07-11T01:15:01Z</time>
        <extensions>
          <gpxtpx:TrackPointExtension>
            <gpxtpx:hr>96</gpxtpx:hr>
          </gpxtpx:TrackPointExtension>
        </extensions>
      </trkpt>
      <trkpt lat="22.651197971799142" lon="107.60339904663023">
        <ele>98.57176683098078</ele>
        <time>2023-07-11T01:15:02Z</time>
        <extensions>
          <gpxtpx:TrackPointExtension>
            <gpxtpx:hr>96</gpxtpx:hr>
          </gpxtpx:TrackPointExtension>
        </extensions>
      </trkpt>
      <trkpt lat="22.651199102725613" lon="107.6033872198122">
        <ele>98.6016853209585</ele>
        <time>2023-07-11T01:15:03Z</time>
        <extensions>
          <gpxtpx:TrackPointExtension>
            <gpxtpx:hr>96</gpxtpx:hr>
          </gpxtpx:TrackPointExtension>
        </extensions>
      </trkpt>
      <trkpt lat="22.651200535369366" lon="107.6033757875883">
        <ele>98.63253670185804</ele>
        <time>2023-07-11T01:15:04Z</time>
        <extensions>
          <gpxtpx:TrackPointExtension>
            <gpxtpx:hr>96</gpxtpx:hr>
          </gpxtpx:TrackPointExtension>
        </extensions>
      </trkpt>
      <trkpt lat="22.6512014766645" lon="107.60336435341107">
        <ele>98.66151134762913</ele>
        <time>2023-07-11T01:15:05Z</time>
        <extensions>
          <gpxtpx:TrackPointExtension>
            <gpxtpx:hr>103</gpxtpx:hr>
          </gpxtpx:TrackPointExtension>
        </extensions>
      </trkpt>
      <trkpt lat="22.651201660626743" lon="107.60335225627226">
        <ele>98.68473323620856</ele>
        <time>2023-07-11T01:15:06Z</time>
        <extensions>
          <gpxtpx:TrackPointExtension>
            <gpxtpx:hr>103</gpxtpx:hr>
          </gpxtpx:TrackPointExtension>
        </extensions>
      </trkpt>
      <trkpt lat="22.651201399545492" lon="107.60333929782261">
        <ele>98.70352662634104</ele>
        <time>2023-07-11T01:15:07Z</time>
        <extensions>
          <gpxtpx:TrackPointExtension>
            <gpxtpx:hr>103</gpxtpx:hr>
          </gpxtpx:TrackPointExtension>
        </extensions>
      </trkpt>
      <trkpt lat="22.651200847310008" lon="107.60332590719148">
        <ele>98.7168233981356</ele>
        <time>2023-07-11T01:15:08Z</time>
        <extensions>
          <gpxtpx:TrackPointExtension>
            <gpxtpx:hr>103</gpxtpx:hr>
          </gpxtpx:TrackPointExtension>
        </extensions>
      </trkpt>
      <trkpt lat="22.651200059728097" lon="107.60331265446553">
        <ele>98.72238132823259</ele>
        <time>2023-07-11T01:15:09Z</time>
        <extensions>
          <gpxtpx:TrackPointExtension>
            <gpxtpx:hr>103</gpxtpx:hr>
          </gpxtpx:TrackPointExtension>
        </extensions>
      </trkpt>
      <trkpt lat="22.651199380994576" lon="107.60329944318003">
        <ele>98.72260377276689</ele>
        <time>2023-07-11T01:15:10Z</time>
        <extensions>
          <gpxtpx:TrackPointExtension>
            <gpxtpx:hr>103</gpxtpx:hr>
          </gpxtpx:TrackPointExtension>
        </extensions>
      </trkpt>
      <trkpt lat="22.65119896760253" lon="107.60328626385689">
        <ele>98.72233793046325</ele>
        <time>2023-07-11T01:15:11Z</time>
        <extensions>
          <gpxtpx:TrackPointExtension>
            <gpxtpx:hr>103</gpxtpx:hr>
          </gpxtpx:TrackPointExtension>
        </extensions>
      </trkpt>
      <trkpt lat="22.65119872423817" lon="107.60327349523308">
        <ele>98.72621716186404</ele>
        <time>2023-07-11T01:15:12Z</time>
        <extensions>
          <gpxtpx:TrackPointExtension>
            <gpxtpx:hr>98</gpxtpx:hr>
          </gpxtpx:TrackPointExtension>
        </extensions>
      </trkpt>
      <trkpt lat="22.651198505831996" lon="107.60326127463847">
        <ele>98.72498300299048</ele>
        <time>2023-07-11T01:15:13Z</time>
        <extensions>
          <gpxtpx:TrackPointExtension>
            <gpxtpx:hr>98</gpxtpx:hr>
          </gpxtpx:TrackPointExtension>
        </extensions>
      </trkpt>
      <trkpt lat="22.651198075616914" lon="107.6032494487763">
        <ele>98.72404455021024</ele>
        <time>2023-07-11T01:15:14Z</time>
        <extensions>
          <gpxtpx:TrackPointExtension>
            <gpxtpx:hr>98</gpxtpx:hr>
          </gpxtpx:TrackPointExtension>
        </extensions>
      </trkpt>
      <trkpt lat="22.65119738362536" lon="107.60323806392718">
        <ele>98.72680448368192</ele>
        <time>2023-07-11T01:15:15Z</time>
        <extensions>
          <gpxtpx:TrackPointExtension>
            <gpxtpx:hr>100</gpxtpx:hr>
          </gpxtpx:TrackPointExtension>
        </extensions>
      </trkpt>
      <trkpt lat="22.651196466704985" lon="107.60322731572683">
        <ele>98.73497002199292</ele>
        <time>2023-07-11T01:15:16Z</time>
        <extensions>
          <gpxtpx:TrackPointExtension>
            <gpxtpx:hr>100</gpxtpx:hr>
          </gpxtpx:TrackPointExtension>
        </extensions>
      </trkpt>
      <trkpt lat="22.651195106823092" lon="107.60321680730928">
        <ele>98.76690348237753</ele>
        <time>2023-07-11T01:15:17Z</time>
        <extensions>
          <gpxtpx:TrackPointExtension>
            <gpxtpx:hr>100</gpxtpx:hr>
          </gpxtpx:TrackPointExtension>
        </extensions>
      </trkpt>
      <trkpt lat="22.65119346841638" lon="107.6032060281591">
        <ele>98.82178965304047</ele>
        <time>2023-07-11T01:15:18Z</time>
        <extensions>
          <gpxtpx:TrackPointExtension>
            <gpxtpx:hr>102</gpxtpx:hr>
          </gpxtpx:TrackPointExtension>
        </extensions>
      </trkpt>
      <trkpt lat="22.6511921300904" lon="107.60319476163217">
        <ele>98.87560774385929</ele>
        <time>2023-07-11T01:15:19Z</time>
        <extensions>
          <gpxtpx:TrackPointExtension>
            <gpxtpx:hr>102</gpxtpx:hr>
          </gpxtpx:TrackPointExtension>
        </extensions>
      </trkpt>
      <trkpt lat="22.651191202202874" lon="107.60318322277138">
        <ele>98.90064392331988</ele>
        <time>2023-07-11T01:15:20Z</time>
        <extensions>
          <gpxtpx:TrackPointExtension>
            <gpxtpx:hr>102</gpxtpx:hr>
          </gpxtpx:TrackPointExtension>
        </extensions>
      </trkpt>
      <trkpt lat="22.65119040096346" lon="107.60317162140734">
        <ele>98.94635897129774</ele>
        <time>2023-07-11T01:15:21Z</time>
        <extensions>
          <gpxtpx:TrackPointExtension>
            <gpxtpx:hr>102</gpxtpx:hr>
          </gpxtpx:TrackPointExtension>
        </extensions>
      </trkpt>
      <trkpt lat="22.651189597522748" lon="107.60316013099525">
        <ele>98.97651061881334</ele>
        <time>2023-07-11T01:15:22Z</time>
        <extensions>
          <gpxtpx:TrackPointExtension>
            <gpxtpx:hr>102</gpxtpx:hr>
          </gpxtpx:TrackPointExtension>
        </extensions>
      </trkpt>
      <trkpt lat="22.6511889511916" lon="107.60314887275716">
        <ele>99.01000534184277</ele>
        <time>2023-07-11T01:15:23Z</time>
        <extensions>
          <gpxtpx:TrackPointExtension>
            <gpxtpx:hr>107</gpxtpx:hr>
          </gpxtpx:TrackPointExtension>
        </extensions>
      </trkpt>
      <trkpt lat="22.65118849598519" lon="107.60313787150758">
        <ele>99.06430468056351</ele>
        <time>2023-07-11T01:15:24Z</time>
        <extensions>
          <gpxtpx:TrackPointExtension>
            <gpxtpx:hr>107</gpxtpx:hr>
          </gpxtpx:TrackPointExtension>
        </extensions>
      </trkpt>
      <trkpt lat="22.651188326350074" lon="107.60312742430145">
        <ele>99.10750624164939</ele>
        <time>2023-07-11T01:15:25Z</time>
        <extensions>
          <gpxtpx:TrackPointExtension>
            <gpxtpx:hr>107</gpxtpx:hr>
          </gpxtpx:TrackPointExtension>
        </extensions>
      </trkpt>
      <trkpt lat="22.651188176047253" lon="107.60311767227758">
        <ele>99.1617135470733</ele>
        <time>2023-07-11T01:15:26Z</time>
        <extensions>
          <gpxtpx:TrackPointExtension>
            <gpxtpx:hr>107</gpxtpx:hr>
          </gpxtpx:TrackPointExtension>
        </extensions>
      </trkpt>
      <trkpt lat="22.651187488355585" lon="107.60310851443852">
        <ele>99.217385513708</ele>
        <time>2023-07-11T01:15:27Z</time>
        <extensions>
          <gpxtpx:TrackPointExtension>
            <gpxtpx:hr>107</gpxtpx:hr>
          </gpxtpx:TrackPointExtension>
        </extensions>
      </trkpt>
      <trkpt lat="22.651185916991196" lon="107.60309966439809">
        <ele>99.26743224263191</ele>
        <time>2023-07-11T01:15:28Z</time>
        <extensions>
          <gpxtpx:TrackPointExtension>
            <gpxtpx:hr>107</gpxtpx:hr>
          </gpxtpx:TrackPointExtension>
        </extensions>
      </trkpt>
      <trkpt lat="22.651183975177705" lon="107.60309021587304">
        <ele>99.31889089103788</ele>
        <time>2023-07-11T01:15:29Z</time>
        <extensions>
          <gpxtpx:TrackPointExtension>
            <gpxtpx:hr>113</gpxtpx:hr>
          </gpxtpx:TrackPointExtension>
        </extensions>
      </trkpt>
      <trkpt lat="22.651181827159697" lon="107.60307955293467">
        <ele>99.37685443367809</ele>
        <time>2023-07-11T01:15:30Z</time>
        <extensions>
          <gpxtpx:TrackPointExtension>
            <gpxtpx:hr>113</gpxtpx:hr>
          </gpxtpx:TrackPointExtension>
        </extensions>
      </trkpt>
      <trkpt lat="22.651178814529068" lon="107.60306832252243">
        <ele>99.44261543173343</ele>
        <time>2023-07-11T01:15:31Z</time>
        <extensions>
          <gpxtpx:TrackPointExtension>
            <gpxtpx:hr>113</gpxtpx:hr>
          </gpxtpx:TrackPointExtension>
        </extensions>
      </trkpt>
      <trkpt lat="22.651176432710134" lon="107.60305778166871">
        <ele>99.50022407155484</ele>
        <time>2023-07-11T01:15:32Z</time>
        <extensions>
          <gpxtpx:TrackPointExtension>
            <gpxtpx:hr>113</gpxtpx:hr>
          </gpxtpx:TrackPointExtension>
        </extensions>
      </trkpt>
      <trkpt lat="22.65117638541504" lon="107.60304924661891">
        <ele>99.55672369804233</ele>
        <time>2023-07-11T01:15:33Z</time>
        <extensions>
          <gpxtpx:TrackPointExtension>
            <gpxtpx:hr>113</gpxtpx:hr>
          </gpxtpx:TrackPointExtension>
        </extensions>
      </trkpt>
      <trkpt lat="22.651177624487346" lon="107.60304282855472">
        <ele>99.61334750894457</ele>
        <time>2023-07-11T01:15:34Z</time>
        <extensions>
          <gpxtpx:TrackPointExtension>
            <gpxtpx:hr>119</gpxtpx:hr>
          </gpxtpx:TrackPointExtension>
        </extensions>
      </trkpt>
      <trkpt lat="22.651179241919394" lon="107.60303776972764">
        <ele>99.6688078828156</ele>
        <time>2023-07-11T01:15:35Z</time>
        <extensions>
          <gpxtpx:TrackPointExtension>
            <gpxtpx:hr>119</gpxtpx:hr>
          </gpxtpx:TrackPointExtension>
        </extensions>
      </trkpt>
      <trkpt lat="22.651181384394913" lon="107.60303386410955">
        <ele>99.72418630402535</ele>
        <time>2023-07-11T01:15:36Z</time>
        <extensions>
          <gpxtpx:TrackPointExtension>
            <gpxtpx:hr>119</gpxtpx:hr>
          </gpxtpx:TrackPointExtension>
        </extensions>
      </trkpt>
      <trkpt lat="22.651184121413827" lon="107.6030310131461">
        <ele>99.77135929185897</ele>
        <time>2023-07-11T01:15:37Z</time>
        <extensions>
          <gpxtpx:TrackPointExtension>
            <gpxtpx:hr>119</gpxtpx:hr>
          </gpxtpx:TrackPointExtension>
        </extensions>
      </trkpt>
      <trkpt lat="22.65118749603814" lon="107.60302893139112">
        <ele>99.81115087214857</ele>
        <time>2023-07-11T01:15:38Z</time>
        <extensions>
          <gpxtpx:TrackPointExtension>
            <gpxtpx:hr>119</gpxtpx:hr>
          </gpxtpx:TrackPointExtension>
        </extensions>
      </trkpt>
      <trkpt lat="22.651191569305187" lon="107.60302714729676">
        <ele>99.84781079459935</ele>
        <time>2023-07-11T01:15:39Z</time>
        <extensions>
          <gpxtpx:TrackPointExtension>
            <gpxtpx:hr>119</gpxtpx:hr>
          </gpxtpx:TrackPointExtension>
        </extensions>
      </trkpt>
      <trkpt lat="22.6511961394805" lon="107.60302561484258">
        <ele>99.89002474490553</ele>
        <time>2023-07-11T01:15:40Z</time>
        <extensions>
          <gpxtpx:TrackPointExtension>
            <gpxtpx:hr>118</gpxtpx:hr>
          </gpxtpx:TrackPointExtension>
        </extensions>
      </trkpt>
      <trkpt lat="22.65120063960868" lon="107.60302490515929">
        <ele>99.92322851903737</ele>
        <time>2023-07-11T01:15:41Z</time>
        <extensions>
          <gpxtpx:TrackPointExtension>
            <gpxtpx:hr>118</gpxtpx:hr>
          </gpxtpx:TrackPointExtension>
        </extensions>
      </trkpt>
      <trkpt lat="22.65120427806616" lon="107.60302515705757">
        <ele>99.95883278455585</ele>
        <time>2023-07-11T01:15:42Z</time>
        <extensions>
          <gpxtpx:TrackPointExtension>
            <gpxtpx:hr>118</gpxtpx:hr>
          </gpxtpx:TrackPointExtension>
        </extensions>
      </trkpt>
      <trkpt lat="22.651207029576366" lon="107.6030260333845">
        <ele>99.98905894905329</ele>
        <time>2023-07-11T01:15:43Z</time>
        <extensions>
          <gpxtpx:TrackPointExtension>
            <gpxtpx:hr>118</gpxtpx:hr>
          </gpxtpx:TrackPointExtension>
        </extensions>
      </trkpt>
      <trkpt lat="22.6512098126384" lon="107.60302743650941">
        <ele>100.01343540288508</ele>
        <time>2023-07-11T01:15:44Z</time>
        <extensions>
          <gpxtpx:TrackPointExtension>
            <gpxtpx:hr>118</gpxtpx:hr>
          </gpxtpx:TrackPointExtension>
        </extensions>
      </trkpt>
      <trkpt lat="22.651213545783936" lon="107.60302956420088">
        <ele>100.03346733283252</ele>
        <time>2023-07-11T01:15:45Z</time>
        <extensions>
          <gpxtpx:TrackPointExtension>
            <gpxtpx:hr>118</gpxtpx:hr>
          </gpxtpx:TrackPointExtension>
        </extensions>
      </trkpt>
      <trkpt lat="22.651218227994253" lon="107.60303231487536">
        <ele>100.0536018749699</ele>
        <time>2023-07-11T01:15:46Z</time>
        <extensions>
          <gpxtpx:TrackPointExtension>
            <gpxtpx:hr>118</gpxtpx:hr>
          </gpxtpx:TrackPointExtension>
        </extensions>
      </trkpt>
      <trkpt lat="22.65122279045095" lon="107.60303496729293">
        <ele>100.07077805045992</ele>
        <time>2023-07-11T01:15:47Z</time>
        <extensions>
          <gpxtpx:TrackPointExtension>
            <gpxtpx:hr>117</gpxtpx:hr>
          </gpxtpx:TrackPointExtension>
        </extensions>
      </trkpt>
      <trkpt lat="22.651226165576183" lon="107.60303675274828">
        <ele>100.08628733828664</ele>
        <time>2023-07-11T01:15:48Z</time>
        <extensions>
          <gpxtpx:TrackPointExtension>
            <gpxtpx:hr>117</gpxtpx:hr>
          </gpxtpx:TrackPointExtension>
        </extensions>
      </trkpt>
      <trkpt lat="22.65122809436118" lon="107.60303747639358">
        <ele>100.09946909360588</ele>
        <time>2023-07-11T01:15:49Z</time>
        <extensions>
          <gpxtpx:TrackPointExtension>
            <gpxtpx:hr>117</gpxtpx:hr>
          </gpxtpx:TrackPointExtension>
        </extensions>
      </trkpt>
      <trkpt lat="22.65122913836968" lon="107.60303749751519">
        <ele>100.11097201704979</ele>
        <time>2023-07-11T01:15:50Z</time>
        <extensions>
          <gpxtpx:TrackPointExtension>
            <gpxtpx:hr>117</gpxtpx:hr>
          </gpxtpx:TrackPointExtension>
        </extensions>
      </trkpt>
      <trkpt lat="22.651230037789507" lon="107.6030372641389">
        <ele>100.11895746923983</ele>
        <time>2023-07-11T01:15:51Z</time>
        <extensions>
          <gpxtpx:TrackPointExtension>
            <gpxtpx:hr>117</gpxtpx:hr>
          </gpxtpx:TrackPointExtension>
        </extensions>
      </trkpt>
      <trkpt lat="22.65123111636815" lon="107.60303699023774">
        <ele>100.12169151380658</ele>
        <time>2023-07-11T01:15:52Z</time>
        <extensions>
          <gpxtpx:TrackPointExtension>
            <gpxtpx:hr>113</gpxtpx:hr>
          </gpxtpx:TrackPointExtension>
        </extensions>
      </trkpt>
      <trkpt lat="22.651232418744062" lon="107.60303672681587">
        <ele>100.12070438079536</ele>
        <time>2023-07-11T01:15:53Z</time>
        <extensions>
          <gpxtpx:TrackPointExtension>
            <gpxtpx:hr>113</gpxtpx:hr>
          </gpxtpx:TrackPointExtension>
        </extensions>
      </trkpt>
      <trkpt lat="22.65123365969166" lon="107.60303639407884">
        <ele>100.11892674863338</ele>
        <time>2023-07-11T01:15:54Z</time>
        <extensions>
          <gpxtpx:TrackPointExtension>
            <gpxtpx:hr>113</gpxtpx:hr>
          </gpxtpx:TrackPointExtension>
        </extensions>
      </trkpt>
      <trkpt lat="22.65123468330702" lon="107.60303596962824">
        <ele>100.12217586953193</ele>
        <time>2023-07-11T01:15:55Z</time>
        <extensions>
          <gpxtpx:TrackPointExtension>
            <gpxtpx:hr>113</gpxtpx:hr>
          </gpxtpx:TrackPointExtension>
        </extensions>
      </trkpt>
      <trkpt lat="22.65123559203803" lon="107.60303549082836">
        <ele>100.11860119085759</ele>
        <time>2023-07-11T01:15:56Z</time>
        <extensions>
          <gpxtpx:TrackPointExtension>
            <gpxtpx:hr>113</gpxtpx:hr>
          </gpxtpx:TrackPointExtension>
        </extensions>
      </trkpt>
      <trkpt lat="22.65123635555169" lon="107.60303496573216">
        <ele>100.1168636456132</ele>
        <time>2023-07-11T01:15:57Z</time>
        <extensions>
          <gpxtpx:TrackPointExtension>
            <gpxtpx:hr>113</gpxtpx:hr>
          </gpxtpx:TrackPointExtension>
        </extensions>
      </trkpt>
      <trkpt lat="22.65123707880103" lon="107.60303450579941">
        <ele>100.11244914028794</ele>
        <time>2023-07-11T01:15:58Z</time>
        <extensions>
          <gpxtpx:TrackPointExtension>
            <gpxtpx:hr>115</gpxtpx:hr>
          </gpxtpx:TrackPointExtension>
        </extensions>
      </trkpt>
      <trkpt lat="22.65123789432172" lon="107.60303425146687">
        <ele>100.10846790671349</ele>
        <time>2023-07-11T01:15:59Z</time>
        <extensions>
          <gpxtpx:TrackPointExtension>
            <gpxtpx:hr>115</gpxtpx:hr>
          </gpxtpx:TrackPointExtension>
        </extensions>
      </trkpt>
      <trkpt lat="22.651238797260163" lon="107.60303428126137">
        <ele>100.1055953009054</ele>
        <time>2023-07-11T01:16:00Z</time>
        <extensions>
          <gpxtpx:TrackPointExtension>
            <gpxtpx:hr>115</gpxtpx:hr>
          </gpxtpx:TrackPointExtension>
        </extensions>
      </trkpt>
      <trkpt lat="22.651239618890994" lon="107.60303453588898">
        <ele>100.09955236967653</ele>
        <time>2023-07-11T01:16:01Z</time>
        <extensions>
          <gpxtpx:TrackPointExtension>
            <gpxtpx:hr>115</gpxtpx:hr>
          </gpxtpx:TrackPointExtension>
        </extensions>
      </trkpt>
      <trkpt lat="22.651240439620448" lon="107.60303504528326">
        <ele>100.09368528518826</ele>
        <time>2023-07-11T01:16:02Z</time>
        <extensions>
          <gpxtpx:TrackPointExtension>
            <gpxtpx:hr>115</gpxtpx:hr>
          </gpxtpx:TrackPointExtension>
        </extensions>
      </trkpt>
      <trkpt lat="22.65124133999374" lon="107.60303578312234">
        <ele>100.08924726117402</ele>
        <time>2023-07-11T01:16:03Z</time>
        <extensions>
          <gpxtpx:TrackPointExtension>
            <gpxtpx:hr>115</gpxtpx:hr>
          </gpxtpx:TrackPointExtension>
        </extensions>
      </trkpt>
      <trkpt lat="22.65124207229653" lon="107.60303651625014">
        <ele>100.08353610523045</ele>
        <time>2023-07-11T01:16:04Z</time>
        <extensions>
          <gpxtpx:TrackPointExtension>
            <gpxtpx:hr>115</gpxtpx:hr>
          </gpxtpx:TrackPointExtension>
        </extensions>
      </trkpt>
      <trkpt lat="22.651242458872357" lon="107.60303705913552">
        <ele>100.07825023122132</ele>
        <time>2023-07-11T01:16:05Z</time>
        <extensions>
          <gpxtpx:TrackPointExtension>
            <gpxtpx:hr>100</gpxtpx:hr>
          </gpxtpx:TrackPointExtension>
        </extensions>
      </trkpt>
      <trkpt lat="22.65124258340832" lon="107.60303748209218">
        <ele>100.07324952073395</ele>
        <time>2023-07-11T01:16:06Z</time>
        <extensions>
          <gpxtpx:TrackPointExtension>
            <gpxtpx:hr>100</gpxtpx:hr>
          </gpxtpx:TrackPointExtension>
        </extensions>
      </trkpt>
      <trkpt lat="22.651242643150084" lon="107.60303796562711">
        <ele>100.07207176741213</ele>
        <time>2023-07-11T01:16:07Z</time>
        <extensions>
          <gpxtpx:TrackPointExtension>
            <gpxtpx:hr>100</gpxtpx:hr>
          </gpxtpx:TrackPointExtension>
        </extensions>
      </trkpt>
      <trkpt lat="22.651242720831714" lon="107.60303856583656">
        <ele>100.06250089593232</ele>
        <time>2023-07-11T01:16:08Z</time>
        <extensions>
          <gpxtpx:TrackPointExtension>
            <gpxtpx:hr>100</gpxtpx:hr>
          </gpxtpx:TrackPointExtension>
        </extensions>
      </trkpt>
      <trkpt lat="22.651242950584148" lon="107.60303939852199">
        <ele>100.06212147604674</ele>
        <time>2023-07-11T01:16:09Z</time>
        <extensions>
          <gpxtpx:TrackPointExtension>
            <gpxtpx:hr>100</gpxtpx:hr>
          </gpxtpx:TrackPointExtension>
        </extensions>
      </trkpt>
      <trkpt lat="22.6512431210805" lon="107.60304032565669">
        <ele>100.06252265628427</ele>
        <time>2023-07-11T01:16:10Z</time>
        <extensions>
          <gpxtpx:TrackPointExtension>
            <gpxtpx:hr>100</gpxtpx:hr>
          </gpxtpx:TrackPointExtension>
        </extensions>
      </trkpt>
      <trkpt lat="22.651242901533287" lon="107.60304108155115">
        <ele>100.06625657808036</ele>
        <time>2023-07-11T01:16:11Z</time>
        <extensions>
          <gpxtpx:TrackPointExtension>
            <gpxtpx:hr>100</gpxtpx:hr>
          </gpxtpx:TrackPointExtension>
        </extensions>
      </trkpt>
      <trkpt lat="22.65124226114783" lon="107.60304165200544">
        <ele>100.0731407944113</ele>
        <time>2023-07-11T01:16:12Z</time>
        <extensions>
          <gpxtpx:TrackPointExtension>
            <gpxtpx:hr>103</gpxtpx:hr>
          </gpxtpx:TrackPointExtension>
        </extensions>
      </trkpt>
      <trkpt lat="22.651241280762203" lon="107.60304212431147">
        <ele>100.08615273237228</ele>
        <time>2023-07-11T01:16:13Z</time>
        <extensions>
          <gpxtpx:TrackPointExtension>
            <gpxtpx:hr>103</gpxtpx:hr>
          </gpxtpx:TrackPointExtension>
        </extensions>
      </trkpt>
      <trkpt lat="22.6512401022347" lon="107.60304249141065">
        <ele>100.09252594411373</ele>
        <time>2023-07-11T01:16:14Z</time>
        <extensions>
          <gpxtpx:TrackPointExtension>
            <gpxtpx:hr>103</gpxtpx:hr>
          </gpxtpx:TrackPointExtension>
        </extensions>
      </trkpt>
      <trkpt lat="22.651238834980724" lon="107.60304269576635">
        <ele>100.10228225309402</ele>
        <time>2023-07-11T01:16:15Z</time>
        <extensions>
          <gpxtpx:TrackPointExtension>
            <gpxtpx:hr>103</gpxtpx:hr>
          </gpxtpx:TrackPointExtension>
        </extensions>
      </trkpt>
      <trkpt lat="22.651237530387316" lon="107.60304274658861">
        <ele>100.11885507032275</ele>
        <time>2023-07-11T01:16:16Z</time>
        <extensions>
          <gpxtpx:TrackPointExtension>
            <gpxtpx:hr>103</gpxtpx:hr>
          </gpxtpx:TrackPointExtension>
        </extensions>
      </trkpt>
      <trkpt lat="22.651236301124207" lon="107.60304258668143">
        <ele>100.13665768876672</ele>
        <time>2023-07-11T01:16:17Z</time>
        <extensions>
          <gpxtpx:TrackPointExtension>
            <gpxtpx:hr>103</gpxtpx:hr>
          </gpxtpx:TrackPointExtension>
        </extensions>
      </trkpt>
      <trkpt lat="22.65123548010306" lon="107.60304223552502">
        <ele>100.15630346629769</ele>
        <time>2023-07-11T01:16:18Z</time>
        <extensions>
          <gpxtpx:TrackPointExtension>
            <gpxtpx:hr>103</gpxtpx:hr>
          </gpxtpx:TrackPointExtension>
        </extensions>
      </trkpt>
      <trkpt lat="22.651234991355796" lon="107.60304163469632">
        <ele>100.1766925463453</ele>
        <time>2023-07-11T01:16:19Z</time>
        <extensions>
          <gpxtpx:TrackPointExtension>
            <gpxtpx:hr>97</gpxtpx:hr>
          </gpxtpx:TrackPointExtension>
        </extensions>
      </trkpt>
      <trkpt lat="22.65123469535841" lon="107.60304081961272">
        <ele>100.20461474917829</ele>
        <time>2023-07-11T01:16:20Z</time>
        <extensions>
          <gpxtpx:TrackPointExtension>
            <gpxtpx:hr>97</gpxtpx:hr>
          </gpxtpx:TrackPointExtension>
        </extensions>
      </trkpt>
      <trkpt lat="22.651234687715142" lon="107.60304002082437">
        <ele>100.22739265114069</ele>
        <time>2023-07-11T01:16:21Z</time>
        <extensions>
          <gpxtpx:TrackPointExtension>
            <gpxtpx:hr>97</gpxtpx:hr>
          </gpxtpx:TrackPointExtension>
        </extensions>
      </trkpt>
      <trkpt lat="22.6512350201745" lon="107.6030393507319">
        <ele>100.24685769714415</ele>
        <time>2023-07-11T01:16:22Z</time>
        <extensions>
          <gpxtpx:TrackPointExtension>
            <gpxtpx:hr>97</gpxtpx:hr>
          </gpxtpx:TrackPointExtension>
        </extensions>
      </trkpt>
      <trkpt lat="22.65123547428746" lon="107.60303884665487">
        <ele>100.2701931996271</ele>
        <time>2023-07-11T01:16:23Z</time>
        <extensions>
          <gpxtpx:TrackPointExtension>
            <gpxtpx:hr>97</gpxtpx:hr>
          </gpxtpx:TrackPointExtension>
        </extensions>
      </trkpt>
      <trkpt lat="22.65123569312235" lon="107.60303855910074">
        <ele>100.30022416356951</ele>
        <time>2023-07-11T01:16:24Z</time>
        <extensions>
          <gpxtpx:TrackPointExtension>
            <gpxtpx:hr>96</gpxtpx:hr>
          </gpxtpx:TrackPointExtension>
        </extensions>
      </trkpt>
      <trkpt lat="22.651235494012344" lon="107.60303847825115">
        <ele>100.32971328496933</ele>
        <time>2023-07-11T01:16:25Z</time>
        <extensions>
          <gpxtpx:TrackPointExtension>
            <gpxtpx:hr>96</gpxtpx:hr>
          </gpxtpx:TrackPointExtension>
        </extensions>
      </trkpt>
      <trkpt lat="22.651234673093985" lon="107.603038412551">
        <ele>100.37024933751673</ele>
        <time>2023-07-11T01:16:26Z</time>
        <extensions>
          <gpxtpx:TrackPointExtension>
            <gpxtpx:hr>96</gpxtpx:hr>
          </gpxtpx:TrackPointExtension>
        </extensions>
      </trkpt>
      <trkpt lat="22.651233119623473" lon="107.60303814861788">
        <ele>100.40117725543678</ele>
        <time>2023-07-11T01:16:27Z</time>
        <extensions>
          <gpxtpx:TrackPointExtension>
            <gpxtpx:hr>96</gpxtpx:hr>
          </gpxtpx:TrackPointExtension>
        </extensions>
      </trkpt>
      <trkpt lat="22.651230820874893" lon="107.60303741326813">
        <ele>100.42999970261008</ele>
        <time>2023-07-11T01:16:28Z</time>
        <extensions>
          <gpxtpx:TrackPointExtension>
            <gpxtpx:hr>96</gpxtpx:hr>
          </gpxtpx:TrackPointExtension>
        </extensions>
      </trkpt>
      <trkpt lat="22.651227701823693" lon="107.60303588062247">
        <ele>100.45378111675382</ele>
        <time>2023-07-11T01:16:29Z</time>
        <extensions>
          <gpxtpx:TrackPointExtension>
            <gpxtpx:hr>96</gpxtpx:hr>
          </gpxtpx:TrackPointExtension>
        </extensions>
      </trkpt>
      <trkpt lat="22.651223796443787" lon="107.6030334325866">
        <ele>100.47467107698321</ele>
        <time>2023-07-11T01:16:30Z</time>
        <extensions>
          <gpxtpx:TrackPointExtension>
            <gpxtpx:hr>99</gpxtpx:hr>
          </gpxtpx:TrackPointExtension>
        </extensions>
      </trkpt>
      <trkpt lat="22.65121913386908" lon="107.60303006491482">
        <ele>100.48286883812398</ele>
        <time>2023-07-11T01:16:31Z</time>
        <extensions>
          <gpxtpx:TrackPointExtension>
            <gpxtpx:hr>99</gpxtpx:hr>
          </gpxtpx:TrackPointExtension>
        </extensions>
      </trkpt>
      <trkpt lat="22.65121379593191" lon="107.60302593438583">
        <ele>100.48866799846292</ele>
        <time>2023-07-11T01:16:32Z</time>
        <extensions>
          <gpxtpx:TrackPointExtension>
            <gpxtpx:hr>99</gpxtpx:hr>
          </gpxtpx:TrackPointExtension>
        </extensions>
      </trkpt>
      <trkpt lat="22.65120789024145" lon="107.60302119195245">
        <ele>100.49495071079582</ele>
        <time>2023-07-11T01:16:33Z</time>
        <extensions>
          <gpxtpx:TrackPointExtension>
            <gpxtpx:hr>99</gpxtpx:hr>
          </gpxtpx:TrackPointExtension>
        </extensions>
      </trkpt>
      <trkpt lat="22.651201487015655" lon="107.60301607018263">
        <ele>100.50291338842362</ele>
        <time>2023-07-11T01:16:34Z</time>
        <extensions>
          <gpxtpx:TrackPointExtension>
            <gpxtpx:hr>99</gpxtpx:hr>
          </gpxtpx:TrackPointExtension>
        </extensions>
      </trkpt>
      <trkpt lat="22.651194956628967" lon="107.60301090311216">
        <ele>100.50791142135859</ele>
        <time>2023-07-11T01:16:35Z</time>
        <extensions>
          <gpxtpx:TrackPointExtension>
            <gpxtpx:hr>98</gpxtpx:hr>
          </gpxtpx:TrackPointExtension>
        </extensions>
      </trkpt>
      <trkpt lat="22.651188717821576" lon="107.60300613877233">
        <ele>100.50989901274443</ele>
        <time>2023-07-11T01:16:36Z</time>
        <extensions>
          <gpxtpx:TrackPointExtension>
            <gpxtpx:hr>98</gpxtpx:hr>
          </gpxtpx:TrackPointExtension>
        </extensions>
      </trkpt>
      <trkpt lat="22.651182747341405" lon="107.60300195759551">
        <ele>100.49946889281273</ele>
        <time>2023-07-11T01:16:37Z</time>
        <extensions>
          <gpxtpx:TrackPointExtension>
            <gpxtpx:hr>98</gpxtpx:hr>
          </gpxtpx:TrackPointExtension>
        </extensions>
      </trkpt>
      <trkpt lat="22.65117703032158" lon="107.60299847766366">
        <ele>100.4794774018228</ele>
        <time>2023-07-11T01:16:38Z</time>
        <extensions>
          <gpxtpx:TrackPointExtension>
            <gpxtpx:hr>103</gpxtpx:hr>
          </gpxtpx:TrackPointExtension>
        </extensions>
      </trkpt>
      <trkpt lat="22.65117178458986" lon="107.6029958800827">
        <ele>100.45150286424905</ele>
        <time>2023-07-11T01:16:39Z</time>
        <extensions>
          <gpxtpx:TrackPointExtension>
            <gpxtpx:hr>103</gpxtpx:hr>
          </gpxtpx:TrackPointExtension>
        </extensions>
      </trkpt>
      <trkpt lat="22.65116710439433" lon="107.60299411584796">
        <ele>100.42101441975683</ele>
        <time>2023-07-11T01:16:40Z</time>
        <extensions>
          <gpxtpx:TrackPointExtension>
            <gpxtpx:hr>103</gpxtpx:hr>
          </gpxtpx:TrackPointExtension>
        </extensions>
      </trkpt>
      <trkpt lat="22.651162848246425" lon="107.60299293577299">
        <ele>100.39199704676867</ele>
        <time>2023-07-11T01:16:41Z</time>
        <extensions>
          <gpxtpx:TrackPointExtension>
            <gpxtpx:hr>103</gpxtpx:hr>
          </gpxtpx:TrackPointExtension>
        </extensions>
      </trkpt>
      <trkpt lat="22.6511586644594" lon="107.60299210890403">
        <ele>100.35268629342318</ele>
        <time>2023-07-11T01:16:42Z</time>
        <extensions>
          <gpxtpx:TrackPointExtension>
            <gpxtpx:hr>103</gpxtpx:hr>
          </gpxtpx:TrackPointExtension>
        </extensions>
      </trkpt>
      <trkpt lat="22.651154078536294" lon="107.60299149245377">
        <ele>100.31474307272583</ele>
        <time>2023-07-11T01:16:43Z</time>
        <extensions>
          <gpxtpx:TrackPointExtension>
            <gpxtpx:hr>101</gpxtpx:hr>
          </gpxtpx:TrackPointExtension>
        </extensions>
      </trkpt>
      <trkpt lat="22.651149822436178" lon="107.6029907846182">
        <ele>100.27537024952471</ele>
        <time>2023-07-11T01:16:44Z</time>
        <extensions>
          <gpxtpx:TrackPointExtension>
            <gpxtpx:hr>101</gpxtpx:hr>
          </gpxtpx:TrackPointExtension>
        </extensions>
      </trkpt>
      <trkpt lat="22.651146739670565" lon="107.60299005613163">
        <ele>100.23487992212176</ele>
        <time>2023-07-11T01:16:45Z</time>
        <extensions>
          <gpxtpx:TrackPointExtension>
            <gpxtpx:hr>101</gpxtpx:hr>
          </gpxtpx:TrackPointExtension>
        </extensions>
      </trkpt>
      <trkpt lat="22.651144227316728" lon="107.60298972209623">
        <ele>100.19370960444212</ele>
        <time>2023-07-11T01:16:46Z</time>
        <extensions>
          <gpxtpx:TrackPointExtension>
            <gpxtpx:hr>101</gpxtpx:hr>
          </gpxtpx:TrackPointExtension>
        </extensions>
      </trkpt>
      <trkpt lat="22.651142204022165" lon="107.60298997730477">
        <ele>100.15247942414135</ele>
        <time>2023-07-11T01:16:47Z</time>
        <extensions>
          <gpxtpx:TrackPointExtension>
            <gpxtpx:hr>101</gpxtpx:hr>
          </gpxtpx:TrackPointExtension>
        </extensions>
      </trkpt>
      <trkpt lat="22.651141339655965" lon="107.6029905843861">
        <ele>100.10964911151677</ele>
        <time>2023-07-11T01:16:48Z</time>
        <extensions>
          <gpxtpx:TrackPointExtension>
            <gpxtpx:hr>101</gpxtpx:hr>
          </gpxtpx:TrackPointExtension>
        </extensions>
      </trkpt>
      <trkpt lat="22.651142007138606" lon="107.6029911160177">
        <ele>100.06815819162875</ele>
        <time>2023-07-11T01:16:49Z</time>
        <extensions>
          <gpxtpx:TrackPointExtension>
            <gpxtpx:hr>101</gpxtpx:hr>
          </gpxtpx:TrackPointExtension>
        </extensions>
      </trkpt>
      <trkpt lat="22.651144397304023" lon="107.60299164221338">
        <ele>100.02127176709473</ele>
        <time>2023-07-11T01:16:50Z</time>
        <extensions>
          <gpxtpx:TrackPointExtension>
            <gpxtpx:hr>102</gpxtpx:hr>
          </gpxtpx:TrackPointExtension>
        </extensions>
      </trkpt>
      <trkpt lat="22.65114801359394" lon="107.60299228336572">
        <ele>99.98467459715903</ele>
        <time>2023-07-11T01:16:51Z</time>
        <extensions>
          <gpxtpx:TrackPointExtension>
            <gpxtpx:hr>102</gpxtpx:hr>
          </gpxtpx:TrackPointExtension>
        </extensions>
      </trkpt>
      <trkpt lat="22.651151822557896" lon="107.60299287326941">
        <ele>99.94508270546794</ele>
        <time>2023-07-11T01:16:52Z</time>
        <extensions>
          <gpxtpx:TrackPointExtension>
            <gpxtpx:hr>102</gpxtpx:hr>
          </gpxtpx:TrackPointExtension>
        </extensions>
      </trkpt>
      <trkpt lat="22.651154892781587" lon="107.60299314558263">
        <ele>99.90950766392052</ele>
        <time>2023-07-11T01:16:53Z</time>
        <extensions>
          <gpxtpx:TrackPointExtension>
            <gpxtpx:hr>102</gpxtpx:hr>
          </gpxtpx:TrackPointExtension>
        </extensions>
      </trkpt>
      <trkpt lat="22.651156909761934" lon="107.60299295539836">
        <ele>99.87531614862382</ele>
        <time>2023-07-11T01:16:54Z</time>
        <extensions>
          <gpxtpx:TrackPointExtension>
            <gpxtpx:hr>102</gpxtpx:hr>
          </gpxtpx:TrackPointExtension>
        </extensions>
      </trkpt>
      <trkpt lat="22.651157767789922" lon="107.60299218259348">
        <ele>99.84770491626114</ele>
        <time>2023-07-11T01:16:55Z</time>
        <extensions>
          <gpxtpx:TrackPointExtension>
            <gpxtpx:hr>102</gpxtpx:hr>
          </gpxtpx:TrackPointExtension>
        </extensions>
      </trkpt>
      <trkpt lat="22.65115754960409" lon="107.60299064414858">
        <ele>99.8230694513768</ele>
        <time>2023-07-11T01:16:56Z</time>
        <extensions>
          <gpxtpx:TrackPointExtension>
            <gpxtpx:hr>102</gpxtpx:hr>
          </gpxtpx:TrackPointExtension>
        </extensions>
      </trkpt>
      <trkpt lat="22.65115609020337" lon="107.60298822970157">
        <ele>99.79935633670539</ele>
        <time>2023-07-11T01:16:57Z</time>
        <extensions>
          <gpxtpx:TrackPointExtension>
            <gpxtpx:hr>102</gpxtpx:hr>
          </gpxtpx:TrackPointExtension>
        </extensions>
      </trkpt>
      <trkpt lat="22.651153077911975" lon="107.60298488834397">
        <ele>99.7756323935464</ele>
        <time>2023-07-11T01:16:58Z</time>
        <extensions>
          <gpxtpx:TrackPointExtension>
            <gpxtpx:hr>102</gpxtpx:hr>
          </gpxtpx:TrackPointExtension>
        </extensions>
      </trkpt>
      <trkpt lat="22.651148750749613" lon="107.60298122718973">
        <ele>99.7556944238022</ele>
        <time>2023-07-11T01:16:59Z</time>
        <extensions>
          <gpxtpx:TrackPointExtension>
            <gpxtpx:hr>102</gpxtpx:hr>
          </gpxtpx:TrackPointExtension>
        </extensions>
      </trkpt>
      <trkpt lat="22.651142890231807" lon="107.6029776885521">
        <ele>99.7365315835923</ele>
        <time>2023-07-11T01:17:00Z</time>
        <extensions>
          <gpxtpx:TrackPointExtension>
            <gpxtpx:hr>102</gpxtpx:hr>
          </gpxtpx:TrackPointExtension>
        </extensions>
      </trkpt>
      <trkpt lat="22.65113542530514" lon="107.60297479061451">
        <ele>99.71931548602879</ele>
        <time>2023-07-11T01:17:01Z</time>
        <extensions>
          <gpxtpx:TrackPointExtension>
            <gpxtpx:hr>100</gpxtpx:hr>
          </gpxtpx:TrackPointExtension>
        </extensions>
      </trkpt>
      <trkpt lat="22.65112720251705" lon="107.60297305595384">
        <ele>99.70384836010635</ele>
        <time>2023-07-11T01:17:02Z</time>
        <extensions>
          <gpxtpx:TrackPointExtension>
            <gpxtpx:hr>100</gpxtpx:hr>
          </gpxtpx:TrackPointExtension>
        </extensions>
      </trkpt>
      <trkpt lat="22.651119090599696" lon="107.60297281907106">
        <ele>99.70528951566666</ele>
        <time>2023-07-11T01:17:03Z</time>
        <extensions>
          <gpxtpx:TrackPointExtension>
            <gpxtpx:hr>100</gpxtpx:hr>
          </gpxtpx:TrackPointExtension>
        </extensions>
      </trkpt>
      <trkpt lat="22.65111193903143" lon="107.60297503663006">
        <ele>99.70928237494081</ele>
        <time>2023-07-11T01:17:04Z</time>
        <extensions>
          <gpxtpx:TrackPointExtension>
            <gpxtpx:hr>100</gpxtpx:hr>
          </gpxtpx:TrackPointExtension>
        </extensions>
      </trkpt>
      <trkpt lat="22.651105693738096" lon="107.60298060007246">
        <ele>99.72166553139687</ele>
        <time>2023-07-11T01:17:05Z</time>
        <extensions>
          <gpxtpx:TrackPointExtension>
            <gpxtpx:hr>96</gpxtpx:hr>
          </gpxtpx:TrackPointExtension>
        </extensions>
      </trkpt>
      <trkpt lat="22.651099397352713" lon="107.60299003036062">
        <ele>99.72514793928713</ele>
        <time>2023-07-11T01:17:06Z</time>
        <extensions>
          <gpxtpx:TrackPointExtension>
            <gpxtpx:hr>96</gpxtpx:hr>
          </gpxtpx:TrackPointExtension>
        </extensions>
      </trkpt>
      <trkpt lat="22.651092211331918" lon="107.6030027972642">
        <ele>99.72672358434647</ele>
        <time>2023-07-11T01:17:07Z</time>
        <extensions>
          <gpxtpx:TrackPointExtension>
            <gpxtpx:hr>96</gpxtpx:hr>
          </gpxtpx:TrackPointExtension>
        </extensions>
      </trkpt>
      <trkpt lat="22.6510841674928" lon="107.60301713257628">
        <ele>99.73484549019486</ele>
        <time>2023-07-11T01:17:08Z</time>
        <extensions>
          <gpxtpx:TrackPointExtension>
            <gpxtpx:hr>96</gpxtpx:hr>
          </gpxtpx:TrackPointExtension>
        </extensions>
      </trkpt>
      <trkpt lat="22.651076058775985" lon="107.60303113632766">
        <ele>99.73624344728887</ele>
        <time>2023-07-11T01:17:09Z</time>
        <extensions>
          <gpxtpx:TrackPointExtension>
            <gpxtpx:hr>96</gpxtpx:hr>
          </gpxtpx:TrackPointExtension>
        </extensions>
      </trkpt>
      <trkpt lat="22.65106924219836" lon="107.60304344894851">
        <ele>99.73201148677617</ele>
        <time>2023-07-11T01:17:10Z</time>
        <extensions>
          <gpxtpx:TrackPointExtension>
            <gpxtpx:hr>94</gpxtpx:hr>
          </gpxtpx:TrackPointExtension>
        </extensions>
      </trkpt>
      <trkpt lat="22.651064922150265" lon="107.60305334291469">
        <ele>99.73433319758624</ele>
        <time>2023-07-11T01:17:11Z</time>
        <extensions>
          <gpxtpx:TrackPointExtension>
            <gpxtpx:hr>94</gpxtpx:hr>
          </gpxtpx:TrackPointExtension>
        </extensions>
      </trkpt>
      <trkpt lat="22.651063196949025" lon="107.60306098497148">
        <ele>99.73789660166949</ele>
        <time>2023-07-11T01:17:12Z</time>
        <extensions>
          <gpxtpx:TrackPointExtension>
            <gpxtpx:hr>94</gpxtpx:hr>
          </gpxtpx:TrackPointExtension>
        </extensions>
      </trkpt>
      <trkpt lat="22.65106340273635" lon="107.6030667080617">
        <ele>99.74859350919724</ele>
        <time>2023-07-11T01:17:13Z</time>
        <extensions>
          <gpxtpx:TrackPointExtension>
            <gpxtpx:hr>94</gpxtpx:hr>
          </gpxtpx:TrackPointExtension>
        </extensions>
      </trkpt>
      <trkpt lat="22.651065309014623" lon="107.6030700605347">
        <ele>99.76089399587363</ele>
        <time>2023-07-11T01:17:14Z</time>
        <extensions>
          <gpxtpx:TrackPointExtension>
            <gpxtpx:hr>94</gpxtpx:hr>
          </gpxtpx:TrackPointExtension>
        </extensions>
      </trkpt>
      <trkpt lat="22.65106897638863" lon="107.6030705997301">
        <ele>99.7722308691591</ele>
        <time>2023-07-11T01:17:15Z</time>
        <extensions>
          <gpxtpx:TrackPointExtension>
            <gpxtpx:hr>94</gpxtpx:hr>
          </gpxtpx:TrackPointExtension>
        </extensions>
      </trkpt>
      <trkpt lat="22.65107420783838" lon="107.60306849340937">
        <ele>99.79072902351618</ele>
        <time>2023-07-11T01:17:16Z</time>
        <extensions>
          <gpxtpx:TrackPointExtension>
            <gpxtpx:hr>94</gpxtpx:hr>
          </gpxtpx:TrackPointExtension>
        </extensions>
      </trkpt>
      <trkpt lat="22.65108038451174" lon="107.60306412015008">
        <ele>99.80514080636203</ele>
        <time>2023-07-11T01:17:17Z</time>
        <extensions>
          <gpxtpx:TrackPointExtension>
            <gpxtpx:hr>94</gpxtpx:hr>
          </gpxtpx:TrackPointExtension>
        </extensions>
      </trkpt>
      <trkpt lat="22.65108727618948" lon="107.60305757203476">
        <ele>99.81864256970584</ele>
        <time>2023-07-11T01:17:18Z</time>
        <extensions>
          <gpxtpx:TrackPointExtension>
            <gpxtpx:hr>99</gpxtpx:hr>
          </gpxtpx:TrackPointExtension>
        </extensions>
      </trkpt>
      <trkpt lat="22.651095069596902" lon="107.60304915480552">
        <ele>99.82784043438733</ele>
        <time>2023-07-11T01:17:19Z</time>
        <extensions>
          <gpxtpx:TrackPointExtension>
            <gpxtpx:hr>99</gpxtpx:hr>
          </gpxtpx:TrackPointExtension>
        </extensions>
      </trkpt>
      <trkpt lat="22.65110391497637" lon="107.60303949363059">
        <ele>99.84195025078952</ele>
        <time>2023-07-11T01:17:20Z</time>
        <extensions>
          <gpxtpx:TrackPointExtension>
            <gpxtpx:hr>99</gpxtpx:hr>
          </gpxtpx:TrackPointExtension>
        </extensions>
      </trkpt>
      <trkpt lat="22.651114029212135" lon="107.60302919110667">
        <ele>99.85472393594682</ele>
        <time>2023-07-11T01:17:21Z</time>
        <extensions>
          <gpxtpx:TrackPointExtension>
            <gpxtpx:hr>99</gpxtpx:hr>
          </gpxtpx:TrackPointExtension>
        </extensions>
      </trkpt>
      <trkpt lat="22.651124971989027" lon="107.60301937107604">
        <ele>99.86640603281558</ele>
        <time>2023-07-11T01:17:22Z</time>
        <extensions>
          <gpxtpx:TrackPointExtension>
            <gpxtpx:hr>99</gpxtpx:hr>
          </gpxtpx:TrackPointExtension>
        </extensions>
      </trkpt>
      <trkpt lat="22.651135844413798" lon="107.60301130682063">
        <ele>99.87991769053042</ele>
        <time>2023-07-11T01:17:23Z</time>
        <extensions>
          <gpxtpx:TrackPointExtension>
            <gpxtpx:hr>99</gpxtpx:hr>
          </gpxtpx:TrackPointExtension>
        </extensions>
      </trkpt>
      <trkpt lat="22.651146174101154" lon="107.60300538762756">
        <ele>99.89885488245636</ele>
        <time>2023-07-11T01:17:24Z</time>
        <extensions>
          <gpxtpx:TrackPointExtension>
            <gpxtpx:hr>99</gpxtpx:hr>
          </gpxtpx:TrackPointExtension>
        </extensions>
      </trkpt>
      <trkpt lat="22.651155521182805" lon="107.60300158345143">
        <ele>99.93254092056304</ele>
        <time>2023-07-11T01:17:25Z</time>
        <extensions>
          <gpxtpx:TrackPointExtension>
            <gpxtpx:hr>93</gpxtpx:hr>
          </gpxtpx:TrackPointExtension>
        </extensions>
      </trkpt>
      <trkpt lat="22.651163537709742" lon="107.60299964114677">
        <ele>99.97887285985053</ele>
        <time>2023-07-11T01:17:26Z</time>
        <extensions>
          <gpxtpx:TrackPointExtension>
            <gpxtpx:hr>93</gpxtpx:hr>
          </gpxtpx:TrackPointExtension>
        </extensions>
      </trkpt>
      <trkpt lat="22.65117028520916" lon="107.60299890523028">
        <ele>100.03996123746037</ele>
        <time>2023-07-11T01:17:27Z</time>
        <extensions>
          <gpxtpx:TrackPointExtension>
            <gpxtpx:hr>93</gpxtpx:hr>
          </gpxtpx:TrackPointExtension>
        </extensions>
      </trkpt>
      <trkpt lat="22.651175844931785" lon="107.60299897918304">
        <ele>100.10591753013432</ele>
        <time>2023-07-11T01:17:28Z</time>
        <extensions>
          <gpxtpx:TrackPointExtension>
            <gpxtpx:hr>93</gpxtpx:hr>
          </gpxtpx:TrackPointExtension>
        </extensions>
      </trkpt>
      <trkpt lat="22.651180348628365" lon="107.60299982877684">
        <ele>100.17212514858693</ele>
        <time>2023-07-11T01:17:29Z</time>
        <extensions>
          <gpxtpx:TrackPointExtension>
            <gpxtpx:hr>93</gpxtpx:hr>
          </gpxtpx:TrackPointExtension>
        </extensions>
      </trkpt>
      <trkpt lat="22.651183970932898" lon="107.60300150339668">
        <ele>100.2426968216896</ele>
        <time>2023-07-11T01:17:30Z</time>
        <extensions>
          <gpxtpx:TrackPointExtension>
            <gpxtpx:hr>94</gpxtpx:hr>
          </gpxtpx:TrackPointExtension>
        </extensions>
      </trkpt>
      <trkpt lat="22.651186900166884" lon="107.603003943089">
        <ele>100.31094527896494</ele>
        <time>2023-07-11T01:17:31Z</time>
        <extensions>
          <gpxtpx:TrackPointExtension>
            <gpxtpx:hr>94</gpxtpx:hr>
          </gpxtpx:TrackPointExtension>
        </extensions>
      </trkpt>
      <trkpt lat="22.65118929053675" lon="107.60300712353079">
        <ele>100.38245672732592</ele>
        <time>2023-07-11T01:17:32Z</time>
        <extensions>
          <gpxtpx:TrackPointExtension>
            <gpxtpx:hr>94</gpxtpx:hr>
          </gpxtpx:TrackPointExtension>
        </extensions>
      </trkpt>
      <trkpt lat="22.65119128943472" lon="107.60301098690806">
        <ele>100.45042374823242</ele>
        <time>2023-07-11T01:17:33Z</time>
        <extensions>
          <gpxtpx:TrackPointExtension>
            <gpxtpx:hr>94</gpxtpx:hr>
          </gpxtpx:TrackPointExtension>
        </extensions>
      </trkpt>
      <trkpt lat="22.65119303531266" lon="107.60301536915524">
        <ele>100.50790160242468</ele>
        <time>2023-07-11T01:17:34Z</time>
        <extensions>
          <gpxtpx:TrackPointExtension>
            <gpxtpx:hr>94</gpxtpx:hr>
          </gpxtpx:TrackPointExtension>
        </extensions>
      </trkpt>
      <trkpt lat="22.651194697761646" lon="107.60302013096182">
        <ele>100.56017066072673</ele>
        <time>2023-07-11T01:17:35Z</time>
        <extensions>
          <gpxtpx:TrackPointExtension>
            <gpxtpx:hr>97</gpxtpx:hr>
          </gpxtpx:TrackPointExtension>
        </extensions>
      </trkpt>
      <trkpt lat="22.65119653071648" lon="107.60302534716371">
        <ele>100.59540741145611</ele>
        <time>2023-07-11T01:17:36Z</time>
        <extensions>
          <gpxtpx:TrackPointExtension>
            <gpxtpx:hr>97</gpxtpx:hr>
          </gpxtpx:TrackPointExtension>
        </extensions>
      </trkpt>
      <trkpt lat="22.65119873650698" lon="107.60303103166679">
        <ele>100.6214145636186</ele>
        <time>2023-07-11T01:17:37Z</time>
        <extensions>
          <gpxtpx:TrackPointExtension>
            <gpxtpx:hr>97</gpxtpx:hr>
          </gpxtpx:TrackPointExtension>
        </extensions>
      </trkpt>
      <trkpt lat="22.6512013211155" lon="107.6030370428531">
        <ele>100.63466472551227</ele>
        <time>2023-07-11T01:17:38Z</time>
        <extensions>
          <gpxtpx:TrackPointExtension>
            <gpxtpx:hr>97</gpxtpx:hr>
          </gpxtpx:TrackPointExtension>
        </extensions>
      </trkpt>
      <trkpt lat="22.65120412130862" lon="107.60304327390712">
        <ele>100.63058917503804</ele>
        <time>2023-07-11T01:17:39Z</time>
        <extensions>
          <gpxtpx:TrackPointExtension>
            <gpxtpx:hr>97</gpxtpx:hr>
          </gpxtpx:TrackPointExtension>
        </extensions>
      </trkpt>
      <trkpt lat="22.651206947801043" lon="107.6030497050823">
        <ele>100.60794024821371</ele>
        <time>2023-07-11T01:17:40Z</time>
        <extensions>
          <gpxtpx:TrackPointExtension>
            <gpxtpx:hr>97</gpxtpx:hr>
          </gpxtpx:TrackPointExtension>
        </extensions>
      </trkpt>
      <trkpt lat="22.65120969448261" lon="107.60305633253931">
        <ele>100.57087127212435</ele>
        <time>2023-07-11T01:17:41Z</time>
        <extensions>
          <gpxtpx:TrackPointExtension>
            <gpxtpx:hr>97</gpxtpx:hr>
          </gpxtpx:TrackPointExtension>
        </extensions>
      </trkpt>
      <trkpt lat="22.651212326795335" lon="107.60306314924563">
        <ele>100.51615806855261</ele>
        <time>2023-07-11T01:17:42Z</time>
        <extensions>
          <gpxtpx:TrackPointExtension>
            <gpxtpx:hr>96</gpxtpx:hr>
          </gpxtpx:TrackPointExtension>
        </extensions>
      </trkpt>
      <trkpt lat="22.651214794788327" lon="107.60307010675274">
        <ele>100.45614666771144</ele>
        <time>2023-07-11T01:17:43Z</time>
        <extensions>
          <gpxtpx:TrackPointExtension>
            <gpxtpx:hr>96</gpxtpx:hr>
          </gpxtpx:TrackPointExtension>
        </extensions>
      </trkpt>
      <trkpt lat="22.65121706839796" lon="107.60307719983423">
        <ele>100.38868249394</ele>
        <time>2023-07-11T01:17:44Z</time>
        <extensions>
          <gpxtpx:TrackPointExtension>
            <gpxtpx:hr>96</gpxtpx:hr>
          </gpxtpx:TrackPointExtension>
        </extensions>
      </trkpt>
      <trkpt lat="22.65121912603764" lon="107.60308455030751">
        <ele>100.30646537803113</ele>
        <time>2023-07-11T01:17:45Z</time>
        <extensions>
          <gpxtpx:TrackPointExtension>
            <gpxtpx:hr>96</gpxtpx:hr>
          </gpxtpx:TrackPointExtension>
        </extensions>
      </trkpt>
      <trkpt lat="22.651220957905082" lon="107.60309229378784">
        <ele>100.22937767021358</ele>
        <time>2023-07-11T01:17:46Z</time>
        <extensions>
          <gpxtpx:TrackPointExtension>
            <gpxtpx:hr>96</gpxtpx:hr>
          </gpxtpx:TrackPointExtension>
        </extensions>
      </trkpt>
      <trkpt lat="22.651222619646216" lon="107.6031004930627">
        <ele>100.14355237595737</ele>
        <time>2023-07-11T01:17:47Z</time>
        <extensions>
          <gpxtpx:TrackPointExtension>
            <gpxtpx:hr>96</gpxtpx:hr>
          </gpxtpx:TrackPointExtension>
        </extensions>
      </trkpt>
      <trkpt lat="22.65122419888847" lon="107.60310895758472">
        <ele>100.05750853382051</ele>
        <time>2023-07-11T01:17:48Z</time>
        <extensions>
          <gpxtpx:TrackPointExtension>
            <gpxtpx:hr>96</gpxtpx:hr>
          </gpxtpx:TrackPointExtension>
        </extensions>
      </trkpt>
      <trkpt lat="22.651225753863436" lon="107.60311745848483">
        <ele>99.95670953765512</ele>
        <time>2023-07-11T01:17:49Z</time>
        <extensions>
          <gpxtpx:TrackPointExtension>
            <gpxtpx:hr>96</gpxtpx:hr>
          </gpxtpx:TrackPointExtension>
        </extensions>
      </trkpt>
      <trkpt lat="22.65122724043277" lon="107.60312588172752">
        <ele>99.86226572748274</ele>
        <time>2023-07-11T01:17:50Z</time>
        <extensions>
          <gpxtpx:TrackPointExtension>
            <gpxtpx:hr>96</gpxtpx:hr>
          </gpxtpx:TrackPointExtension>
        </extensions>
      </trkpt>
      <trkpt lat="22.65122870837256" lon="107.6031341776594">
        <ele>99.76715824007988</ele>
        <time>2023-07-11T01:17:51Z</time>
        <extensions>
          <gpxtpx:TrackPointExtension>
            <gpxtpx:hr>89</gpxtpx:hr>
          </gpxtpx:TrackPointExtension>
        </extensions>
      </trkpt>
      <trkpt lat="22.651230204065776" lon="107.60314236956832">
        <ele>99.66966266278177</ele>
        <time>2023-07-11T01:17:52Z</time>
        <extensions>
          <gpxtpx:TrackPointExtension>
            <gpxtpx:hr>89</gpxtpx:hr>
          </gpxtpx:TrackPointExtension>
        </extensions>
      </trkpt>
      <trkpt lat="22.651231796573693" lon="107.60315053818773">
        <ele>99.56557302176952</ele>
        <time>2023-07-11T01:17:53Z</time>
        <extensions>
          <gpxtpx:TrackPointExtension>
            <gpxtpx:hr>89</gpxtpx:hr>
          </gpxtpx:TrackPointExtension>
        </extensions>
      </trkpt>
      <trkpt lat="22.65123344557731" lon="107.60315870564945">
        <ele>99.45331946015358</ele>
        <time>2023-07-11T01:17:54Z</time>
        <extensions>
          <gpxtpx:TrackPointExtension>
            <gpxtpx:hr>89</gpxtpx:hr>
          </gpxtpx:TrackPointExtension>
        </extensions>
      </trkpt>
      <trkpt lat="22.651235007281816" lon="107.60316680848557">
        <ele>99.34278829861432</ele>
        <time>2023-07-11T01:17:55Z</time>
        <extensions>
          <gpxtpx:TrackPointExtension>
            <gpxtpx:hr>89</gpxtpx:hr>
          </gpxtpx:TrackPointExtension>
        </extensions>
      </trkpt>
      <trkpt lat="22.651236392617605" lon="107.60317478624316">
        <ele>99.23705853056163</ele>
        <time>2023-07-11T01:17:56Z</time>
        <extensions>
          <gpxtpx:TrackPointExtension>
            <gpxtpx:hr>89</gpxtpx:hr>
          </gpxtpx:TrackPointExtension>
        </extensions>
      </trkpt>
      <trkpt lat="22.651237594726815" lon="107.60318264338747">
        <ele>99.12853496149182</ele>
        <time>2023-07-11T01:17:57Z</time>
        <extensions>
          <gpxtpx:TrackPointExtension>
            <gpxtpx:hr>89</gpxtpx:hr>
          </gpxtpx:TrackPointExtension>
        </extensions>
      </trkpt>
      <trkpt lat="22.651238636095105" lon="107.60319059873346">
        <ele>99.01523422449827</ele>
        <time>2023-07-11T01:17:58Z</time>
        <extensions>
          <gpxtpx:TrackPointExtension>
            <gpxtpx:hr>89</gpxtpx:hr>
          </gpxtpx:TrackPointExtension>
        </extensions>
      </trkpt>
      <trkpt lat="22.651239494703713" lon="107.60319917835224">
        <ele>98.90776255168021</ele>
        <time>2023-07-11T01:17:59Z</time>
        <extensions>
          <gpxtpx:TrackPointExtension>
            <gpxtpx:hr>89</gpxtpx:hr>
          </gpxtpx:TrackPointExtension>
        </extensions>
      </trkpt>
      <trkpt lat="22.65124052743797" lon="107.60320881170495">
        <ele>98.80083859153092</ele>
        <time>2023-07-11T01:18:00Z</time>
        <extensions>
          <gpxtpx:TrackPointExtension>
            <gpxtpx:hr>89</gpxtpx:hr>
          </gpxtpx:TrackPointExtension>
        </extensions>
      </trkpt>
      <trkpt lat="22.651241854780675" lon="107.60321970997225">
        <ele>98.68328099697828</ele>
        <time>2023-07-11T01:18:01Z</time>
        <extensions>
          <gpxtpx:TrackPointExtension>
            <gpxtpx:hr>89</gpxtpx:hr>
          </gpxtpx:TrackPointExtension>
        </extensions>
      </trkpt>
      <trkpt lat="22.651243035433804" lon="107.60323139830305">
        <ele>98.5609836531803</ele>
        <time>2023-07-11T01:18:02Z</time>
        <extensions>
          <gpxtpx:TrackPointExtension>
            <gpxtpx:hr>91</gpxtpx:hr>
          </gpxtpx:TrackPointExtension>
        </extensions>
      </trkpt>
      <trkpt lat="22.65124372447158" lon="107.60324277277353">
        <ele>98.43789282161742</ele>
        <time>2023-07-11T01:18:03Z</time>
        <extensions>
          <gpxtpx:TrackPointExtension>
            <gpxtpx:hr>91</gpxtpx:hr>
          </gpxtpx:TrackPointExtension>
        </extensions>
      </trkpt>
      <trkpt lat="22.65124364645436" lon="107.60325335609437">
        <ele>98.31851215288043</ele>
        <time>2023-07-11T01:18:04Z</time>
        <extensions>
          <gpxtpx:TrackPointExtension>
            <gpxtpx:hr>91</gpxtpx:hr>
          </gpxtpx:TrackPointExtension>
        </extensions>
      </trkpt>
      <trkpt lat="22.651242963901197" lon="107.60326362796046">
        <ele>98.2012997539714</ele>
        <time>2023-07-11T01:18:05Z</time>
        <extensions>
          <gpxtpx:TrackPointExtension>
            <gpxtpx:hr>91</gpxtpx:hr>
          </gpxtpx:TrackPointExtension>
        </extensions>
      </trkpt>
      <trkpt lat="22.651241897092966" lon="107.60327429726149">
        <ele>98.08609215822071</ele>
        <time>2023-07-11T01:18:06Z</time>
        <extensions>
          <gpxtpx:TrackPointExtension>
            <gpxtpx:hr>91</gpxtpx:hr>
          </gpxtpx:TrackPointExtension>
        </extensions>
      </trkpt>
      <trkpt lat="22.651240558393066" lon="107.6032854956421">
        <ele>97.97514913510531</ele>
        <time>2023-07-11T01:18:07Z</time>
        <extensions>
          <gpxtpx:TrackPointExtension>
            <gpxtpx:hr>91</gpxtpx:hr>
          </gpxtpx:TrackPointExtension>
        </extensions>
      </trkpt>
      <trkpt lat="22.651239531891886" lon="107.60329644822605">
        <ele>97.86889769695699</ele>
        <time>2023-07-11T01:18:08Z</time>
        <extensions>
          <gpxtpx:TrackPointExtension>
            <gpxtpx:hr>91</gpxtpx:hr>
          </gpxtpx:TrackPointExtension>
        </extensions>
      </trkpt>
      <trkpt lat="22.651239075590166" lon="107.6033065716885">
        <ele>97.7631212444976</ele>
        <time>2023-07-11T01:18:09Z</time>
        <extensions>
          <gpxtpx:TrackPointExtension>
            <gpxtpx:hr>91</gpxtpx:hr>
          </gpxtpx:TrackPointExtension>
        </extensions>
      </trkpt>
      <trkpt lat="22.651238806984626" lon="107.60331605529522">
        <ele>97.6677176123485</ele>
        <time>2023-07-11T01:18:10Z</time>
        <extensions>
          <gpxtpx:TrackPointExtension>
            <gpxtpx:hr>99</gpxtpx:hr>
          </gpxtpx:TrackPointExtension>
        </extensions>
      </trkpt>
      <trkpt lat="22.651238438947345" lon="107.6033251113992">
        <ele>97.57952032238245</ele>
        <time>2023-07-11T01:18:11Z</time>
        <extensions>
          <gpxtpx:TrackPointExtension>
            <gpxtpx:hr>99</gpxtpx:hr>
          </gpxtpx:TrackPointExtension>
        </extensions>
      </trkpt>
      <trkpt lat="22.651237999780214" lon="107.60333429049798">
        <ele>97.49863283988088</ele>
        <time>2023-07-11T01:18:12Z</time>
        <extensions>
          <gpxtpx:TrackPointExtension>
            <gpxtpx:hr>99</gpxtpx:hr>
          </gpxtpx:TrackPointExtension>
        </extensions>
      </trkpt>
      <trkpt lat="22.651237589064092" lon="107.6033441741787">
        <ele>97.42652069590986</ele>
        <time>2023-07-11T01:18:13Z</time>
        <extensions>
          <gpxtpx:TrackPointExtension>
            <gpxtpx:hr>99</gpxtpx:hr>
          </gpxtpx:TrackPointExtension>
        </extensions>
      </trkpt>
      <trkpt lat="22.651237208747904" lon="107.60335492470736">
        <ele>97.3580170283094</ele>
        <time>2023-07-11T01:18:14Z</time>
        <extensions>
          <gpxtpx:TrackPointExtension>
            <gpxtpx:hr>99</gpxtpx:hr>
          </gpxtpx:TrackPointExtension>
        </extensions>
      </trkpt>
      <trkpt lat="22.651237004033327" lon="107.60336605798207">
        <ele>97.29506826866418</ele>
        <time>2023-07-11T01:18:15Z</time>
        <extensions>
          <gpxtpx:TrackPointExtension>
            <gpxtpx:hr>100</gpxtpx:hr>
          </gpxtpx:TrackPointExtension>
        </extensions>
      </trkpt>
      <trkpt lat="22.65123714769932" lon="107.60337674077506">
        <ele>97.24833557195961</ele>
        <time>2023-07-11T01:18:16Z</time>
        <extensions>
          <gpxtpx:TrackPointExtension>
            <gpxtpx:hr>100</gpxtpx:hr>
          </gpxtpx:TrackPointExtension>
        </extensions>
      </trkpt>
      <trkpt lat="22.65123757332531" lon="107.60338685322687">
        <ele>97.21767744515091</ele>
        <time>2023-07-11T01:18:17Z</time>
        <extensions>
          <gpxtpx:TrackPointExtension>
            <gpxtpx:hr>100</gpxtpx:hr>
          </gpxtpx:TrackPointExtension>
        </extensions>
      </trkpt>
      <trkpt lat="22.651237973067083" lon="107.60339676024104">
        <ele>97.1887223245576</ele>
        <time>2023-07-11T01:18:18Z</time>
        <extensions>
          <gpxtpx:TrackPointExtension>
            <gpxtpx:hr>100</gpxtpx:hr>
          </gpxtpx:TrackPointExtension>
        </extensions>
      </trkpt>
      <trkpt lat="22.651238159970777" lon="107.60340644373419">
        <ele>97.16445023659617</ele>
        <time>2023-07-11T01:18:19Z</time>
        <extensions>
          <gpxtpx:TrackPointExtension>
            <gpxtpx:hr>101</gpxtpx:hr>
          </gpxtpx:TrackPointExtension>
        </extensions>
      </trkpt>
      <trkpt lat="22.651238160559515" lon="107.60341548159785">
        <ele>97.14228947740048</ele>
        <time>2023-07-11T01:18:20Z</time>
        <extensions>
          <gpxtpx:TrackPointExtension>
            <gpxtpx:hr>101</gpxtpx:hr>
          </gpxtpx:TrackPointExtension>
        </extensions>
      </trkpt>
      <trkpt lat="22.65123802591391" lon="107.60342440413136">
        <ele>97.12074040062726</ele>
        <time>2023-07-11T01:18:21Z</time>
        <extensions>
          <gpxtpx:TrackPointExtension>
            <gpxtpx:hr>101</gpxtpx:hr>
          </gpxtpx:TrackPointExtension>
        </extensions>
      </trkpt>
      <trkpt lat="22.651237842363596" lon="107.60343411245184">
        <ele>97.10273182578385</ele>
        <time>2023-07-11T01:18:22Z</time>
        <extensions>
          <gpxtpx:TrackPointExtension>
            <gpxtpx:hr>101</gpxtpx:hr>
          </gpxtpx:TrackPointExtension>
        </extensions>
      </trkpt>
      <trkpt lat="22.651237707457508" lon="107.60344451317282">
        <ele>97.08841487951577</ele>
        <time>2023-07-11T01:18:23Z</time>
        <extensions>
          <gpxtpx:TrackPointExtension>
            <gpxtpx:hr>101</gpxtpx:hr>
          </gpxtpx:TrackPointExtension>
        </extensions>
      </trkpt>
      <trkpt lat="22.651237600887544" lon="107.60345525715063">
        <ele>97.0811044992879</ele>
        <time>2023-07-11T01:18:24Z</time>
        <extensions>
          <gpxtpx:TrackPointExtension>
            <gpxtpx:hr>102</gpxtpx:hr>
          </gpxtpx:TrackPointExtension>
        </extensions>
      </trkpt>
      <trkpt lat="22.651237435826253" lon="107.60346602005086">
        <ele>97.08170340955257</ele>
        <time>2023-07-11T01:18:25Z</time>
        <extensions>
          <gpxtpx:TrackPointExtension>
            <gpxtpx:hr>102</gpxtpx:hr>
          </gpxtpx:TrackPointExtension>
        </extensions>
      </trkpt>
      <trkpt lat="22.651237292975985" lon="107.60347644883389">
        <ele>97.08010973688215</ele>
        <time>2023-07-11T01:18:26Z</time>
        <extensions>
          <gpxtpx:TrackPointExtension>
            <gpxtpx:hr>102</gpxtpx:hr>
          </gpxtpx:TrackPointExtension>
        </extensions>
      </trkpt>
      <trkpt lat="22.651237384457918" lon="107.60348651267562">
        <ele>97.08042109385133</ele>
        <time>2023-07-11T01:18:27Z</time>
        <extensions>
          <gpxtpx:TrackPointExtension>
            <gpxtpx:hr>102</gpxtpx:hr>
          </gpxtpx:TrackPointExtension>
        </extensions>
      </trkpt>
      <trkpt lat="22.651237648704317" lon="107.60349645585413">
        <ele>97.08549911249429</ele>
        <time>2023-07-11T01:18:28Z</time>
        <extensions>
          <gpxtpx:TrackPointExtension>
            <gpxtpx:hr>102</gpxtpx:hr>
          </gpxtpx:TrackPointExtension>
        </extensions>
      </trkpt>
      <trkpt lat="22.651237936862934" lon="107.60350623600337">
        <ele>97.08411778602749</ele>
        <time>2023-07-11T01:18:29Z</time>
        <extensions>
          <gpxtpx:TrackPointExtension>
            <gpxtpx:hr>102</gpxtpx:hr>
          </gpxtpx:TrackPointExtension>
        </extensions>
      </trkpt>
      <trkpt lat="22.65123826953093" lon="107.60351580154922">
        <ele>97.0858742678538</ele>
        <time>2023-07-11T01:18:30Z</time>
        <extensions>
          <gpxtpx:TrackPointExtension>
            <gpxtpx:hr>102</gpxtpx:hr>
          </gpxtpx:TrackPointExtension>
        </extensions>
      </trkpt>
      <trkpt lat="22.65123853217838" lon="107.60352572622979">
        <ele>97.09239181131124</ele>
        <time>2023-07-11T01:18:31Z</time>
        <extensions>
          <gpxtpx:TrackPointExtension>
            <gpxtpx:hr>95</gpxtpx:hr>
          </gpxtpx:TrackPointExtension>
        </extensions>
      </trkpt>
      <trkpt lat="22.651238703640313" lon="107.60353636132794">
        <ele>97.0919575560838</ele>
        <time>2023-07-11T01:18:32Z</time>
        <extensions>
          <gpxtpx:TrackPointExtension>
            <gpxtpx:hr>95</gpxtpx:hr>
          </gpxtpx:TrackPointExtension>
        </extensions>
      </trkpt>
      <trkpt lat="22.65123901207145" lon="107.60354734386709">
        <ele>97.0996266566217</ele>
        <time>2023-07-11T01:18:33Z</time>
        <extensions>
          <gpxtpx:TrackPointExtension>
            <gpxtpx:hr>95</gpxtpx:hr>
          </gpxtpx:TrackPointExtension>
        </extensions>
      </trkpt>
      <trkpt lat="22.651239534592403" lon="107.60355805372623">
        <ele>97.10706381779164</ele>
        <time>2023-07-11T01:18:34Z</time>
        <extensions>
          <gpxtpx:TrackPointExtension>
            <gpxtpx:hr>95</gpxtpx:hr>
          </gpxtpx:TrackPointExtension>
        </extensions>
      </trkpt>
      <trkpt lat="22.651240213428572" lon="107.6035682693857">
        <ele>97.12165629863739</ele>
        <time>2023-07-11T01:18:35Z</time>
        <extensions>
          <gpxtpx:TrackPointExtension>
            <gpxtpx:hr>95</gpxtpx:hr>
          </gpxtpx:TrackPointExtension>
        </extensions>
      </trkpt>
      <trkpt lat="22.65124086985578" lon="107.60357825832743">
        <ele>97.13953806273639</ele>
        <time>2023-07-11T01:18:36Z</time>
        <extensions>
          <gpxtpx:TrackPointExtension>
            <gpxtpx:hr>95</gpxtpx:hr>
          </gpxtpx:TrackPointExtension>
        </extensions>
      </trkpt>
      <trkpt lat="22.65124137892538" lon="107.60358830916735">
        <ele>97.15551406424493</ele>
        <time>2023-07-11T01:18:37Z</time>
        <extensions>
          <gpxtpx:TrackPointExtension>
            <gpxtpx:hr>95</gpxtpx:hr>
          </gpxtpx:TrackPointExtension>
        </extensions>
      </trkpt>
      <trkpt lat="22.651241744917694" lon="107.60359849738869">
        <ele>97.17568545695394</ele>
        <time>2023-07-11T01:18:38Z</time>
        <extensions>
          <gpxtpx:TrackPointExtension>
            <gpxtpx:hr>101</gpxtpx:hr>
          </gpxtpx:TrackPointExtension>
        </extensions>
      </trkpt>
      <trkpt lat="22.651241937578877" lon="107.6036090350052">
        <ele>97.18760415818542</ele>
        <time>2023-07-11T01:18:39Z</time>
        <extensions>
          <gpxtpx:TrackPointExtension>
            <gpxtpx:hr>101</gpxtpx:hr>
          </gpxtpx:TrackPointExtension>
        </extensions>
      </trkpt>
      <trkpt lat="22.65124178191972" lon="107.60362025451599">
        <ele>97.19812697451562</ele>
        <time>2023-07-11T01:18:40Z</time>
        <extensions>
          <gpxtpx:TrackPointExtension>
            <gpxtpx:hr>101</gpxtpx:hr>
          </gpxtpx:TrackPointExtension>
        </extensions>
      </trkpt>
      <trkpt lat="22.65124112277396" lon="107.60363192252669">
        <ele>97.21474715415388</ele>
        <time>2023-07-11T01:18:41Z</time>
        <extensions>
          <gpxtpx:TrackPointExtension>
            <gpxtpx:hr>101</gpxtpx:hr>
          </gpxtpx:TrackPointExtension>
        </extensions>
      </trkpt>
      <trkpt lat="22.65123985612568" lon="107.60364342300616">
        <ele>97.22645066957921</ele>
        <time>2023-07-11T01:18:42Z</time>
        <extensions>
          <gpxtpx:TrackPointExtension>
            <gpxtpx:hr>101</gpxtpx:hr>
          </gpxtpx:TrackPointExtension>
        </extensions>
      </trkpt>
      <trkpt lat="22.651237994153178" lon="107.6036545276167">
        <ele>97.23023060895503</ele>
        <time>2023-07-11T01:18:43Z</time>
        <extensions>
          <gpxtpx:TrackPointExtension>
            <gpxtpx:hr>102</gpxtpx:hr>
          </gpxtpx:TrackPointExtension>
        </extensions>
      </trkpt>
      <trkpt lat="22.651235639637388" lon="107.60366517100027">
        <ele>97.23104140441865</ele>
        <time>2023-07-11T01:18:44Z</time>
        <extensions>
          <gpxtpx:TrackPointExtension>
            <gpxtpx:hr>102</gpxtpx:hr>
          </gpxtpx:TrackPointExtension>
        </extensions>
      </trkpt>
      <trkpt lat="22.651232666393877" lon="107.6036752620866">
        <ele>97.23170117661357</ele>
        <time>2023-07-11T01:18:45Z</time>
        <extensions>
          <gpxtpx:TrackPointExtension>
            <gpxtpx:hr>102</gpxtpx:hr>
          </gpxtpx:TrackPointExtension>
        </extensions>
      </trkpt>
      <trkpt lat="22.65122919505888" lon="107.60368487430135">
        <ele>97.23866733908653</ele>
        <time>2023-07-11T01:18:46Z</time>
        <extensions>
          <gpxtpx:TrackPointExtension>
            <gpxtpx:hr>102</gpxtpx:hr>
          </gpxtpx:TrackPointExtension>
        </extensions>
      </trkpt>
      <trkpt lat="22.65122473239181" lon="107.60369437677465">
        <ele>97.24845378566533</ele>
        <time>2023-07-11T01:18:47Z</time>
        <extensions>
          <gpxtpx:TrackPointExtension>
            <gpxtpx:hr>95</gpxtpx:hr>
          </gpxtpx:TrackPointExtension>
        </extensions>
      </trkpt>
      <trkpt lat="22.65121853511841" lon="107.60370421652028">
        <ele>97.26591898035258</ele>
        <time>2023-07-11T01:18:48Z</time>
        <extensions>
          <gpxtpx:TrackPointExtension>
            <gpxtpx:hr>95</gpxtpx:hr>
          </gpxtpx:TrackPointExtension>
        </extensions>
      </trkpt>
      <trkpt lat="22.65121087968156" lon="107.60371399191884">
        <ele>97.29413598403335</ele>
        <time>2023-07-11T01:18:49Z</time>
        <extensions>
          <gpxtpx:TrackPointExtension>
            <gpxtpx:hr>95</gpxtpx:hr>
          </gpxtpx:TrackPointExtension>
        </extensions>
      </trkpt>
      <trkpt lat="22.65120226034899" lon="107.60372309975325">
        <ele>97.32691279612482</ele>
        <time>2023-07-11T01:18:50Z</time>
        <extensions>
          <gpxtpx:TrackPointExtension>
            <gpxtpx:hr>95</gpxtpx:hr>
          </gpxtpx:TrackPointExtension>
        </extensions>
      </trkpt>
      <trkpt lat="22.65119313265731" lon="107.60373149183607">
        <ele>97.36534296348691</ele>
        <time>2023-07-11T01:18:51Z</time>
        <extensions>
          <gpxtpx:TrackPointExtension>
            <gpxtpx:hr>95</gpxtpx:hr>
          </gpxtpx:TrackPointExtension>
        </extensions>
      </trkpt>
      <trkpt lat="22.651183949327148" lon="107.6037388735344">
        <ele>97.402384666726</ele>
        <time>2023-07-11T01:18:52Z</time>
        <extensions>
          <gpxtpx:TrackPointExtension>
            <gpxtpx:hr>97</gpxtpx:hr>
          </gpxtpx:TrackPointExtension>
        </extensions>
      </trkpt>
      <trkpt lat="22.651175204104575" lon="107.60374498886792">
        <ele>97.45139498263597</ele>
        <time>2023-07-11T01:18:53Z</time>
        <extensions>
          <gpxtpx:TrackPointExtension>
            <gpxtpx:hr>97</gpxtpx:hr>
          </gpxtpx:TrackPointExtension>
        </extensions>
      </trkpt>
      <trkpt lat="22.651167031024006" lon="107.60375024332821">
        <ele>97.51204728428274</ele>
        <time>2023-07-11T01:18:54Z</time>
        <extensions>
          <gpxtpx:TrackPointExtension>
            <gpxtpx:hr>97</gpxtpx:hr>
          </gpxtpx:TrackPointExtension>
        </extensions>
      </trkpt>
      <trkpt lat="22.651159198337677" lon="107.60375529303373">
        <ele>97.56802932079881</ele>
        <time>2023-07-11T01:18:55Z</time>
        <extensions>
          <gpxtpx:TrackPointExtension>
            <gpxtpx:hr>97</gpxtpx:hr>
          </gpxtpx:TrackPointExtension>
        </extensions>
      </trkpt>
      <trkpt lat="22.651151291623666" lon="107.60376055923545">
        <ele>97.61612242925912</ele>
        <time>2023-07-11T01:18:56Z</time>
        <extensions>
          <gpxtpx:TrackPointExtension>
            <gpxtpx:hr>98</gpxtpx:hr>
          </gpxtpx:TrackPointExtension>
        </extensions>
      </trkpt>
      <trkpt lat="22.651142933237907" lon="107.60376622246646">
        <ele>97.65222748741508</ele>
        <time>2023-07-11T01:18:57Z</time>
        <extensions>
          <gpxtpx:TrackPointExtension>
            <gpxtpx:hr>98</gpxtpx:hr>
          </gpxtpx:TrackPointExtension>
        </extensions>
      </trkpt>
      <trkpt lat="22.65113421343573" lon="107.60377215927532">
        <ele>97.69146852660924</ele>
        <time>2023-07-11T01:18:58Z</time>
        <extensions>
          <gpxtpx:TrackPointExtension>
            <gpxtpx:hr>98</gpxtpx:hr>
          </gpxtpx:TrackPointExtension>
        </extensions>
      </trkpt>
      <trkpt lat="22.65112554719035" lon="107.6037778477668">
        <ele>97.7338677411899</ele>
        <time>2023-07-11T01:18:59Z</time>
        <extensions>
          <gpxtpx:TrackPointExtension>
            <gpxtpx:hr>98</gpxtpx:hr>
          </gpxtpx:TrackPointExtension>
        </extensions>
      </trkpt>
      <trkpt lat="22.651117358801663" lon="107.60378277275736">
        <ele>97.75750215817243</ele>
        <time>2023-07-11T01:19:00Z</time>
        <extensions>
          <gpxtpx:TrackPointExtension>
            <gpxtpx:hr>98</gpxtpx:hr>
          </gpxtpx:TrackPointExtension>
        </extensions>
      </trkpt>
      <trkpt lat="22.65110963934805" lon="107.60378672117422">
        <ele>97.76994407456368</ele>
        <time>2023-07-11T01:19:01Z</time>
        <extensions>
          <gpxtpx:TrackPointExtension>
            <gpxtpx:hr>103</gpxtpx:hr>
          </gpxtpx:TrackPointExtension>
        </extensions>
      </trkpt>
      <trkpt lat="22.651101632469313" lon="107.6037895015932">
        <ele>97.77671719994396</ele>
        <time>2023-07-11T01:19:02Z</time>
        <extensions>
          <gpxtpx:TrackPointExtension>
            <gpxtpx:hr>103</gpxtpx:hr>
          </gpxtpx:TrackPointExtension>
        </extensions>
      </trkpt>
      <trkpt lat="22.65109269950051" lon="107.60379151585241">
        <ele>97.78720882441849</ele>
        <time>2023-07-11T01:19:03Z</time>
        <extensions>
          <gpxtpx:TrackPointExtension>
            <gpxtpx:hr>103</gpxtpx:hr>
          </gpxtpx:TrackPointExtension>
        </extensions>
      </trkpt>
      <trkpt lat="22.651083182650748" lon="107.6037931302649">
        <ele>97.79646181687713</ele>
        <time>2023-07-11T01:19:04Z</time>
        <extensions>
          <gpxtpx:TrackPointExtension>
            <gpxtpx:hr>103</gpxtpx:hr>
          </gpxtpx:TrackPointExtension>
        </extensions>
      </trkpt>
      <trkpt lat="22.651073418096818" lon="107.60379425942712">
        <ele>97.80239944998175</ele>
        <time>2023-07-11T01:19:05Z</time>
        <extensions>
          <gpxtpx:TrackPointExtension>
            <gpxtpx:hr>103</gpxtpx:hr>
          </gpxtpx:TrackPointExtension>
        </extensions>
      </trkpt>
      <trkpt lat="22.651063247497955" lon="107.6037951123176">
        <ele>97.79442640487105</ele>
        <time>2023-07-11T01:19:06Z</time>
        <extensions>
          <gpxtpx:TrackPointExtension>
            <gpxtpx:hr>103</gpxtpx:hr>
          </gpxtpx:TrackPointExtension>
        </extensions>
      </trkpt>
      <trkpt lat="22.651052940349683" lon="107.60379604663774">
        <ele>97.78309498913586</ele>
        <time>2023-07-11T01:19:07Z</time>
        <extensions>
          <gpxtpx:TrackPointExtension>
            <gpxtpx:hr>104</gpxtpx:hr>
          </gpxtpx:TrackPointExtension>
        </extensions>
      </trkpt>
      <trkpt lat="22.65104287071747" lon="107.6037974599348">
        <ele>97.76849669404328</ele>
        <time>2023-07-11T01:19:08Z</time>
        <extensions>
          <gpxtpx:TrackPointExtension>
            <gpxtpx:hr>104</gpxtpx:hr>
          </gpxtpx:TrackPointExtension>
        </extensions>
      </trkpt>
      <trkpt lat="22.651032928329077" lon="107.60379942372205">
        <ele>97.75366919860244</ele>
        <time>2023-07-11T01:19:09Z</time>
        <extensions>
          <gpxtpx:TrackPointExtension>
            <gpxtpx:hr>104</gpxtpx:hr>
          </gpxtpx:TrackPointExtension>
        </extensions>
      </trkpt>
      <trkpt lat="22.651023790099252" lon="107.60380177976722">
        <ele>97.74206033628434</ele>
        <time>2023-07-11T01:19:10Z</time>
        <extensions>
          <gpxtpx:TrackPointExtension>
            <gpxtpx:hr>104</gpxtpx:hr>
          </gpxtpx:TrackPointExtension>
        </extensions>
      </trkpt>
      <trkpt lat="22.651016079619293" lon="107.60380450867618">
        <ele>97.72934812773019</ele>
        <time>2023-07-11T01:19:11Z</time>
        <extensions>
          <gpxtpx:TrackPointExtension>
            <gpxtpx:hr>104</gpxtpx:hr>
          </gpxtpx:TrackPointExtension>
        </extensions>
      </trkpt>
      <trkpt lat="22.651008946281333" lon="107.60380751540782">
        <ele>97.71269879117608</ele>
        <time>2023-07-11T01:19:12Z</time>
        <extensions>
          <gpxtpx:TrackPointExtension>
            <gpxtpx:hr>106</gpxtpx:hr>
          </gpxtpx:TrackPointExtension>
        </extensions>
      </trkpt>
      <trkpt lat="22.651001019233487" lon="107.60381056805406">
        <ele>97.68950597383082</ele>
        <time>2023-07-11T01:19:13Z</time>
        <extensions>
          <gpxtpx:TrackPointExtension>
            <gpxtpx:hr>106</gpxtpx:hr>
          </gpxtpx:TrackPointExtension>
        </extensions>
      </trkpt>
      <trkpt lat="22.650991619230645" lon="107.6038133675273">
        <ele>97.63964303582907</ele>
        <time>2023-07-11T01:19:14Z</time>
        <extensions>
          <gpxtpx:TrackPointExtension>
            <gpxtpx:hr>106</gpxtpx:hr>
          </gpxtpx:TrackPointExtension>
        </extensions>
      </trkpt>
      <trkpt lat="22.65098121760448" lon="107.60381621417012">
        <ele>97.59250792302191</ele>
        <time>2023-07-11T01:19:15Z</time>
        <extensions>
          <gpxtpx:TrackPointExtension>
            <gpxtpx:hr>106</gpxtpx:hr>
          </gpxtpx:TrackPointExtension>
        </extensions>
      </trkpt>
      <trkpt lat="22.650970638881155" lon="107.60381941090019">
        <ele>97.52681134548038</ele>
        <time>2023-07-11T01:19:16Z</time>
        <extensions>
          <gpxtpx:TrackPointExtension>
            <gpxtpx:hr>106</gpxtpx:hr>
          </gpxtpx:TrackPointExtension>
        </extensions>
      </trkpt>
      <trkpt lat="22.65095989363433" lon="107.60382301427727">
        <ele>97.45338626019657</ele>
        <time>2023-07-11T01:19:17Z</time>
        <extensions>
          <gpxtpx:TrackPointExtension>
            <gpxtpx:hr>106</gpxtpx:hr>
          </gpxtpx:TrackPointExtension>
        </extensions>
      </trkpt>
      <trkpt lat="22.650948749174844" lon="107.603826925402">
        <ele>97.39231311995536</ele>
        <time>2023-07-11T01:19:18Z</time>
        <extensions>
          <gpxtpx:TrackPointExtension>
            <gpxtpx:hr>101</gpxtpx:hr>
          </gpxtpx:TrackPointExtension>
        </extensions>
      </trkpt>
      <trkpt lat="22.650937564207304" lon="107.60383055153002">
        <ele>97.33425699453801</ele>
        <time>2023-07-11T01:19:19Z</time>
        <extensions>
          <gpxtpx:TrackPointExtension>
            <gpxtpx:hr>101</gpxtpx:hr>
          </gpxtpx:TrackPointExtension>
        </extensions>
      </trkpt>
      <trkpt lat="22.65092607579958" lon="107.60383356472934">
        <ele>97.27568284980953</ele>
        <time>2023-07-11T01:19:20Z</time>
        <extensions>
          <gpxtpx:TrackPointExtension>
            <gpxtpx:hr>101</gpxtpx:hr>
          </gpxtpx:TrackPointExtension>
        </extensions>
      </trkpt>
      <trkpt lat="22.65091438189432" lon="107.60383587613637">
        <ele>97.23371383920312</ele>
        <time>2023-07-11T01:19:21Z</time>
        <extensions>
          <gpxtpx:TrackPointExtension>
            <gpxtpx:hr>101</gpxtpx:hr>
          </gpxtpx:TrackPointExtension>
        </extensions>
      </trkpt>
      <trkpt lat="22.650902892942497" lon="107.6038377700137">
        <ele>97.20418286602944</ele>
        <time>2023-07-11T01:19:22Z</time>
        <extensions>
          <gpxtpx:TrackPointExtension>
            <gpxtpx:hr>101</gpxtpx:hr>
          </gpxtpx:TrackPointExtension>
        </extensions>
      </trkpt>
      <trkpt lat="22.650891892754668" lon="107.60383961279403">
        <ele>97.18409653846174</ele>
        <time>2023-07-11T01:19:23Z</time>
        <extensions>
          <gpxtpx:TrackPointExtension>
            <gpxtpx:hr>98</gpxtpx:hr>
          </gpxtpx:TrackPointExtension>
        </extensions>
      </trkpt>
      <trkpt lat="22.650881987112687" lon="107.60384137308615">
        <ele>97.179831427522</ele>
        <time>2023-07-11T01:19:24Z</time>
        <extensions>
          <gpxtpx:TrackPointExtension>
            <gpxtpx:hr>98</gpxtpx:hr>
          </gpxtpx:TrackPointExtension>
        </extensions>
      </trkpt>
      <trkpt lat="22.650872519440725" lon="107.60384306806768">
        <ele>97.19299224577844</ele>
        <time>2023-07-11T01:19:25Z</time>
        <extensions>
          <gpxtpx:TrackPointExtension>
            <gpxtpx:hr>98</gpxtpx:hr>
          </gpxtpx:TrackPointExtension>
        </extensions>
      </trkpt>
      <trkpt lat="22.650863185166973" lon="107.60384479978832">
        <ele>97.23565273266286</ele>
        <time>2023-07-11T01:19:26Z</time>
        <extensions>
          <gpxtpx:TrackPointExtension>
            <gpxtpx:hr>98</gpxtpx:hr>
          </gpxtpx:TrackPointExtension>
        </extensions>
      </trkpt>
      <trkpt lat="22.650854524590784" lon="107.60384697729344">
        <ele>97.30517158657312</ele>
        <time>2023-07-11T01:19:27Z</time>
        <extensions>
          <gpxtpx:TrackPointExtension>
            <gpxtpx:hr>98</gpxtpx:hr>
          </gpxtpx:TrackPointExtension>
        </extensions>
      </trkpt>
      <trkpt lat="22.650846996060732" lon="107.60385011039273">
        <ele>97.39151517115533</ele>
        <time>2023-07-11T01:19:28Z</time>
        <extensions>
          <gpxtpx:TrackPointExtension>
            <gpxtpx:hr>98</gpxtpx:hr>
          </gpxtpx:TrackPointExtension>
        </extensions>
      </trkpt>
      <trkpt lat="22.650840630974095" lon="107.60385417588238">
        <ele>97.49509848468006</ele>
        <time>2023-07-11T01:19:29Z</time>
        <extensions>
          <gpxtpx:TrackPointExtension>
            <gpxtpx:hr>98</gpxtpx:hr>
          </gpxtpx:TrackPointExtension>
        </extensions>
      </trkpt>
      <trkpt lat="22.650834703625517" lon="107.60385897556708">
        <ele>97.61293375864625</ele>
        <time>2023-07-11T01:19:30Z</time>
        <extensions>
          <gpxtpx:TrackPointExtension>
            <gpxtpx:hr>98</gpxtpx:hr>
          </gpxtpx:TrackPointExtension>
        </extensions>
      </trkpt>
      <trkpt lat="22.650828542077402" lon="107.60386465135744">
        <ele>97.73863482568413</ele>
        <time>2023-07-11T01:19:31Z</time>
        <extensions>
          <gpxtpx:TrackPointExtension>
            <gpxtpx:hr>98</gpxtpx:hr>
          </gpxtpx:TrackPointExtension>
        </extensions>
      </trkpt>
      <trkpt lat="22.650822256239607" lon="107.60387130927987">
        <ele>97.87682294659317</ele>
        <time>2023-07-11T01:19:32Z</time>
        <extensions>
          <gpxtpx:TrackPointExtension>
            <gpxtpx:hr>98</gpxtpx:hr>
          </gpxtpx:TrackPointExtension>
        </extensions>
      </trkpt>
      <trkpt lat="22.650816612536723" lon="107.60387855681779">
        <ele>98.01159526500851</ele>
        <time>2023-07-11T01:19:33Z</time>
        <extensions>
          <gpxtpx:TrackPointExtension>
            <gpxtpx:hr>99</gpxtpx:hr>
          </gpxtpx:TrackPointExtension>
        </extensions>
      </trkpt>
      <trkpt lat="22.650812286802907" lon="107.6038858489596">
        <ele>98.13259245175868</ele>
        <time>2023-07-11T01:19:34Z</time>
        <extensions>
          <gpxtpx:TrackPointExtension>
            <gpxtpx:hr>99</gpxtpx:hr>
          </gpxtpx:TrackPointExtension>
        </extensions>
      </trkpt>
      <trkpt lat="22.650809317705065" lon="107.6038931160122">
        <ele>98.24646672606468</ele>
        <time>2023-07-11T01:19:35Z</time>
        <extensions>
          <gpxtpx:TrackPointExtension>
            <gpxtpx:hr>99</gpxtpx:hr>
          </gpxtpx:TrackPointExtension>
        </extensions>
      </trkpt>
      <trkpt lat="22.65080712215838" lon="107.60390124134003">
        <ele>98.33783478476107</ele>
        <time>2023-07-11T01:19:36Z</time>
        <extensions>
          <gpxtpx:TrackPointExtension>
            <gpxtpx:hr>100</gpxtpx:hr>
          </gpxtpx:TrackPointExtension>
        </extensions>
      </trkpt>
      <trkpt lat="22.650805134151547" lon="107.60391099852808">
        <ele>98.40781972184777</ele>
        <time>2023-07-11T01:19:37Z</time>
        <extensions>
          <gpxtpx:TrackPointExtension>
            <gpxtpx:hr>100</gpxtpx:hr>
          </gpxtpx:TrackPointExtension>
        </extensions>
      </trkpt>
      <trkpt lat="22.650803307852776" lon="107.60392211956245">
        <ele>98.4661975549534</ele>
        <time>2023-07-11T01:19:38Z</time>
        <extensions>
          <gpxtpx:TrackPointExtension>
            <gpxtpx:hr>100</gpxtpx:hr>
          </gpxtpx:TrackPointExtension>
        </extensions>
      </trkpt>
      <trkpt lat="22.650802296402876" lon="107.60393333341038">
        <ele>98.52516382932663</ele>
        <time>2023-07-11T01:19:39Z</time>
        <extensions>
          <gpxtpx:TrackPointExtension>
            <gpxtpx:hr>101</gpxtpx:hr>
          </gpxtpx:TrackPointExtension>
        </extensions>
      </trkpt>
      <trkpt lat="22.650802393167506" lon="107.60394358651405">
        <ele>98.58234615810215</ele>
        <time>2023-07-11T01:19:40Z</time>
        <extensions>
          <gpxtpx:TrackPointExtension>
            <gpxtpx:hr>101</gpxtpx:hr>
          </gpxtpx:TrackPointExtension>
        </extensions>
      </trkpt>
      <trkpt lat="22.65080324464731" lon="107.6039524599471">
        <ele>98.61034134868532</ele>
        <time>2023-07-11T01:19:41Z</time>
        <extensions>
          <gpxtpx:TrackPointExtension>
            <gpxtpx:hr>101</gpxtpx:hr>
          </gpxtpx:TrackPointExtension>
        </extensions>
      </trkpt>
      <trkpt lat="22.650804649362303" lon="107.6039600802508">
        <ele>98.6255062147975</ele>
        <time>2023-07-11T01:19:42Z</time>
        <extensions>
          <gpxtpx:TrackPointExtension>
            <gpxtpx:hr>101</gpxtpx:hr>
          </gpxtpx:TrackPointExtension>
        </extensions>
      </trkpt>
      <trkpt lat="22.650806813178736" lon="107.60396747723">
        <ele>98.59508214239031</ele>
        <time>2023-07-11T01:19:43Z</time>
        <extensions>
          <gpxtpx:TrackPointExtension>
            <gpxtpx:hr>101</gpxtpx:hr>
          </gpxtpx:TrackPointExtension>
        </extensions>
      </trkpt>
      <trkpt lat="22.650809776450927" lon="107.60397597223697">
        <ele>98.52655737660825</ele>
        <time>2023-07-11T01:19:44Z</time>
        <extensions>
          <gpxtpx:TrackPointExtension>
            <gpxtpx:hr>101</gpxtpx:hr>
          </gpxtpx:TrackPointExtension>
        </extensions>
      </trkpt>
      <trkpt lat="22.650813353605113" lon="107.60398579902919">
        <ele>98.46076795458794</ele>
        <time>2023-07-11T01:19:45Z</time>
        <extensions>
          <gpxtpx:TrackPointExtension>
            <gpxtpx:hr>101</gpxtpx:hr>
          </gpxtpx:TrackPointExtension>
        </extensions>
      </trkpt>
      <trkpt lat="22.650817341086757" lon="107.60399680651834">
        <ele>98.38536081649363</ele>
        <time>2023-07-11T01:19:46Z</time>
        <extensions>
          <gpxtpx:TrackPointExtension>
            <gpxtpx:hr>102</gpxtpx:hr>
          </gpxtpx:TrackPointExtension>
        </extensions>
      </trkpt>
      <trkpt lat="22.650821393762257" lon="107.6040086307522">
        <ele>98.29734780266881</ele>
        <time>2023-07-11T01:19:47Z</time>
        <extensions>
          <gpxtpx:TrackPointExtension>
            <gpxtpx:hr>102</gpxtpx:hr>
          </gpxtpx:TrackPointExtension>
        </extensions>
      </trkpt>
      <trkpt lat="22.650825321646984" lon="107.60402034336016">
        <ele>98.22849243599921</ele>
        <time>2023-07-11T01:19:48Z</time>
        <extensions>
          <gpxtpx:TrackPointExtension>
            <gpxtpx:hr>102</gpxtpx:hr>
          </gpxtpx:TrackPointExtension>
        </extensions>
      </trkpt>
      <trkpt lat="22.650829434011097" lon="107.60403120376424">
        <ele>98.14051489625126</ele>
        <time>2023-07-11T01:19:49Z</time>
        <extensions>
          <gpxtpx:TrackPointExtension>
            <gpxtpx:hr>102</gpxtpx:hr>
          </gpxtpx:TrackPointExtension>
        </extensions>
      </trkpt>
      <trkpt lat="22.650833933748807" lon="107.60404099414825">
        <ele>98.0413163676858</ele>
        <time>2023-07-11T01:19:50Z</time>
        <extensions>
          <gpxtpx:TrackPointExtension>
            <gpxtpx:hr>102</gpxtpx:hr>
          </gpxtpx:TrackPointExtension>
        </extensions>
      </trkpt>
      <trkpt lat="22.65083874151178" lon="107.60405015732391">
        <ele>97.94389064330608</ele>
        <time>2023-07-11T01:19:51Z</time>
        <extensions>
          <gpxtpx:TrackPointExtension>
            <gpxtpx:hr>102</gpxtpx:hr>
          </gpxtpx:TrackPointExtension>
        </extensions>
      </trkpt>
      <trkpt lat="22.650842683733014" lon="107.60405920927735">
        <ele>97.84847893193364</ele>
        <time>2023-07-11T01:19:52Z</time>
        <extensions>
          <gpxtpx:TrackPointExtension>
            <gpxtpx:hr>102</gpxtpx:hr>
          </gpxtpx:TrackPointExtension>
        </extensions>
      </trkpt>
      <trkpt lat="22.650844552135126" lon="107.60406853814442">
        <ele>97.74662465322763</ele>
        <time>2023-07-11T01:19:53Z</time>
        <extensions>
          <gpxtpx:TrackPointExtension>
            <gpxtpx:hr>104</gpxtpx:hr>
          </gpxtpx:TrackPointExtension>
        </extensions>
      </trkpt>
      <trkpt lat="22.65084438161377" lon="107.60407832486477">
        <ele>97.65277004335076</ele>
        <time>2023-07-11T01:19:54Z</time>
        <extensions>
          <gpxtpx:TrackPointExtension>
            <gpxtpx:hr>104</gpxtpx:hr>
          </gpxtpx:TrackPointExtension>
        </extensions>
      </trkpt>
      <trkpt lat="22.650842996633735" lon="107.60408849778995">
        <ele>97.55687344726175</ele>
        <time>2023-07-11T01:19:55Z</time>
        <extensions>
          <gpxtpx:TrackPointExtension>
            <gpxtpx:hr>104</gpxtpx:hr>
          </gpxtpx:TrackPointExtension>
        </extensions>
      </trkpt>
      <trkpt lat="22.650841611342667" lon="107.6040986898169">
        <ele>97.45132025890052</ele>
        <time>2023-07-11T01:19:56Z</time>
        <extensions>
          <gpxtpx:TrackPointExtension>
            <gpxtpx:hr>104</gpxtpx:hr>
          </gpxtpx:TrackPointExtension>
        </extensions>
      </trkpt>
      <trkpt lat="22.650840769190328" lon="107.6041087525829">
        <ele>97.35210222378373</ele>
        <time>2023-07-11T01:19:57Z</time>
        <extensions>
          <gpxtpx:TrackPointExtension>
            <gpxtpx:hr>104</gpxtpx:hr>
          </gpxtpx:TrackPointExtension>
        </extensions>
      </trkpt>
      <trkpt lat="22.65084040370041" lon="107.60411895571092">
        <ele>97.26011374592781</ele>
        <time>2023-07-11T01:19:58Z</time>
        <extensions>
          <gpxtpx:TrackPointExtension>
            <gpxtpx:hr>101</gpxtpx:hr>
          </gpxtpx:TrackPointExtension>
        </extensions>
      </trkpt>
      <trkpt lat="22.65084017940263" lon="107.60412925722747">
        <ele>97.17687037307769</ele>
        <time>2023-07-11T01:19:59Z</time>
        <extensions>
          <gpxtpx:TrackPointExtension>
            <gpxtpx:hr>101</gpxtpx:hr>
          </gpxtpx:TrackPointExtension>
        </extensions>
      </trkpt>
      <trkpt lat="22.650839935907072" lon="107.60413979074272">
        <ele>97.08940596878529</ele>
        <time>2023-07-11T01:20:00Z</time>
        <extensions>
          <gpxtpx:TrackPointExtension>
            <gpxtpx:hr>101</gpxtpx:hr>
          </gpxtpx:TrackPointExtension>
        </extensions>
      </trkpt>
      <trkpt lat="22.650839850862226" lon="107.60415065403254">
        <ele>97.00620756391436</ele>
        <time>2023-07-11T01:20:01Z</time>
        <extensions>
          <gpxtpx:TrackPointExtension>
            <gpxtpx:hr>97</gpxtpx:hr>
          </gpxtpx:TrackPointExtension>
        </extensions>
      </trkpt>
      <trkpt lat="22.65083980058499" lon="107.60416149913858">
        <ele>96.92937191016972</ele>
        <time>2023-07-11T01:20:02Z</time>
        <extensions>
          <gpxtpx:TrackPointExtension>
            <gpxtpx:hr>97</gpxtpx:hr>
          </gpxtpx:TrackPointExtension>
        </extensions>
      </trkpt>
      <trkpt lat="22.650839496312816" lon="107.60417218191311">
        <ele>96.8617835957557</ele>
        <time>2023-07-11T01:20:03Z</time>
        <extensions>
          <gpxtpx:TrackPointExtension>
            <gpxtpx:hr>97</gpxtpx:hr>
          </gpxtpx:TrackPointExtension>
        </extensions>
      </trkpt>
      <trkpt lat="22.65083891423266" lon="107.60418270071483">
        <ele>96.81103742774576</ele>
        <time>2023-07-11T01:20:04Z</time>
        <extensions>
          <gpxtpx:TrackPointExtension>
            <gpxtpx:hr>97</gpxtpx:hr>
          </gpxtpx:TrackPointExtension>
        </extensions>
      </trkpt>
      <trkpt lat="22.650838269226554" lon="107.60419328647866">
        <ele>96.79045454133302</ele>
        <time>2023-07-11T01:20:05Z</time>
        <extensions>
          <gpxtpx:TrackPointExtension>
            <gpxtpx:hr>97</gpxtpx:hr>
          </gpxtpx:TrackPointExtension>
        </extensions>
      </trkpt>
      <trkpt lat="22.650837749601937" lon="107.60420400985471">
        <ele>96.78468866273761</ele>
        <time>2023-07-11T01:20:06Z</time>
        <extensions>
          <gpxtpx:TrackPointExtension>
            <gpxtpx:hr>101</gpxtpx:hr>
          </gpxtpx:TrackPointExtension>
        </extensions>
      </trkpt>
      <trkpt lat="22.65083723035161" lon="107.6042144351669">
        <ele>96.79451591707766</ele>
        <time>2023-07-11T01:20:07Z</time>
        <extensions>
          <gpxtpx:TrackPointExtension>
            <gpxtpx:hr>101</gpxtpx:hr>
          </gpxtpx:TrackPointExtension>
        </extensions>
      </trkpt>
      <trkpt lat="22.65083660619217" lon="107.60422400607578">
        <ele>96.81751314736903</ele>
        <time>2023-07-11T01:20:08Z</time>
        <extensions>
          <gpxtpx:TrackPointExtension>
            <gpxtpx:hr>101</gpxtpx:hr>
          </gpxtpx:TrackPointExtension>
        </extensions>
      </trkpt>
      <trkpt lat="22.650836158278178" lon="107.6042334376512">
        <ele>96.84460599254817</ele>
        <time>2023-07-11T01:20:09Z</time>
        <extensions>
          <gpxtpx:TrackPointExtension>
            <gpxtpx:hr>101</gpxtpx:hr>
          </gpxtpx:TrackPointExtension>
        </extensions>
      </trkpt>
      <trkpt lat="22.650836213747183" lon="107.6042435607195">
        <ele>96.85476197395474</ele>
        <time>2023-07-11T01:20:10Z</time>
        <extensions>
          <gpxtpx:TrackPointExtension>
            <gpxtpx:hr>101</gpxtpx:hr>
          </gpxtpx:TrackPointExtension>
        </extensions>
      </trkpt>
      <trkpt lat="22.650836704615543" lon="107.60425380794942">
        <ele>96.8683559326455</ele>
        <time>2023-07-11T01:20:11Z</time>
        <extensions>
          <gpxtpx:TrackPointExtension>
            <gpxtpx:hr>100</gpxtpx:hr>
          </gpxtpx:TrackPointExtension>
        </extensions>
      </trkpt>
      <trkpt lat="22.650837318405305" lon="107.60426333762426">
        <ele>96.88661799952388</ele>
        <time>2023-07-11T01:20:12Z</time>
        <extensions>
          <gpxtpx:TrackPointExtension>
            <gpxtpx:hr>100</gpxtpx:hr>
          </gpxtpx:TrackPointExtension>
        </extensions>
      </trkpt>
      <trkpt lat="22.650837809466623" lon="107.60427172046155">
        <ele>96.89419034216553</ele>
        <time>2023-07-11T01:20:13Z</time>
        <extensions>
          <gpxtpx:TrackPointExtension>
            <gpxtpx:hr>100</gpxtpx:hr>
          </gpxtpx:TrackPointExtension>
        </extensions>
      </trkpt>
      <trkpt lat="22.65083774478502" lon="107.60427843073077">
        <ele>96.91252974513918</ele>
        <time>2023-07-11T01:20:14Z</time>
        <extensions>
          <gpxtpx:TrackPointExtension>
            <gpxtpx:hr>100</gpxtpx:hr>
          </gpxtpx:TrackPointExtension>
        </extensions>
      </trkpt>
      <trkpt lat="22.650836960271352" lon="107.60428363915511">
        <ele>96.91615566518158</ele>
        <time>2023-07-11T01:20:15Z</time>
        <extensions>
          <gpxtpx:TrackPointExtension>
            <gpxtpx:hr>100</gpxtpx:hr>
          </gpxtpx:TrackPointExtension>
        </extensions>
      </trkpt>
      <trkpt lat="22.650835622109906" lon="107.60428907430928">
        <ele>96.91381063032895</ele>
        <time>2023-07-11T01:20:16Z</time>
        <extensions>
          <gpxtpx:TrackPointExtension>
            <gpxtpx:hr>102</gpxtpx:hr>
          </gpxtpx:TrackPointExtension>
        </extensions>
      </trkpt>
      <trkpt lat="22.650834183276153" lon="107.60429572005586">
        <ele>96.89582656696439</ele>
        <time>2023-07-11T01:20:17Z</time>
        <extensions>
          <gpxtpx:TrackPointExtension>
            <gpxtpx:hr>102</gpxtpx:hr>
          </gpxtpx:TrackPointExtension>
        </extensions>
      </trkpt>
      <trkpt lat="22.650833403190237" lon="107.60430278921137">
        <ele>96.86362248286605</ele>
        <time>2023-07-11T01:20:18Z</time>
        <extensions>
          <gpxtpx:TrackPointExtension>
            <gpxtpx:hr>102</gpxtpx:hr>
          </gpxtpx:TrackPointExtension>
        </extensions>
      </trkpt>
      <trkpt lat="22.650833698854424" lon="107.60430960213269">
        <ele>96.81887880340219</ele>
        <time>2023-07-11T01:20:19Z</time>
        <extensions>
          <gpxtpx:TrackPointExtension>
            <gpxtpx:hr>102</gpxtpx:hr>
          </gpxtpx:TrackPointExtension>
        </extensions>
      </trkpt>
      <trkpt lat="22.650835065006554" lon="107.60431566612498">
        <ele>96.7605872694403</ele>
        <time>2023-07-11T01:20:20Z</time>
        <extensions>
          <gpxtpx:TrackPointExtension>
            <gpxtpx:hr>102</gpxtpx:hr>
          </gpxtpx:TrackPointExtension>
        </extensions>
      </trkpt>
      <trkpt lat="22.650837726297155" lon="107.60432029051985">
        <ele>96.68329800944775</ele>
        <time>2023-07-11T01:20:21Z</time>
        <extensions>
          <gpxtpx:TrackPointExtension>
            <gpxtpx:hr>102</gpxtpx:hr>
          </gpxtpx:TrackPointExtension>
        </extensions>
      </trkpt>
      <trkpt lat="22.650841696982855" lon="107.60432398059872">
        <ele>96.59367231931537</ele>
        <time>2023-07-11T01:20:22Z</time>
        <extensions>
          <gpxtpx:TrackPointExtension>
            <gpxtpx:hr>102</gpxtpx:hr>
          </gpxtpx:TrackPointExtension>
        </extensions>
      </trkpt>
      <trkpt lat="22.650846507644577" lon="107.60432789239842">
        <ele>96.48868325632066</ele>
        <time>2023-07-11T01:20:23Z</time>
        <extensions>
          <gpxtpx:TrackPointExtension>
            <gpxtpx:hr>102</gpxtpx:hr>
          </gpxtpx:TrackPointExtension>
        </extensions>
      </trkpt>
      <trkpt lat="22.650851445758047" lon="107.60433163020961">
        <ele>96.37469224631786</ele>
        <time>2023-07-11T01:20:24Z</time>
        <extensions>
          <gpxtpx:TrackPointExtension>
            <gpxtpx:hr>102</gpxtpx:hr>
          </gpxtpx:TrackPointExtension>
        </extensions>
      </trkpt>
      <trkpt lat="22.65085517966131" lon="107.60433410154653">
        <ele>96.25986676849425</ele>
        <time>2023-07-11T01:20:25Z</time>
        <extensions>
          <gpxtpx:TrackPointExtension>
            <gpxtpx:hr>107</gpxtpx:hr>
          </gpxtpx:TrackPointExtension>
        </extensions>
      </trkpt>
      <trkpt lat="22.650856113310862" lon="107.60433470278645">
        <ele>96.13778822589666</ele>
        <time>2023-07-11T01:20:26Z</time>
        <extensions>
          <gpxtpx:TrackPointExtension>
            <gpxtpx:hr>107</gpxtpx:hr>
          </gpxtpx:TrackPointExtension>
        </extensions>
      </trkpt>
      <trkpt lat="22.650853634424053" lon="107.60433369120663">
        <ele>96.017688033171</ele>
        <time>2023-07-11T01:20:27Z</time>
        <extensions>
          <gpxtpx:TrackPointExtension>
            <gpxtpx:hr>107</gpxtpx:hr>
          </gpxtpx:TrackPointExtension>
        </extensions>
      </trkpt>
      <trkpt lat="22.65084799957747" lon="107.60433198072742">
        <ele>95.89373980555683</ele>
        <time>2023-07-11T01:20:28Z</time>
        <extensions>
          <gpxtpx:TrackPointExtension>
            <gpxtpx:hr>107</gpxtpx:hr>
          </gpxtpx:TrackPointExtension>
        </extensions>
      </trkpt>
      <trkpt lat="22.650839448645833" lon="107.60433014917719">
        <ele>95.76833882089704</ele>
        <time>2023-07-11T01:20:29Z</time>
        <extensions>
          <gpxtpx:TrackPointExtension>
            <gpxtpx:hr>107</gpxtpx:hr>
          </gpxtpx:TrackPointExtension>
        </extensions>
      </trkpt>
      <trkpt lat="22.650828029847723" lon="107.60432804619596">
        <ele>95.63705995026976</ele>
        <time>2023-07-11T01:20:30Z</time>
        <extensions>
          <gpxtpx:TrackPointExtension>
            <gpxtpx:hr>107</gpxtpx:hr>
          </gpxtpx:TrackPointExtension>
        </extensions>
      </trkpt>
      <trkpt lat="22.65081390453435" lon="107.60432494518288">
        <ele>95.51114125549793</ele>
        <time>2023-07-11T01:20:31Z</time>
        <extensions>
          <gpxtpx:TrackPointExtension>
            <gpxtpx:hr>97</gpxtpx:hr>
          </gpxtpx:TrackPointExtension>
        </extensions>
      </trkpt>
      <trkpt lat="22.650797514429666" lon="107.60432019718442">
        <ele>95.39131274167448</ele>
        <time>2023-07-11T01:20:32Z</time>
        <extensions>
          <gpxtpx:TrackPointExtension>
            <gpxtpx:hr>97</gpxtpx:hr>
          </gpxtpx:TrackPointExtension>
        </extensions>
      </trkpt>
      <trkpt lat="22.650779050573398" lon="107.60431358476433">
        <ele>95.2783861272037</ele>
        <time>2023-07-11T01:20:33Z</time>
        <extensions>
          <gpxtpx:TrackPointExtension>
            <gpxtpx:hr>97</gpxtpx:hr>
          </gpxtpx:TrackPointExtension>
        </extensions>
      </trkpt>
      <trkpt lat="22.650758657836192" lon="107.60430521612959">
        <ele>95.17108362074941</ele>
        <time>2023-07-11T01:20:34Z</time>
        <extensions>
          <gpxtpx:TrackPointExtension>
            <gpxtpx:hr>97</gpxtpx:hr>
          </gpxtpx:TrackPointExtension>
        </extensions>
      </trkpt>
      <trkpt lat="22.650737201223222" lon="107.60429580106766">
        <ele>95.06408420205116</ele>
        <time>2023-07-11T01:20:35Z</time>
        <extensions>
          <gpxtpx:TrackPointExtension>
            <gpxtpx:hr>97</gpxtpx:hr>
          </gpxtpx:TrackPointExtension>
        </extensions>
      </trkpt>
      <trkpt lat="22.650716174843478" lon="107.60428701215284">
        <ele>94.96481919009238</ele>
        <time>2023-07-11T01:20:36Z</time>
        <extensions>
          <gpxtpx:TrackPointExtension>
            <gpxtpx:hr>99</gpxtpx:hr>
          </gpxtpx:TrackPointExtension>
        </extensions>
      </trkpt>
      <trkpt lat="22.650696219072923" lon="107.60428006270989">
        <ele>94.8744836775586</ele>
        <time>2023-07-11T01:20:37Z</time>
        <extensions>
          <gpxtpx:TrackPointExtension>
            <gpxtpx:hr>99</gpxtpx:hr>
          </gpxtpx:TrackPointExtension>
        </extensions>
      </trkpt>
      <trkpt lat="22.6506767556811" lon="107.60427542831654">
        <ele>94.78831957373768</ele>
        <time>2023-07-11T01:20:38Z</time>
        <extensions>
          <gpxtpx:TrackPointExtension>
            <gpxtpx:hr>99</gpxtpx:hr>
          </gpxtpx:TrackPointExtension>
        </extensions>
      </trkpt>
      <trkpt lat="22.65065826700874" lon="107.60427329649518">
        <ele>94.70676317159086</ele>
        <time>2023-07-11T01:20:39Z</time>
        <extensions>
          <gpxtpx:TrackPointExtension>
            <gpxtpx:hr>99</gpxtpx:hr>
          </gpxtpx:TrackPointExtension>
        </extensions>
      </trkpt>
      <trkpt lat="22.650641082323624" lon="107.60427381425808">
        <ele>94.63816564157605</ele>
        <time>2023-07-11T01:20:40Z</time>
        <extensions>
          <gpxtpx:TrackPointExtension>
            <gpxtpx:hr>99</gpxtpx:hr>
          </gpxtpx:TrackPointExtension>
        </extensions>
      </trkpt>
      <trkpt lat="22.65062475343731" lon="107.60427702908908">
        <ele>94.57281316816807</ele>
        <time>2023-07-11T01:20:41Z</time>
        <extensions>
          <gpxtpx:TrackPointExtension>
            <gpxtpx:hr>99</gpxtpx:hr>
          </gpxtpx:TrackPointExtension>
        </extensions>
      </trkpt>
      <trkpt lat="22.65060899729619" lon="107.60428305497665">
        <ele>94.51486555673182</ele>
        <time>2023-07-11T01:20:42Z</time>
        <extensions>
          <gpxtpx:TrackPointExtension>
            <gpxtpx:hr>103</gpxtpx:hr>
          </gpxtpx:TrackPointExtension>
        </extensions>
      </trkpt>
      <trkpt lat="22.650593188825283" lon="107.60429230540834">
        <ele>94.4635268561542</ele>
        <time>2023-07-11T01:20:43Z</time>
        <extensions>
          <gpxtpx:TrackPointExtension>
            <gpxtpx:hr>103</gpxtpx:hr>
          </gpxtpx:TrackPointExtension>
        </extensions>
      </trkpt>
      <trkpt lat="22.650576813536816" lon="107.60430498213623">
        <ele>94.41822119429708</ele>
        <time>2023-07-11T01:20:44Z</time>
        <extensions>
          <gpxtpx:TrackPointExtension>
            <gpxtpx:hr>103</gpxtpx:hr>
          </gpxtpx:TrackPointExtension>
        </extensions>
      </trkpt>
      <trkpt lat="22.650560306463493" lon="107.60431995737326">
        <ele>94.37668308336288</ele>
        <time>2023-07-11T01:20:45Z</time>
        <extensions>
          <gpxtpx:TrackPointExtension>
            <gpxtpx:hr>103</gpxtpx:hr>
          </gpxtpx:TrackPointExtension>
        </extensions>
      </trkpt>
      <trkpt lat="22.65054532570777" lon="107.60433431185076">
        <ele>94.34119991958141</ele>
        <time>2023-07-11T01:20:46Z</time>
        <extensions>
          <gpxtpx:TrackPointExtension>
            <gpxtpx:hr>103</gpxtpx:hr>
          </gpxtpx:TrackPointExtension>
        </extensions>
      </trkpt>
      <trkpt lat="22.650530907092094" lon="107.60434655862767">
        <ele>94.31253523938358</ele>
        <time>2023-07-11T01:20:47Z</time>
        <extensions>
          <gpxtpx:TrackPointExtension>
            <gpxtpx:hr>103</gpxtpx:hr>
          </gpxtpx:TrackPointExtension>
        </extensions>
      </trkpt>
      <trkpt lat="22.650515610506353" lon="107.60435632239333">
        <ele>94.28578414954245</ele>
        <time>2023-07-11T01:20:48Z</time>
        <extensions>
          <gpxtpx:TrackPointExtension>
            <gpxtpx:hr>99</gpxtpx:hr>
          </gpxtpx:TrackPointExtension>
        </extensions>
      </trkpt>
      <trkpt lat="22.650500010247153" lon="107.60436360669738">
        <ele>94.2727079205215</ele>
        <time>2023-07-11T01:20:49Z</time>
        <extensions>
          <gpxtpx:TrackPointExtension>
            <gpxtpx:hr>99</gpxtpx:hr>
          </gpxtpx:TrackPointExtension>
        </extensions>
      </trkpt>
      <trkpt lat="22.650485342000692" lon="107.6043688936435">
        <ele>94.26220480538905</ele>
        <time>2023-07-11T01:20:50Z</time>
        <extensions>
          <gpxtpx:TrackPointExtension>
            <gpxtpx:hr>99</gpxtpx:hr>
          </gpxtpx:TrackPointExtension>
        </extensions>
      </trkpt>
      <trkpt lat="22.650473345359035" lon="107.60437213332041">
        <ele>94.25533591862768</ele>
        <time>2023-07-11T01:20:51Z</time>
        <extensions>
          <gpxtpx:TrackPointExtension>
            <gpxtpx:hr>97</gpxtpx:hr>
          </gpxtpx:TrackPointExtension>
        </extensions>
      </trkpt>
      <trkpt lat="22.650464289588744" lon="107.60437354925426">
        <ele>94.25234716478735</ele>
        <time>2023-07-11T01:20:52Z</time>
        <extensions>
          <gpxtpx:TrackPointExtension>
            <gpxtpx:hr>97</gpxtpx:hr>
          </gpxtpx:TrackPointExtension>
        </extensions>
      </trkpt>
      <trkpt lat="22.650458067326827" lon="107.6043731613755">
        <ele>94.2504865648225</ele>
        <time>2023-07-11T01:20:53Z</time>
        <extensions>
          <gpxtpx:TrackPointExtension>
            <gpxtpx:hr>97</gpxtpx:hr>
          </gpxtpx:TrackPointExtension>
        </extensions>
      </trkpt>
      <trkpt lat="22.65045429507712" lon="107.60437114976641">
        <ele>94.25067814532667</ele>
        <time>2023-07-11T01:20:54Z</time>
        <extensions>
          <gpxtpx:TrackPointExtension>
            <gpxtpx:hr>97</gpxtpx:hr>
          </gpxtpx:TrackPointExtension>
        </extensions>
      </trkpt>
      <trkpt lat="22.65045216800072" lon="107.60436833226971">
        <ele>94.25282836705446</ele>
        <time>2023-07-11T01:20:55Z</time>
        <extensions>
          <gpxtpx:TrackPointExtension>
            <gpxtpx:hr>99</gpxtpx:hr>
          </gpxtpx:TrackPointExtension>
        </extensions>
      </trkpt>
      <trkpt lat="22.650451140454933" lon="107.604364867427">
        <ele>94.25653820391744</ele>
        <time>2023-07-11T01:20:56Z</time>
        <extensions>
          <gpxtpx:TrackPointExtension>
            <gpxtpx:hr>99</gpxtpx:hr>
          </gpxtpx:TrackPointExtension>
        </extensions>
      </trkpt>
      <trkpt lat="22.65045107459787" lon="107.60436080847914">
        <ele>94.26135233882815</ele>
        <time>2023-07-11T01:20:57Z</time>
        <extensions>
          <gpxtpx:TrackPointExtension>
            <gpxtpx:hr>99</gpxtpx:hr>
          </gpxtpx:TrackPointExtension>
        </extensions>
      </trkpt>
      <trkpt lat="22.650452139475906" lon="107.60435654532418">
        <ele>94.26679528038949</ele>
        <time>2023-07-11T01:20:58Z</time>
        <extensions>
          <gpxtpx:TrackPointExtension>
            <gpxtpx:hr>99</gpxtpx:hr>
          </gpxtpx:TrackPointExtension>
        </extensions>
      </trkpt>
      <trkpt lat="22.650453703855337" lon="107.60435206955182">
        <ele>94.27234689053148</ele>
        <time>2023-07-11T01:20:59Z</time>
        <extensions>
          <gpxtpx:TrackPointExtension>
            <gpxtpx:hr>99</gpxtpx:hr>
          </gpxtpx:TrackPointExtension>
        </extensions>
      </trkpt>
      <trkpt lat="22.65045466617344" lon="107.60434715895784">
        <ele>94.27750441711396</ele>
        <time>2023-07-11T01:21:00Z</time>
        <extensions>
          <gpxtpx:TrackPointExtension>
            <gpxtpx:hr>107</gpxtpx:hr>
          </gpxtpx:TrackPointExtension>
        </extensions>
      </trkpt>
      <trkpt lat="22.650454301705718" lon="107.60434160761444">
        <ele>94.28194019384682</ele>
        <time>2023-07-11T01:21:01Z</time>
        <extensions>
          <gpxtpx:TrackPointExtension>
            <gpxtpx:hr>107</gpxtpx:hr>
          </gpxtpx:TrackPointExtension>
        </extensions>
      </trkpt>
      <trkpt lat="22.650452861124016" lon="107.60433576694538">
        <ele>94.28550176415592</ele>
        <time>2023-07-11T01:21:02Z</time>
        <extensions>
          <gpxtpx:TrackPointExtension>
            <gpxtpx:hr>107</gpxtpx:hr>
          </gpxtpx:TrackPointExtension>
        </extensions>
      </trkpt>
      <trkpt lat="22.650451073888643" lon="107.60433031250803">
        <ele>94.2881860313937</ele>
        <time>2023-07-11T01:21:03Z</time>
        <extensions>
          <gpxtpx:TrackPointExtension>
            <gpxtpx:hr>107</gpxtpx:hr>
          </gpxtpx:TrackPointExtension>
        </extensions>
      </trkpt>
      <trkpt lat="22.650449552163924" lon="107.60432587262406">
        <ele>94.29008674994111</ele>
        <time>2023-07-11T01:21:04Z</time>
        <extensions>
          <gpxtpx:TrackPointExtension>
            <gpxtpx:hr>107</gpxtpx:hr>
          </gpxtpx:TrackPointExtension>
        </extensions>
      </trkpt>
      <trkpt lat="22.650448207459917" lon="107.60432257865769">
        <ele>94.29091157019138</ele>
        <time>2023-07-11T01:21:05Z</time>
        <extensions>
          <gpxtpx:TrackPointExtension>
            <gpxtpx:hr>107</gpxtpx:hr>
          </gpxtpx:TrackPointExtension>
        </extensions>
      </trkpt>
      <trkpt lat="22.650447242170785" lon="107.60432030988136">
        <ele>94.29615542851388</ele>
        <time>2023-07-11T01:21:06Z</time>
        <extensions>
          <gpxtpx:TrackPointExtension>
            <gpxtpx:hr>107</gpxtpx:hr>
          </gpxtpx:TrackPointExtension>
        </extensions>
      </trkpt>
      <trkpt lat="22.650446398047237" lon="107.60431876785519">
        <ele>94.30267950054258</ele>
        <time>2023-07-11T01:21:07Z</time>
        <extensions>
          <gpxtpx:TrackPointExtension>
            <gpxtpx:hr>110</gpxtpx:hr>
          </gpxtpx:TrackPointExtension>
        </extensions>
      </trkpt>
      <trkpt lat="22.650445635785307" lon="107.60431772145083">
        <ele>94.31016348395497</ele>
        <time>2023-07-11T01:21:08Z</time>
        <extensions>
          <gpxtpx:TrackPointExtension>
            <gpxtpx:hr>110</gpxtpx:hr>
          </gpxtpx:TrackPointExtension>
        </extensions>
      </trkpt>
      <trkpt lat="22.650444762308126" lon="107.604316912784">
        <ele>94.31871266569942</ele>
        <time>2023-07-11T01:21:09Z</time>
        <extensions>
          <gpxtpx:TrackPointExtension>
            <gpxtpx:hr>110</gpxtpx:hr>
          </gpxtpx:TrackPointExtension>
        </extensions>
      </trkpt>
      <trkpt lat="22.65044347483088" lon="107.6043159837607">
        <ele>94.32592487614602</ele>
        <time>2023-07-11T01:21:10Z</time>
        <extensions>
          <gpxtpx:TrackPointExtension>
            <gpxtpx:hr>110</gpxtpx:hr>
          </gpxtpx:TrackPointExtension>
        </extensions>
      </trkpt>
      <trkpt lat="22.650441617837107" lon="107.60431488865882">
        <ele>94.33329007122666</ele>
        <time>2023-07-11T01:21:11Z</time>
        <extensions>
          <gpxtpx:TrackPointExtension>
            <gpxtpx:hr>110</gpxtpx:hr>
          </gpxtpx:TrackPointExtension>
        </extensions>
      </trkpt>
      <trkpt lat="22.650438748912688" lon="107.60431341161029">
        <ele>94.34104621224105</ele>
        <time>2023-07-11T01:21:12Z</time>
        <extensions>
          <gpxtpx:TrackPointExtension>
            <gpxtpx:hr>110</gpxtpx:hr>
          </gpxtpx:TrackPointExtension>
        </extensions>
      </trkpt>
      <trkpt lat="22.650434425712536" lon="107.60431129660125">
        <ele>94.34911470673978</ele>
        <time>2023-07-11T01:21:13Z</time>
        <extensions>
          <gpxtpx:TrackPointExtension>
            <gpxtpx:hr>110</gpxtpx:hr>
          </gpxtpx:TrackPointExtension>
        </extensions>
      </trkpt>
      <trkpt lat="22.650429084187724" lon="107.60430817335804">
        <ele>94.35882260929793</ele>
        <time>2023-07-11T01:21:14Z</time>
        <extensions>
          <gpxtpx:TrackPointExtension>
            <gpxtpx:hr>101</gpxtpx:hr>
          </gpxtpx:TrackPointExtension>
        </extensions>
      </trkpt>
      <trkpt lat="22.650423070150445" lon="107.60430439715299">
        <ele>94.36875275988132</ele>
        <time>2023-07-11T01:21:15Z</time>
        <extensions>
          <gpxtpx:TrackPointExtension>
            <gpxtpx:hr>101</gpxtpx:hr>
          </gpxtpx:TrackPointExtension>
        </extensions>
      </trkpt>
      <trkpt lat="22.65041739279193" lon="107.6043000172865">
        <ele>94.37767412420362</ele>
        <time>2023-07-11T01:21:16Z</time>
        <extensions>
          <gpxtpx:TrackPointExtension>
            <gpxtpx:hr>101</gpxtpx:hr>
          </gpxtpx:TrackPointExtension>
        </extensions>
      </trkpt>
      <trkpt lat="22.650413122410473" lon="107.6042955071689">
        <ele>94.38780601043254</ele>
        <time>2023-07-11T01:21:17Z</time>
        <extensions>
          <gpxtpx:TrackPointExtension>
            <gpxtpx:hr>101</gpxtpx:hr>
          </gpxtpx:TrackPointExtension>
        </extensions>
      </trkpt>
      <trkpt lat="22.65041069714871" lon="107.6042907906702">
        <ele>94.39596926700324</ele>
        <time>2023-07-11T01:21:18Z</time>
        <extensions>
          <gpxtpx:TrackPointExtension>
            <gpxtpx:hr>101</gpxtpx:hr>
          </gpxtpx:TrackPointExtension>
        </extensions>
      </trkpt>
      <trkpt lat="22.650409528136453" lon="107.60428531127091">
        <ele>94.40149869490415</ele>
        <time>2023-07-11T01:21:19Z</time>
        <extensions>
          <gpxtpx:TrackPointExtension>
            <gpxtpx:hr>101</gpxtpx:hr>
          </gpxtpx:TrackPointExtension>
        </extensions>
      </trkpt>
      <trkpt lat="22.650409081883552" lon="107.6042783083781">
        <ele>94.40665960498154</ele>
        <time>2023-07-11T01:21:20Z</time>
        <extensions>
          <gpxtpx:TrackPointExtension>
            <gpxtpx:hr>101</gpxtpx:hr>
          </gpxtpx:TrackPointExtension>
        </extensions>
      </trkpt>
      <trkpt lat="22.65040908375959" lon="107.60426980975666">
        <ele>94.41063148062676</ele>
        <time>2023-07-11T01:21:21Z</time>
        <extensions>
          <gpxtpx:TrackPointExtension>
            <gpxtpx:hr>101</gpxtpx:hr>
          </gpxtpx:TrackPointExtension>
        </extensions>
      </trkpt>
      <trkpt lat="22.650409403290816" lon="107.60426021137741">
        <ele>94.41579156182706</ele>
        <time>2023-07-11T01:21:22Z</time>
        <extensions>
          <gpxtpx:TrackPointExtension>
            <gpxtpx:hr>102</gpxtpx:hr>
          </gpxtpx:TrackPointExtension>
        </extensions>
      </trkpt>
      <trkpt lat="22.65040980862554" lon="107.60424951942441">
        <ele>94.42019869666547</ele>
        <time>2023-07-11T01:21:23Z</time>
        <extensions>
          <gpxtpx:TrackPointExtension>
            <gpxtpx:hr>102</gpxtpx:hr>
          </gpxtpx:TrackPointExtension>
        </extensions>
      </trkpt>
      <trkpt lat="22.65040991415427" lon="107.60423764030881">
        <ele>94.4196238592267</ele>
        <time>2023-07-11T01:21:24Z</time>
        <extensions>
          <gpxtpx:TrackPointExtension>
            <gpxtpx:hr>102</gpxtpx:hr>
          </gpxtpx:TrackPointExtension>
        </extensions>
      </trkpt>
      <trkpt lat="22.65040977666294" lon="107.60422550291922">
        <ele>94.41490345820785</ele>
        <time>2023-07-11T01:21:25Z</time>
        <extensions>
          <gpxtpx:TrackPointExtension>
            <gpxtpx:hr>102</gpxtpx:hr>
          </gpxtpx:TrackPointExtension>
        </extensions>
      </trkpt>
      <trkpt lat="22.65040971274183" lon="107.60421517360544">
        <ele>94.4103854233399</ele>
        <time>2023-07-11T01:21:26Z</time>
        <extensions>
          <gpxtpx:TrackPointExtension>
            <gpxtpx:hr>102</gpxtpx:hr>
          </gpxtpx:TrackPointExtension>
        </extensions>
      </trkpt>
      <trkpt lat="22.650410167302542" lon="107.60420829296066">
        <ele>94.40979101974517</ele>
        <time>2023-07-11T01:21:27Z</time>
        <extensions>
          <gpxtpx:TrackPointExtension>
            <gpxtpx:hr>102</gpxtpx:hr>
          </gpxtpx:TrackPointExtension>
        </extensions>
      </trkpt>
      <trkpt lat="22.65041182344127" lon="107.60420554605783">
        <ele>94.40648479480296</ele>
        <time>2023-07-11T01:21:28Z</time>
        <extensions>
          <gpxtpx:TrackPointExtension>
            <gpxtpx:hr>103</gpxtpx:hr>
          </gpxtpx:TrackPointExtension>
        </extensions>
      </trkpt>
      <trkpt lat="22.65041518498614" lon="107.6042069374013">
        <ele>94.40166485309601</ele>
        <time>2023-07-11T01:21:29Z</time>
        <extensions>
          <gpxtpx:TrackPointExtension>
            <gpxtpx:hr>103</gpxtpx:hr>
          </gpxtpx:TrackPointExtension>
        </extensions>
      </trkpt>
      <trkpt lat="22.650420190488457" lon="107.60421215584951">
        <ele>94.39105640724301</ele>
        <time>2023-07-11T01:21:30Z</time>
        <extensions>
          <gpxtpx:TrackPointExtension>
            <gpxtpx:hr>103</gpxtpx:hr>
          </gpxtpx:TrackPointExtension>
        </extensions>
      </trkpt>
      <trkpt lat="22.65042607521112" lon="107.60422097872187">
        <ele>94.37975882645696</ele>
        <time>2023-07-11T01:21:31Z</time>
        <extensions>
          <gpxtpx:TrackPointExtension>
            <gpxtpx:hr>103</gpxtpx:hr>
          </gpxtpx:TrackPointExtension>
        </extensions>
      </trkpt>
      <trkpt lat="22.650431829652973" lon="107.60423303349555">
        <ele>94.36594439763576</ele>
        <time>2023-07-11T01:21:32Z</time>
        <extensions>
          <gpxtpx:TrackPointExtension>
            <gpxtpx:hr>103</gpxtpx:hr>
          </gpxtpx:TrackPointExtension>
        </extensions>
      </trkpt>
      <trkpt lat="22.6504365672798" lon="107.60424812257965">
        <ele>94.35298187378794</ele>
        <time>2023-07-11T01:21:33Z</time>
        <extensions>
          <gpxtpx:TrackPointExtension>
            <gpxtpx:hr>103</gpxtpx:hr>
          </gpxtpx:TrackPointExtension>
        </extensions>
      </trkpt>
      <trkpt lat="22.650439526361797" lon="107.60426621015453">
        <ele>94.33855260163546</ele>
        <time>2023-07-11T01:21:34Z</time>
        <extensions>
          <gpxtpx:TrackPointExtension>
            <gpxtpx:hr>103</gpxtpx:hr>
          </gpxtpx:TrackPointExtension>
        </extensions>
      </trkpt>
      <trkpt lat="22.650439989811208" lon="107.60428630510158">
        <ele>94.32392379362136</ele>
        <time>2023-07-11T01:21:35Z</time>
        <extensions>
          <gpxtpx:TrackPointExtension>
            <gpxtpx:hr>103</gpxtpx:hr>
          </gpxtpx:TrackPointExtension>
        </extensions>
      </trkpt>
      <trkpt lat="22.65043785933906" lon="107.60430739134586">
        <ele>94.30758040491492</ele>
        <time>2023-07-11T01:21:36Z</time>
        <extensions>
          <gpxtpx:TrackPointExtension>
            <gpxtpx:hr>103</gpxtpx:hr>
          </gpxtpx:TrackPointExtension>
        </extensions>
      </trkpt>
      <trkpt lat="22.650433738409813" lon="107.60432941731237">
        <ele>94.2948649590835</ele>
        <time>2023-07-11T01:21:37Z</time>
        <extensions>
          <gpxtpx:TrackPointExtension>
            <gpxtpx:hr>103</gpxtpx:hr>
          </gpxtpx:TrackPointExtension>
        </extensions>
      </trkpt>
      <trkpt lat="22.650427862531888" lon="107.6043521038802">
        <ele>94.28443528246135</ele>
        <time>2023-07-11T01:21:38Z</time>
        <extensions>
          <gpxtpx:TrackPointExtension>
            <gpxtpx:hr>103</gpxtpx:hr>
          </gpxtpx:TrackPointExtension>
        </extensions>
      </trkpt>
      <trkpt lat="22.650419997022777" lon="107.60437449794348">
        <ele>94.27641985565424</ele>
        <time>2023-07-11T01:21:39Z</time>
        <extensions>
          <gpxtpx:TrackPointExtension>
            <gpxtpx:hr>103</gpxtpx:hr>
          </gpxtpx:TrackPointExtension>
        </extensions>
      </trkpt>
      <trkpt lat="22.65040995583492" lon="107.60439589512518">
        <ele>94.27151844929904</ele>
        <time>2023-07-11T01:21:40Z</time>
        <extensions>
          <gpxtpx:TrackPointExtension>
            <gpxtpx:hr>103</gpxtpx:hr>
          </gpxtpx:TrackPointExtension>
        </extensions>
      </trkpt>
      <trkpt lat="22.650397872980673" lon="107.60441546744192">
        <ele>94.26820994727314</ele>
        <time>2023-07-11T01:21:41Z</time>
        <extensions>
          <gpxtpx:TrackPointExtension>
            <gpxtpx:hr>103</gpxtpx:hr>
          </gpxtpx:TrackPointExtension>
        </extensions>
      </trkpt>
      <trkpt lat="22.650383971008885" lon="107.60443184745316">
        <ele>94.27496600616723</ele>
        <time>2023-07-11T01:21:42Z</time>
        <extensions>
          <gpxtpx:TrackPointExtension>
            <gpxtpx:hr>103</gpxtpx:hr>
          </gpxtpx:TrackPointExtension>
        </extensions>
      </trkpt>
      <trkpt lat="22.650368831393827" lon="107.60444391452143">
        <ele>94.28621013183147</ele>
        <time>2023-07-11T01:21:43Z</time>
        <extensions>
          <gpxtpx:TrackPointExtension>
            <gpxtpx:hr>103</gpxtpx:hr>
          </gpxtpx:TrackPointExtension>
        </extensions>
      </trkpt>
      <trkpt lat="22.650353630510345" lon="107.60445109298925">
        <ele>94.29877014737576</ele>
        <time>2023-07-11T01:21:44Z</time>
        <extensions>
          <gpxtpx:TrackPointExtension>
            <gpxtpx:hr>103</gpxtpx:hr>
          </gpxtpx:TrackPointExtension>
        </extensions>
      </trkpt>
      <trkpt lat="22.650339309376907" lon="107.60445364398564">
        <ele>94.32065731287003</ele>
        <time>2023-07-11T01:21:45Z</time>
        <extensions>
          <gpxtpx:TrackPointExtension>
            <gpxtpx:hr>82</gpxtpx:hr>
          </gpxtpx:TrackPointExtension>
        </extensions>
      </trkpt>
      <trkpt lat="22.6503269856134" lon="107.60445189666693">
        <ele>94.34103457443416</ele>
        <time>2023-07-11T01:21:46Z</time>
        <extensions>
          <gpxtpx:TrackPointExtension>
            <gpxtpx:hr>82</gpxtpx:hr>
          </gpxtpx:TrackPointExtension>
        </extensions>
      </trkpt>
      <trkpt lat="22.650317450192798" lon="107.60444649461071">
        <ele>94.36586499307305</ele>
        <time>2023-07-11T01:21:47Z</time>
        <extensions>
          <gpxtpx:TrackPointExtension>
            <gpxtpx:hr>82</gpxtpx:hr>
          </gpxtpx:TrackPointExtension>
        </extensions>
      </trkpt>
      <trkpt lat="22.65031088420783" lon="107.60443833111053">
        <ele>94.39150900021195</ele>
        <time>2023-07-11T01:21:48Z</time>
        <extensions>
          <gpxtpx:TrackPointExtension>
            <gpxtpx:hr>82</gpxtpx:hr>
          </gpxtpx:TrackPointExtension>
        </extensions>
      </trkpt>
      <trkpt lat="22.6503073217465" lon="107.6044280062986">
        <ele>94.42053733766079</ele>
        <time>2023-07-11T01:21:49Z</time>
        <extensions>
          <gpxtpx:TrackPointExtension>
            <gpxtpx:hr>82</gpxtpx:hr>
          </gpxtpx:TrackPointExtension>
        </extensions>
      </trkpt>
      <trkpt lat="22.650306319197494" lon="107.60441644086438">
        <ele>94.44866656791419</ele>
        <time>2023-07-11T01:21:50Z</time>
        <extensions>
          <gpxtpx:TrackPointExtension>
            <gpxtpx:hr>82</gpxtpx:hr>
          </gpxtpx:TrackPointExtension>
        </extensions>
      </trkpt>
      <trkpt lat="22.650307414802167" lon="107.60440404102789">
        <ele>94.47748800553381</ele>
        <time>2023-07-11T01:21:51Z</time>
        <extensions>
          <gpxtpx:TrackPointExtension>
            <gpxtpx:hr>82</gpxtpx:hr>
          </gpxtpx:TrackPointExtension>
        </extensions>
      </trkpt>
      <trkpt lat="22.650309830451963" lon="107.6043917412063">
        <ele>94.50740471296012</ele>
        <time>2023-07-11T01:21:52Z</time>
        <extensions>
          <gpxtpx:TrackPointExtension>
            <gpxtpx:hr>82</gpxtpx:hr>
          </gpxtpx:TrackPointExtension>
        </extensions>
      </trkpt>
      <trkpt lat="22.650312331623578" lon="107.60438083787542">
        <ele>94.5435972046107</ele>
        <time>2023-07-11T01:21:53Z</time>
        <extensions>
          <gpxtpx:TrackPointExtension>
            <gpxtpx:hr>82</gpxtpx:hr>
          </gpxtpx:TrackPointExtension>
        </extensions>
      </trkpt>
      <trkpt lat="22.650313353620355" lon="107.60437266548769">
        <ele>94.5717085627839</ele>
        <time>2023-07-11T01:21:54Z</time>
        <extensions>
          <gpxtpx:TrackPointExtension>
            <gpxtpx:hr>83</gpxtpx:hr>
          </gpxtpx:TrackPointExtension>
        </extensions>
      </trkpt>
      <trkpt lat="22.65031261490689" lon="107.60436773643337">
        <ele>94.6020179335028</ele>
        <time>2023-07-11T01:21:55Z</time>
        <extensions>
          <gpxtpx:TrackPointExtension>
            <gpxtpx:hr>83</gpxtpx:hr>
          </gpxtpx:TrackPointExtension>
        </extensions>
      </trkpt>
      <trkpt lat="22.650309564553407" lon="107.60436542474015">
        <ele>94.63128518033773</ele>
        <time>2023-07-11T01:21:56Z</time>
        <extensions>
          <gpxtpx:TrackPointExtension>
            <gpxtpx:hr>83</gpxtpx:hr>
          </gpxtpx:TrackPointExtension>
        </extensions>
      </trkpt>
      <trkpt lat="22.65030437528064" lon="107.60436478244226">
        <ele>94.65663873311132</ele>
        <time>2023-07-11T01:21:57Z</time>
        <extensions>
          <gpxtpx:TrackPointExtension>
            <gpxtpx:hr>85</gpxtpx:hr>
          </gpxtpx:TrackPointExtension>
        </extensions>
      </trkpt>
      <trkpt lat="22.65029719693846" lon="107.6043649096626">
        <ele>94.68262523878366</ele>
        <time>2023-07-11T01:21:58Z</time>
        <extensions>
          <gpxtpx:TrackPointExtension>
            <gpxtpx:hr>85</gpxtpx:hr>
          </gpxtpx:TrackPointExtension>
        </extensions>
      </trkpt>
      <trkpt lat="22.65028851815901" lon="107.60436525021785">
        <ele>94.71244200877845</ele>
        <time>2023-07-11T01:21:59Z</time>
        <extensions>
          <gpxtpx:TrackPointExtension>
            <gpxtpx:hr>85</gpxtpx:hr>
          </gpxtpx:TrackPointExtension>
        </extensions>
      </trkpt>
      <trkpt lat="22.65027881090373" lon="107.6043656289116">
        <ele>94.73775666765869</ele>
        <time>2023-07-11T01:22:00Z</time>
        <extensions>
          <gpxtpx:TrackPointExtension>
            <gpxtpx:hr>85</gpxtpx:hr>
          </gpxtpx:TrackPointExtension>
        </extensions>
      </trkpt>
      <trkpt lat="22.650268474507055" lon="107.60436622867206">
        <ele>94.7648230548948</ele>
        <time>2023-07-11T01:22:01Z</time>
        <extensions>
          <gpxtpx:TrackPointExtension>
            <gpxtpx:hr>85</gpxtpx:hr>
          </gpxtpx:TrackPointExtension>
        </extensions>
      </trkpt>
      <trkpt lat="22.65025801080984" lon="107.60436702189214">
        <ele>94.7921407809481</ele>
        <time>2023-07-11T01:22:02Z</time>
        <extensions>
          <gpxtpx:TrackPointExtension>
            <gpxtpx:hr>91</gpxtpx:hr>
          </gpxtpx:TrackPointExtension>
        </extensions>
      </trkpt>
      <trkpt lat="22.650248211897836" lon="107.6043680869483">
        <ele>94.81893376260996</ele>
        <time>2023-07-11T01:22:03Z</time>
        <extensions>
          <gpxtpx:TrackPointExtension>
            <gpxtpx:hr>91</gpxtpx:hr>
          </gpxtpx:TrackPointExtension>
        </extensions>
      </trkpt>
      <trkpt lat="22.650239846431248" lon="107.60436899409757">
        <ele>94.84365222137421</ele>
        <time>2023-07-11T01:22:04Z</time>
        <extensions>
          <gpxtpx:TrackPointExtension>
            <gpxtpx:hr>91</gpxtpx:hr>
          </gpxtpx:TrackPointExtension>
        </extensions>
      </trkpt>
      <trkpt lat="22.650233209280533" lon="107.6043690814378">
        <ele>94.86593521758914</ele>
        <time>2023-07-11T01:22:05Z</time>
        <extensions>
          <gpxtpx:TrackPointExtension>
            <gpxtpx:hr>91</gpxtpx:hr>
          </gpxtpx:TrackPointExtension>
        </extensions>
      </trkpt>
      <trkpt lat="22.650227865847064" lon="107.6043684416189">
        <ele>94.89076503366232</ele>
        <time>2023-07-11T01:22:06Z</time>
        <extensions>
          <gpxtpx:TrackPointExtension>
            <gpxtpx:hr>91</gpxtpx:hr>
          </gpxtpx:TrackPointExtension>
        </extensions>
      </trkpt>
      <trkpt lat="22.650223926291364" lon="107.60436722075747">
        <ele>94.9151130868122</ele>
        <time>2023-07-11T01:22:07Z</time>
        <extensions>
          <gpxtpx:TrackPointExtension>
            <gpxtpx:hr>90</gpxtpx:hr>
          </gpxtpx:TrackPointExtension>
        </extensions>
      </trkpt>
      <trkpt lat="22.650221316367794" lon="107.60436520614273">
        <ele>94.93891374021769</ele>
        <time>2023-07-11T01:22:08Z</time>
        <extensions>
          <gpxtpx:TrackPointExtension>
            <gpxtpx:hr>90</gpxtpx:hr>
          </gpxtpx:TrackPointExtension>
        </extensions>
      </trkpt>
      <trkpt lat="22.65021999244046" lon="107.60436189212602">
        <ele>94.95810052286834</ele>
        <time>2023-07-11T01:22:09Z</time>
        <extensions>
          <gpxtpx:TrackPointExtension>
            <gpxtpx:hr>90</gpxtpx:hr>
          </gpxtpx:TrackPointExtension>
        </extensions>
      </trkpt>
      <trkpt lat="22.650219703453416" lon="107.60435741211187">
        <ele>94.97841136995703</ele>
        <time>2023-07-11T01:22:10Z</time>
        <extensions>
          <gpxtpx:TrackPointExtension>
            <gpxtpx:hr>90</gpxtpx:hr>
          </gpxtpx:TrackPointExtension>
        </extensions>
      </trkpt>
      <trkpt lat="22.650220318130714" lon="107.60435205017151">
        <ele>95.00078911241144</ele>
        <time>2023-07-11T01:22:11Z</time>
        <extensions>
          <gpxtpx:TrackPointExtension>
            <gpxtpx:hr>90</gpxtpx:hr>
          </gpxtpx:TrackPointExtension>
        </extensions>
      </trkpt>
      <trkpt lat="22.65022170824939" lon="107.60434631152198">
        <ele>95.02203750237823</ele>
        <time>2023-07-11T01:22:12Z</time>
        <extensions>
          <gpxtpx:TrackPointExtension>
            <gpxtpx:hr>100</gpxtpx:hr>
          </gpxtpx:TrackPointExtension>
        </extensions>
      </trkpt>
      <trkpt lat="22.65022390611508" lon="107.6043398037222">
        <ele>95.04314626194537</ele>
        <time>2023-07-11T01:22:13Z</time>
        <extensions>
          <gpxtpx:TrackPointExtension>
            <gpxtpx:hr>100</gpxtpx:hr>
          </gpxtpx:TrackPointExtension>
        </extensions>
      </trkpt>
      <trkpt lat="22.650227127097384" lon="107.60433160554996">
        <ele>95.06444040220231</ele>
        <time>2023-07-11T01:22:14Z</time>
        <extensions>
          <gpxtpx:TrackPointExtension>
            <gpxtpx:hr>100</gpxtpx:hr>
          </gpxtpx:TrackPointExtension>
        </extensions>
      </trkpt>
      <trkpt lat="22.650230974787398" lon="107.6043226294422">
        <ele>95.08609408326447</ele>
        <time>2023-07-11T01:22:15Z</time>
        <extensions>
          <gpxtpx:TrackPointExtension>
            <gpxtpx:hr>100</gpxtpx:hr>
          </gpxtpx:TrackPointExtension>
        </extensions>
      </trkpt>
      <trkpt lat="22.650234755848324" lon="107.60431422370098">
        <ele>95.1115255318582</ele>
        <time>2023-07-11T01:22:16Z</time>
        <extensions>
          <gpxtpx:TrackPointExtension>
            <gpxtpx:hr>100</gpxtpx:hr>
          </gpxtpx:TrackPointExtension>
        </extensions>
      </trkpt>
      <trkpt lat="22.650238068393758" lon="107.60430703594562">
        <ele>95.1326757920906</ele>
        <time>2023-07-11T01:22:17Z</time>
        <extensions>
          <gpxtpx:TrackPointExtension>
            <gpxtpx:hr>100</gpxtpx:hr>
          </gpxtpx:TrackPointExtension>
        </extensions>
      </trkpt>
      <trkpt lat="22.650240942579845" lon="107.60430086223302">
        <ele>95.14907098654658</ele>
        <time>2023-07-11T01:22:18Z</time>
        <extensions>
          <gpxtpx:TrackPointExtension>
            <gpxtpx:hr>100</gpxtpx:hr>
          </gpxtpx:TrackPointExtension>
        </extensions>
      </trkpt>
      <trkpt lat="22.650243546680883" lon="107.60429528881889">
        <ele>95.16087462380528</ele>
        <time>2023-07-11T01:22:19Z</time>
        <extensions>
          <gpxtpx:TrackPointExtension>
            <gpxtpx:hr>100</gpxtpx:hr>
          </gpxtpx:TrackPointExtension>
        </extensions>
      </trkpt>
      <trkpt lat="22.650245918808256" lon="107.60429023757568">
        <ele>95.16811981238425</ele>
        <time>2023-07-11T01:22:20Z</time>
        <extensions>
          <gpxtpx:TrackPointExtension>
            <gpxtpx:hr>100</gpxtpx:hr>
          </gpxtpx:TrackPointExtension>
        </extensions>
      </trkpt>
      <trkpt lat="22.650247930997168" lon="107.60428598810226">
        <ele>95.1707596052438</ele>
        <time>2023-07-11T01:22:21Z</time>
        <extensions>
          <gpxtpx:TrackPointExtension>
            <gpxtpx:hr>100</gpxtpx:hr>
          </gpxtpx:TrackPointExtension>
        </extensions>
      </trkpt>
      <trkpt lat="22.650249404995876" lon="107.60428290039046">
        <ele>95.16849004290998</ele>
        <time>2023-07-11T01:22:22Z</time>
        <extensions>
          <gpxtpx:TrackPointExtension>
            <gpxtpx:hr>104</gpxtpx:hr>
          </gpxtpx:TrackPointExtension>
        </extensions>
      </trkpt>
      <trkpt lat="22.650250337995317" lon="107.60428095973191">
        <ele>95.16125007625669</ele>
        <time>2023-07-11T01:22:23Z</time>
        <extensions>
          <gpxtpx:TrackPointExtension>
            <gpxtpx:hr>104</gpxtpx:hr>
          </gpxtpx:TrackPointExtension>
        </extensions>
      </trkpt>
      <trkpt lat="22.650250924071106" lon="107.60427974512044">
        <ele>95.14940003678203</ele>
        <time>2023-07-11T01:22:24Z</time>
        <extensions>
          <gpxtpx:TrackPointExtension>
            <gpxtpx:hr>104</gpxtpx:hr>
          </gpxtpx:TrackPointExtension>
        </extensions>
      </trkpt>
      <trkpt lat="22.6502513028706" lon="107.60427895884301">
        <ele>95.13283542823046</ele>
        <time>2023-07-11T01:22:26Z</time>
        <extensions>
          <gpxtpx:TrackPointExtension>
            <gpxtpx:hr>104</gpxtpx:hr>
          </gpxtpx:TrackPointExtension>
        </extensions>
      </trkpt>
      <trkpt lat="22.650251533234638" lon="107.60427847708972">
        <ele>95.11436932720244</ele>
        <time>2023-07-11T01:22:27Z</time>
        <extensions>
          <gpxtpx:TrackPointExtension>
            <gpxtpx:hr>104</gpxtpx:hr>
          </gpxtpx:TrackPointExtension>
        </extensions>
      </trkpt>
      <trkpt lat="22.65025172890101" lon="107.60427806463893">
        <ele>95.09511612914503</ele>
        <time>2023-07-11T01:22:28Z</time>
        <extensions>
          <gpxtpx:TrackPointExtension>
            <gpxtpx:hr>101</gpxtpx:hr>
          </gpxtpx:TrackPointExtension>
        </extensions>
      </trkpt>
      <trkpt lat="22.65025255248187" lon="107.6042769545783">
        <ele>95.07755843084306</ele>
        <time>2023-07-11T01:22:29Z</time>
        <extensions>
          <gpxtpx:TrackPointExtension>
            <gpxtpx:hr>101</gpxtpx:hr>
          </gpxtpx:TrackPointExtension>
        </extensions>
      </trkpt>
      <trkpt lat="22.650253420690134" lon="107.60427580500445">
        <ele>95.05856011528522</ele>
        <time>2023-07-11T01:22:30Z</time>
        <extensions>
          <gpxtpx:TrackPointExtension>
            <gpxtpx:hr>101</gpxtpx:hr>
          </gpxtpx:TrackPointExtension>
        </extensions>
      </trkpt>
      <trkpt lat="22.650254309251487" lon="107.6042742272885">
        <ele>95.04287306033075</ele>
        <time>2023-07-11T01:22:31Z</time>
        <extensions>
          <gpxtpx:TrackPointExtension>
            <gpxtpx:hr>101</gpxtpx:hr>
          </gpxtpx:TrackPointExtension>
        </extensions>
      </trkpt>
      <trkpt lat="22.650255134206866" lon="107.60427220698413">
        <ele>95.03489600494504</ele>
        <time>2023-07-11T01:22:32Z</time>
        <extensions>
          <gpxtpx:TrackPointExtension>
            <gpxtpx:hr>101</gpxtpx:hr>
          </gpxtpx:TrackPointExtension>
        </extensions>
      </trkpt>
      <trkpt lat="22.650256022951055" lon="107.6042701979357">
        <ele>95.02552804071456</ele>
        <time>2023-07-11T01:22:33Z</time>
        <extensions>
          <gpxtpx:TrackPointExtension>
            <gpxtpx:hr>105</gpxtpx:hr>
          </gpxtpx:TrackPointExtension>
        </extensions>
      </trkpt>
      <trkpt lat="22.650256917668568" lon="107.60426810727289">
        <ele>95.01470089331269</ele>
        <time>2023-07-11T01:22:34Z</time>
        <extensions>
          <gpxtpx:TrackPointExtension>
            <gpxtpx:hr>105</gpxtpx:hr>
          </gpxtpx:TrackPointExtension>
        </extensions>
      </trkpt>
      <trkpt lat="22.65025784317679" lon="107.60426573101878">
        <ele>95.00756406970322</ele>
        <time>2023-07-11T01:22:35Z</time>
        <extensions>
          <gpxtpx:TrackPointExtension>
            <gpxtpx:hr>105</gpxtpx:hr>
          </gpxtpx:TrackPointExtension>
        </extensions>
      </trkpt>
      <trkpt lat="22.65025881813601" lon="107.60426307388069">
        <ele>95.00171072222292</ele>
        <time>2023-07-11T01:22:36Z</time>
        <extensions>
          <gpxtpx:TrackPointExtension>
            <gpxtpx:hr>105</gpxtpx:hr>
          </gpxtpx:TrackPointExtension>
        </extensions>
      </trkpt>
      <trkpt lat="22.650259947729833" lon="107.60425956998911">
        <ele>94.99593638535589</ele>
        <time>2023-07-11T01:22:37Z</time>
        <extensions>
          <gpxtpx:TrackPointExtension>
            <gpxtpx:hr>105</gpxtpx:hr>
          </gpxtpx:TrackPointExtension>
        </extensions>
      </trkpt>
      <trkpt lat="22.6502613611801" lon="107.60425497900567">
        <ele>94.98883844073862</ele>
        <time>2023-07-11T01:22:38Z</time>
        <extensions>
          <gpxtpx:TrackPointExtension>
            <gpxtpx:hr>105</gpxtpx:hr>
          </gpxtpx:TrackPointExtension>
        </extensions>
      </trkpt>
      <trkpt lat="22.65026322868039" lon="107.60424789009723">
        <ele>94.98614771384746</ele>
        <time>2023-07-11T01:22:39Z</time>
        <extensions>
          <gpxtpx:TrackPointExtension>
            <gpxtpx:hr>102</gpxtpx:hr>
          </gpxtpx:TrackPointExtension>
        </extensions>
      </trkpt>
      <trkpt lat="22.650265362017684" lon="107.60423690828691">
        <ele>94.98835314810276</ele>
        <time>2023-07-11T01:22:40Z</time>
        <extensions>
          <gpxtpx:TrackPointExtension>
            <gpxtpx:hr>102</gpxtpx:hr>
          </gpxtpx:TrackPointExtension>
        </extensions>
      </trkpt>
      <trkpt lat="22.650266811384377" lon="107.60422364018444">
        <ele>94.9928175881505</ele>
        <time>2023-07-11T01:22:41Z</time>
        <extensions>
          <gpxtpx:TrackPointExtension>
            <gpxtpx:hr>102</gpxtpx:hr>
          </gpxtpx:TrackPointExtension>
        </extensions>
      </trkpt>
      <trkpt lat="22.650267833481056" lon="107.60420684570876">
        <ele>94.99683700595051</ele>
        <time>2023-07-11T01:22:42Z</time>
        <extensions>
          <gpxtpx:TrackPointExtension>
            <gpxtpx:hr>103</gpxtpx:hr>
          </gpxtpx:TrackPointExtension>
        </extensions>
      </trkpt>
      <trkpt lat="22.65026791096732" lon="107.60418712012951">
        <ele>95.00489622820169</ele>
        <time>2023-07-11T01:22:43Z</time>
        <extensions>
          <gpxtpx:TrackPointExtension>
            <gpxtpx:hr>103</gpxtpx:hr>
          </gpxtpx:TrackPointExtension>
        </extensions>
      </trkpt>
      <trkpt lat="22.650266627547065" lon="107.60416552167841">
        <ele>95.0159618454054</ele>
        <time>2023-07-11T01:22:44Z</time>
        <extensions>
          <gpxtpx:TrackPointExtension>
            <gpxtpx:hr>103</gpxtpx:hr>
          </gpxtpx:TrackPointExtension>
        </extensions>
      </trkpt>
      <trkpt lat="22.65026359792949" lon="107.60414285906641">
        <ele>95.03606763388962</ele>
        <time>2023-07-11T01:22:45Z</time>
        <extensions>
          <gpxtpx:TrackPointExtension>
            <gpxtpx:hr>103</gpxtpx:hr>
          </gpxtpx:TrackPointExtension>
        </extensions>
      </trkpt>
      <trkpt lat="22.65025801230773" lon="107.60412170822762">
        <ele>95.0684267738834</ele>
        <time>2023-07-11T01:22:46Z</time>
        <extensions>
          <gpxtpx:TrackPointExtension>
            <gpxtpx:hr>103</gpxtpx:hr>
          </gpxtpx:TrackPointExtension>
        </extensions>
      </trkpt>
      <trkpt lat="22.65024981905129" lon="107.60410223174307">
        <ele>95.10496001690626</ele>
        <time>2023-07-11T01:22:47Z</time>
        <extensions>
          <gpxtpx:TrackPointExtension>
            <gpxtpx:hr>104</gpxtpx:hr>
          </gpxtpx:TrackPointExtension>
        </extensions>
      </trkpt>
      <trkpt lat="22.65023967906613" lon="107.60408537580935">
        <ele>95.1517821336165</ele>
        <time>2023-07-11T01:22:48Z</time>
        <extensions>
          <gpxtpx:TrackPointExtension>
            <gpxtpx:hr>104</gpxtpx:hr>
          </gpxtpx:TrackPointExtension>
        </extensions>
      </trkpt>
      <trkpt lat="22.65022846497753" lon="107.60407186358039">
        <ele>95.20819308515638</ele>
        <time>2023-07-11T01:22:49Z</time>
        <extensions>
          <gpxtpx:TrackPointExtension>
            <gpxtpx:hr>104</gpxtpx:hr>
          </gpxtpx:TrackPointExtension>
        </extensions>
      </trkpt>
      <trkpt lat="22.650215666566854" lon="107.6040633418002">
        <ele>95.27408695872873</ele>
        <time>2023-07-11T01:22:50Z</time>
        <extensions>
          <gpxtpx:TrackPointExtension>
            <gpxtpx:hr>104</gpxtpx:hr>
          </gpxtpx:TrackPointExtension>
        </extensions>
      </trkpt>
      <trkpt lat="22.65020256486383" lon="107.60405785929326">
        <ele>95.35539434850216</ele>
        <time>2023-07-11T01:22:51Z</time>
        <extensions>
          <gpxtpx:TrackPointExtension>
            <gpxtpx:hr>104</gpxtpx:hr>
          </gpxtpx:TrackPointExtension>
        </extensions>
      </trkpt>
      <trkpt lat="22.650188526665087" lon="107.60405449711754">
        <ele>95.44774651899934</ele>
        <time>2023-07-11T01:22:52Z</time>
        <extensions>
          <gpxtpx:TrackPointExtension>
            <gpxtpx:hr>104</gpxtpx:hr>
          </gpxtpx:TrackPointExtension>
        </extensions>
      </trkpt>
      <trkpt lat="22.65017293529307" lon="107.60405245209778">
        <ele>95.5606139479205</ele>
        <time>2023-07-11T01:22:53Z</time>
        <extensions>
          <gpxtpx:TrackPointExtension>
            <gpxtpx:hr>104</gpxtpx:hr>
          </gpxtpx:TrackPointExtension>
        </extensions>
      </trkpt>
      <trkpt lat="22.650155697577294" lon="107.60405102655193">
        <ele>95.68248874042183</ele>
        <time>2023-07-11T01:22:54Z</time>
        <extensions>
          <gpxtpx:TrackPointExtension>
            <gpxtpx:hr>90</gpxtpx:hr>
          </gpxtpx:TrackPointExtension>
        </extensions>
      </trkpt>
      <trkpt lat="22.650136638067412" lon="107.60404987391662">
        <ele>95.81479826476425</ele>
        <time>2023-07-11T01:22:55Z</time>
        <extensions>
          <gpxtpx:TrackPointExtension>
            <gpxtpx:hr>90</gpxtpx:hr>
          </gpxtpx:TrackPointExtension>
        </extensions>
      </trkpt>
      <trkpt lat="22.650115394678526" lon="107.60404896337243">
        <ele>95.95499496441334</ele>
        <time>2023-07-11T01:22:56Z</time>
        <extensions>
          <gpxtpx:TrackPointExtension>
            <gpxtpx:hr>90</gpxtpx:hr>
          </gpxtpx:TrackPointExtension>
        </extensions>
      </trkpt>
      <trkpt lat="22.650092077609408" lon="107.60405085413018">
        <ele>96.10504615865648</ele>
        <time>2023-07-11T01:22:57Z</time>
        <extensions>
          <gpxtpx:TrackPointExtension>
            <gpxtpx:hr>90</gpxtpx:hr>
          </gpxtpx:TrackPointExtension>
        </extensions>
      </trkpt>
      <trkpt lat="22.65006935633359" lon="107.60405260377428">
        <ele>96.25791217852384</ele>
        <time>2023-07-11T01:22:58Z</time>
        <extensions>
          <gpxtpx:TrackPointExtension>
            <gpxtpx:hr>89</gpxtpx:hr>
          </gpxtpx:TrackPointExtension>
        </extensions>
      </trkpt>
      <trkpt lat="22.65004504333889" lon="107.60405612296458">
        <ele>96.41633808985353</ele>
        <time>2023-07-11T01:22:59Z</time>
        <extensions>
          <gpxtpx:TrackPointExtension>
            <gpxtpx:hr>89</gpxtpx:hr>
          </gpxtpx:TrackPointExtension>
        </extensions>
      </trkpt>
      <trkpt lat="22.65002280954231" lon="107.6040597446909">
        <ele>96.58029627613723</ele>
        <time>2023-07-11T01:23:00Z</time>
        <extensions>
          <gpxtpx:TrackPointExtension>
            <gpxtpx:hr>89</gpxtpx:hr>
          </gpxtpx:TrackPointExtension>
        </extensions>
      </trkpt>
      <trkpt lat="22.65000165311103" lon="107.6040641382849">
        <ele>96.74667277839035</ele>
        <time>2023-07-11T01:23:01Z</time>
        <extensions>
          <gpxtpx:TrackPointExtension>
            <gpxtpx:hr>89</gpxtpx:hr>
          </gpxtpx:TrackPointExtension>
        </extensions>
      </trkpt>
      <trkpt lat="22.64998152228326" lon="107.60406829980485">
        <ele>96.91161496378481</ele>
        <time>2023-07-11T01:23:02Z</time>
        <extensions>
          <gpxtpx:TrackPointExtension>
            <gpxtpx:hr>89</gpxtpx:hr>
          </gpxtpx:TrackPointExtension>
        </extensions>
      </trkpt>
      <trkpt lat="22.649962088341184" lon="107.60407098236549">
        <ele>97.07540196273476</ele>
        <time>2023-07-11T01:23:03Z</time>
        <extensions>
          <gpxtpx:TrackPointExtension>
            <gpxtpx:hr>82</gpxtpx:hr>
          </gpxtpx:TrackPointExtension>
        </extensions>
      </trkpt>
      <trkpt lat="22.649925281612166" lon="107.60406282228386">
        <ele>97.23600121214986</ele>
        <time>2023-07-11T01:23:04Z</time>
        <extensions>
          <gpxtpx:TrackPointExtension>
            <gpxtpx:hr>82</gpxtpx:hr>
          </gpxtpx:TrackPointExtension>
        </extensions>
      </trkpt>
      <trkpt lat="22.649895145874424" lon="107.60405133359868">
        <ele>97.38841686025262</ele>
        <time>2023-07-11T01:23:05Z</time>
        <extensions>
          <gpxtpx:TrackPointExtension>
            <gpxtpx:hr>82</gpxtpx:hr>
          </gpxtpx:TrackPointExtension>
        </extensions>
      </trkpt>
      <trkpt lat="22.649870113499592" lon="107.60403574675767">
        <ele>97.53688796050847</ele>
        <time>2023-07-11T01:23:06Z</time>
        <extensions>
          <gpxtpx:TrackPointExtension>
            <gpxtpx:hr>82</gpxtpx:hr>
          </gpxtpx:TrackPointExtension>
        </extensions>
      </trkpt>
      <trkpt lat="22.649851532827103" lon="107.60401938556947">
        <ele>97.68308600597084</ele>
        <time>2023-07-11T01:23:07Z</time>
        <extensions>
          <gpxtpx:TrackPointExtension>
            <gpxtpx:hr>82</gpxtpx:hr>
          </gpxtpx:TrackPointExtension>
        </extensions>
      </trkpt>
      <trkpt lat="22.649836428068703" lon="107.60400495658111">
        <ele>97.83252990432084</ele>
        <time>2023-07-11T01:23:08Z</time>
        <extensions>
          <gpxtpx:TrackPointExtension>
            <gpxtpx:hr>82</gpxtpx:hr>
          </gpxtpx:TrackPointExtension>
        </extensions>
      </trkpt>
      <trkpt lat="22.6498230807659" lon="107.6039934915345">
        <ele>97.98147086240351</ele>
        <time>2023-07-11T01:23:09Z</time>
        <extensions>
          <gpxtpx:TrackPointExtension>
            <gpxtpx:hr>82</gpxtpx:hr>
          </gpxtpx:TrackPointExtension>
        </extensions>
      </trkpt>
      <trkpt lat="22.64981172519351" lon="107.60398092112189">
        <ele>98.12613767385483</ele>
        <time>2023-07-11T01:23:10Z</time>
        <extensions>
          <gpxtpx:TrackPointExtension>
            <gpxtpx:hr>90</gpxtpx:hr>
          </gpxtpx:TrackPointExtension>
        </extensions>
      </trkpt>
      <trkpt lat="22.64980183345355" lon="107.60396636512935">
        <ele>98.27538753394037</ele>
        <time>2023-07-11T01:23:11Z</time>
        <extensions>
          <gpxtpx:TrackPointExtension>
            <gpxtpx:hr>90</gpxtpx:hr>
          </gpxtpx:TrackPointExtension>
        </extensions>
      </trkpt>
      <trkpt lat="22.649793519772796" lon="107.60394938339475">
        <ele>98.41768470965326</ele>
        <time>2023-07-11T01:23:12Z</time>
        <extensions>
          <gpxtpx:TrackPointExtension>
            <gpxtpx:hr>90</gpxtpx:hr>
          </gpxtpx:TrackPointExtension>
        </extensions>
      </trkpt>
      <trkpt lat="22.64978719310192" lon="107.60393263096009">
        <ele>98.55477359518409</ele>
        <time>2023-07-11T01:23:13Z</time>
        <extensions>
          <gpxtpx:TrackPointExtension>
            <gpxtpx:hr>90</gpxtpx:hr>
          </gpxtpx:TrackPointExtension>
        </extensions>
      </trkpt>
      <trkpt lat="22.649782991292774" lon="107.60391879269218">
        <ele>98.69011911377311</ele>
        <time>2023-07-11T01:23:14Z</time>
        <extensions>
          <gpxtpx:TrackPointExtension>
            <gpxtpx:hr>95</gpxtpx:hr>
          </gpxtpx:TrackPointExtension>
        </extensions>
      </trkpt>
      <trkpt lat="22.649781498290128" lon="107.60390620370298">
        <ele>98.81978470645845</ele>
        <time>2023-07-11T01:23:15Z</time>
        <extensions>
          <gpxtpx:TrackPointExtension>
            <gpxtpx:hr>95</gpxtpx:hr>
          </gpxtpx:TrackPointExtension>
        </extensions>
      </trkpt>
      <trkpt lat="22.64978253502528" lon="107.60389961818373">
        <ele>98.93624367378652</ele>
        <time>2023-07-11T01:23:16Z</time>
        <extensions>
          <gpxtpx:TrackPointExtension>
            <gpxtpx:hr>95</gpxtpx:hr>
          </gpxtpx:TrackPointExtension>
        </extensions>
      </trkpt>
      <trkpt lat="22.64978528494192" lon="107.60390407996269">
        <ele>99.03561954479665</ele>
        <time>2023-07-11T01:23:17Z</time>
        <extensions>
          <gpxtpx:TrackPointExtension>
            <gpxtpx:hr>95</gpxtpx:hr>
          </gpxtpx:TrackPointExtension>
        </extensions>
      </trkpt>
      <trkpt lat="22.649788233612632" lon="107.60391889847875">
        <ele>99.11339709721506</ele>
        <time>2023-07-11T01:23:18Z</time>
        <extensions>
          <gpxtpx:TrackPointExtension>
            <gpxtpx:hr>95</gpxtpx:hr>
          </gpxtpx:TrackPointExtension>
        </extensions>
      </trkpt>
      <trkpt lat="22.649790119517526" lon="107.60394543722957">
        <ele>99.167794640176</ele>
        <time>2023-07-11T01:23:19Z</time>
        <extensions>
          <gpxtpx:TrackPointExtension>
            <gpxtpx:hr>96</gpxtpx:hr>
          </gpxtpx:TrackPointExtension>
        </extensions>
      </trkpt>
      <trkpt lat="22.64979063431351" lon="107.60398145430281">
        <ele>99.19895511772484</ele>
        <time>2023-07-11T01:23:20Z</time>
        <extensions>
          <gpxtpx:TrackPointExtension>
            <gpxtpx:hr>96</gpxtpx:hr>
          </gpxtpx:TrackPointExtension>
        </extensions>
      </trkpt>
      <trkpt lat="22.649789669317265" lon="107.60402290018115">
        <ele>99.2053237715736</ele>
        <time>2023-07-11T01:23:21Z</time>
        <extensions>
          <gpxtpx:TrackPointExtension>
            <gpxtpx:hr>96</gpxtpx:hr>
          </gpxtpx:TrackPointExtension>
        </extensions>
      </trkpt>
      <trkpt lat="22.649788194440237" lon="107.60406585674608">
        <ele>99.1908460361883</ele>
        <time>2023-07-11T01:23:22Z</time>
        <extensions>
          <gpxtpx:TrackPointExtension>
            <gpxtpx:hr>95</gpxtpx:hr>
          </gpxtpx:TrackPointExtension>
        </extensions>
      </trkpt>
      <trkpt lat="22.649785888584603" lon="107.60410604189228">
        <ele>99.15681629534811</ele>
        <time>2023-07-11T01:23:23Z</time>
        <extensions>
          <gpxtpx:TrackPointExtension>
            <gpxtpx:hr>95</gpxtpx:hr>
          </gpxtpx:TrackPointExtension>
        </extensions>
      </trkpt>
      <trkpt lat="22.649783799405835" lon="107.6041396580924">
        <ele>99.11091501731426</ele>
        <time>2023-07-11T01:23:24Z</time>
        <extensions>
          <gpxtpx:TrackPointExtension>
            <gpxtpx:hr>95</gpxtpx:hr>
          </gpxtpx:TrackPointExtension>
        </extensions>
      </trkpt>
      <trkpt lat="22.64978221007554" lon="107.60416512117419">
        <ele>99.05496380385011</ele>
        <time>2023-07-11T01:23:25Z</time>
        <extensions>
          <gpxtpx:TrackPointExtension>
            <gpxtpx:hr>95</gpxtpx:hr>
          </gpxtpx:TrackPointExtension>
        </extensions>
      </trkpt>
      <trkpt lat="22.649781380248665" lon="107.60418271569077">
        <ele>98.99675360601395</ele>
        <time>2023-07-11T01:23:26Z</time>
        <extensions>
          <gpxtpx:TrackPointExtension>
            <gpxtpx:hr>93</gpxtpx:hr>
          </gpxtpx:TrackPointExtension>
        </extensions>
      </trkpt>
      <trkpt lat="22.64978028962171" lon="107.60419374059315">
        <ele>98.9358572512865</ele>
        <time>2023-07-11T01:23:27Z</time>
        <extensions>
          <gpxtpx:TrackPointExtension>
            <gpxtpx:hr>93</gpxtpx:hr>
          </gpxtpx:TrackPointExtension>
        </extensions>
      </trkpt>
      <trkpt lat="22.649779105044725" lon="107.6041987472025">
        <ele>98.8763580461964</ele>
        <time>2023-07-11T01:23:28Z</time>
        <extensions>
          <gpxtpx:TrackPointExtension>
            <gpxtpx:hr>93</gpxtpx:hr>
          </gpxtpx:TrackPointExtension>
        </extensions>
      </trkpt>
      <trkpt lat="22.64977717132681" lon="107.60420094299396">
        <ele>98.81793230120093</ele>
        <time>2023-07-11T01:23:29Z</time>
        <extensions>
          <gpxtpx:TrackPointExtension>
            <gpxtpx:hr>93</gpxtpx:hr>
          </gpxtpx:TrackPointExtension>
        </extensions>
      </trkpt>
      <trkpt lat="22.6497741600147" lon="107.60420187525338">
        <ele>98.76192982494831</ele>
        <time>2023-07-11T01:23:30Z</time>
        <extensions>
          <gpxtpx:TrackPointExtension>
            <gpxtpx:hr>93</gpxtpx:hr>
          </gpxtpx:TrackPointExtension>
        </extensions>
      </trkpt>
      <trkpt lat="22.649770159409826" lon="107.60420188110783">
        <ele>98.71071584988385</ele>
        <time>2023-07-11T01:23:31Z</time>
        <extensions>
          <gpxtpx:TrackPointExtension>
            <gpxtpx:hr>93</gpxtpx:hr>
          </gpxtpx:TrackPointExtension>
        </extensions>
      </trkpt>
      <trkpt lat="22.649765356832035" lon="107.60420129791194">
        <ele>98.66685705073178</ele>
        <time>2023-07-11T01:23:32Z</time>
        <extensions>
          <gpxtpx:TrackPointExtension>
            <gpxtpx:hr>93</gpxtpx:hr>
          </gpxtpx:TrackPointExtension>
        </extensions>
      </trkpt>
      <trkpt lat="22.649761066640362" lon="107.60419964408476">
        <ele>98.62951106298715</ele>
        <time>2023-07-11T01:23:33Z</time>
        <extensions>
          <gpxtpx:TrackPointExtension>
            <gpxtpx:hr>103</gpxtpx:hr>
          </gpxtpx:TrackPointExtension>
        </extensions>
      </trkpt>
      <trkpt lat="22.649758178431654" lon="107.60419607522249">
        <ele>98.599264559336</ele>
        <time>2023-07-11T01:23:34Z</time>
        <extensions>
          <gpxtpx:TrackPointExtension>
            <gpxtpx:hr>103</gpxtpx:hr>
          </gpxtpx:TrackPointExtension>
        </extensions>
      </trkpt>
      <trkpt lat="22.649757207336627" lon="107.60419000930646">
        <ele>98.57582885120064</ele>
        <time>2023-07-11T01:23:35Z</time>
        <extensions>
          <gpxtpx:TrackPointExtension>
            <gpxtpx:hr>103</gpxtpx:hr>
          </gpxtpx:TrackPointExtension>
        </extensions>
      </trkpt>
      <trkpt lat="22.64975813756676" lon="107.6041813822601">
        <ele>98.5584528921172</ele>
        <time>2023-07-11T01:23:36Z</time>
        <extensions>
          <gpxtpx:TrackPointExtension>
            <gpxtpx:hr>103</gpxtpx:hr>
          </gpxtpx:TrackPointExtension>
        </extensions>
      </trkpt>
      <trkpt lat="22.649760734292492" lon="107.60416937194778">
        <ele>98.55116422940046</ele>
        <time>2023-07-11T01:23:37Z</time>
        <extensions>
          <gpxtpx:TrackPointExtension>
            <gpxtpx:hr>103</gpxtpx:hr>
          </gpxtpx:TrackPointExtension>
        </extensions>
      </trkpt>
      <trkpt lat="22.64976422544272" lon="107.60415484914708">
        <ele>98.54851820506155</ele>
        <time>2023-07-11T01:23:38Z</time>
        <extensions>
          <gpxtpx:TrackPointExtension>
            <gpxtpx:hr>103</gpxtpx:hr>
          </gpxtpx:TrackPointExtension>
        </extensions>
      </trkpt>
      <trkpt lat="22.649767875367868" lon="107.6041391781997">
        <ele>98.55323064140975</ele>
        <time>2023-07-11T01:23:39Z</time>
        <extensions>
          <gpxtpx:TrackPointExtension>
            <gpxtpx:hr>99</gpxtpx:hr>
          </gpxtpx:TrackPointExtension>
        </extensions>
      </trkpt>
      <trkpt lat="22.64977101749501" lon="107.6041236757223">
        <ele>98.56190708652139</ele>
        <time>2023-07-11T01:23:40Z</time>
        <extensions>
          <gpxtpx:TrackPointExtension>
            <gpxtpx:hr>99</gpxtpx:hr>
          </gpxtpx:TrackPointExtension>
        </extensions>
      </trkpt>
      <trkpt lat="22.64977333082438" lon="107.60411066321903">
        <ele>98.57708791922778</ele>
        <time>2023-07-11T01:23:41Z</time>
        <extensions>
          <gpxtpx:TrackPointExtension>
            <gpxtpx:hr>99</gpxtpx:hr>
          </gpxtpx:TrackPointExtension>
        </extensions>
      </trkpt>
      <trkpt lat="22.649775136218032" lon="107.60409783412987">
        <ele>98.59713341388851</ele>
        <time>2023-07-11T01:23:42Z</time>
        <extensions>
          <gpxtpx:TrackPointExtension>
            <gpxtpx:hr>99</gpxtpx:hr>
          </gpxtpx:TrackPointExtension>
        </extensions>
      </trkpt>
      <trkpt lat="22.64977702308865" lon="107.60408328095103">
        <ele>98.62128746137023</ele>
        <time>2023-07-11T01:23:43Z</time>
        <extensions>
          <gpxtpx:TrackPointExtension>
            <gpxtpx:hr>99</gpxtpx:hr>
          </gpxtpx:TrackPointExtension>
        </extensions>
      </trkpt>
      <trkpt lat="22.6497794668876" lon="107.60406772605768">
        <ele>98.64822215400636</ele>
        <time>2023-07-11T01:23:44Z</time>
        <extensions>
          <gpxtpx:TrackPointExtension>
            <gpxtpx:hr>105</gpxtpx:hr>
          </gpxtpx:TrackPointExtension>
        </extensions>
      </trkpt>
      <trkpt lat="22.649782428914765" lon="107.60405095870841">
        <ele>98.67793755698949</ele>
        <time>2023-07-11T01:23:45Z</time>
        <extensions>
          <gpxtpx:TrackPointExtension>
            <gpxtpx:hr>105</gpxtpx:hr>
          </gpxtpx:TrackPointExtension>
        </extensions>
      </trkpt>
      <trkpt lat="22.64978607805347" lon="107.60403276943057">
        <ele>98.70959773194045</ele>
        <time>2023-07-11T01:23:46Z</time>
        <extensions>
          <gpxtpx:TrackPointExtension>
            <gpxtpx:hr>105</gpxtpx:hr>
          </gpxtpx:TrackPointExtension>
        </extensions>
      </trkpt>
      <trkpt lat="22.649790434803887" lon="107.60401369371918">
        <ele>98.74246834218502</ele>
        <time>2023-07-11T01:23:47Z</time>
        <extensions>
          <gpxtpx:TrackPointExtension>
            <gpxtpx:hr>105</gpxtpx:hr>
          </gpxtpx:TrackPointExtension>
        </extensions>
      </trkpt>
      <trkpt lat="22.649795696726876" lon="107.60399402371019">
        <ele>98.77576691191643</ele>
        <time>2023-07-11T01:23:48Z</time>
        <extensions>
          <gpxtpx:TrackPointExtension>
            <gpxtpx:hr>105</gpxtpx:hr>
          </gpxtpx:TrackPointExtension>
        </extensions>
      </trkpt>
      <trkpt lat="22.64980162257064" lon="107.60397558215999">
        <ele>98.80847896449268</ele>
        <time>2023-07-11T01:23:49Z</time>
        <extensions>
          <gpxtpx:TrackPointExtension>
            <gpxtpx:hr>105</gpxtpx:hr>
          </gpxtpx:TrackPointExtension>
        </extensions>
      </trkpt>
      <trkpt lat="22.64980760578912" lon="107.60396094427668">
        <ele>98.83935909811407</ele>
        <time>2023-07-11T01:23:50Z</time>
        <extensions>
          <gpxtpx:TrackPointExtension>
            <gpxtpx:hr>105</gpxtpx:hr>
          </gpxtpx:TrackPointExtension>
        </extensions>
      </trkpt>
      <trkpt lat="22.649813335811874" lon="107.60395064664264">
        <ele>98.87124729994684</ele>
        <time>2023-07-11T01:23:51Z</time>
        <extensions>
          <gpxtpx:TrackPointExtension>
            <gpxtpx:hr>105</gpxtpx:hr>
          </gpxtpx:TrackPointExtension>
        </extensions>
      </trkpt>
      <trkpt lat="22.649818540845235" lon="107.60394380501488">
        <ele>98.89729062840343</ele>
        <time>2023-07-11T01:23:52Z</time>
        <extensions>
          <gpxtpx:TrackPointExtension>
            <gpxtpx:hr>105</gpxtpx:hr>
          </gpxtpx:TrackPointExtension>
        </extensions>
      </trkpt>
      <trkpt lat="22.64982319125508" lon="107.60393951020443">
        <ele>98.9192930078134</ele>
        <time>2023-07-11T01:23:53Z</time>
        <extensions>
          <gpxtpx:TrackPointExtension>
            <gpxtpx:hr>102</gpxtpx:hr>
          </gpxtpx:TrackPointExtension>
        </extensions>
      </trkpt>
      <trkpt lat="22.649827889534713" lon="107.60393638880609">
        <ele>98.93771164491773</ele>
        <time>2023-07-11T01:23:54Z</time>
        <extensions>
          <gpxtpx:TrackPointExtension>
            <gpxtpx:hr>102</gpxtpx:hr>
          </gpxtpx:TrackPointExtension>
        </extensions>
      </trkpt>
      <trkpt lat="22.649832426267444" lon="107.60393406337883">
        <ele>98.95236555207521</ele>
        <time>2023-07-11T01:23:55Z</time>
        <extensions>
          <gpxtpx:TrackPointExtension>
            <gpxtpx:hr>102</gpxtpx:hr>
          </gpxtpx:TrackPointExtension>
        </extensions>
      </trkpt>
      <trkpt lat="22.649836191543635" lon="107.60393264650531">
        <ele>98.96340269595385</ele>
        <time>2023-07-11T01:23:56Z</time>
        <extensions>
          <gpxtpx:TrackPointExtension>
            <gpxtpx:hr>102</gpxtpx:hr>
          </gpxtpx:TrackPointExtension>
        </extensions>
      </trkpt>
      <trkpt lat="22.64983908702077" lon="107.60393204102901">
        <ele>98.97099047154188</ele>
        <time>2023-07-11T01:23:57Z</time>
        <extensions>
          <gpxtpx:TrackPointExtension>
            <gpxtpx:hr>102</gpxtpx:hr>
          </gpxtpx:TrackPointExtension>
        </extensions>
      </trkpt>
      <trkpt lat="22.64984133315595" lon="107.60393151806547">
        <ele>98.97535273991525</ele>
        <time>2023-07-11T01:23:58Z</time>
        <extensions>
          <gpxtpx:TrackPointExtension>
            <gpxtpx:hr>102</gpxtpx:hr>
          </gpxtpx:TrackPointExtension>
        </extensions>
      </trkpt>
      <trkpt lat="22.64984322898084" lon="107.60393082033262">
        <ele>98.97621894162148</ele>
        <time>2023-07-11T01:23:59Z</time>
        <extensions>
          <gpxtpx:TrackPointExtension>
            <gpxtpx:hr>97</gpxtpx:hr>
          </gpxtpx:TrackPointExtension>
        </extensions>
      </trkpt>
      <trkpt lat="22.649844857603558" lon="107.6039295006557">
        <ele>98.97596534900367</ele>
        <time>2023-07-11T01:24:00Z</time>
        <extensions>
          <gpxtpx:TrackPointExtension>
            <gpxtpx:hr>97</gpxtpx:hr>
          </gpxtpx:TrackPointExtension>
        </extensions>
      </trkpt>
      <trkpt lat="22.649846398951055" lon="107.60392725696309">
        <ele>98.97472496889532</ele>
        <time>2023-07-11T01:24:01Z</time>
        <extensions>
          <gpxtpx:TrackPointExtension>
            <gpxtpx:hr>97</gpxtpx:hr>
          </gpxtpx:TrackPointExtension>
        </extensions>
      </trkpt>
      <trkpt lat="22.64984833085758" lon="107.60392391878258">
        <ele>98.97346061840653</ele>
        <time>2023-07-11T01:24:02Z</time>
        <extensions>
          <gpxtpx:TrackPointExtension>
            <gpxtpx:hr>97</gpxtpx:hr>
          </gpxtpx:TrackPointExtension>
        </extensions>
      </trkpt>
      <trkpt lat="22.64984982047258" lon="107.60392037093588">
        <ele>98.9721681009978</ele>
        <time>2023-07-11T01:24:03Z</time>
        <extensions>
          <gpxtpx:TrackPointExtension>
            <gpxtpx:hr>97</gpxtpx:hr>
          </gpxtpx:TrackPointExtension>
        </extensions>
      </trkpt>
      <trkpt lat="22.649850861464813" lon="107.60391713650641">
        <ele>98.97152623720467</ele>
        <time>2023-07-11T01:24:04Z</time>
        <extensions>
          <gpxtpx:TrackPointExtension>
            <gpxtpx:hr>97</gpxtpx:hr>
          </gpxtpx:TrackPointExtension>
        </extensions>
      </trkpt>
      <trkpt lat="22.649852122625745" lon="107.60391360165148">
        <ele>98.97113244142383</ele>
        <time>2023-07-11T01:24:05Z</time>
        <extensions>
          <gpxtpx:TrackPointExtension>
            <gpxtpx:hr>97</gpxtpx:hr>
          </gpxtpx:TrackPointExtension>
        </extensions>
      </trkpt>
      <trkpt lat="22.649853212709875" lon="107.60390939640301">
        <ele>98.97132065426558</ele>
        <time>2023-07-11T01:24:06Z</time>
        <extensions>
          <gpxtpx:TrackPointExtension>
            <gpxtpx:hr>99</gpxtpx:hr>
          </gpxtpx:TrackPointExtension>
        </extensions>
      </trkpt>
      <trkpt lat="22.64985455661403" lon="107.60390364608098">
        <ele>98.97291816025972</ele>
        <time>2023-07-11T01:24:07Z</time>
        <extensions>
          <gpxtpx:TrackPointExtension>
            <gpxtpx:hr>99</gpxtpx:hr>
          </gpxtpx:TrackPointExtension>
        </extensions>
      </trkpt>
      <trkpt lat="22.64985632257096" lon="107.60389542073466">
        <ele>98.97670244146138</ele>
        <time>2023-07-11T01:24:08Z</time>
        <extensions>
          <gpxtpx:TrackPointExtension>
            <gpxtpx:hr>99</gpxtpx:hr>
          </gpxtpx:TrackPointExtension>
        </extensions>
      </trkpt>
      <trkpt lat="22.649858517005836" lon="107.60388487462197">
        <ele>98.98319144267589</ele>
        <time>2023-07-11T01:24:09Z</time>
        <extensions>
          <gpxtpx:TrackPointExtension>
            <gpxtpx:hr>99</gpxtpx:hr>
          </gpxtpx:TrackPointExtension>
        </extensions>
      </trkpt>
      <trkpt lat="22.649860761115526" lon="107.60387300472846">
        <ele>98.99151001498103</ele>
        <time>2023-07-11T01:24:10Z</time>
        <extensions>
          <gpxtpx:TrackPointExtension>
            <gpxtpx:hr>99</gpxtpx:hr>
          </gpxtpx:TrackPointExtension>
        </extensions>
      </trkpt>
      <trkpt lat="22.649863236736866" lon="107.60386083925162">
        <ele>99.00276663061231</ele>
        <time>2023-07-11T01:24:11Z</time>
        <extensions>
          <gpxtpx:TrackPointExtension>
            <gpxtpx:hr>99</gpxtpx:hr>
          </gpxtpx:TrackPointExtension>
        </extensions>
      </trkpt>
      <trkpt lat="22.64986620592334" lon="107.6038494888944">
        <ele>99.00679068826139</ele>
        <time>2023-07-11T01:24:12Z</time>
        <extensions>
          <gpxtpx:TrackPointExtension>
            <gpxtpx:hr>99</gpxtpx:hr>
          </gpxtpx:TrackPointExtension>
        </extensions>
      </trkpt>
      <trkpt lat="22.649869968882587" lon="107.60384019058962">
        <ele>99.01807019207627</ele>
        <time>2023-07-11T01:24:13Z</time>
        <extensions>
          <gpxtpx:TrackPointExtension>
            <gpxtpx:hr>92</gpxtpx:hr>
          </gpxtpx:TrackPointExtension>
        </extensions>
      </trkpt>
      <trkpt lat="22.649874046243646" lon="107.60383322916903">
        <ele>99.03293459955603</ele>
        <time>2023-07-11T01:24:14Z</time>
        <extensions>
          <gpxtpx:TrackPointExtension>
            <gpxtpx:hr>92</gpxtpx:hr>
          </gpxtpx:TrackPointExtension>
        </extensions>
      </trkpt>
      <trkpt lat="22.64987775297796" lon="107.60382746769295">
        <ele>99.05440119095147</ele>
        <time>2023-07-11T01:24:15Z</time>
        <extensions>
          <gpxtpx:TrackPointExtension>
            <gpxtpx:hr>92</gpxtpx:hr>
          </gpxtpx:TrackPointExtension>
        </extensions>
      </trkpt>
      <trkpt lat="22.649880577262124" lon="107.60382232194887">
        <ele>99.07361078541726</ele>
        <time>2023-07-11T01:24:16Z</time>
        <extensions>
          <gpxtpx:TrackPointExtension>
            <gpxtpx:hr>92</gpxtpx:hr>
          </gpxtpx:TrackPointExtension>
        </extensions>
      </trkpt>
      <trkpt lat="22.64988214280821" lon="107.60381803272254">
        <ele>99.09549423865974</ele>
        <time>2023-07-11T01:24:17Z</time>
        <extensions>
          <gpxtpx:TrackPointExtension>
            <gpxtpx:hr>92</gpxtpx:hr>
          </gpxtpx:TrackPointExtension>
        </extensions>
      </trkpt>
      <trkpt lat="22.64988230824703" lon="107.60381474750193">
        <ele>99.11434272211045</ele>
        <time>2023-07-11T01:24:18Z</time>
        <extensions>
          <gpxtpx:TrackPointExtension>
            <gpxtpx:hr>93</gpxtpx:hr>
          </gpxtpx:TrackPointExtension>
        </extensions>
      </trkpt>
      <trkpt lat="22.649881291448892" lon="107.60381223415483">
        <ele>99.13279613200575</ele>
        <time>2023-07-11T01:24:19Z</time>
        <extensions>
          <gpxtpx:TrackPointExtension>
            <gpxtpx:hr>93</gpxtpx:hr>
          </gpxtpx:TrackPointExtension>
        </extensions>
      </trkpt>
      <trkpt lat="22.649879896145876" lon="107.60381035449127">
        <ele>99.14674232434481</ele>
        <time>2023-07-11T01:24:20Z</time>
        <extensions>
          <gpxtpx:TrackPointExtension>
            <gpxtpx:hr>93</gpxtpx:hr>
          </gpxtpx:TrackPointExtension>
        </extensions>
      </trkpt>
      <trkpt lat="22.649878770546692" lon="107.60380858362167">
        <ele>99.15720978286117</ele>
        <time>2023-07-11T01:24:21Z</time>
        <extensions>
          <gpxtpx:TrackPointExtension>
            <gpxtpx:hr>94</gpxtpx:hr>
          </gpxtpx:TrackPointExtension>
        </extensions>
      </trkpt>
      <trkpt lat="22.64987841734579" lon="107.60380796453823">
        <ele>99.1636136090383</ele>
        <time>2023-07-11T01:24:22Z</time>
        <extensions>
          <gpxtpx:TrackPointExtension>
            <gpxtpx:hr>94</gpxtpx:hr>
          </gpxtpx:TrackPointExtension>
        </extensions>
      </trkpt>
      <trkpt lat="22.649878741619016" lon="107.60380845770696">
        <ele>99.16487206425518</ele>
        <time>2023-07-11T01:24:23Z</time>
        <extensions>
          <gpxtpx:TrackPointExtension>
            <gpxtpx:hr>94</gpxtpx:hr>
          </gpxtpx:TrackPointExtension>
        </extensions>
      </trkpt>
      <trkpt lat="22.649879413536286" lon="107.60380975956895">
        <ele>99.16072305850685</ele>
        <time>2023-07-11T01:24:24Z</time>
        <extensions>
          <gpxtpx:TrackPointExtension>
            <gpxtpx:hr>94</gpxtpx:hr>
          </gpxtpx:TrackPointExtension>
        </extensions>
      </trkpt>
      <trkpt lat="22.64988003409884" lon="107.60381098231302">
        <ele>99.15189472958446</ele>
        <time>2023-07-11T01:24:25Z</time>
        <extensions>
          <gpxtpx:TrackPointExtension>
            <gpxtpx:hr>94</gpxtpx:hr>
          </gpxtpx:TrackPointExtension>
        </extensions>
      </trkpt>
      <trkpt lat="22.649880395621516" lon="107.60381132765733">
        <ele>99.13947900943458</ele>
        <time>2023-07-11T01:24:26Z</time>
        <extensions>
          <gpxtpx:TrackPointExtension>
            <gpxtpx:hr>90</gpxtpx:hr>
          </gpxtpx:TrackPointExtension>
        </extensions>
      </trkpt>
      <trkpt lat="22.64987386416474" lon="107.60382907446463">
        <ele>99.12613462656736</ele>
        <time>2023-07-11T01:24:27Z</time>
        <extensions>
          <gpxtpx:TrackPointExtension>
            <gpxtpx:hr>90</gpxtpx:hr>
          </gpxtpx:TrackPointExtension>
        </extensions>
      </trkpt>
      <trkpt lat="22.64986626946448" lon="107.60384785658538">
        <ele>99.1146136187017</ele>
        <time>2023-07-11T01:24:28Z</time>
        <extensions>
          <gpxtpx:TrackPointExtension>
            <gpxtpx:hr>90</gpxtpx:hr>
          </gpxtpx:TrackPointExtension>
        </extensions>
      </trkpt>
      <trkpt lat="22.649858321949917" lon="107.6038695311485">
        <ele>99.10539496969432</ele>
        <time>2023-07-11T01:24:29Z</time>
        <extensions>
          <gpxtpx:TrackPointExtension>
            <gpxtpx:hr>90</gpxtpx:hr>
          </gpxtpx:TrackPointExtension>
        </extensions>
      </trkpt>
      <trkpt lat="22.649850767327" lon="107.60388978534897">
        <ele>99.09585386514664</ele>
        <time>2023-07-11T01:24:30Z</time>
        <extensions>
          <gpxtpx:TrackPointExtension>
            <gpxtpx:hr>90</gpxtpx:hr>
          </gpxtpx:TrackPointExtension>
        </extensions>
      </trkpt>
      <trkpt lat="22.649844400611897" lon="107.6039082911786">
        <ele>99.08687232527882</ele>
        <time>2023-07-11T01:24:31Z</time>
        <extensions>
          <gpxtpx:TrackPointExtension>
            <gpxtpx:hr>90</gpxtpx:hr>
          </gpxtpx:TrackPointExtension>
        </extensions>
      </trkpt>
      <trkpt lat="22.649838913752006" lon="107.60392556719626">
        <ele>99.07874035462737</ele>
        <time>2023-07-11T01:24:32Z</time>
        <extensions>
          <gpxtpx:TrackPointExtension>
            <gpxtpx:hr>90</gpxtpx:hr>
          </gpxtpx:TrackPointExtension>
        </extensions>
      </trkpt>
      <trkpt lat="22.64983223306068" lon="107.60394695304936">
        <ele>99.07143819984049</ele>
        <time>2023-07-11T01:24:33Z</time>
        <extensions>
          <gpxtpx:TrackPointExtension>
            <gpxtpx:hr>77</gpxtpx:hr>
          </gpxtpx:TrackPointExtension>
        </extensions>
      </trkpt>
      <trkpt lat="22.649823832043328" lon="107.60397366408353">
        <ele>99.06465395819396</ele>
        <time>2023-07-11T01:24:34Z</time>
        <extensions>
          <gpxtpx:TrackPointExtension>
            <gpxtpx:hr>77</gpxtpx:hr>
          </gpxtpx:TrackPointExtension>
        </extensions>
      </trkpt>
      <trkpt lat="22.64981292173064" lon="107.60400691245017">
        <ele>99.04216178972274</ele>
        <time>2023-07-11T01:24:35Z</time>
        <extensions>
          <gpxtpx:TrackPointExtension>
            <gpxtpx:hr>77</gpxtpx:hr>
          </gpxtpx:TrackPointExtension>
        </extensions>
      </trkpt>
      <trkpt lat="22.649800768358798" lon="107.60404417159143">
        <ele>99.0116301169619</ele>
        <time>2023-07-11T01:24:36Z</time>
        <extensions>
          <gpxtpx:TrackPointExtension>
            <gpxtpx:hr>77</gpxtpx:hr>
          </gpxtpx:TrackPointExtension>
        </extensions>
      </trkpt>
      <trkpt lat="22.649787331647968" lon="107.6040853386783">
        <ele>98.96935061831027</ele>
        <time>2023-07-11T01:24:37Z</time>
        <extensions>
          <gpxtpx:TrackPointExtension>
            <gpxtpx:hr>77</gpxtpx:hr>
          </gpxtpx:TrackPointExtension>
        </extensions>
      </trkpt>
      <trkpt lat="22.6497706104308" lon="107.60413622196778">
        <ele>98.92376193124801</ele>
        <time>2023-07-11T01:24:38Z</time>
        <extensions>
          <gpxtpx:TrackPointExtension>
            <gpxtpx:hr>77</gpxtpx:hr>
          </gpxtpx:TrackPointExtension>
        </extensions>
      </trkpt>
      <trkpt lat="22.649751593089633" lon="107.60419391383304">
        <ele>98.8699286878109</ele>
        <time>2023-07-11T01:24:39Z</time>
        <extensions>
          <gpxtpx:TrackPointExtension>
            <gpxtpx:hr>78</gpxtpx:hr>
          </gpxtpx:TrackPointExtension>
        </extensions>
      </trkpt>
      <trkpt lat="22.64973471283162" lon="107.60424450999352">
        <ele>98.80723395291716</ele>
        <time>2023-07-11T01:24:40Z</time>
        <extensions>
          <gpxtpx:TrackPointExtension>
            <gpxtpx:hr>78</gpxtpx:hr>
          </gpxtpx:TrackPointExtension>
        </extensions>
      </trkpt>
      <trkpt lat="22.649722731697615" lon="107.6042793724741">
        <ele>98.73681049980223</ele>
        <time>2023-07-11T01:24:41Z</time>
        <extensions>
          <gpxtpx:TrackPointExtension>
            <gpxtpx:hr>78</gpxtpx:hr>
          </gpxtpx:TrackPointExtension>
        </extensions>
      </trkpt>
      <trkpt lat="22.649714252218935" lon="107.60430233391793">
        <ele>98.65871448908001</ele>
        <time>2023-07-11T01:24:42Z</time>
        <extensions>
          <gpxtpx:TrackPointExtension>
            <gpxtpx:hr>78</gpxtpx:hr>
          </gpxtpx:TrackPointExtension>
        </extensions>
      </trkpt>
      <trkpt lat="22.64970670953842" lon="107.6043202288653">
        <ele>98.5732010146603</ele>
        <time>2023-07-11T01:24:43Z</time>
        <extensions>
          <gpxtpx:TrackPointExtension>
            <gpxtpx:hr>78</gpxtpx:hr>
          </gpxtpx:TrackPointExtension>
        </extensions>
      </trkpt>
      <trkpt lat="22.649698475643895" lon="107.60433690430996">
        <ele>98.48354833573103</ele>
        <time>2023-07-11T01:24:44Z</time>
        <extensions>
          <gpxtpx:TrackPointExtension>
            <gpxtpx:hr>86</gpxtpx:hr>
          </gpxtpx:TrackPointExtension>
        </extensions>
      </trkpt>
      <trkpt lat="22.649689326325305" lon="107.60435332437797">
        <ele>98.38458954915404</ele>
        <time>2023-07-11T01:24:45Z</time>
        <extensions>
          <gpxtpx:TrackPointExtension>
            <gpxtpx:hr>86</gpxtpx:hr>
          </gpxtpx:TrackPointExtension>
        </extensions>
      </trkpt>
      <trkpt lat="22.649679259749483" lon="107.604367461781">
        <ele>98.2974761063233</ele>
        <time>2023-07-11T01:24:46Z</time>
        <extensions>
          <gpxtpx:TrackPointExtension>
            <gpxtpx:hr>86</gpxtpx:hr>
          </gpxtpx:TrackPointExtension>
        </extensions>
      </trkpt>
      <trkpt lat="22.64966966592155" lon="107.60437904599874">
        <ele>98.21094955690205</ele>
        <time>2023-07-11T01:24:47Z</time>
        <extensions>
          <gpxtpx:TrackPointExtension>
            <gpxtpx:hr>86</gpxtpx:hr>
          </gpxtpx:TrackPointExtension>
        </extensions>
      </trkpt>
      <trkpt lat="22.649662255892782" lon="107.6043867733654">
        <ele>98.12776938639581</ele>
        <time>2023-07-11T01:24:48Z</time>
        <extensions>
          <gpxtpx:TrackPointExtension>
            <gpxtpx:hr>86</gpxtpx:hr>
          </gpxtpx:TrackPointExtension>
        </extensions>
      </trkpt>
      <trkpt lat="22.649656737336436" lon="107.60439135908712">
        <ele>98.04994317237288</ele>
        <time>2023-07-11T01:24:49Z</time>
        <extensions>
          <gpxtpx:TrackPointExtension>
            <gpxtpx:hr>88</gpxtpx:hr>
          </gpxtpx:TrackPointExtension>
        </extensions>
      </trkpt>
      <trkpt lat="22.64965119684864" lon="107.6043946101552">
        <ele>97.98168007098138</ele>
        <time>2023-07-11T01:24:50Z</time>
        <extensions>
          <gpxtpx:TrackPointExtension>
            <gpxtpx:hr>88</gpxtpx:hr>
          </gpxtpx:TrackPointExtension>
        </extensions>
      </trkpt>
      <trkpt lat="22.649644370385978" lon="107.60439686553538">
        <ele>97.92590573988855</ele>
        <time>2023-07-11T01:24:51Z</time>
        <extensions>
          <gpxtpx:TrackPointExtension>
            <gpxtpx:hr>88</gpxtpx:hr>
          </gpxtpx:TrackPointExtension>
        </extensions>
      </trkpt>
      <trkpt lat="22.649636297530602" lon="107.6043976588864">
        <ele>97.8807560922578</ele>
        <time>2023-07-11T01:24:52Z</time>
        <extensions>
          <gpxtpx:TrackPointExtension>
            <gpxtpx:hr>88</gpxtpx:hr>
          </gpxtpx:TrackPointExtension>
        </extensions>
      </trkpt>
      <trkpt lat="22.64962650192982" lon="107.60439675235051">
        <ele>97.84594442229718</ele>
        <time>2023-07-11T01:24:53Z</time>
        <extensions>
          <gpxtpx:TrackPointExtension>
            <gpxtpx:hr>88</gpxtpx:hr>
          </gpxtpx:TrackPointExtension>
        </extensions>
      </trkpt>
      <trkpt lat="22.649614914465822" lon="107.6043950023915">
        <ele>97.81663383170962</ele>
        <time>2023-07-11T01:24:54Z</time>
        <extensions>
          <gpxtpx:TrackPointExtension>
            <gpxtpx:hr>90</gpxtpx:hr>
          </gpxtpx:TrackPointExtension>
        </extensions>
      </trkpt>
      <trkpt lat="22.64956757991757" lon="107.60438222169216">
        <ele>97.8735771169886</ele>
        <time>2023-07-11T01:24:57Z</time>
        <extensions>
          <gpxtpx:TrackPointExtension>
            <gpxtpx:hr>90</gpxtpx:hr>
          </gpxtpx:TrackPointExtension>
        </extensions>
      </trkpt>
      <trkpt lat="22.649549355544487" lon="107.60437773863865">
        <ele>97.93453043513</ele>
        <time>2023-07-11T01:24:58Z</time>
        <extensions>
          <gpxtpx:TrackPointExtension>
            <gpxtpx:hr>93</gpxtpx:hr>
          </gpxtpx:TrackPointExtension>
        </extensions>
      </trkpt>
      <trkpt lat="22.649532403753227" lon="107.60437471957782">
        <ele>97.99625855404884</ele>
        <time>2023-07-11T01:24:59Z</time>
        <extensions>
          <gpxtpx:TrackPointExtension>
            <gpxtpx:hr>93</gpxtpx:hr>
          </gpxtpx:TrackPointExtension>
        </extensions>
      </trkpt>
      <trkpt lat="22.649518351529135" lon="107.60437466788271">
        <ele>98.06098831724375</ele>
        <time>2023-07-11T01:25:00Z</time>
        <extensions>
          <gpxtpx:TrackPointExtension>
            <gpxtpx:hr>93</gpxtpx:hr>
          </gpxtpx:TrackPointExtension>
        </extensions>
      </trkpt>
      <trkpt lat="22.649508213148504" lon="107.60437799765438">
        <ele>98.12166135199368</ele>
        <time>2023-07-11T01:25:01Z</time>
        <extensions>
          <gpxtpx:TrackPointExtension>
            <gpxtpx:hr>93</gpxtpx:hr>
          </gpxtpx:TrackPointExtension>
        </extensions>
      </trkpt>
      <trkpt lat="22.649502510441017" lon="107.60438425572231">
        <ele>98.17457380983979</ele>
        <time>2023-07-11T01:25:02Z</time>
        <extensions>
          <gpxtpx:TrackPointExtension>
            <gpxtpx:hr>93</gpxtpx:hr>
          </gpxtpx:TrackPointExtension>
        </extensions>
      </trkpt>
      <trkpt lat="22.64950116210159" lon="107.60439241420575">
        <ele>98.22195466514677</ele>
        <time>2023-07-11T01:25:03Z</time>
        <extensions>
          <gpxtpx:TrackPointExtension>
            <gpxtpx:hr>97</gpxtpx:hr>
          </gpxtpx:TrackPointExtension>
        </extensions>
      </trkpt>
      <trkpt lat="22.649503664231652" lon="107.60440214060311">
        <ele>98.25689912587404</ele>
        <time>2023-07-11T01:25:04Z</time>
        <extensions>
          <gpxtpx:TrackPointExtension>
            <gpxtpx:hr>97</gpxtpx:hr>
          </gpxtpx:TrackPointExtension>
        </extensions>
      </trkpt>
      <trkpt lat="22.64951016413418" lon="107.60441428208375">
        <ele>98.27047984860837</ele>
        <time>2023-07-11T01:25:05Z</time>
        <extensions>
          <gpxtpx:TrackPointExtension>
            <gpxtpx:hr>97</gpxtpx:hr>
          </gpxtpx:TrackPointExtension>
        </extensions>
      </trkpt>
      <trkpt lat="22.64952218577647" lon="107.60443019188067">
        <ele>98.27342614438385</ele>
        <time>2023-07-11T01:25:06Z</time>
        <extensions>
          <gpxtpx:TrackPointExtension>
            <gpxtpx:hr>97</gpxtpx:hr>
          </gpxtpx:TrackPointExtension>
        </extensions>
      </trkpt>
      <trkpt lat="22.649540143685854" lon="107.60444833711618">
        <ele>98.26110384706408</ele>
        <time>2023-07-11T01:25:07Z</time>
        <extensions>
          <gpxtpx:TrackPointExtension>
            <gpxtpx:hr>96</gpxtpx:hr>
          </gpxtpx:TrackPointExtension>
        </extensions>
      </trkpt>
      <trkpt lat="22.649561654041374" lon="107.60446571023307">
        <ele>98.23270637821406</ele>
        <time>2023-07-11T01:25:08Z</time>
        <extensions>
          <gpxtpx:TrackPointExtension>
            <gpxtpx:hr>96</gpxtpx:hr>
          </gpxtpx:TrackPointExtension>
        </extensions>
      </trkpt>
      <trkpt lat="22.649583003946077" lon="107.60448162645639">
        <ele>98.19132221769542</ele>
        <time>2023-07-11T01:25:09Z</time>
        <extensions>
          <gpxtpx:TrackPointExtension>
            <gpxtpx:hr>96</gpxtpx:hr>
          </gpxtpx:TrackPointExtension>
        </extensions>
      </trkpt>
      <trkpt lat="22.649600980726667" lon="107.60449647429122">
        <ele>98.13868282921612</ele>
        <time>2023-07-11T01:25:10Z</time>
        <extensions>
          <gpxtpx:TrackPointExtension>
            <gpxtpx:hr>96</gpxtpx:hr>
          </gpxtpx:TrackPointExtension>
        </extensions>
      </trkpt>
      <trkpt lat="22.649612628446356" lon="107.60451106359307">
        <ele>98.0757702421397</ele>
        <time>2023-07-11T01:25:11Z</time>
        <extensions>
          <gpxtpx:TrackPointExtension>
            <gpxtpx:hr>96</gpxtpx:hr>
          </gpxtpx:TrackPointExtension>
        </extensions>
      </trkpt>
      <trkpt lat="22.649617643744612" lon="107.60452661623202">
        <ele>98.00608928874135</ele>
        <time>2023-07-11T01:25:12Z</time>
        <extensions>
          <gpxtpx:TrackPointExtension>
            <gpxtpx:hr>99</gpxtpx:hr>
          </gpxtpx:TrackPointExtension>
        </extensions>
      </trkpt>
      <trkpt lat="22.649617522497664" lon="107.60454327021392">
        <ele>97.93394363764673</ele>
        <time>2023-07-11T01:25:13Z</time>
        <extensions>
          <gpxtpx:TrackPointExtension>
            <gpxtpx:hr>99</gpxtpx:hr>
          </gpxtpx:TrackPointExtension>
        </extensions>
      </trkpt>
      <trkpt lat="22.64961325303649" lon="107.60455966373445">
        <ele>97.86317005287856</ele>
        <time>2023-07-11T01:25:14Z</time>
        <extensions>
          <gpxtpx:TrackPointExtension>
            <gpxtpx:hr>99</gpxtpx:hr>
          </gpxtpx:TrackPointExtension>
        </extensions>
      </trkpt>
      <trkpt lat="22.6496056339803" lon="107.60457235095573">
        <ele>97.80002281349152</ele>
        <time>2023-07-11T01:25:15Z</time>
        <extensions>
          <gpxtpx:TrackPointExtension>
            <gpxtpx:hr>99</gpxtpx:hr>
          </gpxtpx:TrackPointExtension>
        </extensions>
      </trkpt>
      <trkpt lat="22.649594976834564" lon="107.60457833359571">
        <ele>97.74760964512825</ele>
        <time>2023-07-11T01:25:16Z</time>
        <extensions>
          <gpxtpx:TrackPointExtension>
            <gpxtpx:hr>99</gpxtpx:hr>
          </gpxtpx:TrackPointExtension>
        </extensions>
      </trkpt>
      <trkpt lat="22.64958177213387" lon="107.60457597570948">
        <ele>97.70846230909228</ele>
        <time>2023-07-11T01:25:17Z</time>
        <extensions>
          <gpxtpx:TrackPointExtension>
            <gpxtpx:hr>95</gpxtpx:hr>
          </gpxtpx:TrackPointExtension>
        </extensions>
      </trkpt>
      <trkpt lat="22.64956737055634" lon="107.60456615462435">
        <ele>97.68410974182189</ele>
        <time>2023-07-11T01:25:18Z</time>
        <extensions>
          <gpxtpx:TrackPointExtension>
            <gpxtpx:hr>95</gpxtpx:hr>
          </gpxtpx:TrackPointExtension>
        </extensions>
      </trkpt>
      <trkpt lat="22.649553303806915" lon="107.60455123764285">
        <ele>97.6729738553986</ele>
        <time>2023-07-11T01:25:19Z</time>
        <extensions>
          <gpxtpx:TrackPointExtension>
            <gpxtpx:hr>95</gpxtpx:hr>
          </gpxtpx:TrackPointExtension>
        </extensions>
      </trkpt>
      <trkpt lat="22.64954134208457" lon="107.60453478300488">
        <ele>97.6794798951596</ele>
        <time>2023-07-11T01:25:20Z</time>
        <extensions>
          <gpxtpx:TrackPointExtension>
            <gpxtpx:hr>95</gpxtpx:hr>
          </gpxtpx:TrackPointExtension>
        </extensions>
      </trkpt>
      <trkpt lat="22.64953242580484" lon="107.60451974454993">
        <ele>97.69563920702785</ele>
        <time>2023-07-11T01:25:21Z</time>
        <extensions>
          <gpxtpx:TrackPointExtension>
            <gpxtpx:hr>95</gpxtpx:hr>
          </gpxtpx:TrackPointExtension>
        </extensions>
      </trkpt>
      <trkpt lat="22.649526868947813" lon="107.60450767471994">
        <ele>97.72259221225977</ele>
        <time>2023-07-11T01:25:22Z</time>
        <extensions>
          <gpxtpx:TrackPointExtension>
            <gpxtpx:hr>95</gpxtpx:hr>
          </gpxtpx:TrackPointExtension>
        </extensions>
      </trkpt>
      <trkpt lat="22.649523978609956" lon="107.6044987036226">
        <ele>97.75230528507382</ele>
        <time>2023-07-11T01:25:23Z</time>
        <extensions>
          <gpxtpx:TrackPointExtension>
            <gpxtpx:hr>86</gpxtpx:hr>
          </gpxtpx:TrackPointExtension>
        </extensions>
      </trkpt>
      <trkpt lat="22.649522867123878" lon="107.60449258615532">
        <ele>97.78757138736546</ele>
        <time>2023-07-11T01:25:24Z</time>
        <extensions>
          <gpxtpx:TrackPointExtension>
            <gpxtpx:hr>86</gpxtpx:hr>
          </gpxtpx:TrackPointExtension>
        </extensions>
      </trkpt>
      <trkpt lat="22.649522942103516" lon="107.6044890361565">
        <ele>97.82976803183556</ele>
        <time>2023-07-11T01:25:25Z</time>
        <extensions>
          <gpxtpx:TrackPointExtension>
            <gpxtpx:hr>86</gpxtpx:hr>
          </gpxtpx:TrackPointExtension>
        </extensions>
      </trkpt>
      <trkpt lat="22.64952365296424" lon="107.60448762117014">
        <ele>97.87079301569611</ele>
        <time>2023-07-11T01:25:26Z</time>
        <extensions>
          <gpxtpx:TrackPointExtension>
            <gpxtpx:hr>86</gpxtpx:hr>
          </gpxtpx:TrackPointExtension>
        </extensions>
      </trkpt>
      <trkpt lat="22.64952439055987" lon="107.60448804938119">
        <ele>97.91207714844495</ele>
        <time>2023-07-11T01:25:27Z</time>
        <extensions>
          <gpxtpx:TrackPointExtension>
            <gpxtpx:hr>86</gpxtpx:hr>
          </gpxtpx:TrackPointExtension>
        </extensions>
      </trkpt>
      <trkpt lat="22.64952458125842" lon="107.60448955463322">
        <ele>97.96548944246024</ele>
        <time>2023-07-11T01:25:28Z</time>
        <extensions>
          <gpxtpx:TrackPointExtension>
            <gpxtpx:hr>85</gpxtpx:hr>
          </gpxtpx:TrackPointExtension>
        </extensions>
      </trkpt>
      <trkpt lat="22.649523947260857" lon="107.6044907734762">
        <ele>98.00109026860446</ele>
        <time>2023-07-11T01:25:29Z</time>
        <extensions>
          <gpxtpx:TrackPointExtension>
            <gpxtpx:hr>85</gpxtpx:hr>
          </gpxtpx:TrackPointExtension>
        </extensions>
      </trkpt>
      <trkpt lat="22.64952290128441" lon="107.60449034840288">
        <ele>98.02959854807705</ele>
        <time>2023-07-11T01:25:29Z</time>
        <extensions>
          <gpxtpx:TrackPointExtension>
            <gpxtpx:hr>85</gpxtpx:hr>
          </gpxtpx:TrackPointExtension>
        </extensions>
      </trkpt>
      <trkpt lat="22.649522286912283" lon="107.60448778407545">
        <ele>98.04332108795643</ele>
        <time>2023-07-11T01:25:30Z</time>
        <extensions>
          <gpxtpx:TrackPointExtension>
            <gpxtpx:hr>85</gpxtpx:hr>
          </gpxtpx:TrackPointExtension>
        </extensions>
      </trkpt>
      <trkpt lat="22.64952316777674" lon="107.60448324508009">
        <ele>98.05770324822515</ele>
        <time>2023-07-11T01:25:31Z</time>
        <extensions>
          <gpxtpx:TrackPointExtension>
            <gpxtpx:hr>85</gpxtpx:hr>
          </gpxtpx:TrackPointExtension>
        </extensions>
      </trkpt>
      <trkpt lat="22.649526170867954" lon="107.604476900402">
        <ele>98.06492602266371</ele>
        <time>2023-07-11T01:25:32Z</time>
        <extensions>
          <gpxtpx:TrackPointExtension>
            <gpxtpx:hr>93</gpxtpx:hr>
          </gpxtpx:TrackPointExtension>
        </extensions>
      </trkpt>
      <trkpt lat="22.649531950765287" lon="107.60446819268063">
        <ele>98.06307748239487</ele>
        <time>2023-07-11T01:25:33Z</time>
        <extensions>
          <gpxtpx:TrackPointExtension>
            <gpxtpx:hr>93</gpxtpx:hr>
          </gpxtpx:TrackPointExtension>
        </extensions>
      </trkpt>
      <trkpt lat="22.64954132272957" lon="107.60445600026519">
        <ele>98.05971376225352</ele>
        <time>2023-07-11T01:25:34Z</time>
        <extensions>
          <gpxtpx:TrackPointExtension>
            <gpxtpx:hr>93</gpxtpx:hr>
          </gpxtpx:TrackPointExtension>
        </extensions>
      </trkpt>
      <trkpt lat="22.649553040795023" lon="107.60444157078699">
        <ele>98.0535105355084</ele>
        <time>2023-07-11T01:25:36Z</time>
        <extensions>
          <gpxtpx:TrackPointExtension>
            <gpxtpx:hr>93</gpxtpx:hr>
          </gpxtpx:TrackPointExtension>
        </extensions>
      </trkpt>
      <trkpt lat="22.64956430583041" lon="107.60442708727476">
        <ele>98.04337468091398</ele>
        <time>2023-07-11T01:25:37Z</time>
        <extensions>
          <gpxtpx:TrackPointExtension>
            <gpxtpx:hr>93</gpxtpx:hr>
          </gpxtpx:TrackPointExtension>
        </extensions>
      </trkpt>
      <trkpt lat="22.649573172599037" lon="107.60441460972206">
        <ele>98.02728367783129</ele>
        <time>2023-07-11T01:25:38Z</time>
        <extensions>
          <gpxtpx:TrackPointExtension>
            <gpxtpx:hr>93</gpxtpx:hr>
          </gpxtpx:TrackPointExtension>
        </extensions>
      </trkpt>
      <trkpt lat="22.649579824883695" lon="107.60440454603105">
        <ele>98.00725339725614</ele>
        <time>2023-07-11T01:25:39Z</time>
        <extensions>
          <gpxtpx:TrackPointExtension>
            <gpxtpx:hr>93</gpxtpx:hr>
          </gpxtpx:TrackPointExtension>
        </extensions>
      </trkpt>
      <trkpt lat="22.649585091232094" lon="107.60439705533864">
        <ele>97.98440852947533</ele>
        <time>2023-07-11T01:25:40Z</time>
        <extensions>
          <gpxtpx:TrackPointExtension>
            <gpxtpx:hr>93</gpxtpx:hr>
          </gpxtpx:TrackPointExtension>
        </extensions>
      </trkpt>
      <trkpt lat="22.649588997249786" lon="107.60439405156914">
        <ele>97.96021311637014</ele>
        <time>2023-07-11T01:25:41Z</time>
        <extensions>
          <gpxtpx:TrackPointExtension>
            <gpxtpx:hr>93</gpxtpx:hr>
          </gpxtpx:TrackPointExtension>
        </extensions>
      </trkpt>
      <trkpt lat="22.649592082542185" lon="107.60439717959247">
        <ele>97.93572894949466</ele>
        <time>2023-07-11T01:25:42Z</time>
        <extensions>
          <gpxtpx:TrackPointExtension>
            <gpxtpx:hr>93</gpxtpx:hr>
          </gpxtpx:TrackPointExtension>
        </extensions>
      </trkpt>
      <trkpt lat="22.64959400587569" lon="107.60440733563607">
        <ele>97.91297463607043</ele>
        <time>2023-07-11T01:25:43Z</time>
        <extensions>
          <gpxtpx:TrackPointExtension>
            <gpxtpx:hr>92</gpxtpx:hr>
          </gpxtpx:TrackPointExtension>
        </extensions>
      </trkpt>
      <trkpt lat="22.6495940563706" lon="107.60442471171089">
        <ele>97.88980814721435</ele>
        <time>2023-07-11T01:25:44Z</time>
        <extensions>
          <gpxtpx:TrackPointExtension>
            <gpxtpx:hr>92</gpxtpx:hr>
          </gpxtpx:TrackPointExtension>
        </extensions>
      </trkpt>
      <trkpt lat="22.649592307657667" lon="107.60444696884473">
        <ele>97.86651698313653</ele>
        <time>2023-07-11T01:25:45Z</time>
        <extensions>
          <gpxtpx:TrackPointExtension>
            <gpxtpx:hr>92</gpxtpx:hr>
          </gpxtpx:TrackPointExtension>
        </extensions>
      </trkpt>
      <trkpt lat="22.64959004564522" lon="107.60446670349117">
        <ele>97.84141275566071</ele>
        <time>2023-07-11T01:25:46Z</time>
        <extensions>
          <gpxtpx:TrackPointExtension>
            <gpxtpx:hr>92</gpxtpx:hr>
          </gpxtpx:TrackPointExtension>
        </extensions>
      </trkpt>
      <trkpt lat="22.64958788880624" lon="107.60448221445675">
        <ele>97.81983564794064</ele>
        <time>2023-07-11T01:25:47Z</time>
        <extensions>
          <gpxtpx:TrackPointExtension>
            <gpxtpx:hr>92</gpxtpx:hr>
          </gpxtpx:TrackPointExtension>
        </extensions>
      </trkpt>
      <trkpt lat="22.6495848290486" lon="107.60450052112657">
        <ele>97.79903567489237</ele>
        <time>2023-07-11T01:25:48Z</time>
        <extensions>
          <gpxtpx:TrackPointExtension>
            <gpxtpx:hr>92</gpxtpx:hr>
          </gpxtpx:TrackPointExtension>
        </extensions>
      </trkpt>
      <trkpt lat="22.649580973535688" lon="107.60452108641638">
        <ele>97.78383689559996</ele>
        <time>2023-07-11T01:25:49Z</time>
        <extensions>
          <gpxtpx:TrackPointExtension>
            <gpxtpx:hr>92</gpxtpx:hr>
          </gpxtpx:TrackPointExtension>
        </extensions>
      </trkpt>
      <trkpt lat="22.649577231862153" lon="107.60453816377185">
        <ele>97.77238378301263</ele>
        <time>2023-07-11T01:25:50Z</time>
        <extensions>
          <gpxtpx:TrackPointExtension>
            <gpxtpx:hr>95</gpxtpx:hr>
          </gpxtpx:TrackPointExtension>
        </extensions>
      </trkpt>
      <trkpt lat="22.649573890288632" lon="107.60455087662581">
        <ele>97.73038241453469</ele>
        <time>2023-07-11T01:25:51Z</time>
        <extensions>
          <gpxtpx:TrackPointExtension>
            <gpxtpx:hr>95</gpxtpx:hr>
          </gpxtpx:TrackPointExtension>
        </extensions>
      </trkpt>
      <trkpt lat="22.64957079769798" lon="107.60456041666465">
        <ele>97.67593097873032</ele>
        <time>2023-07-11T01:25:52Z</time>
        <extensions>
          <gpxtpx:TrackPointExtension>
            <gpxtpx:hr>95</gpxtpx:hr>
          </gpxtpx:TrackPointExtension>
        </extensions>
      </trkpt>
      <trkpt lat="22.649568334393802" lon="107.60456846232796">
        <ele>97.61217819154263</ele>
        <time>2023-07-11T01:25:53Z</time>
        <extensions>
          <gpxtpx:TrackPointExtension>
            <gpxtpx:hr>95</gpxtpx:hr>
          </gpxtpx:TrackPointExtension>
        </extensions>
      </trkpt>
      <trkpt lat="22.64956765342729" lon="107.60457535550168">
        <ele>97.5394762121141</ele>
        <time>2023-07-11T01:25:54Z</time>
        <extensions>
          <gpxtpx:TrackPointExtension>
            <gpxtpx:hr>95</gpxtpx:hr>
          </gpxtpx:TrackPointExtension>
        </extensions>
      </trkpt>
      <trkpt lat="22.64957004912095" lon="107.60458019847378">
        <ele>97.45727533474565</ele>
        <time>2023-07-11T01:25:55Z</time>
        <extensions>
          <gpxtpx:TrackPointExtension>
            <gpxtpx:hr>96</gpxtpx:hr>
          </gpxtpx:TrackPointExtension>
        </extensions>
      </trkpt>
      <trkpt lat="22.649575359780396" lon="107.60458308676553">
        <ele>97.36497234087437</ele>
        <time>2023-07-11T01:25:56Z</time>
        <extensions>
          <gpxtpx:TrackPointExtension>
            <gpxtpx:hr>96</gpxtpx:hr>
          </gpxtpx:TrackPointExtension>
        </extensions>
      </trkpt>
      <trkpt lat="22.649581618309327" lon="107.60458538298568">
        <ele>97.26201795972884</ele>
        <time>2023-07-11T01:25:57Z</time>
        <extensions>
          <gpxtpx:TrackPointExtension>
            <gpxtpx:hr>96</gpxtpx:hr>
          </gpxtpx:TrackPointExtension>
        </extensions>
      </trkpt>
      <trkpt lat="22.64958659844581" lon="107.60458968524343">
        <ele>97.1483246050775</ele>
        <time>2023-07-11T01:25:58Z</time>
        <extensions>
          <gpxtpx:TrackPointExtension>
            <gpxtpx:hr>96</gpxtpx:hr>
          </gpxtpx:TrackPointExtension>
        </extensions>
      </trkpt>
      <trkpt lat="22.649588324249976" lon="107.60459878946789">
        <ele>97.0244157826528</ele>
        <time>2023-07-11T01:25:59Z</time>
        <extensions>
          <gpxtpx:TrackPointExtension>
            <gpxtpx:hr>96</gpxtpx:hr>
          </gpxtpx:TrackPointExtension>
        </extensions>
      </trkpt>
      <trkpt lat="22.64958513695867" lon="107.6046141070954">
        <ele>96.89149005617946</ele>
        <time>2023-07-11T01:26:00Z</time>
        <extensions>
          <gpxtpx:TrackPointExtension>
            <gpxtpx:hr>96</gpxtpx:hr>
          </gpxtpx:TrackPointExtension>
        </extensions>
      </trkpt>
      <trkpt lat="22.649568614365563" lon="107.6046539359647">
        <ele>96.48920322675258</ele>
        <time>2023-07-11T01:26:03Z</time>
        <extensions>
          <gpxtpx:TrackPointExtension>
            <gpxtpx:hr>102</gpxtpx:hr>
          </gpxtpx:TrackPointExtension>
        </extensions>
      </trkpt>
      <trkpt lat="22.64956192838179" lon="107.60466421831416">
        <ele>96.35777230747044</ele>
        <time>2023-07-11T01:26:04Z</time>
        <extensions>
          <gpxtpx:TrackPointExtension>
            <gpxtpx:hr>102</gpxtpx:hr>
          </gpxtpx:TrackPointExtension>
        </extensions>
      </trkpt>
      <trkpt lat="22.649555922609252" lon="107.60467252870455">
        <ele>96.23839299753308</ele>
        <time>2023-07-11T01:26:05Z</time>
        <extensions>
          <gpxtpx:TrackPointExtension>
            <gpxtpx:hr>102</gpxtpx:hr>
          </gpxtpx:TrackPointExtension>
        </extensions>
      </trkpt>
      <trkpt lat="22.649550046089786" lon="107.60467977486435">
        <ele>96.13179269526154</ele>
        <time>2023-07-11T01:26:06Z</time>
        <extensions>
          <gpxtpx:TrackPointExtension>
            <gpxtpx:hr>102</gpxtpx:hr>
          </gpxtpx:TrackPointExtension>
        </extensions>
      </trkpt>
      <trkpt lat="22.649544640803338" lon="107.60468628797064">
        <ele>96.0378820002079</ele>
        <time>2023-07-11T01:26:07Z</time>
        <extensions>
          <gpxtpx:TrackPointExtension>
            <gpxtpx:hr>94</gpxtpx:hr>
          </gpxtpx:TrackPointExtension>
        </extensions>
      </trkpt>
      <trkpt lat="22.649539445269784" lon="107.60469246043127">
        <ele>95.95634567923844</ele>
        <time>2023-07-11T01:26:08Z</time>
        <extensions>
          <gpxtpx:TrackPointExtension>
            <gpxtpx:hr>94</gpxtpx:hr>
          </gpxtpx:TrackPointExtension>
        </extensions>
      </trkpt>
      <trkpt lat="22.64953406417565" lon="107.60469840021092">
        <ele>95.8866474404931</ele>
        <time>2023-07-11T01:26:09Z</time>
        <extensions>
          <gpxtpx:TrackPointExtension>
            <gpxtpx:hr>94</gpxtpx:hr>
          </gpxtpx:TrackPointExtension>
        </extensions>
      </trkpt>
      <trkpt lat="22.649527174296583" lon="107.6047038984243">
        <ele>95.82762731332332</ele>
        <time>2023-07-11T01:26:10Z</time>
        <extensions>
          <gpxtpx:TrackPointExtension>
            <gpxtpx:hr>94</gpxtpx:hr>
          </gpxtpx:TrackPointExtension>
        </extensions>
      </trkpt>
      <trkpt lat="22.649519179303237" lon="107.60470946372325">
        <ele>95.77877828478813</ele>
        <time>2023-07-11T01:26:11Z</time>
        <extensions>
          <gpxtpx:TrackPointExtension>
            <gpxtpx:hr>94</gpxtpx:hr>
          </gpxtpx:TrackPointExtension>
        </extensions>
      </trkpt>
      <trkpt lat="22.64951119273815" lon="107.60471485462641">
        <ele>95.73954868502915</ele>
        <time>2023-07-11T01:26:12Z</time>
        <extensions>
          <gpxtpx:TrackPointExtension>
            <gpxtpx:hr>93</gpxtpx:hr>
          </gpxtpx:TrackPointExtension>
        </extensions>
      </trkpt>
      <trkpt lat="22.64950426822157" lon="107.60472007976904">
        <ele>95.70974104199558</ele>
        <time>2023-07-11T01:26:13Z</time>
        <extensions>
          <gpxtpx:TrackPointExtension>
            <gpxtpx:hr>93</gpxtpx:hr>
          </gpxtpx:TrackPointExtension>
        </extensions>
      </trkpt>
      <trkpt lat="22.64949865615384" lon="107.60472489243762">
        <ele>95.68891668599099</ele>
        <time>2023-07-11T01:26:14Z</time>
        <extensions>
          <gpxtpx:TrackPointExtension>
            <gpxtpx:hr>93</gpxtpx:hr>
          </gpxtpx:TrackPointExtension>
        </extensions>
      </trkpt>
      <trkpt lat="22.649494265301154" lon="107.60472929392843">
        <ele>95.67555710114539</ele>
        <time>2023-07-11T01:26:15Z</time>
        <extensions>
          <gpxtpx:TrackPointExtension>
            <gpxtpx:hr>93</gpxtpx:hr>
          </gpxtpx:TrackPointExtension>
        </extensions>
      </trkpt>
      <trkpt lat="22.64949029230315" lon="107.60473359713946">
        <ele>95.66966966446489</ele>
        <time>2023-07-11T01:26:16Z</time>
        <extensions>
          <gpxtpx:TrackPointExtension>
            <gpxtpx:hr>93</gpxtpx:hr>
          </gpxtpx:TrackPointExtension>
        </extensions>
      </trkpt>
      <trkpt lat="22.649486272577963" lon="107.60473761695349">
        <ele>95.67001589480788</ele>
        <time>2023-07-11T01:26:17Z</time>
        <extensions>
          <gpxtpx:TrackPointExtension>
            <gpxtpx:hr>97</gpxtpx:hr>
          </gpxtpx:TrackPointExtension>
        </extensions>
      </trkpt>
      <trkpt lat="22.649482079717163" lon="107.60474125136538">
        <ele>95.67584178876132</ele>
        <time>2023-07-11T01:26:18Z</time>
        <extensions>
          <gpxtpx:TrackPointExtension>
            <gpxtpx:hr>97</gpxtpx:hr>
          </gpxtpx:TrackPointExtension>
        </extensions>
      </trkpt>
      <trkpt lat="22.649477030088054" lon="107.60474446474811">
        <ele>95.68682050611824</ele>
        <time>2023-07-11T01:26:19Z</time>
        <extensions>
          <gpxtpx:TrackPointExtension>
            <gpxtpx:hr>97</gpxtpx:hr>
          </gpxtpx:TrackPointExtension>
        </extensions>
      </trkpt>
      <trkpt lat="22.649470285352894" lon="107.60474794308628">
        <ele>95.70253350399435</ele>
        <time>2023-07-11T01:26:20Z</time>
        <extensions>
          <gpxtpx:TrackPointExtension>
            <gpxtpx:hr>97</gpxtpx:hr>
          </gpxtpx:TrackPointExtension>
        </extensions>
      </trkpt>
      <trkpt lat="22.649461130491492" lon="107.60475299198261">
        <ele>95.72288343124092</ele>
        <time>2023-07-11T01:26:21Z</time>
        <extensions>
          <gpxtpx:TrackPointExtension>
            <gpxtpx:hr>97</gpxtpx:hr>
          </gpxtpx:TrackPointExtension>
        </extensions>
      </trkpt>
      <trkpt lat="22.649450645413612" lon="107.6047591396294">
        <ele>95.7473467104137</ele>
        <time>2023-07-11T01:26:22Z</time>
        <extensions>
          <gpxtpx:TrackPointExtension>
            <gpxtpx:hr>98</gpxtpx:hr>
          </gpxtpx:TrackPointExtension>
        </extensions>
      </trkpt>
      <trkpt lat="22.649439108670396" lon="107.60476600664146">
        <ele>95.77528966125101</ele>
        <time>2023-07-11T01:26:23Z</time>
        <extensions>
          <gpxtpx:TrackPointExtension>
            <gpxtpx:hr>98</gpxtpx:hr>
          </gpxtpx:TrackPointExtension>
        </extensions>
      </trkpt>
      <trkpt lat="22.649426625465164" lon="107.60477398732867">
        <ele>95.80613493081182</ele>
        <time>2023-07-11T01:26:24Z</time>
        <extensions>
          <gpxtpx:TrackPointExtension>
            <gpxtpx:hr>98</gpxtpx:hr>
          </gpxtpx:TrackPointExtension>
        </extensions>
      </trkpt>
      <trkpt lat="22.649413665733956" lon="107.60478245853335">
        <ele>95.83907532319427</ele>
        <time>2023-07-11T01:26:25Z</time>
        <extensions>
          <gpxtpx:TrackPointExtension>
            <gpxtpx:hr>98</gpxtpx:hr>
          </gpxtpx:TrackPointExtension>
        </extensions>
      </trkpt>
      <trkpt lat="22.649404025762625" lon="107.604775585707">
        <ele>95.8722012815997</ele>
        <time>2023-07-11T01:26:26Z</time>
        <extensions>
          <gpxtpx:TrackPointExtension>
            <gpxtpx:hr>100</gpxtpx:hr>
          </gpxtpx:TrackPointExtension>
        </extensions>
      </trkpt>
      <trkpt lat="22.64939484677162" lon="107.60477731442425">
        <ele>95.90934785176069</ele>
        <time>2023-07-11T01:26:27Z</time>
        <extensions>
          <gpxtpx:TrackPointExtension>
            <gpxtpx:hr>100</gpxtpx:hr>
          </gpxtpx:TrackPointExtension>
        </extensions>
      </trkpt>
      <trkpt lat="22.649385529370463" lon="107.60478123659873">
        <ele>95.95217268075794</ele>
        <time>2023-07-11T01:26:28Z</time>
        <extensions>
          <gpxtpx:TrackPointExtension>
            <gpxtpx:hr>100</gpxtpx:hr>
          </gpxtpx:TrackPointExtension>
        </extensions>
      </trkpt>
      <trkpt lat="22.6493759346753" lon="107.60478472274178">
        <ele>95.9979324284941</ele>
        <time>2023-07-11T01:26:29Z</time>
        <extensions>
          <gpxtpx:TrackPointExtension>
            <gpxtpx:hr>100</gpxtpx:hr>
          </gpxtpx:TrackPointExtension>
        </extensions>
      </trkpt>
      <trkpt lat="22.649366753573638" lon="107.60478786360957">
        <ele>96.04561921954155</ele>
        <time>2023-07-11T01:26:30Z</time>
        <extensions>
          <gpxtpx:TrackPointExtension>
            <gpxtpx:hr>100</gpxtpx:hr>
          </gpxtpx:TrackPointExtension>
        </extensions>
      </trkpt>
      <trkpt lat="22.64935828508397" lon="107.60478900707726">
        <ele>96.09494097251445</ele>
        <time>2023-07-11T01:26:31Z</time>
        <extensions>
          <gpxtpx:TrackPointExtension>
            <gpxtpx:hr>100</gpxtpx:hr>
          </gpxtpx:TrackPointExtension>
        </extensions>
      </trkpt>
      <trkpt lat="22.64935008493939" lon="107.60479085977735">
        <ele>96.147451531142</ele>
        <time>2023-07-11T01:26:32Z</time>
        <extensions>
          <gpxtpx:TrackPointExtension>
            <gpxtpx:hr>100</gpxtpx:hr>
          </gpxtpx:TrackPointExtension>
        </extensions>
      </trkpt>
      <trkpt lat="22.649340128634083" lon="107.60479300788153">
        <ele>96.19864148460329</ele>
        <time>2023-07-11T01:26:33Z</time>
        <extensions>
          <gpxtpx:TrackPointExtension>
            <gpxtpx:hr>98</gpxtpx:hr>
          </gpxtpx:TrackPointExtension>
        </extensions>
      </trkpt>
      <trkpt lat="22.64932742892905" lon="107.60479394289666">
        <ele>96.2525311075151</ele>
        <time>2023-07-11T01:26:34Z</time>
        <extensions>
          <gpxtpx:TrackPointExtension>
            <gpxtpx:hr>98</gpxtpx:hr>
          </gpxtpx:TrackPointExtension>
        </extensions>
      </trkpt>
      <trkpt lat="22.649314001476377" lon="107.60479283227959">
        <ele>96.30480621382594</ele>
        <time>2023-07-11T01:26:35Z</time>
        <extensions>
          <gpxtpx:TrackPointExtension>
            <gpxtpx:hr>98</gpxtpx:hr>
          </gpxtpx:TrackPointExtension>
        </extensions>
      </trkpt>
      <trkpt lat="22.649304739972507" lon="107.60479100182272">
        <ele>96.36020755767822</ele>
        <time>2023-07-11T01:26:36Z</time>
        <extensions>
          <gpxtpx:TrackPointExtension>
            <gpxtpx:hr>98</gpxtpx:hr>
          </gpxtpx:TrackPointExtension>
        </extensions>
      </trkpt>
      <trkpt lat="22.64930040190502" lon="107.6047892008919">
        <ele>96.41462226677686</ele>
        <time>2023-07-11T01:26:37Z</time>
        <extensions>
          <gpxtpx:TrackPointExtension>
            <gpxtpx:hr>98</gpxtpx:hr>
          </gpxtpx:TrackPointExtension>
        </extensions>
      </trkpt>
      <trkpt lat="22.649297666459304" lon="107.60478706035231">
        <ele>96.4716413244605</ele>
        <time>2023-07-11T01:26:38Z</time>
        <extensions>
          <gpxtpx:TrackPointExtension>
            <gpxtpx:hr>98</gpxtpx:hr>
          </gpxtpx:TrackPointExtension>
        </extensions>
      </trkpt>
      <trkpt lat="22.649294726145133" lon="107.60478439765133">
        <ele>96.53443157393485</ele>
        <time>2023-07-11T01:26:39Z</time>
        <extensions>
          <gpxtpx:TrackPointExtension>
            <gpxtpx:hr>98</gpxtpx:hr>
          </gpxtpx:TrackPointExtension>
        </extensions>
      </trkpt>
      <trkpt lat="22.64929053335495" lon="107.60478130193931">
        <ele>96.59923677705228</ele>
        <time>2023-07-11T01:26:40Z</time>
        <extensions>
          <gpxtpx:TrackPointExtension>
            <gpxtpx:hr>103</gpxtpx:hr>
          </gpxtpx:TrackPointExtension>
        </extensions>
      </trkpt>
      <trkpt lat="22.649283891531695" lon="107.6047784863453">
        <ele>96.6603540694341</ele>
        <time>2023-07-11T01:26:41Z</time>
        <extensions>
          <gpxtpx:TrackPointExtension>
            <gpxtpx:hr>103</gpxtpx:hr>
          </gpxtpx:TrackPointExtension>
        </extensions>
      </trkpt>
      <trkpt lat="22.649272568057107" lon="107.60477699432835">
        <ele>96.71628353372216</ele>
        <time>2023-07-11T01:26:42Z</time>
        <extensions>
          <gpxtpx:TrackPointExtension>
            <gpxtpx:hr>103</gpxtpx:hr>
          </gpxtpx:TrackPointExtension>
        </extensions>
      </trkpt>
      <trkpt lat="22.649256052247253" lon="107.60477774388862">
        <ele>96.77318704128265</ele>
        <time>2023-07-11T01:26:43Z</time>
        <extensions>
          <gpxtpx:TrackPointExtension>
            <gpxtpx:hr>103</gpxtpx:hr>
          </gpxtpx:TrackPointExtension>
        </extensions>
      </trkpt>
      <trkpt lat="22.649236646878805" lon="107.60478116153215">
        <ele>96.82308967411518</ele>
        <time>2023-07-11T01:26:44Z</time>
        <extensions>
          <gpxtpx:TrackPointExtension>
            <gpxtpx:hr>103</gpxtpx:hr>
          </gpxtpx:TrackPointExtension>
        </extensions>
      </trkpt>
      <trkpt lat="22.649217161336225" lon="107.60478727844931">
        <ele>96.86704641394317</ele>
        <time>2023-07-11T01:26:45Z</time>
        <extensions>
          <gpxtpx:TrackPointExtension>
            <gpxtpx:hr>103</gpxtpx:hr>
          </gpxtpx:TrackPointExtension>
        </extensions>
      </trkpt>
      <trkpt lat="22.649200377212857" lon="107.6047965185841">
        <ele>96.89997467119247</ele>
        <time>2023-07-11T01:26:46Z</time>
        <extensions>
          <gpxtpx:TrackPointExtension>
            <gpxtpx:hr>103</gpxtpx:hr>
          </gpxtpx:TrackPointExtension>
        </extensions>
      </trkpt>
      <trkpt lat="22.649188122286365" lon="107.60480834137603">
        <ele>96.91913576517254</ele>
        <time>2023-07-11T01:26:47Z</time>
        <extensions>
          <gpxtpx:TrackPointExtension>
            <gpxtpx:hr>102</gpxtpx:hr>
          </gpxtpx:TrackPointExtension>
        </extensions>
      </trkpt>
      <trkpt lat="22.649181290768315" lon="107.60482224566599">
        <ele>96.92368966992944</ele>
        <time>2023-07-11T01:26:48Z</time>
        <extensions>
          <gpxtpx:TrackPointExtension>
            <gpxtpx:hr>102</gpxtpx:hr>
          </gpxtpx:TrackPointExtension>
        </extensions>
      </trkpt>
      <trkpt lat="22.649179023654668" lon="107.60483633623035">
        <ele>96.91562060918659</ele>
        <time>2023-07-11T01:26:49Z</time>
        <extensions>
          <gpxtpx:TrackPointExtension>
            <gpxtpx:hr>102</gpxtpx:hr>
          </gpxtpx:TrackPointExtension>
        </extensions>
      </trkpt>
      <trkpt lat="22.649179007193784" lon="107.60484886999845">
        <ele>96.89430264756083</ele>
        <time>2023-07-11T01:26:50Z</time>
        <extensions>
          <gpxtpx:TrackPointExtension>
            <gpxtpx:hr>102</gpxtpx:hr>
          </gpxtpx:TrackPointExtension>
        </extensions>
      </trkpt>
      <trkpt lat="22.649179289240685" lon="107.60486044402609">
        <ele>96.86392797529697</ele>
        <time>2023-07-11T01:26:51Z</time>
        <extensions>
          <gpxtpx:TrackPointExtension>
            <gpxtpx:hr>103</gpxtpx:hr>
          </gpxtpx:TrackPointExtension>
        </extensions>
      </trkpt>
      <trkpt lat="22.649179361099428" lon="107.6048720910692">
        <ele>96.824672347866</ele>
        <time>2023-07-11T01:26:52Z</time>
        <extensions>
          <gpxtpx:TrackPointExtension>
            <gpxtpx:hr>103</gpxtpx:hr>
          </gpxtpx:TrackPointExtension>
        </extensions>
      </trkpt>
      <trkpt lat="22.649180004360776" lon="107.60488377787165">
        <ele>96.78059620782733</ele>
        <time>2023-07-11T01:26:53Z</time>
        <extensions>
          <gpxtpx:TrackPointExtension>
            <gpxtpx:hr>103</gpxtpx:hr>
          </gpxtpx:TrackPointExtension>
        </extensions>
      </trkpt>
      <trkpt lat="22.64918211639269" lon="107.60489494565391">
        <ele>96.73266398813576</ele>
        <time>2023-07-11T01:26:54Z</time>
        <extensions>
          <gpxtpx:TrackPointExtension>
            <gpxtpx:hr>103</gpxtpx:hr>
          </gpxtpx:TrackPointExtension>
        </extensions>
      </trkpt>
      <trkpt lat="22.64918529985059" lon="107.60490411911529">
        <ele>96.68803064525127</ele>
        <time>2023-07-11T01:26:55Z</time>
        <extensions>
          <gpxtpx:TrackPointExtension>
            <gpxtpx:hr>103</gpxtpx:hr>
          </gpxtpx:TrackPointExtension>
        </extensions>
      </trkpt>
      <trkpt lat="22.649188101472873" lon="107.60490952909606">
        <ele>96.64238260034472</ele>
        <time>2023-07-11T01:26:56Z</time>
        <extensions>
          <gpxtpx:TrackPointExtension>
            <gpxtpx:hr>103</gpxtpx:hr>
          </gpxtpx:TrackPointExtension>
        </extensions>
      </trkpt>
      <trkpt lat="22.649189340148897" lon="107.6049102842026">
        <ele>96.59903041925281</ele>
        <time>2023-07-11T01:26:57Z</time>
        <extensions>
          <gpxtpx:TrackPointExtension>
            <gpxtpx:hr>103</gpxtpx:hr>
          </gpxtpx:TrackPointExtension>
        </extensions>
      </trkpt>
      <trkpt lat="22.649188891485913" lon="107.60490658699517">
        <ele>96.56021513324231</ele>
        <time>2023-07-11T01:26:58Z</time>
        <extensions>
          <gpxtpx:TrackPointExtension>
            <gpxtpx:hr>82</gpxtpx:hr>
          </gpxtpx:TrackPointExtension>
        </extensions>
      </trkpt>
      <trkpt lat="22.649187630892847" lon="107.60489937559039">
        <ele>96.52899615559727</ele>
        <time>2023-07-11T01:26:59Z</time>
        <extensions>
          <gpxtpx:TrackPointExtension>
            <gpxtpx:hr>82</gpxtpx:hr>
          </gpxtpx:TrackPointExtension>
        </extensions>
      </trkpt>
      <trkpt lat="22.64918678195705" lon="107.60488955686941">
        <ele>96.50762410927564</ele>
        <time>2023-07-11T01:27:00Z</time>
        <extensions>
          <gpxtpx:TrackPointExtension>
            <gpxtpx:hr>82</gpxtpx:hr>
          </gpxtpx:TrackPointExtension>
        </extensions>
      </trkpt>
      <trkpt lat="22.649187067271406" lon="107.6048778612139">
        <ele>96.4954167092219</ele>
        <time>2023-07-11T01:27:01Z</time>
        <extensions>
          <gpxtpx:TrackPointExtension>
            <gpxtpx:hr>82</gpxtpx:hr>
          </gpxtpx:TrackPointExtension>
        </extensions>
      </trkpt>
      <trkpt lat="22.649188560918148" lon="107.60486462692208">
        <ele>96.4946163855493</ele>
        <time>2023-07-11T01:27:02Z</time>
        <extensions>
          <gpxtpx:TrackPointExtension>
            <gpxtpx:hr>82</gpxtpx:hr>
          </gpxtpx:TrackPointExtension>
        </extensions>
      </trkpt>
      <trkpt lat="22.649190860784167" lon="107.60484952406718">
        <ele>96.50565155595541</ele>
        <time>2023-07-11T01:27:03Z</time>
        <extensions>
          <gpxtpx:TrackPointExtension>
            <gpxtpx:hr>82</gpxtpx:hr>
          </gpxtpx:TrackPointExtension>
        </extensions>
      </trkpt>
      <trkpt lat="22.6491932939961" lon="107.60483290305977">
        <ele>96.52105285041034</ele>
        <time>2023-07-11T01:27:04Z</time>
        <extensions>
          <gpxtpx:TrackPointExtension>
            <gpxtpx:hr>82</gpxtpx:hr>
          </gpxtpx:TrackPointExtension>
        </extensions>
      </trkpt>
      <trkpt lat="22.649195450481756" lon="107.60481581232739">
        <ele>96.55389583017677</ele>
        <time>2023-07-11T01:27:05Z</time>
        <extensions>
          <gpxtpx:TrackPointExtension>
            <gpxtpx:hr>79</gpxtpx:hr>
          </gpxtpx:TrackPointExtension>
        </extensions>
      </trkpt>
      <trkpt lat="22.649197400399192" lon="107.60479891931676">
        <ele>96.5998667459935</ele>
        <time>2023-07-11T01:27:06Z</time>
        <extensions>
          <gpxtpx:TrackPointExtension>
            <gpxtpx:hr>79</gpxtpx:hr>
          </gpxtpx:TrackPointExtension>
        </extensions>
      </trkpt>
      <trkpt lat="22.649199308475858" lon="107.60478253830154">
        <ele>96.65453444980085</ele>
        <time>2023-07-11T01:27:07Z</time>
        <extensions>
          <gpxtpx:TrackPointExtension>
            <gpxtpx:hr>79</gpxtpx:hr>
          </gpxtpx:TrackPointExtension>
        </extensions>
      </trkpt>
      <trkpt lat="22.649201172431596" lon="107.60476652659298">
        <ele>96.72240135911852</ele>
        <time>2023-07-11T01:27:08Z</time>
        <extensions>
          <gpxtpx:TrackPointExtension>
            <gpxtpx:hr>79</gpxtpx:hr>
          </gpxtpx:TrackPointExtension>
        </extensions>
      </trkpt>
      <trkpt lat="22.64920266133817" lon="107.60475055860944">
        <ele>96.78978766314685</ele>
        <time>2023-07-11T01:27:09Z</time>
        <extensions>
          <gpxtpx:TrackPointExtension>
            <gpxtpx:hr>79</gpxtpx:hr>
          </gpxtpx:TrackPointExtension>
        </extensions>
      </trkpt>
      <trkpt lat="22.64920327828548" lon="107.60473500166158">
        <ele>96.86282814852893</ele>
        <time>2023-07-11T01:27:10Z</time>
        <extensions>
          <gpxtpx:TrackPointExtension>
            <gpxtpx:hr>79</gpxtpx:hr>
          </gpxtpx:TrackPointExtension>
        </extensions>
      </trkpt>
      <trkpt lat="22.64920279745756" lon="107.60472061625923">
        <ele>96.94335343129933</ele>
        <time>2023-07-11T01:27:11Z</time>
        <extensions>
          <gpxtpx:TrackPointExtension>
            <gpxtpx:hr>83</gpxtpx:hr>
          </gpxtpx:TrackPointExtension>
        </extensions>
      </trkpt>
      <trkpt lat="22.649201567209122" lon="107.60470804442247">
        <ele>97.02675759699196</ele>
        <time>2023-07-11T01:27:12Z</time>
        <extensions>
          <gpxtpx:TrackPointExtension>
            <gpxtpx:hr>83</gpxtpx:hr>
          </gpxtpx:TrackPointExtension>
        </extensions>
      </trkpt>
      <trkpt lat="22.649199801939677" lon="107.60469759499107">
        <ele>97.11153782438487</ele>
        <time>2023-07-11T01:27:13Z</time>
        <extensions>
          <gpxtpx:TrackPointExtension>
            <gpxtpx:hr>83</gpxtpx:hr>
          </gpxtpx:TrackPointExtension>
        </extensions>
      </trkpt>
      <trkpt lat="22.649197400996524" lon="107.6046889526189">
        <ele>97.1962179960683</ele>
        <time>2023-07-11T01:27:14Z</time>
        <extensions>
          <gpxtpx:TrackPointExtension>
            <gpxtpx:hr>83</gpxtpx:hr>
          </gpxtpx:TrackPointExtension>
        </extensions>
      </trkpt>
      <trkpt lat="22.64919344642323" lon="107.6046813700831">
        <ele>97.27899274416268</ele>
        <time>2023-07-11T01:27:15Z</time>
        <extensions>
          <gpxtpx:TrackPointExtension>
            <gpxtpx:hr>83</gpxtpx:hr>
          </gpxtpx:TrackPointExtension>
        </extensions>
      </trkpt>
      <trkpt lat="22.64918757525394" lon="107.60467464318441">
        <ele>97.35950971767306</ele>
        <time>2023-07-11T01:27:16Z</time>
        <extensions>
          <gpxtpx:TrackPointExtension>
            <gpxtpx:hr>83</gpxtpx:hr>
          </gpxtpx:TrackPointExtension>
        </extensions>
      </trkpt>
      <trkpt lat="22.64917959881152" lon="107.60466846378965">
        <ele>97.4380844924599</ele>
        <time>2023-07-11T01:27:17Z</time>
        <extensions>
          <gpxtpx:TrackPointExtension>
            <gpxtpx:hr>83</gpxtpx:hr>
          </gpxtpx:TrackPointExtension>
        </extensions>
      </trkpt>
      <trkpt lat="22.649168094860052" lon="107.60466431301256">
        <ele>97.51386077422649</ele>
        <time>2023-07-11T01:27:18Z</time>
        <extensions>
          <gpxtpx:TrackPointExtension>
            <gpxtpx:hr>87</gpxtpx:hr>
          </gpxtpx:TrackPointExtension>
        </extensions>
      </trkpt>
      <trkpt lat="22.64915409548872" lon="107.60466209908078">
        <ele>97.58539750147611</ele>
        <time>2023-07-11T01:27:19Z</time>
        <extensions>
          <gpxtpx:TrackPointExtension>
            <gpxtpx:hr>87</gpxtpx:hr>
          </gpxtpx:TrackPointExtension>
        </extensions>
      </trkpt>
      <trkpt lat="22.64914125647679" lon="107.60466062698926">
        <ele>97.64962619356811</ele>
        <time>2023-07-11T01:27:20Z</time>
        <extensions>
          <gpxtpx:TrackPointExtension>
            <gpxtpx:hr>87</gpxtpx:hr>
          </gpxtpx:TrackPointExtension>
        </extensions>
      </trkpt>
      <trkpt lat="22.64913136348667" lon="107.604659712226">
        <ele>97.70770323742181</ele>
        <time>2023-07-11T01:27:21Z</time>
        <extensions>
          <gpxtpx:TrackPointExtension>
            <gpxtpx:hr>87</gpxtpx:hr>
          </gpxtpx:TrackPointExtension>
        </extensions>
      </trkpt>
      <trkpt lat="22.64912347087621" lon="107.60465975211393">
        <ele>97.75640427228063</ele>
        <time>2023-07-11T01:27:22Z</time>
        <extensions>
          <gpxtpx:TrackPointExtension>
            <gpxtpx:hr>87</gpxtpx:hr>
          </gpxtpx:TrackPointExtension>
        </extensions>
      </trkpt>
      <trkpt lat="22.649115115214876" lon="107.60466012536449">
        <ele>97.79746784642339</ele>
        <time>2023-07-11T01:27:23Z</time>
        <extensions>
          <gpxtpx:TrackPointExtension>
            <gpxtpx:hr>87</gpxtpx:hr>
          </gpxtpx:TrackPointExtension>
        </extensions>
      </trkpt>
      <trkpt lat="22.649105802646456" lon="107.60466114500886">
        <ele>97.82466863561422</ele>
        <time>2023-07-11T01:27:24Z</time>
        <extensions>
          <gpxtpx:TrackPointExtension>
            <gpxtpx:hr>87</gpxtpx:hr>
          </gpxtpx:TrackPointExtension>
        </extensions>
      </trkpt>
      <trkpt lat="22.649093549770434" lon="107.60466399750682">
        <ele>97.83893043734133</ele>
        <time>2023-07-11T01:27:25Z</time>
        <extensions>
          <gpxtpx:TrackPointExtension>
            <gpxtpx:hr>89</gpxtpx:hr>
          </gpxtpx:TrackPointExtension>
        </extensions>
      </trkpt>
      <trkpt lat="22.649076076426997" lon="107.6046700315062">
        <ele>97.8315400686115</ele>
        <time>2023-07-11T01:27:26Z</time>
        <extensions>
          <gpxtpx:TrackPointExtension>
            <gpxtpx:hr>89</gpxtpx:hr>
          </gpxtpx:TrackPointExtension>
        </extensions>
      </trkpt>
      <trkpt lat="22.649053815795277" lon="107.6046799770569">
        <ele>97.81383795570582</ele>
        <time>2023-07-11T01:27:27Z</time>
        <extensions>
          <gpxtpx:TrackPointExtension>
            <gpxtpx:hr>89</gpxtpx:hr>
          </gpxtpx:TrackPointExtension>
        </extensions>
      </trkpt>
      <trkpt lat="22.649027756726035" lon="107.60469408413799">
        <ele>97.78430147282779</ele>
        <time>2023-07-11T01:27:28Z</time>
        <extensions>
          <gpxtpx:TrackPointExtension>
            <gpxtpx:hr>91</gpxtpx:hr>
          </gpxtpx:TrackPointExtension>
        </extensions>
      </trkpt>
      <trkpt lat="22.648996263315265" lon="107.6047161659756">
        <ele>97.7308654692024</ele>
        <time>2023-07-11T01:27:29Z</time>
        <extensions>
          <gpxtpx:TrackPointExtension>
            <gpxtpx:hr>91</gpxtpx:hr>
          </gpxtpx:TrackPointExtension>
        </extensions>
      </trkpt>
      <trkpt lat="22.64896588897405" lon="107.60474047176348">
        <ele>97.65936626400799</ele>
        <time>2023-07-11T01:27:30Z</time>
        <extensions>
          <gpxtpx:TrackPointExtension>
            <gpxtpx:hr>91</gpxtpx:hr>
          </gpxtpx:TrackPointExtension>
        </extensions>
      </trkpt>
      <trkpt lat="22.648937540956954" lon="107.60476513406452">
        <ele>97.57546630688012</ele>
        <time>2023-07-11T01:27:31Z</time>
        <extensions>
          <gpxtpx:TrackPointExtension>
            <gpxtpx:hr>91</gpxtpx:hr>
          </gpxtpx:TrackPointExtension>
        </extensions>
      </trkpt>
      <trkpt lat="22.648906982623863" lon="107.60479643265583">
        <ele>97.45936559792608</ele>
        <time>2023-07-11T01:27:32Z</time>
        <extensions>
          <gpxtpx:TrackPointExtension>
            <gpxtpx:hr>91</gpxtpx:hr>
          </gpxtpx:TrackPointExtension>
        </extensions>
      </trkpt>
      <trkpt lat="22.648879589186457" lon="107.60482806096964">
        <ele>97.36003802344203</ele>
        <time>2023-07-11T01:27:33Z</time>
        <extensions>
          <gpxtpx:TrackPointExtension>
            <gpxtpx:hr>93</gpxtpx:hr>
          </gpxtpx:TrackPointExtension>
        </extensions>
      </trkpt>
      <trkpt lat="22.648855460694104" lon="107.60485995421361">
        <ele>97.2483490826562</ele>
        <time>2023-07-11T01:27:34Z</time>
        <extensions>
          <gpxtpx:TrackPointExtension>
            <gpxtpx:hr>93</gpxtpx:hr>
          </gpxtpx:TrackPointExtension>
        </extensions>
      </trkpt>
      <trkpt lat="22.648835580473165" lon="107.6048907333503">
        <ele>97.13085206784308</ele>
        <time>2023-07-11T01:27:35Z</time>
        <extensions>
          <gpxtpx:TrackPointExtension>
            <gpxtpx:hr>93</gpxtpx:hr>
          </gpxtpx:TrackPointExtension>
        </extensions>
      </trkpt>
      <trkpt lat="22.64882338559079" lon="107.60492072043647">
        <ele>97.01052173785865</ele>
        <time>2023-07-11T01:27:36Z</time>
        <extensions>
          <gpxtpx:TrackPointExtension>
            <gpxtpx:hr>93</gpxtpx:hr>
          </gpxtpx:TrackPointExtension>
        </extensions>
      </trkpt>
      <trkpt lat="22.648812805386815" lon="107.60494533288141">
        <ele>96.89079658780247</ele>
        <time>2023-07-11T01:27:37Z</time>
        <extensions>
          <gpxtpx:TrackPointExtension>
            <gpxtpx:hr>93</gpxtpx:hr>
          </gpxtpx:TrackPointExtension>
        </extensions>
      </trkpt>
      <trkpt lat="22.648805739797787" lon="107.60496432068317">
        <ele>96.77532642800361</ele>
        <time>2023-07-11T01:27:38Z</time>
        <extensions>
          <gpxtpx:TrackPointExtension>
            <gpxtpx:hr>93</gpxtpx:hr>
          </gpxtpx:TrackPointExtension>
        </extensions>
      </trkpt>
      <trkpt lat="22.64880277274923" lon="107.60497711274682">
        <ele>96.66719374153763</ele>
        <time>2023-07-11T01:27:39Z</time>
        <extensions>
          <gpxtpx:TrackPointExtension>
            <gpxtpx:hr>91</gpxtpx:hr>
          </gpxtpx:TrackPointExtension>
        </extensions>
      </trkpt>
      <trkpt lat="22.648803668944392" lon="107.6049851082373">
        <ele>96.56352626346052</ele>
        <time>2023-07-11T01:27:40Z</time>
        <extensions>
          <gpxtpx:TrackPointExtension>
            <gpxtpx:hr>91</gpxtpx:hr>
          </gpxtpx:TrackPointExtension>
        </extensions>
      </trkpt>
      <trkpt lat="22.648807860189883" lon="107.60499183122093">
        <ele>96.4649740261957</ele>
        <time>2023-07-11T01:27:41Z</time>
        <extensions>
          <gpxtpx:TrackPointExtension>
            <gpxtpx:hr>91</gpxtpx:hr>
          </gpxtpx:TrackPointExtension>
        </extensions>
      </trkpt>
      <trkpt lat="22.648906317687374" lon="107.60504216661461">
        <ele>96.00356707721949</ele>
        <time>2023-07-11T01:27:49Z</time>
        <extensions>
          <gpxtpx:TrackPointExtension>
            <gpxtpx:hr>100</gpxtpx:hr>
          </gpxtpx:TrackPointExtension>
        </extensions>
      </trkpt>
      <trkpt lat="22.648922904509433" lon="107.6050465659078">
        <ele>95.99317476712167</ele>
        <time>2023-07-11T01:27:50Z</time>
        <extensions>
          <gpxtpx:TrackPointExtension>
            <gpxtpx:hr>100</gpxtpx:hr>
          </gpxtpx:TrackPointExtension>
        </extensions>
      </trkpt>
      <trkpt lat="22.64893473451595" lon="107.60504796285251">
        <ele>95.99017721787095</ele>
        <time>2023-07-11T01:27:51Z</time>
        <extensions>
          <gpxtpx:TrackPointExtension>
            <gpxtpx:hr>100</gpxtpx:hr>
          </gpxtpx:TrackPointExtension>
        </extensions>
      </trkpt>
      <trkpt lat="22.648941226969676" lon="107.60504634901775">
        <ele>95.99657424911857</ele>
        <time>2023-07-11T01:27:52Z</time>
        <extensions>
          <gpxtpx:TrackPointExtension>
            <gpxtpx:hr>99</gpxtpx:hr>
          </gpxtpx:TrackPointExtension>
        </extensions>
      </trkpt>
      <trkpt lat="22.648943044978893" lon="107.60504147537348">
        <ele>96.00439139083028</ele>
        <time>2023-07-11T01:27:53Z</time>
        <extensions>
          <gpxtpx:TrackPointExtension>
            <gpxtpx:hr>99</gpxtpx:hr>
          </gpxtpx:TrackPointExtension>
        </extensions>
      </trkpt>
      <trkpt lat="22.648941348076164" lon="107.60503304608702">
        <ele>96.01573493517935</ele>
        <time>2023-07-11T01:27:54Z</time>
        <extensions>
          <gpxtpx:TrackPointExtension>
            <gpxtpx:hr>99</gpxtpx:hr>
          </gpxtpx:TrackPointExtension>
        </extensions>
      </trkpt>
      <trkpt lat="22.64893886045756" lon="107.60502214902772">
        <ele>96.03380215074867</ele>
        <time>2023-07-11T01:27:55Z</time>
        <extensions>
          <gpxtpx:TrackPointExtension>
            <gpxtpx:hr>99</gpxtpx:hr>
          </gpxtpx:TrackPointExtension>
        </extensions>
      </trkpt>
      <trkpt lat="22.648937158758688" lon="107.60501225537288">
        <ele>96.0510809449479</ele>
        <time>2023-07-11T01:27:56Z</time>
        <extensions>
          <gpxtpx:TrackPointExtension>
            <gpxtpx:hr>99</gpxtpx:hr>
          </gpxtpx:TrackPointExtension>
        </extensions>
      </trkpt>
      <trkpt lat="22.648937143641138" lon="107.60500575441426">
        <ele>96.07269357331097</ele>
        <time>2023-07-11T01:27:57Z</time>
        <extensions>
          <gpxtpx:TrackPointExtension>
            <gpxtpx:hr>99</gpxtpx:hr>
          </gpxtpx:TrackPointExtension>
        </extensions>
      </trkpt>
      <trkpt lat="22.648939277778688" lon="107.60500238522738">
        <ele>96.10937917232513</ele>
        <time>2023-07-11T01:27:58Z</time>
        <extensions>
          <gpxtpx:TrackPointExtension>
            <gpxtpx:hr>88</gpxtpx:hr>
          </gpxtpx:TrackPointExtension>
        </extensions>
      </trkpt>
      <trkpt lat="22.648942852359497" lon="107.60500050284006">
        <ele>96.14302497729659</ele>
        <time>2023-07-11T01:27:59Z</time>
        <extensions>
          <gpxtpx:TrackPointExtension>
            <gpxtpx:hr>88</gpxtpx:hr>
          </gpxtpx:TrackPointExtension>
        </extensions>
      </trkpt>
      <trkpt lat="22.648946318782574" lon="107.60499881004067">
        <ele>96.17021138034761</ele>
        <time>2023-07-11T01:28:00Z</time>
        <extensions>
          <gpxtpx:TrackPointExtension>
            <gpxtpx:hr>88</gpxtpx:hr>
          </gpxtpx:TrackPointExtension>
        </extensions>
      </trkpt>
      <trkpt lat="22.64894839588852" lon="107.60499673651319">
        <ele>96.1951870135963</ele>
        <time>2023-07-11T01:28:01Z</time>
        <extensions>
          <gpxtpx:TrackPointExtension>
            <gpxtpx:hr>88</gpxtpx:hr>
          </gpxtpx:TrackPointExtension>
        </extensions>
      </trkpt>
      <trkpt lat="22.648948381782063" lon="107.60499474032507">
        <ele>96.21738202963024</ele>
        <time>2023-07-11T01:28:02Z</time>
        <extensions>
          <gpxtpx:TrackPointExtension>
            <gpxtpx:hr>88</gpxtpx:hr>
          </gpxtpx:TrackPointExtension>
        </extensions>
      </trkpt>
      <trkpt lat="22.648946161846432" lon="107.60499351775582">
        <ele>96.23319750279188</ele>
        <time>2023-07-11T01:28:03Z</time>
        <extensions>
          <gpxtpx:TrackPointExtension>
            <gpxtpx:hr>88</gpxtpx:hr>
          </gpxtpx:TrackPointExtension>
        </extensions>
      </trkpt>
      <trkpt lat="22.648942330254904" lon="107.60499367655196">
        <ele>96.25023464113474</ele>
        <time>2023-07-11T01:28:04Z</time>
        <extensions>
          <gpxtpx:TrackPointExtension>
            <gpxtpx:hr>88</gpxtpx:hr>
          </gpxtpx:TrackPointExtension>
        </extensions>
      </trkpt>
      <trkpt lat="22.648937992961393" lon="107.60499571022176">
        <ele>96.26588406972587</ele>
        <time>2023-07-11T01:28:05Z</time>
        <extensions>
          <gpxtpx:TrackPointExtension>
            <gpxtpx:hr>90</gpxtpx:hr>
          </gpxtpx:TrackPointExtension>
        </extensions>
      </trkpt>
      <trkpt lat="22.64893401646205" lon="107.60499956726127">
        <ele>96.28449304588139</ele>
        <time>2023-07-11T01:28:06Z</time>
        <extensions>
          <gpxtpx:TrackPointExtension>
            <gpxtpx:hr>90</gpxtpx:hr>
          </gpxtpx:TrackPointExtension>
        </extensions>
      </trkpt>
      <trkpt lat="22.64893079534924" lon="107.6050046440313">
        <ele>96.29887142870575</ele>
        <time>2023-07-11T01:28:07Z</time>
        <extensions>
          <gpxtpx:TrackPointExtension>
            <gpxtpx:hr>90</gpxtpx:hr>
          </gpxtpx:TrackPointExtension>
        </extensions>
      </trkpt>
      <trkpt lat="22.648928202491977" lon="107.60500979768788">
        <ele>96.30794957373291</ele>
        <time>2023-07-11T01:28:08Z</time>
        <extensions>
          <gpxtpx:TrackPointExtension>
            <gpxtpx:hr>91</gpxtpx:hr>
          </gpxtpx:TrackPointExtension>
        </extensions>
      </trkpt>
      <trkpt lat="22.64892578252953" lon="107.60501374323395">
        <ele>96.31182690430433</ele>
        <time>2023-07-11T01:28:09Z</time>
        <extensions>
          <gpxtpx:TrackPointExtension>
            <gpxtpx:hr>91</gpxtpx:hr>
          </gpxtpx:TrackPointExtension>
        </extensions>
      </trkpt>
      <trkpt lat="22.648923144311226" lon="107.60501578390421">
        <ele>96.31477730162442</ele>
        <time>2023-07-11T01:28:10Z</time>
        <extensions>
          <gpxtpx:TrackPointExtension>
            <gpxtpx:hr>91</gpxtpx:hr>
          </gpxtpx:TrackPointExtension>
        </extensions>
      </trkpt>
      <trkpt lat="22.648919831571817" lon="107.60501587129502">
        <ele>96.31782341841608</ele>
        <time>2023-07-11T01:28:11Z</time>
        <extensions>
          <gpxtpx:TrackPointExtension>
            <gpxtpx:hr>91</gpxtpx:hr>
          </gpxtpx:TrackPointExtension>
        </extensions>
      </trkpt>
      <trkpt lat="22.64891541156761" lon="107.60501450858528">
        <ele>96.3251326624304</ele>
        <time>2023-07-11T01:28:12Z</time>
        <extensions>
          <gpxtpx:TrackPointExtension>
            <gpxtpx:hr>91</gpxtpx:hr>
          </gpxtpx:TrackPointExtension>
        </extensions>
      </trkpt>
      <trkpt lat="22.64890980784657" lon="107.6050120112191">
        <ele>96.32065341528505</ele>
        <time>2023-07-11T01:28:13Z</time>
        <extensions>
          <gpxtpx:TrackPointExtension>
            <gpxtpx:hr>92</gpxtpx:hr>
          </gpxtpx:TrackPointExtension>
        </extensions>
      </trkpt>
      <trkpt lat="22.648903226482183" lon="107.60500839306852">
        <ele>96.30271852668375</ele>
        <time>2023-07-11T01:28:14Z</time>
        <extensions>
          <gpxtpx:TrackPointExtension>
            <gpxtpx:hr>92</gpxtpx:hr>
          </gpxtpx:TrackPointExtension>
        </extensions>
      </trkpt>
      <trkpt lat="22.64889619803579" lon="107.60500366929404">
        <ele>96.2881886670366</ele>
        <time>2023-07-11T01:28:15Z</time>
        <extensions>
          <gpxtpx:TrackPointExtension>
            <gpxtpx:hr>92</gpxtpx:hr>
          </gpxtpx:TrackPointExtension>
        </extensions>
      </trkpt>
      <trkpt lat="22.64888938086894" lon="107.60499839228393">
        <ele>96.27389746438712</ele>
        <time>2023-07-11T01:28:16Z</time>
        <extensions>
          <gpxtpx:TrackPointExtension>
            <gpxtpx:hr>92</gpxtpx:hr>
          </gpxtpx:TrackPointExtension>
        </extensions>
      </trkpt>
      <trkpt lat="22.648882782080328" lon="107.60499336183483">
        <ele>96.25836111418903</ele>
        <time>2023-07-11T01:28:17Z</time>
        <extensions>
          <gpxtpx:TrackPointExtension>
            <gpxtpx:hr>92</gpxtpx:hr>
          </gpxtpx:TrackPointExtension>
        </extensions>
      </trkpt>
      <trkpt lat="22.64887618096734" lon="107.60498901078229">
        <ele>96.24162957631052</ele>
        <time>2023-07-11T01:28:18Z</time>
        <extensions>
          <gpxtpx:TrackPointExtension>
            <gpxtpx:hr>92</gpxtpx:hr>
          </gpxtpx:TrackPointExtension>
        </extensions>
      </trkpt>
      <trkpt lat="22.648869577560447" lon="107.60498514664208">
        <ele>96.22918760124594</ele>
        <time>2023-07-11T01:28:19Z</time>
        <extensions>
          <gpxtpx:TrackPointExtension>
            <gpxtpx:hr>92</gpxtpx:hr>
          </gpxtpx:TrackPointExtension>
        </extensions>
      </trkpt>
      <trkpt lat="22.64886292291251" lon="107.60498115944243">
        <ele>96.2114737238735</ele>
        <time>2023-07-11T01:28:20Z</time>
        <extensions>
          <gpxtpx:TrackPointExtension>
            <gpxtpx:hr>92</gpxtpx:hr>
          </gpxtpx:TrackPointExtension>
        </extensions>
      </trkpt>
      <trkpt lat="22.648856854685366" lon="107.60497689183904">
        <ele>96.18916290719062</ele>
        <time>2023-07-11T01:28:21Z</time>
        <extensions>
          <gpxtpx:TrackPointExtension>
            <gpxtpx:hr>92</gpxtpx:hr>
          </gpxtpx:TrackPointExtension>
        </extensions>
      </trkpt>
      <trkpt lat="22.64885206141739" lon="107.60497261199143">
        <ele>96.16776819340885</ele>
        <time>2023-07-11T01:28:22Z</time>
        <extensions>
          <gpxtpx:TrackPointExtension>
            <gpxtpx:hr>94</gpxtpx:hr>
          </gpxtpx:TrackPointExtension>
        </extensions>
      </trkpt>
      <trkpt lat="22.648848081609106" lon="107.60496838428696">
        <ele>96.15359882358462</ele>
        <time>2023-07-11T01:28:23Z</time>
        <extensions>
          <gpxtpx:TrackPointExtension>
            <gpxtpx:hr>94</gpxtpx:hr>
          </gpxtpx:TrackPointExtension>
        </extensions>
      </trkpt>
      <trkpt lat="22.648844423624688" lon="107.60496436124012">
        <ele>96.14839788712561</ele>
        <time>2023-07-11T01:28:24Z</time>
        <extensions>
          <gpxtpx:TrackPointExtension>
            <gpxtpx:hr>94</gpxtpx:hr>
          </gpxtpx:TrackPointExtension>
        </extensions>
      </trkpt>
      <trkpt lat="22.648840986522238" lon="107.60496108686306">
        <ele>96.1386453770101</ele>
        <time>2023-07-11T01:28:25Z</time>
        <extensions>
          <gpxtpx:TrackPointExtension>
            <gpxtpx:hr>94</gpxtpx:hr>
          </gpxtpx:TrackPointExtension>
        </extensions>
      </trkpt>
      <trkpt lat="22.64883737290914" lon="107.60495910027709">
        <ele>96.13214774057269</ele>
        <time>2023-07-11T01:28:26Z</time>
        <extensions>
          <gpxtpx:TrackPointExtension>
            <gpxtpx:hr>94</gpxtpx:hr>
          </gpxtpx:TrackPointExtension>
        </extensions>
      </trkpt>
      <trkpt lat="22.648833021263087" lon="107.60495875934113">
        <ele>96.12050590571016</ele>
        <time>2023-07-11T01:28:27Z</time>
        <extensions>
          <gpxtpx:TrackPointExtension>
            <gpxtpx:hr>96</gpxtpx:hr>
          </gpxtpx:TrackPointExtension>
        </extensions>
      </trkpt>
      <trkpt lat="22.648827269228004" lon="107.60495964100332">
        <ele>96.11675028968602</ele>
        <time>2023-07-11T01:28:28Z</time>
        <extensions>
          <gpxtpx:TrackPointExtension>
            <gpxtpx:hr>96</gpxtpx:hr>
          </gpxtpx:TrackPointExtension>
        </extensions>
      </trkpt>
      <trkpt lat="22.64881995680104" lon="107.60496062226163">
        <ele>96.11520621553063</ele>
        <time>2023-07-11T01:28:29Z</time>
        <extensions>
          <gpxtpx:TrackPointExtension>
            <gpxtpx:hr>96</gpxtpx:hr>
          </gpxtpx:TrackPointExtension>
        </extensions>
      </trkpt>
      <trkpt lat="22.648811847052766" lon="107.60496091100673">
        <ele>96.11559332627803</ele>
        <time>2023-07-11T01:28:30Z</time>
        <extensions>
          <gpxtpx:TrackPointExtension>
            <gpxtpx:hr>96</gpxtpx:hr>
          </gpxtpx:TrackPointExtension>
        </extensions>
      </trkpt>
      <trkpt lat="22.648803922976334" lon="107.60496055785589">
        <ele>96.11764830723405</ele>
        <time>2023-07-11T01:28:31Z</time>
        <extensions>
          <gpxtpx:TrackPointExtension>
            <gpxtpx:hr>96</gpxtpx:hr>
          </gpxtpx:TrackPointExtension>
        </extensions>
      </trkpt>
      <trkpt lat="22.648796440947557" lon="107.60496008304587">
        <ele>96.12003311235458</ele>
        <time>2023-07-11T01:28:32Z</time>
        <extensions>
          <gpxtpx:TrackPointExtension>
            <gpxtpx:hr>96</gpxtpx:hr>
          </gpxtpx:TrackPointExtension>
        </extensions>
      </trkpt>
      <trkpt lat="22.648789464696883" lon="107.60495988970897">
        <ele>96.12309476733208</ele>
        <time>2023-07-11T01:28:33Z</time>
        <extensions>
          <gpxtpx:TrackPointExtension>
            <gpxtpx:hr>96</gpxtpx:hr>
          </gpxtpx:TrackPointExtension>
        </extensions>
      </trkpt>
      <trkpt lat="22.648783005290785" lon="107.6049600570385">
        <ele>96.12629127223045</ele>
        <time>2023-07-11T01:28:34Z</time>
        <extensions>
          <gpxtpx:TrackPointExtension>
            <gpxtpx:hr>96</gpxtpx:hr>
          </gpxtpx:TrackPointExtension>
        </extensions>
      </trkpt>
      <trkpt lat="22.64877721369359" lon="107.60496010605569">
        <ele>96.12920772656798</ele>
        <time>2023-07-11T01:28:34Z</time>
        <extensions>
          <gpxtpx:TrackPointExtension>
            <gpxtpx:hr>96</gpxtpx:hr>
          </gpxtpx:TrackPointExtension>
        </extensions>
      </trkpt>
      <trkpt lat="22.648772386648144" lon="107.60495957700523">
        <ele>96.1317076748237</ele>
        <time>2023-07-11T01:28:35Z</time>
        <extensions>
          <gpxtpx:TrackPointExtension>
            <gpxtpx:hr>96</gpxtpx:hr>
          </gpxtpx:TrackPointExtension>
        </extensions>
      </trkpt>
      <trkpt lat="22.648768599066184" lon="107.60495858778533">
        <ele>96.13382382504642</ele>
        <time>2023-07-11T01:28:36Z</time>
        <extensions>
          <gpxtpx:TrackPointExtension>
            <gpxtpx:hr>96</gpxtpx:hr>
          </gpxtpx:TrackPointExtension>
        </extensions>
      </trkpt>
      <trkpt lat="22.648766185272073" lon="107.60495759478302">
        <ele>96.13560129143298</ele>
        <time>2023-07-11T01:28:37Z</time>
        <extensions>
          <gpxtpx:TrackPointExtension>
            <gpxtpx:hr>102</gpxtpx:hr>
          </gpxtpx:TrackPointExtension>
        </extensions>
      </trkpt>
      <trkpt lat="22.648764987225" lon="107.60495679353946">
        <ele>96.13701051101089</ele>
        <time>2023-07-11T01:28:38Z</time>
        <extensions>
          <gpxtpx:TrackPointExtension>
            <gpxtpx:hr>102</gpxtpx:hr>
          </gpxtpx:TrackPointExtension>
        </extensions>
      </trkpt>
      <trkpt lat="22.648764459932497" lon="107.60495609092337">
        <ele>96.13798948377371</ele>
        <time>2023-07-11T01:28:39Z</time>
        <extensions>
          <gpxtpx:TrackPointExtension>
            <gpxtpx:hr>102</gpxtpx:hr>
          </gpxtpx:TrackPointExtension>
        </extensions>
      </trkpt>
      <trkpt lat="22.648764349730218" lon="107.60495548703567">
        <ele>96.1385444579646</ele>
        <time>2023-07-11T01:28:40Z</time>
        <extensions>
          <gpxtpx:TrackPointExtension>
            <gpxtpx:hr>102</gpxtpx:hr>
          </gpxtpx:TrackPointExtension>
        </extensions>
      </trkpt>
      <trkpt lat="22.648764482365188" lon="107.6049549554182">
        <ele>96.13872120995075</ele>
        <time>2023-07-11T01:28:41Z</time>
        <extensions>
          <gpxtpx:TrackPointExtension>
            <gpxtpx:hr>102</gpxtpx:hr>
          </gpxtpx:TrackPointExtension>
        </extensions>
      </trkpt>
      <trkpt lat="22.648764766481968" lon="107.60495443895827">
        <ele>96.1390380114317</ele>
        <time>2023-07-11T01:28:42Z</time>
        <extensions>
          <gpxtpx:TrackPointExtension>
            <gpxtpx:hr>102</gpxtpx:hr>
          </gpxtpx:TrackPointExtension>
        </extensions>
      </trkpt>
      <trkpt lat="22.64876508869382" lon="107.60495394817684">
        <ele>96.13874655589461</ele>
        <time>2023-07-11T01:28:43Z</time>
        <extensions>
          <gpxtpx:TrackPointExtension>
            <gpxtpx:hr>102</gpxtpx:hr>
          </gpxtpx:TrackPointExtension>
        </extensions>
      </trkpt>
      <trkpt lat="22.648765094519185" lon="107.60495350959235">
        <ele>96.13635301310569</ele>
        <time>2023-07-11T01:28:44Z</time>
        <extensions>
          <gpxtpx:TrackPointExtension>
            <gpxtpx:hr>102</gpxtpx:hr>
          </gpxtpx:TrackPointExtension>
        </extensions>
      </trkpt>
      <trkpt lat="22.648764801422892" lon="107.6049531714706">
        <ele>96.13201776333153</ele>
        <time>2023-07-11T01:28:45Z</time>
        <extensions>
          <gpxtpx:TrackPointExtension>
            <gpxtpx:hr>102</gpxtpx:hr>
          </gpxtpx:TrackPointExtension>
        </extensions>
      </trkpt>
      <trkpt lat="22.64876425562643" lon="107.60495288929621">
        <ele>96.1252569463104</ele>
        <time>2023-07-11T01:28:46Z</time>
        <extensions>
          <gpxtpx:TrackPointExtension>
            <gpxtpx:hr>102</gpxtpx:hr>
          </gpxtpx:TrackPointExtension>
        </extensions>
      </trkpt>
      <trkpt lat="22.648763420807537" lon="107.60495278015732">
        <ele>96.11294999346137</ele>
        <time>2023-07-11T01:28:47Z</time>
        <extensions>
          <gpxtpx:TrackPointExtension>
            <gpxtpx:hr>102</gpxtpx:hr>
          </gpxtpx:TrackPointExtension>
        </extensions>
      </trkpt>
      <trkpt lat="22.64876265632694" lon="107.60495300230541">
        <ele>96.09784108027816</ele>
        <time>2023-07-11T01:28:48Z</time>
        <extensions>
          <gpxtpx:TrackPointExtension>
            <gpxtpx:hr>102</gpxtpx:hr>
          </gpxtpx:TrackPointExtension>
        </extensions>
      </trkpt>
      <trkpt lat="22.648761593812747" lon="107.60495315638146">
        <ele>96.08982193283737</ele>
        <time>2023-07-11T01:28:50Z</time>
        <extensions>
          <gpxtpx:TrackPointExtension>
            <gpxtpx:hr>102</gpxtpx:hr>
          </gpxtpx:TrackPointExtension>
        </extensions>
      </trkpt>
      <trkpt lat="22.648760477396035" lon="107.60495291663904">
        <ele>96.0764768756926</ele>
        <time>2023-07-11T01:28:51Z</time>
        <extensions>
          <gpxtpx:TrackPointExtension>
            <gpxtpx:hr>104</gpxtpx:hr>
          </gpxtpx:TrackPointExtension>
        </extensions>
      </trkpt>
      <trkpt lat="22.648759544790853" lon="107.60495228796627">
        <ele>96.06983420997858</ele>
        <time>2023-07-11T01:28:52Z</time>
        <extensions>
          <gpxtpx:TrackPointExtension>
            <gpxtpx:hr>104</gpxtpx:hr>
          </gpxtpx:TrackPointExtension>
        </extensions>
      </trkpt>
      <trkpt lat="22.648757836207977" lon="107.60495174328548">
        <ele>96.05293587688357</ele>
        <time>2023-07-11T01:28:53Z</time>
        <extensions>
          <gpxtpx:TrackPointExtension>
            <gpxtpx:hr>104</gpxtpx:hr>
          </gpxtpx:TrackPointExtension>
        </extensions>
      </trkpt>
      <trkpt lat="22.648755277264172" lon="107.60495102054738">
        <ele>96.03846587240696</ele>
        <time>2023-07-11T01:28:54Z</time>
        <extensions>
          <gpxtpx:TrackPointExtension>
            <gpxtpx:hr>104</gpxtpx:hr>
          </gpxtpx:TrackPointExtension>
        </extensions>
      </trkpt>
      <trkpt lat="22.648752242911108" lon="107.60494998449767">
        <ele>96.02784382365644</ele>
        <time>2023-07-11T01:28:55Z</time>
        <extensions>
          <gpxtpx:TrackPointExtension>
            <gpxtpx:hr>104</gpxtpx:hr>
          </gpxtpx:TrackPointExtension>
        </extensions>
      </trkpt>
      <trkpt lat="22.648749912845872" lon="107.6049486201283">
        <ele>96.01951395533979</ele>
        <time>2023-07-11T01:28:56Z</time>
        <extensions>
          <gpxtpx:TrackPointExtension>
            <gpxtpx:hr>106</gpxtpx:hr>
          </gpxtpx:TrackPointExtension>
        </extensions>
      </trkpt>
      <trkpt lat="22.64874947540454" lon="107.60494717603883">
        <ele>96.01624622102827</ele>
        <time>2023-07-11T01:28:57Z</time>
        <extensions>
          <gpxtpx:TrackPointExtension>
            <gpxtpx:hr>106</gpxtpx:hr>
          </gpxtpx:TrackPointExtension>
        </extensions>
      </trkpt>
      <trkpt lat="22.64875132587511" lon="107.60494518061344">
        <ele>96.01737943571061</ele>
        <time>2023-07-11T01:28:58Z</time>
        <extensions>
          <gpxtpx:TrackPointExtension>
            <gpxtpx:hr>106</gpxtpx:hr>
          </gpxtpx:TrackPointExtension>
        </extensions>
      </trkpt>
      <trkpt lat="22.648755412170274" lon="107.60494206725322">
        <ele>96.02015637978911</ele>
        <time>2023-07-11T01:28:59Z</time>
        <extensions>
          <gpxtpx:TrackPointExtension>
            <gpxtpx:hr>106</gpxtpx:hr>
          </gpxtpx:TrackPointExtension>
        </extensions>
      </trkpt>
      <trkpt lat="22.648761443407217" lon="107.60493754343895">
        <ele>96.02624097000808</ele>
        <time>2023-07-11T01:29:00Z</time>
        <extensions>
          <gpxtpx:TrackPointExtension>
            <gpxtpx:hr>106</gpxtpx:hr>
          </gpxtpx:TrackPointExtension>
        </extensions>
      </trkpt>
      <trkpt lat="22.648768750667237" lon="107.6049318959184">
        <ele>96.03697003424168</ele>
        <time>2023-07-11T01:29:01Z</time>
        <extensions>
          <gpxtpx:TrackPointExtension>
            <gpxtpx:hr>106</gpxtpx:hr>
          </gpxtpx:TrackPointExtension>
        </extensions>
      </trkpt>
      <trkpt lat="22.648776278558806" lon="107.60492566169027">
        <ele>96.05312510672957</ele>
        <time>2023-07-11T01:29:02Z</time>
        <extensions>
          <gpxtpx:TrackPointExtension>
            <gpxtpx:hr>106</gpxtpx:hr>
          </gpxtpx:TrackPointExtension>
        </extensions>
      </trkpt>
      <trkpt lat="22.648783122412485" lon="107.60491857431535">
        <ele>96.07379524037242</ele>
        <time>2023-07-11T01:29:03Z</time>
        <extensions>
          <gpxtpx:TrackPointExtension>
            <gpxtpx:hr>97</gpxtpx:hr>
          </gpxtpx:TrackPointExtension>
        </extensions>
      </trkpt>
      <trkpt lat="22.648788867089053" lon="107.60490958809689">
        <ele>96.09939885139465</ele>
        <time>2023-07-11T01:29:04Z</time>
        <extensions>
          <gpxtpx:TrackPointExtension>
            <gpxtpx:hr>97</gpxtpx:hr>
          </gpxtpx:TrackPointExtension>
        </extensions>
      </trkpt>
      <trkpt lat="22.64879341742546" lon="107.60489776158707">
        <ele>96.12972773611546</ele>
        <time>2023-07-11T01:29:05Z</time>
        <extensions>
          <gpxtpx:TrackPointExtension>
            <gpxtpx:hr>97</gpxtpx:hr>
          </gpxtpx:TrackPointExtension>
        </extensions>
      </trkpt>
      <trkpt lat="22.64879705133978" lon="107.60488261713124">
        <ele>96.16452850680798</ele>
        <time>2023-07-11T01:29:06Z</time>
        <extensions>
          <gpxtpx:TrackPointExtension>
            <gpxtpx:hr>97</gpxtpx:hr>
          </gpxtpx:TrackPointExtension>
        </extensions>
      </trkpt>
      <trkpt lat="22.648800114535657" lon="107.60486478717726">
        <ele>96.20496399141848</ele>
        <time>2023-07-11T01:29:07Z</time>
        <extensions>
          <gpxtpx:TrackPointExtension>
            <gpxtpx:hr>97</gpxtpx:hr>
          </gpxtpx:TrackPointExtension>
        </extensions>
      </trkpt>
      <trkpt lat="22.648802938455237" lon="107.60484638308803">
        <ele>96.2426333669573</ele>
        <time>2023-07-11T01:29:07Z</time>
        <extensions>
          <gpxtpx:TrackPointExtension>
            <gpxtpx:hr>97</gpxtpx:hr>
          </gpxtpx:TrackPointExtension>
        </extensions>
      </trkpt>
      <trkpt lat="22.648805889268473" lon="107.60482673122564">
        <ele>96.2857370544225</ele>
        <time>2023-07-11T01:29:08Z</time>
        <extensions>
          <gpxtpx:TrackPointExtension>
            <gpxtpx:hr>97</gpxtpx:hr>
          </gpxtpx:TrackPointExtension>
        </extensions>
      </trkpt>
      <trkpt lat="22.648808452620298" lon="107.60480768200804">
        <ele>96.32755134254694</ele>
        <time>2023-07-11T01:29:09Z</time>
        <extensions>
          <gpxtpx:TrackPointExtension>
            <gpxtpx:hr>101</gpxtpx:hr>
          </gpxtpx:TrackPointExtension>
        </extensions>
      </trkpt>
      <trkpt lat="22.6488102041882" lon="107.60479024507259">
        <ele>96.36956250760704</ele>
        <time>2023-07-11T01:29:10Z</time>
        <extensions>
          <gpxtpx:TrackPointExtension>
            <gpxtpx:hr>101</gpxtpx:hr>
          </gpxtpx:TrackPointExtension>
        </extensions>
      </trkpt>
      <trkpt lat="22.64881053511208" lon="107.60477539516889">
        <ele>96.41247055027634</ele>
        <time>2023-07-11T01:29:11Z</time>
        <extensions>
          <gpxtpx:TrackPointExtension>
            <gpxtpx:hr>101</gpxtpx:hr>
          </gpxtpx:TrackPointExtension>
        </extensions>
      </trkpt>
      <trkpt lat="22.648801257002603" lon="107.6047761042144">
        <ele>96.45395700912923</ele>
        <time>2023-07-11T01:29:12Z</time>
        <extensions>
          <gpxtpx:TrackPointExtension>
            <gpxtpx:hr>98</gpxtpx:hr>
          </gpxtpx:TrackPointExtension>
        </extensions>
      </trkpt>
      <trkpt lat="22.648788809130536" lon="107.60478373441164">
        <ele>96.49126592464745</ele>
        <time>2023-07-11T01:29:13Z</time>
        <extensions>
          <gpxtpx:TrackPointExtension>
            <gpxtpx:hr>98</gpxtpx:hr>
          </gpxtpx:TrackPointExtension>
        </extensions>
      </trkpt>
      <trkpt lat="22.648771981850707" lon="107.60479839125165">
        <ele>96.52470492012799</ele>
        <time>2023-07-11T01:29:14Z</time>
        <extensions>
          <gpxtpx:TrackPointExtension>
            <gpxtpx:hr>98</gpxtpx:hr>
          </gpxtpx:TrackPointExtension>
        </extensions>
      </trkpt>
      <trkpt lat="22.648750156938767" lon="107.60482111176835">
        <ele>96.55325381364673</ele>
        <time>2023-07-11T01:29:15Z</time>
        <extensions>
          <gpxtpx:TrackPointExtension>
            <gpxtpx:hr>98</gpxtpx:hr>
          </gpxtpx:TrackPointExtension>
        </extensions>
      </trkpt>
      <trkpt lat="22.64872431610219" lon="107.60485004689866">
        <ele>96.5772574711591</ele>
        <time>2023-07-11T01:29:16Z</time>
        <extensions>
          <gpxtpx:TrackPointExtension>
            <gpxtpx:hr>98</gpxtpx:hr>
          </gpxtpx:TrackPointExtension>
        </extensions>
      </trkpt>
      <trkpt lat="22.64869527161156" lon="107.60488422446457">
        <ele>96.59655693918467</ele>
        <time>2023-07-11T01:29:17Z</time>
        <extensions>
          <gpxtpx:TrackPointExtension>
            <gpxtpx:hr>79</gpxtpx:hr>
          </gpxtpx:TrackPointExtension>
        </extensions>
      </trkpt>
      <trkpt lat="22.64866450409919" lon="107.6049219249606">
        <ele>96.61135915480554</ele>
        <time>2023-07-11T01:29:18Z</time>
        <extensions>
          <gpxtpx:TrackPointExtension>
            <gpxtpx:hr>79</gpxtpx:hr>
          </gpxtpx:TrackPointExtension>
        </extensions>
      </trkpt>
      <trkpt lat="22.648630274386463" lon="107.60496010596468">
        <ele>96.61901290435344</ele>
        <time>2023-07-11T01:29:19Z</time>
        <extensions>
          <gpxtpx:TrackPointExtension>
            <gpxtpx:hr>79</gpxtpx:hr>
          </gpxtpx:TrackPointExtension>
        </extensions>
      </trkpt>
      <trkpt lat="22.648596090916747" lon="107.60500037065182">
        <ele>96.61924980115145</ele>
        <time>2023-07-11T01:29:21Z</time>
        <extensions>
          <gpxtpx:TrackPointExtension>
            <gpxtpx:hr>79</gpxtpx:hr>
          </gpxtpx:TrackPointExtension>
        </extensions>
      </trkpt>
      <trkpt lat="22.648568987885124" lon="107.60503317373535">
        <ele>96.6148807136342</ele>
        <time>2023-07-11T01:29:21Z</time>
        <extensions>
          <gpxtpx:TrackPointExtension>
            <gpxtpx:hr>79</gpxtpx:hr>
          </gpxtpx:TrackPointExtension>
        </extensions>
      </trkpt>
      <trkpt lat="22.648548586404225" lon="107.60505812831913">
        <ele>96.603476584889</ele>
        <time>2023-07-11T01:29:22Z</time>
        <extensions>
          <gpxtpx:TrackPointExtension>
            <gpxtpx:hr>79</gpxtpx:hr>
          </gpxtpx:TrackPointExtension>
        </extensions>
      </trkpt>
      <trkpt lat="22.648533069644166" lon="107.60507562420412">
        <ele>96.58724823966622</ele>
        <time>2023-07-11T01:29:23Z</time>
        <extensions>
          <gpxtpx:TrackPointExtension>
            <gpxtpx:hr>79</gpxtpx:hr>
          </gpxtpx:TrackPointExtension>
        </extensions>
      </trkpt>
      <trkpt lat="22.64851826839596" lon="107.60508950769231">
        <ele>96.56670623086393</ele>
        <time>2023-07-11T01:29:24Z</time>
        <extensions>
          <gpxtpx:TrackPointExtension>
            <gpxtpx:hr>79</gpxtpx:hr>
          </gpxtpx:TrackPointExtension>
        </extensions>
      </trkpt>
      <trkpt lat="22.6485057974007" lon="107.60509712585737">
        <ele>96.54127409309149</ele>
        <time>2023-07-11T01:29:25Z</time>
        <extensions>
          <gpxtpx:TrackPointExtension>
            <gpxtpx:hr>79</gpxtpx:hr>
          </gpxtpx:TrackPointExtension>
        </extensions>
      </trkpt>
      <trkpt lat="22.64849423488084" lon="107.60509908837264">
        <ele>96.50941658578813</ele>
        <time>2023-07-11T01:29:26Z</time>
        <extensions>
          <gpxtpx:TrackPointExtension>
            <gpxtpx:hr>79</gpxtpx:hr>
          </gpxtpx:TrackPointExtension>
        </extensions>
      </trkpt>
      <trkpt lat="22.648481379123716" lon="107.60509682205956">
        <ele>96.4747776305303</ele>
        <time>2023-07-11T01:29:27Z</time>
        <extensions>
          <gpxtpx:TrackPointExtension>
            <gpxtpx:hr>79</gpxtpx:hr>
          </gpxtpx:TrackPointExtension>
        </extensions>
      </trkpt>
      <trkpt lat="22.64846550188224" lon="107.60509042931974">
        <ele>96.43785373307765</ele>
        <time>2023-07-11T01:29:28Z</time>
        <extensions>
          <gpxtpx:TrackPointExtension>
            <gpxtpx:hr>88</gpxtpx:hr>
          </gpxtpx:TrackPointExtension>
        </extensions>
      </trkpt>
      <trkpt lat="22.648444395292092" lon="107.60507970588353">
        <ele>96.39924484398216</ele>
        <time>2023-07-11T01:29:29Z</time>
        <extensions>
          <gpxtpx:TrackPointExtension>
            <gpxtpx:hr>88</gpxtpx:hr>
          </gpxtpx:TrackPointExtension>
        </extensions>
      </trkpt>
      <trkpt lat="22.6484204960853" lon="107.60506631331408">
        <ele>96.35970794875175</ele>
        <time>2023-07-11T01:29:30Z</time>
        <extensions>
          <gpxtpx:TrackPointExtension>
            <gpxtpx:hr>88</gpxtpx:hr>
          </gpxtpx:TrackPointExtension>
        </extensions>
      </trkpt>
      <trkpt lat="22.64839750207958" lon="107.6050524367677">
        <ele>96.31372913811356</ele>
        <time>2023-07-11T01:29:31Z</time>
        <extensions>
          <gpxtpx:TrackPointExtension>
            <gpxtpx:hr>88</gpxtpx:hr>
          </gpxtpx:TrackPointExtension>
        </extensions>
      </trkpt>
      <trkpt lat="22.648377434856986" lon="107.6050396136906">
        <ele>96.26580016687512</ele>
        <time>2023-07-11T01:29:32Z</time>
        <extensions>
          <gpxtpx:TrackPointExtension>
            <gpxtpx:hr>88</gpxtpx:hr>
          </gpxtpx:TrackPointExtension>
        </extensions>
      </trkpt>
      <trkpt lat="22.64836236659228" lon="107.60502935404556">
        <ele>96.21968922577798</ele>
        <time>2023-07-11T01:29:33Z</time>
        <extensions>
          <gpxtpx:TrackPointExtension>
            <gpxtpx:hr>88</gpxtpx:hr>
          </gpxtpx:TrackPointExtension>
        </extensions>
      </trkpt>
      <trkpt lat="22.648352156749592" lon="107.60502196452157">
        <ele>96.17334593925625</ele>
        <time>2023-07-11T01:29:34Z</time>
        <extensions>
          <gpxtpx:TrackPointExtension>
            <gpxtpx:hr>93</gpxtpx:hr>
          </gpxtpx:TrackPointExtension>
        </extensions>
      </trkpt>
      <trkpt lat="22.64834501097743" lon="107.60501679155077">
        <ele>96.12801343947649</ele>
        <time>2023-07-11T01:29:35Z</time>
        <extensions>
          <gpxtpx:TrackPointExtension>
            <gpxtpx:hr>93</gpxtpx:hr>
          </gpxtpx:TrackPointExtension>
        </extensions>
      </trkpt>
      <trkpt lat="22.648339855604664" lon="107.60501309372454">
        <ele>96.08351799566299</ele>
        <time>2023-07-11T01:29:36Z</time>
        <extensions>
          <gpxtpx:TrackPointExtension>
            <gpxtpx:hr>93</gpxtpx:hr>
          </gpxtpx:TrackPointExtension>
        </extensions>
      </trkpt>
      <trkpt lat="22.648336431813288" lon="107.60501049313558">
        <ele>96.0407054303214</ele>
        <time>2023-07-11T01:29:37Z</time>
        <extensions>
          <gpxtpx:TrackPointExtension>
            <gpxtpx:hr>93</gpxtpx:hr>
          </gpxtpx:TrackPointExtension>
        </extensions>
      </trkpt>
      <trkpt lat="22.648334514860476" lon="107.60500886538138">
        <ele>95.99941023811698</ele>
        <time>2023-07-11T01:29:38Z</time>
        <extensions>
          <gpxtpx:TrackPointExtension>
            <gpxtpx:hr>94</gpxtpx:hr>
          </gpxtpx:TrackPointExtension>
        </extensions>
      </trkpt>
      <trkpt lat="22.648333597491824" lon="107.60500819620117">
        <ele>95.96073190495372</ele>
        <time>2023-07-11T01:29:39Z</time>
        <extensions>
          <gpxtpx:TrackPointExtension>
            <gpxtpx:hr>94</gpxtpx:hr>
          </gpxtpx:TrackPointExtension>
        </extensions>
      </trkpt>
      <trkpt lat="22.64833343539016" lon="107.60500882134214">
        <ele>95.92524290643632</ele>
        <time>2023-07-11T01:29:40Z</time>
        <extensions>
          <gpxtpx:TrackPointExtension>
            <gpxtpx:hr>94</gpxtpx:hr>
          </gpxtpx:TrackPointExtension>
        </extensions>
      </trkpt>
      <trkpt lat="22.648333724326545" lon="107.60501160785721">
        <ele>95.89335757307708</ele>
        <time>2023-07-11T01:29:41Z</time>
        <extensions>
          <gpxtpx:TrackPointExtension>
            <gpxtpx:hr>94</gpxtpx:hr>
          </gpxtpx:TrackPointExtension>
        </extensions>
      </trkpt>
      <trkpt lat="22.648334486245435" lon="107.60501734949055">
        <ele>95.8673600954935</ele>
        <time>2023-07-11T01:29:42Z</time>
        <extensions>
          <gpxtpx:TrackPointExtension>
            <gpxtpx:hr>100</gpxtpx:hr>
          </gpxtpx:TrackPointExtension>
        </extensions>
      </trkpt>
      <trkpt lat="22.64833569428273" lon="107.60502615970842">
        <ele>95.84487003274262</ele>
        <time>2023-07-11T01:29:43Z</time>
        <extensions>
          <gpxtpx:TrackPointExtension>
            <gpxtpx:hr>100</gpxtpx:hr>
          </gpxtpx:TrackPointExtension>
        </extensions>
      </trkpt>
      <trkpt lat="22.64833691845789" lon="107.60503721753605">
        <ele>95.82855975162238</ele>
        <time>2023-07-11T01:29:44Z</time>
        <extensions>
          <gpxtpx:TrackPointExtension>
            <gpxtpx:hr>100</gpxtpx:hr>
          </gpxtpx:TrackPointExtension>
        </extensions>
      </trkpt>
      <trkpt lat="22.648337551585247" lon="107.6050487381825">
        <ele>95.8157892273739</ele>
        <time>2023-07-11T01:29:45Z</time>
        <extensions>
          <gpxtpx:TrackPointExtension>
            <gpxtpx:hr>100</gpxtpx:hr>
          </gpxtpx:TrackPointExtension>
        </extensions>
      </trkpt>
      <trkpt lat="22.64833694030829" lon="107.60505867992632">
        <ele>95.79954077024013</ele>
        <time>2023-07-11T01:29:46Z</time>
        <extensions>
          <gpxtpx:TrackPointExtension>
            <gpxtpx:hr>97</gpxtpx:hr>
          </gpxtpx:TrackPointExtension>
        </extensions>
      </trkpt>
      <trkpt lat="22.648334490853898" lon="107.6050657740089">
        <ele>95.78464393503964</ele>
        <time>2023-07-11T01:29:47Z</time>
        <extensions>
          <gpxtpx:TrackPointExtension>
            <gpxtpx:hr>97</gpxtpx:hr>
          </gpxtpx:TrackPointExtension>
        </extensions>
      </trkpt>
      <trkpt lat="22.648329981458506" lon="107.60506929442441">
        <ele>95.76875416841358</ele>
        <time>2023-07-11T01:29:48Z</time>
        <extensions>
          <gpxtpx:TrackPointExtension>
            <gpxtpx:hr>97</gpxtpx:hr>
          </gpxtpx:TrackPointExtension>
        </extensions>
      </trkpt>
      <trkpt lat="22.648323500048527" lon="107.60506918000407">
        <ele>95.75279441196471</ele>
        <time>2023-07-11T01:29:49Z</time>
        <extensions>
          <gpxtpx:TrackPointExtension>
            <gpxtpx:hr>97</gpxtpx:hr>
          </gpxtpx:TrackPointExtension>
        </extensions>
      </trkpt>
      <trkpt lat="22.64831535160236" lon="107.60506609831629">
        <ele>95.74016741383821</ele>
        <time>2023-07-11T01:29:50Z</time>
        <extensions>
          <gpxtpx:TrackPointExtension>
            <gpxtpx:hr>97</gpxtpx:hr>
          </gpxtpx:TrackPointExtension>
        </extensions>
      </trkpt>
      <trkpt lat="22.648306076472558" lon="107.60506100076077">
        <ele>95.72855837084353</ele>
        <time>2023-07-11T01:29:51Z</time>
        <extensions>
          <gpxtpx:TrackPointExtension>
            <gpxtpx:hr>98</gpxtpx:hr>
          </gpxtpx:TrackPointExtension>
        </extensions>
      </trkpt>
      <trkpt lat="22.64829595202757" lon="107.6050548342226">
        <ele>95.71467135846615</ele>
        <time>2023-07-11T01:29:52Z</time>
        <extensions>
          <gpxtpx:TrackPointExtension>
            <gpxtpx:hr>98</gpxtpx:hr>
          </gpxtpx:TrackPointExtension>
        </extensions>
      </trkpt>
      <trkpt lat="22.6482852286574" lon="107.60504834992241">
        <ele>95.69882541988045</ele>
        <time>2023-07-11T01:29:53Z</time>
        <extensions>
          <gpxtpx:TrackPointExtension>
            <gpxtpx:hr>98</gpxtpx:hr>
          </gpxtpx:TrackPointExtension>
        </extensions>
      </trkpt>
      <trkpt lat="22.64827429550475" lon="107.6050420369943">
        <ele>95.68398282770067</ele>
        <time>2023-07-11T01:29:54Z</time>
        <extensions>
          <gpxtpx:TrackPointExtension>
            <gpxtpx:hr>98</gpxtpx:hr>
          </gpxtpx:TrackPointExtension>
        </extensions>
      </trkpt>
      <trkpt lat="22.648263707197597" lon="107.6050365052017">
        <ele>95.66823428403586</ele>
        <time>2023-07-11T01:29:55Z</time>
        <extensions>
          <gpxtpx:TrackPointExtension>
            <gpxtpx:hr>98</gpxtpx:hr>
          </gpxtpx:TrackPointExtension>
        </extensions>
      </trkpt>
      <trkpt lat="22.64825430689792" lon="107.6050322874041">
        <ele>95.65531499683857</ele>
        <time>2023-07-11T01:29:56Z</time>
        <extensions>
          <gpxtpx:TrackPointExtension>
            <gpxtpx:hr>98</gpxtpx:hr>
          </gpxtpx:TrackPointExtension>
        </extensions>
      </trkpt>
      <trkpt lat="22.64824711980446" lon="107.6050293323939">
        <ele>95.63809256162494</ele>
        <time>2023-07-11T01:29:57Z</time>
        <extensions>
          <gpxtpx:TrackPointExtension>
            <gpxtpx:hr>98</gpxtpx:hr>
          </gpxtpx:TrackPointExtension>
        </extensions>
      </trkpt>
      <trkpt lat="22.648242926865112" lon="107.60502726662834">
        <ele>95.62264483980834</ele>
        <time>2023-07-11T01:29:58Z</time>
        <extensions>
          <gpxtpx:TrackPointExtension>
            <gpxtpx:hr>89</gpxtpx:hr>
          </gpxtpx:TrackPointExtension>
        </extensions>
      </trkpt>
      <trkpt lat="22.64824214076403" lon="107.60502572250802">
        <ele>95.60858269967139</ele>
        <time>2023-07-11T01:29:59Z</time>
        <extensions>
          <gpxtpx:TrackPointExtension>
            <gpxtpx:hr>89</gpxtpx:hr>
          </gpxtpx:TrackPointExtension>
        </extensions>
      </trkpt>
      <trkpt lat="22.648244204230206" lon="107.60502428135054">
        <ele>95.58947397675365</ele>
        <time>2023-07-11T01:30:00Z</time>
        <extensions>
          <gpxtpx:TrackPointExtension>
            <gpxtpx:hr>89</gpxtpx:hr>
          </gpxtpx:TrackPointExtension>
        </extensions>
      </trkpt>
      <trkpt lat="22.648247852349147" lon="107.6050225679545">
        <ele>95.57135090976954</ele>
        <time>2023-07-11T01:30:01Z</time>
        <extensions>
          <gpxtpx:TrackPointExtension>
            <gpxtpx:hr>89</gpxtpx:hr>
          </gpxtpx:TrackPointExtension>
        </extensions>
      </trkpt>
      <trkpt lat="22.648251969998036" lon="107.60502029642711">
        <ele>95.55058967415243</ele>
        <time>2023-07-11T01:30:02Z</time>
        <extensions>
          <gpxtpx:TrackPointExtension>
            <gpxtpx:hr>89</gpxtpx:hr>
          </gpxtpx:TrackPointExtension>
        </extensions>
      </trkpt>
      <trkpt lat="22.64825579728045" lon="107.60501741806476">
        <ele>95.53384178690612</ele>
        <time>2023-07-11T01:30:03Z</time>
        <extensions>
          <gpxtpx:TrackPointExtension>
            <gpxtpx:hr>90</gpxtpx:hr>
          </gpxtpx:TrackPointExtension>
        </extensions>
      </trkpt>
      <trkpt lat="22.648258858128205" lon="107.60501422916911">
        <ele>95.518709060736</ele>
        <time>2023-07-11T01:30:04Z</time>
        <extensions>
          <gpxtpx:TrackPointExtension>
            <gpxtpx:hr>90</gpxtpx:hr>
          </gpxtpx:TrackPointExtension>
        </extensions>
      </trkpt>
      <trkpt lat="22.64826073980261" lon="107.60501122897098">
        <ele>95.49882134236395</ele>
        <time>2023-07-11T01:30:06Z</time>
        <extensions>
          <gpxtpx:TrackPointExtension>
            <gpxtpx:hr>90</gpxtpx:hr>
          </gpxtpx:TrackPointExtension>
        </extensions>
      </trkpt>
      <trkpt lat="22.648260732450026" lon="107.60500894945179">
        <ele>95.47836593538523</ele>
        <time>2023-07-11T01:30:07Z</time>
        <extensions>
          <gpxtpx:TrackPointExtension>
            <gpxtpx:hr>92</gpxtpx:hr>
          </gpxtpx:TrackPointExtension>
        </extensions>
      </trkpt>
      <trkpt lat="22.64825850853393" lon="107.60500812134839">
        <ele>95.45738612301648</ele>
        <time>2023-07-11T01:30:08Z</time>
        <extensions>
          <gpxtpx:TrackPointExtension>
            <gpxtpx:hr>92</gpxtpx:hr>
          </gpxtpx:TrackPointExtension>
        </extensions>
      </trkpt>
      <trkpt lat="22.648253940407766" lon="107.60500949310794">
        <ele>95.43489086814225</ele>
        <time>2023-07-11T01:30:09Z</time>
        <extensions>
          <gpxtpx:TrackPointExtension>
            <gpxtpx:hr>92</gpxtpx:hr>
          </gpxtpx:TrackPointExtension>
        </extensions>
      </trkpt>
      <trkpt lat="22.648247109654687" lon="107.60501257567431">
        <ele>95.41214366070926</ele>
        <time>2023-07-11T01:30:10Z</time>
        <extensions>
          <gpxtpx:TrackPointExtension>
            <gpxtpx:hr>92</gpxtpx:hr>
          </gpxtpx:TrackPointExtension>
        </extensions>
      </trkpt>
      <trkpt lat="22.64823810675731" lon="107.60501580145466">
        <ele>95.38468928728253</ele>
        <time>2023-07-11T01:30:11Z</time>
        <extensions>
          <gpxtpx:TrackPointExtension>
            <gpxtpx:hr>92</gpxtpx:hr>
          </gpxtpx:TrackPointExtension>
        </extensions>
      </trkpt>
      <trkpt lat="22.648227183657443" lon="107.60501811032539">
        <ele>95.36304674297571</ele>
        <time>2023-07-11T01:30:12Z</time>
        <extensions>
          <gpxtpx:TrackPointExtension>
            <gpxtpx:hr>94</gpxtpx:hr>
          </gpxtpx:TrackPointExtension>
        </extensions>
      </trkpt>
      <trkpt lat="22.648215022299922" lon="107.60501899767704">
        <ele>95.33738950733095</ele>
        <time>2023-07-11T01:30:13Z</time>
        <extensions>
          <gpxtpx:TrackPointExtension>
            <gpxtpx:hr>94</gpxtpx:hr>
          </gpxtpx:TrackPointExtension>
        </extensions>
      </trkpt>
      <trkpt lat="22.64820274312417" lon="107.60501832946957">
        <ele>95.31857368629426</ele>
        <time>2023-07-11T01:30:14Z</time>
        <extensions>
          <gpxtpx:TrackPointExtension>
            <gpxtpx:hr>94</gpxtpx:hr>
          </gpxtpx:TrackPointExtension>
        </extensions>
      </trkpt>
      <trkpt lat="22.64819126015784" lon="107.60501667363626">
        <ele>95.29885611217469</ele>
        <time>2023-07-11T01:30:15Z</time>
        <extensions>
          <gpxtpx:TrackPointExtension>
            <gpxtpx:hr>94</gpxtpx:hr>
          </gpxtpx:TrackPointExtension>
        </extensions>
      </trkpt>
      <trkpt lat="22.6481816165162" lon="107.60501467665927">
        <ele>95.28023657761514</ele>
        <time>2023-07-11T01:30:16Z</time>
        <extensions>
          <gpxtpx:TrackPointExtension>
            <gpxtpx:hr>94</gpxtpx:hr>
          </gpxtpx:TrackPointExtension>
        </extensions>
      </trkpt>
      <trkpt lat="22.648174973362345" lon="107.60501296744421">
        <ele>95.26351904124022</ele>
        <time>2023-07-11T01:30:17Z</time>
        <extensions>
          <gpxtpx:TrackPointExtension>
            <gpxtpx:hr>94</gpxtpx:hr>
          </gpxtpx:TrackPointExtension>
        </extensions>
      </trkpt>
      <trkpt lat="22.64817109537918" lon="107.60501106075728">
        <ele>95.25017927400768</ele>
        <time>2023-07-11T01:30:18Z</time>
        <extensions>
          <gpxtpx:TrackPointExtension>
            <gpxtpx:hr>92</gpxtpx:hr>
          </gpxtpx:TrackPointExtension>
        </extensions>
      </trkpt>
      <trkpt lat="22.64816958066403" lon="107.60500791527802">
        <ele>95.23975144140422</ele>
        <time>2023-07-11T01:30:19Z</time>
        <extensions>
          <gpxtpx:TrackPointExtension>
            <gpxtpx:hr>92</gpxtpx:hr>
          </gpxtpx:TrackPointExtension>
        </extensions>
      </trkpt>
      <trkpt lat="22.64817163734984" lon="107.605002599007">
        <ele>95.2325715534389</ele>
        <time>2023-07-11T01:30:20Z</time>
        <extensions>
          <gpxtpx:TrackPointExtension>
            <gpxtpx:hr>92</gpxtpx:hr>
          </gpxtpx:TrackPointExtension>
        </extensions>
      </trkpt>
      <trkpt lat="22.648178072869527" lon="107.60499429975833">
        <ele>95.22881973814219</ele>
        <time>2023-07-11T01:30:21Z</time>
        <extensions>
          <gpxtpx:TrackPointExtension>
            <gpxtpx:hr>92</gpxtpx:hr>
          </gpxtpx:TrackPointExtension>
        </extensions>
      </trkpt>
      <trkpt lat="22.648188632124224" lon="107.60498279240838">
        <ele>95.22852196544409</ele>
        <time>2023-07-11T01:30:22Z</time>
        <extensions>
          <gpxtpx:TrackPointExtension>
            <gpxtpx:hr>92</gpxtpx:hr>
          </gpxtpx:TrackPointExtension>
        </extensions>
      </trkpt>
      <trkpt lat="22.64820180844964" lon="107.60496883074117">
        <ele>95.2344934726134</ele>
        <time>2023-07-11T01:30:23Z</time>
        <extensions>
          <gpxtpx:TrackPointExtension>
            <gpxtpx:hr>103</gpxtpx:hr>
          </gpxtpx:TrackPointExtension>
        </extensions>
      </trkpt>
      <trkpt lat="22.648216085296625" lon="107.6049531890359">
        <ele>95.24554384499788</ele>
        <time>2023-07-11T01:30:24Z</time>
        <extensions>
          <gpxtpx:TrackPointExtension>
            <gpxtpx:hr>103</gpxtpx:hr>
          </gpxtpx:TrackPointExtension>
        </extensions>
      </trkpt>
      <trkpt lat="22.648229062931648" lon="107.60493797598656">
        <ele>95.26121352333575</ele>
        <time>2023-07-11T01:30:25Z</time>
        <extensions>
          <gpxtpx:TrackPointExtension>
            <gpxtpx:hr>103</gpxtpx:hr>
          </gpxtpx:TrackPointExtension>
        </extensions>
      </trkpt>
      <trkpt lat="22.64823864868869" lon="107.60492536234456">
        <ele>95.28033831715584</ele>
        <time>2023-07-11T01:30:26Z</time>
        <extensions>
          <gpxtpx:TrackPointExtension>
            <gpxtpx:hr>103</gpxtpx:hr>
          </gpxtpx:TrackPointExtension>
        </extensions>
      </trkpt>
      <trkpt lat="22.64824443499077" lon="107.60491533904437">
        <ele>95.30449814908206</ele>
        <time>2023-07-11T01:30:27Z</time>
        <extensions>
          <gpxtpx:TrackPointExtension>
            <gpxtpx:hr>103</gpxtpx:hr>
          </gpxtpx:TrackPointExtension>
        </extensions>
      </trkpt>
      <trkpt lat="22.64824779376349" lon="107.60490590933287">
        <ele>95.32781695201993</ele>
        <time>2023-07-11T01:30:28Z</time>
        <extensions>
          <gpxtpx:TrackPointExtension>
            <gpxtpx:hr>103</gpxtpx:hr>
          </gpxtpx:TrackPointExtension>
        </extensions>
      </trkpt>
      <trkpt lat="22.648249068925605" lon="107.60489741037092">
        <ele>95.35244676284492</ele>
        <time>2023-07-11T01:30:29Z</time>
        <extensions>
          <gpxtpx:TrackPointExtension>
            <gpxtpx:hr>103</gpxtpx:hr>
          </gpxtpx:TrackPointExtension>
        </extensions>
      </trkpt>
      <trkpt lat="22.648247694925928" lon="107.60489166209027">
        <ele>95.37789511680603</ele>
        <time>2023-07-11T01:30:30Z</time>
        <extensions>
          <gpxtpx:TrackPointExtension>
            <gpxtpx:hr>103</gpxtpx:hr>
          </gpxtpx:TrackPointExtension>
        </extensions>
      </trkpt>
      <trkpt lat="22.64824332450971" lon="107.60488859256498">
        <ele>95.40407384373248</ele>
        <time>2023-07-11T01:30:31Z</time>
        <extensions>
          <gpxtpx:TrackPointExtension>
            <gpxtpx:hr>103</gpxtpx:hr>
          </gpxtpx:TrackPointExtension>
        </extensions>
      </trkpt>
      <trkpt lat="22.64823559257008" lon="107.60488768459315">
        <ele>95.4248239081353</ele>
        <time>2023-07-11T01:30:32Z</time>
        <extensions>
          <gpxtpx:TrackPointExtension>
            <gpxtpx:hr>103</gpxtpx:hr>
          </gpxtpx:TrackPointExtension>
        </extensions>
      </trkpt>
      <trkpt lat="22.64822433926196" lon="107.60488773590339">
        <ele>95.44419609196484</ele>
        <time>2023-07-11T01:30:33Z</time>
        <extensions>
          <gpxtpx:TrackPointExtension>
            <gpxtpx:hr>105</gpxtpx:hr>
          </gpxtpx:TrackPointExtension>
        </extensions>
      </trkpt>
      <trkpt lat="22.648209731152605" lon="107.60488750247205">
        <ele>95.45941686909646</ele>
        <time>2023-07-11T01:30:34Z</time>
        <extensions>
          <gpxtpx:TrackPointExtension>
            <gpxtpx:hr>105</gpxtpx:hr>
          </gpxtpx:TrackPointExtension>
        </extensions>
      </trkpt>
      <trkpt lat="22.64819252372387" lon="107.60488646703409">
        <ele>95.47181712742895</ele>
        <time>2023-07-11T01:30:35Z</time>
        <extensions>
          <gpxtpx:TrackPointExtension>
            <gpxtpx:hr>105</gpxtpx:hr>
          </gpxtpx:TrackPointExtension>
        </extensions>
      </trkpt>
      <trkpt lat="22.64817429569351" lon="107.60488464247655">
        <ele>95.47686499543488</ele>
        <time>2023-07-11T01:30:36Z</time>
        <extensions>
          <gpxtpx:TrackPointExtension>
            <gpxtpx:hr>105</gpxtpx:hr>
          </gpxtpx:TrackPointExtension>
        </extensions>
      </trkpt>
      <trkpt lat="22.64815674834792" lon="107.60488244518405">
        <ele>95.48293980117887</ele>
        <time>2023-07-11T01:30:37Z</time>
        <extensions>
          <gpxtpx:TrackPointExtension>
            <gpxtpx:hr>105</gpxtpx:hr>
          </gpxtpx:TrackPointExtension>
        </extensions>
      </trkpt>
      <trkpt lat="22.648139512537522" lon="107.60488001238518">
        <ele>95.4832915617153</ele>
        <time>2023-07-11T01:30:38Z</time>
        <extensions>
          <gpxtpx:TrackPointExtension>
            <gpxtpx:hr>105</gpxtpx:hr>
          </gpxtpx:TrackPointExtension>
        </extensions>
      </trkpt>
      <trkpt lat="22.648122049914384" lon="107.6048773719373">
        <ele>95.48469074256718</ele>
        <time>2023-07-11T01:30:39Z</time>
        <extensions>
          <gpxtpx:TrackPointExtension>
            <gpxtpx:hr>105</gpxtpx:hr>
          </gpxtpx:TrackPointExtension>
        </extensions>
      </trkpt>
      <trkpt lat="22.648106445086743" lon="107.60487457314184">
        <ele>95.485312378034</ele>
        <time>2023-07-11T01:30:40Z</time>
        <extensions>
          <gpxtpx:TrackPointExtension>
            <gpxtpx:hr>103</gpxtpx:hr>
          </gpxtpx:TrackPointExtension>
        </extensions>
      </trkpt>
      <trkpt lat="22.64809356329582" lon="107.6048724845045">
        <ele>95.48797557223588</ele>
        <time>2023-07-11T01:30:41Z</time>
        <extensions>
          <gpxtpx:TrackPointExtension>
            <gpxtpx:hr>103</gpxtpx:hr>
          </gpxtpx:TrackPointExtension>
        </extensions>
      </trkpt>
      <trkpt lat="22.64808460561951" lon="107.60487024111828">
        <ele>95.48781945556402</ele>
        <time>2023-07-11T01:30:42Z</time>
        <extensions>
          <gpxtpx:TrackPointExtension>
            <gpxtpx:hr>103</gpxtpx:hr>
          </gpxtpx:TrackPointExtension>
        </extensions>
      </trkpt>
      <trkpt lat="22.64808017967191" lon="107.60486683615862">
        <ele>95.48960954416543</ele>
        <time>2023-07-11T01:30:43Z</time>
        <extensions>
          <gpxtpx:TrackPointExtension>
            <gpxtpx:hr>104</gpxtpx:hr>
          </gpxtpx:TrackPointExtension>
        </extensions>
      </trkpt>
      <trkpt lat="22.648079703765838" lon="107.6048625886911">
        <ele>95.49386567156762</ele>
        <time>2023-07-11T01:30:44Z</time>
        <extensions>
          <gpxtpx:TrackPointExtension>
            <gpxtpx:hr>104</gpxtpx:hr>
          </gpxtpx:TrackPointExtension>
        </extensions>
      </trkpt>
      <trkpt lat="22.648081552347122" lon="107.60485870673247">
        <ele>95.49666280020028</ele>
        <time>2023-07-11T01:30:45Z</time>
        <extensions>
          <gpxtpx:TrackPointExtension>
            <gpxtpx:hr>104</gpxtpx:hr>
          </gpxtpx:TrackPointExtension>
        </extensions>
      </trkpt>
      <trkpt lat="22.6480840979636" lon="107.60485657192471">
        <ele>95.49896987620741</ele>
        <time>2023-07-11T01:30:46Z</time>
        <extensions>
          <gpxtpx:TrackPointExtension>
            <gpxtpx:hr>106</gpxtpx:hr>
          </gpxtpx:TrackPointExtension>
        </extensions>
      </trkpt>
      <trkpt lat="22.648085660405588" lon="107.60485700128278">
        <ele>95.49735597893596</ele>
        <time>2023-07-11T01:30:47Z</time>
        <extensions>
          <gpxtpx:TrackPointExtension>
            <gpxtpx:hr>106</gpxtpx:hr>
          </gpxtpx:TrackPointExtension>
        </extensions>
      </trkpt>
      <trkpt lat="22.648084879728476" lon="107.60486054958326">
        <ele>95.49046676326543</ele>
        <time>2023-07-11T01:30:48Z</time>
        <extensions>
          <gpxtpx:TrackPointExtension>
            <gpxtpx:hr>106</gpxtpx:hr>
          </gpxtpx:TrackPointExtension>
        </extensions>
      </trkpt>
      <trkpt lat="22.648081101814803" lon="107.60486745799071">
        <ele>95.48157260008156</ele>
        <time>2023-07-11T01:30:49Z</time>
        <extensions>
          <gpxtpx:TrackPointExtension>
            <gpxtpx:hr>106</gpxtpx:hr>
          </gpxtpx:TrackPointExtension>
        </extensions>
      </trkpt>
      <trkpt lat="22.648074164862464" lon="107.60487737279729">
        <ele>95.46968695614487</ele>
        <time>2023-07-11T01:30:50Z</time>
        <extensions>
          <gpxtpx:TrackPointExtension>
            <gpxtpx:hr>106</gpxtpx:hr>
          </gpxtpx:TrackPointExtension>
        </extensions>
      </trkpt>
      <trkpt lat="22.648065249894625" lon="107.60488819655325">
        <ele>95.4596034064889</ele>
        <time>2023-07-11T01:30:51Z</time>
        <extensions>
          <gpxtpx:TrackPointExtension>
            <gpxtpx:hr>106</gpxtpx:hr>
          </gpxtpx:TrackPointExtension>
        </extensions>
      </trkpt>
      <trkpt lat="22.64805600374217" lon="107.60489773817133">
        <ele>95.44256096798927</ele>
        <time>2023-07-11T01:30:52Z</time>
        <extensions>
          <gpxtpx:TrackPointExtension>
            <gpxtpx:hr>106</gpxtpx:hr>
          </gpxtpx:TrackPointExtension>
        </extensions>
      </trkpt>
      <trkpt lat="22.648047065551445" lon="107.60490547064714">
        <ele>95.43186542764306</ele>
        <time>2023-07-11T01:30:53Z</time>
        <extensions>
          <gpxtpx:TrackPointExtension>
            <gpxtpx:hr>87</gpxtpx:hr>
          </gpxtpx:TrackPointExtension>
        </extensions>
      </trkpt>
      <trkpt lat="22.64803867539605" lon="107.60491119907147">
        <ele>95.41969223227352</ele>
        <time>2023-07-11T01:30:54Z</time>
        <extensions>
          <gpxtpx:TrackPointExtension>
            <gpxtpx:hr>87</gpxtpx:hr>
          </gpxtpx:TrackPointExtension>
        </extensions>
      </trkpt>
      <trkpt lat="22.64803133458631" lon="107.60491443221892">
        <ele>95.41118426434696</ele>
        <time>2023-07-11T01:30:55Z</time>
        <extensions>
          <gpxtpx:TrackPointExtension>
            <gpxtpx:hr>87</gpxtpx:hr>
          </gpxtpx:TrackPointExtension>
        </extensions>
      </trkpt>
      <trkpt lat="22.648025374246274" lon="107.60491505689853">
        <ele>95.40121617168188</ele>
        <time>2023-07-11T01:30:56Z</time>
        <extensions>
          <gpxtpx:TrackPointExtension>
            <gpxtpx:hr>87</gpxtpx:hr>
          </gpxtpx:TrackPointExtension>
        </extensions>
      </trkpt>
      <trkpt lat="22.648021055040978" lon="107.60491369061236">
        <ele>95.39309594221413</ele>
        <time>2023-07-11T01:30:57Z</time>
        <extensions>
          <gpxtpx:TrackPointExtension>
            <gpxtpx:hr>87</gpxtpx:hr>
          </gpxtpx:TrackPointExtension>
        </extensions>
      </trkpt>
      <trkpt lat="22.648018040036476" lon="107.60491084325648">
        <ele>95.37684601079673</ele>
        <time>2023-07-11T01:30:58Z</time>
        <extensions>
          <gpxtpx:TrackPointExtension>
            <gpxtpx:hr>87</gpxtpx:hr>
          </gpxtpx:TrackPointExtension>
        </extensions>
      </trkpt>
      <trkpt lat="22.648014501309074" lon="107.60490583472121">
        <ele>95.36762164812535</ele>
        <time>2023-07-11T01:30:59Z</time>
        <extensions>
          <gpxtpx:TrackPointExtension>
            <gpxtpx:hr>87</gpxtpx:hr>
          </gpxtpx:TrackPointExtension>
        </extensions>
      </trkpt>
      <trkpt lat="22.648008883085332" lon="107.60489790299634">
        <ele>95.35373550560325</ele>
        <time>2023-07-11T01:31:00Z</time>
        <extensions>
          <gpxtpx:TrackPointExtension>
            <gpxtpx:hr>90</gpxtpx:hr>
          </gpxtpx:TrackPointExtension>
        </extensions>
      </trkpt>
      <trkpt lat="22.648000262577437" lon="107.60488706764475">
        <ele>95.33677017036825</ele>
        <time>2023-07-11T01:31:01Z</time>
        <extensions>
          <gpxtpx:TrackPointExtension>
            <gpxtpx:hr>90</gpxtpx:hr>
          </gpxtpx:TrackPointExtension>
        </extensions>
      </trkpt>
      <trkpt lat="22.647988759766655" lon="107.60487563170848">
        <ele>95.32313819788396</ele>
        <time>2023-07-11T01:31:02Z</time>
        <extensions>
          <gpxtpx:TrackPointExtension>
            <gpxtpx:hr>90</gpxtpx:hr>
          </gpxtpx:TrackPointExtension>
        </extensions>
      </trkpt>
      <trkpt lat="22.647975380991184" lon="107.60486636060178">
        <ele>95.32076717820019</ele>
        <time>2023-07-11T01:31:03Z</time>
        <extensions>
          <gpxtpx:TrackPointExtension>
            <gpxtpx:hr>90</gpxtpx:hr>
          </gpxtpx:TrackPointExtension>
        </extensions>
      </trkpt>
      <trkpt lat="22.6479610680568" lon="107.604859624783">
        <ele>95.32979183830321</ele>
        <time>2023-07-11T01:31:04Z</time>
        <extensions>
          <gpxtpx:TrackPointExtension>
            <gpxtpx:hr>90</gpxtpx:hr>
          </gpxtpx:TrackPointExtension>
        </extensions>
      </trkpt>
      <trkpt lat="22.647946488009225" lon="107.60485538407137">
        <ele>95.34836614876986</ele>
        <time>2023-07-11T01:31:05Z</time>
        <extensions>
          <gpxtpx:TrackPointExtension>
            <gpxtpx:hr>90</gpxtpx:hr>
          </gpxtpx:TrackPointExtension>
        </extensions>
      </trkpt>
      <trkpt lat="22.647931812945163" lon="107.60485432840197">
        <ele>95.37839347403497</ele>
        <time>2023-07-11T01:31:06Z</time>
        <extensions>
          <gpxtpx:TrackPointExtension>
            <gpxtpx:hr>90</gpxtpx:hr>
          </gpxtpx:TrackPointExtension>
        </extensions>
      </trkpt>
      <trkpt lat="22.647917680912332" lon="107.60485649524544">
        <ele>95.40561909694225</ele>
        <time>2023-07-11T01:31:07Z</time>
        <extensions>
          <gpxtpx:TrackPointExtension>
            <gpxtpx:hr>90</gpxtpx:hr>
          </gpxtpx:TrackPointExtension>
        </extensions>
      </trkpt>
      <trkpt lat="22.647904935614722" lon="107.60486148157">
        <ele>95.4251856058836</ele>
        <time>2023-07-11T01:31:08Z</time>
        <extensions>
          <gpxtpx:TrackPointExtension>
            <gpxtpx:hr>92</gpxtpx:hr>
          </gpxtpx:TrackPointExtension>
        </extensions>
      </trkpt>
      <trkpt lat="22.647893622094855" lon="107.60486903736192">
        <ele>95.45096454769373</ele>
        <time>2023-07-11T01:31:09Z</time>
        <extensions>
          <gpxtpx:TrackPointExtension>
            <gpxtpx:hr>92</gpxtpx:hr>
          </gpxtpx:TrackPointExtension>
        </extensions>
      </trkpt>
      <trkpt lat="22.64788389798096" lon="107.60487765835748">
        <ele>95.4738336559385</ele>
        <time>2023-07-11T01:31:10Z</time>
        <extensions>
          <gpxtpx:TrackPointExtension>
            <gpxtpx:hr>92</gpxtpx:hr>
          </gpxtpx:TrackPointExtension>
        </extensions>
      </trkpt>
      <trkpt lat="22.64787612308262" lon="107.60488493715326">
        <ele>95.50788810383528</ele>
        <time>2023-07-11T01:31:11Z</time>
        <extensions>
          <gpxtpx:TrackPointExtension>
            <gpxtpx:hr>92</gpxtpx:hr>
          </gpxtpx:TrackPointExtension>
        </extensions>
      </trkpt>
      <trkpt lat="22.64787010157922" lon="107.60489044741699">
        <ele>95.55110682547092</ele>
        <time>2023-07-11T01:31:12Z</time>
        <extensions>
          <gpxtpx:TrackPointExtension>
            <gpxtpx:hr>92</gpxtpx:hr>
          </gpxtpx:TrackPointExtension>
        </extensions>
      </trkpt>
      <trkpt lat="22.647865780018908" lon="107.60489445772693">
        <ele>95.6074682585895</ele>
        <time>2023-07-11T01:31:13Z</time>
        <extensions>
          <gpxtpx:TrackPointExtension>
            <gpxtpx:hr>92</gpxtpx:hr>
          </gpxtpx:TrackPointExtension>
        </extensions>
      </trkpt>
      <trkpt lat="22.647863252252915" lon="107.60489636802677">
        <ele>95.67338859476149</ele>
        <time>2023-07-11T01:31:14Z</time>
        <extensions>
          <gpxtpx:TrackPointExtension>
            <gpxtpx:hr>92</gpxtpx:hr>
          </gpxtpx:TrackPointExtension>
        </extensions>
      </trkpt>
      <trkpt lat="22.647862067206795" lon="107.60489602817385">
        <ele>95.74153044912964</ele>
        <time>2023-07-11T01:31:15Z</time>
        <extensions>
          <gpxtpx:TrackPointExtension>
            <gpxtpx:hr>92</gpxtpx:hr>
          </gpxtpx:TrackPointExtension>
        </extensions>
      </trkpt>
      <trkpt lat="22.647861172737702" lon="107.6048938079887">
        <ele>95.81451664306223</ele>
        <time>2023-07-11T01:31:16Z</time>
        <extensions>
          <gpxtpx:TrackPointExtension>
            <gpxtpx:hr>92</gpxtpx:hr>
          </gpxtpx:TrackPointExtension>
        </extensions>
      </trkpt>
      <trkpt lat="22.647860152002313" lon="107.60489092457718">
        <ele>95.88896928075701</ele>
        <time>2023-07-11T01:31:17Z</time>
        <extensions>
          <gpxtpx:TrackPointExtension>
            <gpxtpx:hr>92</gpxtpx:hr>
          </gpxtpx:TrackPointExtension>
        </extensions>
      </trkpt>
      <trkpt lat="22.647860127097108" lon="107.60488933531515">
        <ele>95.95826446823776</ele>
        <time>2023-07-11T01:31:18Z</time>
        <extensions>
          <gpxtpx:TrackPointExtension>
            <gpxtpx:hr>103</gpxtpx:hr>
          </gpxtpx:TrackPointExtension>
        </extensions>
      </trkpt>
      <trkpt lat="22.647861097720323" lon="107.6048887370058">
        <ele>96.01968409307301</ele>
        <time>2023-07-11T01:31:19Z</time>
        <extensions>
          <gpxtpx:TrackPointExtension>
            <gpxtpx:hr>103</gpxtpx:hr>
          </gpxtpx:TrackPointExtension>
        </extensions>
      </trkpt>
      <trkpt lat="22.64786169182723" lon="107.60488785558545">
        <ele>96.07272512279451</ele>
        <time>2023-07-11T01:31:20Z</time>
        <extensions>
          <gpxtpx:TrackPointExtension>
            <gpxtpx:hr>103</gpxtpx:hr>
          </gpxtpx:TrackPointExtension>
        </extensions>
      </trkpt>
      <trkpt lat="22.64786168191551" lon="107.60488675905412">
        <ele>96.11445323005319</ele>
        <time>2023-07-11T01:31:21Z</time>
        <extensions>
          <gpxtpx:TrackPointExtension>
            <gpxtpx:hr>103</gpxtpx:hr>
          </gpxtpx:TrackPointExtension>
        </extensions>
      </trkpt>
      <trkpt lat="22.647861520464758" lon="107.60488595701264">
        <ele>96.150928738527</ele>
        <time>2023-07-11T01:31:22Z</time>
        <extensions>
          <gpxtpx:TrackPointExtension>
            <gpxtpx:hr>103</gpxtpx:hr>
          </gpxtpx:TrackPointExtension>
        </extensions>
      </trkpt>
      <trkpt lat="22.64786115712246" lon="107.60488544749731">
        <ele>96.18981091864407</ele>
        <time>2023-07-11T01:31:23Z</time>
        <extensions>
          <gpxtpx:TrackPointExtension>
            <gpxtpx:hr>103</gpxtpx:hr>
          </gpxtpx:TrackPointExtension>
        </extensions>
      </trkpt>
      <trkpt lat="22.64785958869524" lon="107.60488529387202">
        <ele>96.2437299117446</ele>
        <time>2023-07-11T01:31:24Z</time>
        <extensions>
          <gpxtpx:TrackPointExtension>
            <gpxtpx:hr>104</gpxtpx:hr>
          </gpxtpx:TrackPointExtension>
        </extensions>
      </trkpt>
      <trkpt lat="22.647855232122776" lon="107.60488621966141">
        <ele>96.30699833482504</ele>
        <time>2023-07-11T01:31:25Z</time>
        <extensions>
          <gpxtpx:TrackPointExtension>
            <gpxtpx:hr>104</gpxtpx:hr>
          </gpxtpx:TrackPointExtension>
        </extensions>
      </trkpt>
      <trkpt lat="22.64784759281324" lon="107.60488832237918">
        <ele>96.34893663227558</ele>
        <time>2023-07-11T01:31:26Z</time>
        <extensions>
          <gpxtpx:TrackPointExtension>
            <gpxtpx:hr>104</gpxtpx:hr>
          </gpxtpx:TrackPointExtension>
        </extensions>
      </trkpt>
      <trkpt lat="22.647837083353128" lon="107.60489115359772">
        <ele>96.37205137405545</ele>
        <time>2023-07-11T01:31:27Z</time>
        <extensions>
          <gpxtpx:TrackPointExtension>
            <gpxtpx:hr>104</gpxtpx:hr>
          </gpxtpx:TrackPointExtension>
        </extensions>
      </trkpt>
      <trkpt lat="22.647823677221158" lon="107.6048946773869">
        <ele>96.39290888607502</ele>
        <time>2023-07-11T01:31:28Z</time>
        <extensions>
          <gpxtpx:TrackPointExtension>
            <gpxtpx:hr>106</gpxtpx:hr>
          </gpxtpx:TrackPointExtension>
        </extensions>
      </trkpt>
      <trkpt lat="22.647808063215777" lon="107.60489903810797">
        <ele>96.41074511315674</ele>
        <time>2023-07-11T01:31:29Z</time>
        <extensions>
          <gpxtpx:TrackPointExtension>
            <gpxtpx:hr>106</gpxtpx:hr>
          </gpxtpx:TrackPointExtension>
        </extensions>
      </trkpt>
      <trkpt lat="22.647791706046313" lon="107.60490393310707">
        <ele>96.43107389472425</ele>
        <time>2023-07-11T01:31:30Z</time>
        <extensions>
          <gpxtpx:TrackPointExtension>
            <gpxtpx:hr>106</gpxtpx:hr>
          </gpxtpx:TrackPointExtension>
        </extensions>
      </trkpt>
      <trkpt lat="22.64777471754438" lon="107.60490888285456">
        <ele>96.43674828857183</ele>
        <time>2023-07-11T01:31:31Z</time>
        <extensions>
          <gpxtpx:TrackPointExtension>
            <gpxtpx:hr>106</gpxtpx:hr>
          </gpxtpx:TrackPointExtension>
        </extensions>
      </trkpt>
      <trkpt lat="22.647757382373214" lon="107.60491405007188">
        <ele>96.42487451434135</ele>
        <time>2023-07-11T01:31:32Z</time>
        <extensions>
          <gpxtpx:TrackPointExtension>
            <gpxtpx:hr>106</gpxtpx:hr>
          </gpxtpx:TrackPointExtension>
        </extensions>
      </trkpt>
      <trkpt lat="22.647741041244004" lon="107.60491982446572">
        <ele>96.42115263547748</ele>
        <time>2023-07-11T01:31:33Z</time>
        <extensions>
          <gpxtpx:TrackPointExtension>
            <gpxtpx:hr>104</gpxtpx:hr>
          </gpxtpx:TrackPointExtension>
        </extensions>
      </trkpt>
      <trkpt lat="22.64772627758233" lon="107.604925753905">
        <ele>96.4112345231697</ele>
        <time>2023-07-11T01:31:34Z</time>
        <extensions>
          <gpxtpx:TrackPointExtension>
            <gpxtpx:hr>104</gpxtpx:hr>
          </gpxtpx:TrackPointExtension>
        </extensions>
      </trkpt>
      <trkpt lat="22.647711955275707" lon="107.60493186810446">
        <ele>96.41760481894016</ele>
        <time>2023-07-11T01:31:35Z</time>
        <extensions>
          <gpxtpx:TrackPointExtension>
            <gpxtpx:hr>104</gpxtpx:hr>
          </gpxtpx:TrackPointExtension>
        </extensions>
      </trkpt>
      <trkpt lat="22.647697521534806" lon="107.60493794886442">
        <ele>96.43748317472637</ele>
        <time>2023-07-11T01:31:36Z</time>
        <extensions>
          <gpxtpx:TrackPointExtension>
            <gpxtpx:hr>104</gpxtpx:hr>
          </gpxtpx:TrackPointExtension>
        </extensions>
      </trkpt>
      <trkpt lat="22.64768330456354" lon="107.60494356513415">
        <ele>96.47177897021174</ele>
        <time>2023-07-11T01:31:37Z</time>
        <extensions>
          <gpxtpx:TrackPointExtension>
            <gpxtpx:hr>102</gpxtpx:hr>
          </gpxtpx:TrackPointExtension>
        </extensions>
      </trkpt>
      <trkpt lat="22.647669428905246" lon="107.60494846269151">
        <ele>96.52315140608698</ele>
        <time>2023-07-11T01:31:38Z</time>
        <extensions>
          <gpxtpx:TrackPointExtension>
            <gpxtpx:hr>102</gpxtpx:hr>
          </gpxtpx:TrackPointExtension>
        </extensions>
      </trkpt>
      <trkpt lat="22.647656188268595" lon="107.60495213303726">
        <ele>96.58750404510647</ele>
        <time>2023-07-11T01:31:39Z</time>
        <extensions>
          <gpxtpx:TrackPointExtension>
            <gpxtpx:hr>102</gpxtpx:hr>
          </gpxtpx:TrackPointExtension>
        </extensions>
      </trkpt>
      <trkpt lat="22.64764341811902" lon="107.60495462388879">
        <ele>96.65711466781795</ele>
        <time>2023-07-11T01:31:40Z</time>
        <extensions>
          <gpxtpx:TrackPointExtension>
            <gpxtpx:hr>102</gpxtpx:hr>
          </gpxtpx:TrackPointExtension>
        </extensions>
      </trkpt>
      <trkpt lat="22.64763068387552" lon="107.60495619854736">
        <ele>96.72607685253024</ele>
        <time>2023-07-11T01:31:41Z</time>
        <extensions>
          <gpxtpx:TrackPointExtension>
            <gpxtpx:hr>102</gpxtpx:hr>
          </gpxtpx:TrackPointExtension>
        </extensions>
      </trkpt>
      <trkpt lat="22.647617499763648" lon="107.60495701836025">
        <ele>96.8120437329635</ele>
        <time>2023-07-11T01:31:42Z</time>
        <extensions>
          <gpxtpx:TrackPointExtension>
            <gpxtpx:hr>102</gpxtpx:hr>
          </gpxtpx:TrackPointExtension>
        </extensions>
      </trkpt>
      <trkpt lat="22.64760301862686" lon="107.60495713531833">
        <ele>96.91766288597137</ele>
        <time>2023-07-11T01:31:43Z</time>
        <extensions>
          <gpxtpx:TrackPointExtension>
            <gpxtpx:hr>108</gpxtpx:hr>
          </gpxtpx:TrackPointExtension>
        </extensions>
      </trkpt>
      <trkpt lat="22.647586908544763" lon="107.60495619664157">
        <ele>97.03629488125443</ele>
        <time>2023-07-11T01:31:44Z</time>
        <extensions>
          <gpxtpx:TrackPointExtension>
            <gpxtpx:hr>108</gpxtpx:hr>
          </gpxtpx:TrackPointExtension>
        </extensions>
      </trkpt>
      <trkpt lat="22.647570632732037" lon="107.60495456979096">
        <ele>97.16473419312388</ele>
        <time>2023-07-11T01:31:45Z</time>
        <extensions>
          <gpxtpx:TrackPointExtension>
            <gpxtpx:hr>108</gpxtpx:hr>
          </gpxtpx:TrackPointExtension>
        </extensions>
      </trkpt>
      <trkpt lat="22.64755508572555" lon="107.60495257793195">
        <ele>97.29087037593126</ele>
        <time>2023-07-11T01:31:46Z</time>
        <extensions>
          <gpxtpx:TrackPointExtension>
            <gpxtpx:hr>108</gpxtpx:hr>
          </gpxtpx:TrackPointExtension>
        </extensions>
      </trkpt>
      <trkpt lat="22.647541015392356" lon="107.60495009794766">
        <ele>97.42196880932897</ele>
        <time>2023-07-11T01:31:47Z</time>
        <extensions>
          <gpxtpx:TrackPointExtension>
            <gpxtpx:hr>108</gpxtpx:hr>
          </gpxtpx:TrackPointExtension>
        </extensions>
      </trkpt>
      <trkpt lat="22.647528395309003" lon="107.60494829349918">
        <ele>97.53933235537261</ele>
        <time>2023-07-11T01:31:48Z</time>
        <extensions>
          <gpxtpx:TrackPointExtension>
            <gpxtpx:hr>108</gpxtpx:hr>
          </gpxtpx:TrackPointExtension>
        </extensions>
      </trkpt>
      <trkpt lat="22.647516368519614" lon="107.60494804661681">
        <ele>97.61575850471854</ele>
        <time>2023-07-11T01:31:49Z</time>
        <extensions>
          <gpxtpx:TrackPointExtension>
            <gpxtpx:hr>108</gpxtpx:hr>
          </gpxtpx:TrackPointExtension>
        </extensions>
      </trkpt>
      <trkpt lat="22.6475056338382" lon="107.60494844795133">
        <ele>97.67107519041747</ele>
        <time>2023-07-11T01:31:50Z</time>
        <extensions>
          <gpxtpx:TrackPointExtension>
            <gpxtpx:hr>108</gpxtpx:hr>
          </gpxtpx:TrackPointExtension>
        </extensions>
      </trkpt>
      <trkpt lat="22.647496716426357" lon="107.60494896803289">
        <ele>97.72722343634814</ele>
        <time>2023-07-11T01:31:51Z</time>
        <extensions>
          <gpxtpx:TrackPointExtension>
            <gpxtpx:hr>108</gpxtpx:hr>
          </gpxtpx:TrackPointExtension>
        </extensions>
      </trkpt>
      <trkpt lat="22.64749002468053" lon="107.60494920459483">
        <ele>97.7678845943883</ele>
        <time>2023-07-11T01:31:52Z</time>
        <extensions>
          <gpxtpx:TrackPointExtension>
            <gpxtpx:hr>108</gpxtpx:hr>
          </gpxtpx:TrackPointExtension>
        </extensions>
      </trkpt>
      <trkpt lat="22.64748501207658" lon="107.60494908800447">
        <ele>97.79687986150384</ele>
        <time>2023-07-11T01:31:53Z</time>
        <extensions>
          <gpxtpx:TrackPointExtension>
            <gpxtpx:hr>108</gpxtpx:hr>
          </gpxtpx:TrackPointExtension>
        </extensions>
      </trkpt>
      <trkpt lat="22.647480674302674" lon="107.60494861347496">
        <ele>97.81525455322117</ele>
        <time>2023-07-11T01:31:54Z</time>
        <extensions>
          <gpxtpx:TrackPointExtension>
            <gpxtpx:hr>108</gpxtpx:hr>
          </gpxtpx:TrackPointExtension>
        </extensions>
      </trkpt>
      <trkpt lat="22.64747630227595" lon="107.60494781209962">
        <ele>97.8072453495115</ele>
        <time>2023-07-11T01:31:55Z</time>
        <extensions>
          <gpxtpx:TrackPointExtension>
            <gpxtpx:hr>108</gpxtpx:hr>
          </gpxtpx:TrackPointExtension>
        </extensions>
      </trkpt>
      <trkpt lat="22.647471529963234" lon="107.60494677832233">
        <ele>97.77417248114944</ele>
        <time>2023-07-11T01:31:56Z</time>
        <extensions>
          <gpxtpx:TrackPointExtension>
            <gpxtpx:hr>108</gpxtpx:hr>
          </gpxtpx:TrackPointExtension>
        </extensions>
      </trkpt>
      <trkpt lat="22.647465839769186" lon="107.60494526263186">
        <ele>97.70936619956046</ele>
        <time>2023-07-11T01:31:57Z</time>
        <extensions>
          <gpxtpx:TrackPointExtension>
            <gpxtpx:hr>106</gpxtpx:hr>
          </gpxtpx:TrackPointExtension>
        </extensions>
      </trkpt>
      <trkpt lat="22.647458940160192" lon="107.60494263317071">
        <ele>97.61471949331462</ele>
        <time>2023-07-11T01:31:58Z</time>
        <extensions>
          <gpxtpx:TrackPointExtension>
            <gpxtpx:hr>106</gpxtpx:hr>
          </gpxtpx:TrackPointExtension>
        </extensions>
      </trkpt>
      <trkpt lat="22.64745121097541" lon="107.60493859620466">
        <ele>97.51562766637653</ele>
        <time>2023-07-11T01:31:59Z</time>
        <extensions>
          <gpxtpx:TrackPointExtension>
            <gpxtpx:hr>106</gpxtpx:hr>
          </gpxtpx:TrackPointExtension>
        </extensions>
      </trkpt>
      <trkpt lat="22.647443213283303" lon="107.60493342118232">
        <ele>97.41377642098814</ele>
        <time>2023-07-11T01:32:00Z</time>
        <extensions>
          <gpxtpx:TrackPointExtension>
            <gpxtpx:hr>106</gpxtpx:hr>
          </gpxtpx:TrackPointExtension>
        </extensions>
      </trkpt>
      <trkpt lat="22.647435316560262" lon="107.60492778937545">
        <ele>97.31468035839498</ele>
        <time>2023-07-11T01:32:01Z</time>
        <extensions>
          <gpxtpx:TrackPointExtension>
            <gpxtpx:hr>106</gpxtpx:hr>
          </gpxtpx:TrackPointExtension>
        </extensions>
      </trkpt>
      <trkpt lat="22.647428240829335" lon="107.60492255242335">
        <ele>97.23297192249447</ele>
        <time>2023-07-11T01:32:02Z</time>
        <extensions>
          <gpxtpx:TrackPointExtension>
            <gpxtpx:hr>106</gpxtpx:hr>
          </gpxtpx:TrackPointExtension>
        </extensions>
      </trkpt>
      <trkpt lat="22.647422495366353" lon="107.60491795904967">
        <ele>97.16952054947615</ele>
        <time>2023-07-11T01:32:03Z</time>
        <extensions>
          <gpxtpx:TrackPointExtension>
            <gpxtpx:hr>106</gpxtpx:hr>
          </gpxtpx:TrackPointExtension>
        </extensions>
      </trkpt>
      <trkpt lat="22.647417980852005" lon="107.60491374363649">
        <ele>97.12508854828775</ele>
        <time>2023-07-11T01:32:04Z</time>
        <extensions>
          <gpxtpx:TrackPointExtension>
            <gpxtpx:hr>106</gpxtpx:hr>
          </gpxtpx:TrackPointExtension>
        </extensions>
      </trkpt>
      <trkpt lat="22.647414288366953" lon="107.60490921452589">
        <ele>97.10607752297074</ele>
        <time>2023-07-11T01:32:05Z</time>
        <extensions>
          <gpxtpx:TrackPointExtension>
            <gpxtpx:hr>106</gpxtpx:hr>
          </gpxtpx:TrackPointExtension>
        </extensions>
      </trkpt>
      <trkpt lat="22.647411181310265" lon="107.60490372459468">
        <ele>97.09126453381032</ele>
        <time>2023-07-11T01:32:06Z</time>
        <extensions>
          <gpxtpx:TrackPointExtension>
            <gpxtpx:hr>110</gpxtpx:hr>
          </gpxtpx:TrackPointExtension>
        </extensions>
      </trkpt>
      <trkpt lat="22.647408755958647" lon="107.60489748888959">
        <ele>97.11860316805542</ele>
        <time>2023-07-11T01:32:07Z</time>
        <extensions>
          <gpxtpx:TrackPointExtension>
            <gpxtpx:hr>110</gpxtpx:hr>
          </gpxtpx:TrackPointExtension>
        </extensions>
      </trkpt>
      <trkpt lat="22.647405790557862" lon="107.60489122988116">
        <ele>97.16733578313142</ele>
        <time>2023-07-11T01:32:08Z</time>
        <extensions>
          <gpxtpx:TrackPointExtension>
            <gpxtpx:hr>110</gpxtpx:hr>
          </gpxtpx:TrackPointExtension>
        </extensions>
      </trkpt>
      <trkpt lat="22.64740073269942" lon="107.60488553686686">
        <ele>97.23637347575277</ele>
        <time>2023-07-11T01:32:09Z</time>
        <extensions>
          <gpxtpx:TrackPointExtension>
            <gpxtpx:hr>110</gpxtpx:hr>
          </gpxtpx:TrackPointExtension>
        </extensions>
      </trkpt>
      <trkpt lat="22.647393196368203" lon="107.6048800151527">
        <ele>97.32181107904762</ele>
        <time>2023-07-11T01:32:10Z</time>
        <extensions>
          <gpxtpx:TrackPointExtension>
            <gpxtpx:hr>110</gpxtpx:hr>
          </gpxtpx:TrackPointExtension>
        </extensions>
      </trkpt>
      <trkpt lat="22.647384295813392" lon="107.60487438730708">
        <ele>97.41870977729559</ele>
        <time>2023-07-11T01:32:11Z</time>
        <extensions>
          <gpxtpx:TrackPointExtension>
            <gpxtpx:hr>110</gpxtpx:hr>
          </gpxtpx:TrackPointExtension>
        </extensions>
      </trkpt>
      <trkpt lat="22.64737580770584" lon="107.60486913886795">
        <ele>97.5145671647042</ele>
        <time>2023-07-11T01:32:12Z</time>
        <extensions>
          <gpxtpx:TrackPointExtension>
            <gpxtpx:hr>109</gpxtpx:hr>
          </gpxtpx:TrackPointExtension>
        </extensions>
      </trkpt>
      <trkpt lat="22.647368536004745" lon="107.60486434554038">
        <ele>97.62477119546384</ele>
        <time>2023-07-11T01:32:13Z</time>
        <extensions>
          <gpxtpx:TrackPointExtension>
            <gpxtpx:hr>109</gpxtpx:hr>
          </gpxtpx:TrackPointExtension>
        </extensions>
      </trkpt>
      <trkpt lat="22.6473625304052" lon="107.60485963797869">
        <ele>97.7396898297593</ele>
        <time>2023-07-11T01:32:14Z</time>
        <extensions>
          <gpxtpx:TrackPointExtension>
            <gpxtpx:hr>109</gpxtpx:hr>
          </gpxtpx:TrackPointExtension>
        </extensions>
      </trkpt>
      <trkpt lat="22.64735754430509" lon="107.6048553273748">
        <ele>97.8504024585709</ele>
        <time>2023-07-11T01:32:15Z</time>
        <extensions>
          <gpxtpx:TrackPointExtension>
            <gpxtpx:hr>109</gpxtpx:hr>
          </gpxtpx:TrackPointExtension>
        </extensions>
      </trkpt>
      <trkpt lat="22.647352921679857" lon="107.6048522185152">
        <ele>97.94250513706356</ele>
        <time>2023-07-11T01:32:16Z</time>
        <extensions>
          <gpxtpx:TrackPointExtension>
            <gpxtpx:hr>109</gpxtpx:hr>
          </gpxtpx:TrackPointExtension>
        </extensions>
      </trkpt>
      <trkpt lat="22.647347986340307" lon="107.60485011147121">
        <ele>98.01566752139479</ele>
        <time>2023-07-11T01:32:17Z</time>
        <extensions>
          <gpxtpx:TrackPointExtension>
            <gpxtpx:hr>109</gpxtpx:hr>
          </gpxtpx:TrackPointExtension>
        </extensions>
      </trkpt>
      <trkpt lat="22.647342713921883" lon="107.60484820766654">
        <ele>98.0796838440001</ele>
        <time>2023-07-11T01:32:18Z</time>
        <extensions>
          <gpxtpx:TrackPointExtension>
            <gpxtpx:hr>109</gpxtpx:hr>
          </gpxtpx:TrackPointExtension>
        </extensions>
      </trkpt>
      <trkpt lat="22.64733677177518" lon="107.60484594762289">
        <ele>98.1193848354742</ele>
        <time>2023-07-11T01:32:19Z</time>
        <extensions>
          <gpxtpx:TrackPointExtension>
            <gpxtpx:hr>104</gpxtpx:hr>
          </gpxtpx:TrackPointExtension>
        </extensions>
      </trkpt>
      <trkpt lat="22.6473293992499" lon="107.60484325637121">
        <ele>98.13913912978023</ele>
        <time>2023-07-11T01:32:20Z</time>
        <extensions>
          <gpxtpx:TrackPointExtension>
            <gpxtpx:hr>104</gpxtpx:hr>
          </gpxtpx:TrackPointExtension>
        </extensions>
      </trkpt>
      <trkpt lat="22.64732057192768" lon="107.60483996351019">
        <ele>98.14057464338839</ele>
        <time>2023-07-11T01:32:21Z</time>
        <extensions>
          <gpxtpx:TrackPointExtension>
            <gpxtpx:hr>104</gpxtpx:hr>
          </gpxtpx:TrackPointExtension>
        </extensions>
      </trkpt>
      <trkpt lat="22.647311246079376" lon="107.60483568753006">
        <ele>98.1331777581945</ele>
        <time>2023-07-11T01:32:22Z</time>
        <extensions>
          <gpxtpx:TrackPointExtension>
            <gpxtpx:hr>104</gpxtpx:hr>
          </gpxtpx:TrackPointExtension>
        </extensions>
      </trkpt>
      <trkpt lat="22.647302679752894" lon="107.60483003406785">
        <ele>98.1130881337449</ele>
        <time>2023-07-11T01:32:23Z</time>
        <extensions>
          <gpxtpx:TrackPointExtension>
            <gpxtpx:hr>104</gpxtpx:hr>
          </gpxtpx:TrackPointExtension>
        </extensions>
      </trkpt>
      <trkpt lat="22.647295502856352" lon="107.60482269617395">
        <ele>98.08123906888068</ele>
        <time>2023-07-11T01:32:24Z</time>
        <extensions>
          <gpxtpx:TrackPointExtension>
            <gpxtpx:hr>104</gpxtpx:hr>
          </gpxtpx:TrackPointExtension>
        </extensions>
      </trkpt>
      <trkpt lat="22.64728924830136" lon="107.60481379562846">
        <ele>98.03938496578485</ele>
        <time>2023-07-11T01:32:25Z</time>
        <extensions>
          <gpxtpx:TrackPointExtension>
            <gpxtpx:hr>104</gpxtpx:hr>
          </gpxtpx:TrackPointExtension>
        </extensions>
      </trkpt>
      <trkpt lat="22.64728367271994" lon="107.60480474028047">
        <ele>97.9898215457797</ele>
        <time>2023-07-11T01:32:26Z</time>
        <extensions>
          <gpxtpx:TrackPointExtension>
            <gpxtpx:hr>104</gpxtpx:hr>
          </gpxtpx:TrackPointExtension>
        </extensions>
      </trkpt>
      <trkpt lat="22.647279211877088" lon="107.60479713094469">
        <ele>97.93510972335935</ele>
        <time>2023-07-11T01:32:27Z</time>
        <extensions>
          <gpxtpx:TrackPointExtension>
            <gpxtpx:hr>104</gpxtpx:hr>
          </gpxtpx:TrackPointExtension>
        </extensions>
      </trkpt>
      <trkpt lat="22.647275941840714" lon="107.60479129773563">
        <ele>97.8743459591642</ele>
        <time>2023-07-11T01:32:28Z</time>
        <extensions>
          <gpxtpx:TrackPointExtension>
            <gpxtpx:hr>104</gpxtpx:hr>
          </gpxtpx:TrackPointExtension>
        </extensions>
      </trkpt>
      <trkpt lat="22.6472737014254" lon="107.60478724906123">
        <ele>97.80818633269519</ele>
        <time>2023-07-11T01:32:29Z</time>
        <extensions>
          <gpxtpx:TrackPointExtension>
            <gpxtpx:hr>106</gpxtpx:hr>
          </gpxtpx:TrackPointExtension>
        </extensions>
      </trkpt>
      <trkpt lat="22.647272232227497" lon="107.60478489180493">
        <ele>97.74381567537785</ele>
        <time>2023-07-11T01:32:30Z</time>
        <extensions>
          <gpxtpx:TrackPointExtension>
            <gpxtpx:hr>106</gpxtpx:hr>
          </gpxtpx:TrackPointExtension>
        </extensions>
      </trkpt>
      <trkpt lat="22.64727140193215" lon="107.60478422347002">
        <ele>97.68429039884359</ele>
        <time>2023-07-11T01:32:31Z</time>
        <extensions>
          <gpxtpx:TrackPointExtension>
            <gpxtpx:hr>106</gpxtpx:hr>
          </gpxtpx:TrackPointExtension>
        </extensions>
      </trkpt>
      <trkpt lat="22.64727112049225" lon="107.60478507884184">
        <ele>97.62039679381996</ele>
        <time>2023-07-11T01:32:32Z</time>
        <extensions>
          <gpxtpx:TrackPointExtension>
            <gpxtpx:hr>106</gpxtpx:hr>
          </gpxtpx:TrackPointExtension>
        </extensions>
      </trkpt>
      <trkpt lat="22.647271235590534" lon="107.60478697187851">
        <ele>97.5652681440115</ele>
        <time>2023-07-11T01:32:33Z</time>
        <extensions>
          <gpxtpx:TrackPointExtension>
            <gpxtpx:hr>106</gpxtpx:hr>
          </gpxtpx:TrackPointExtension>
        </extensions>
      </trkpt>
      <trkpt lat="22.647271791844787" lon="107.60478959574198">
        <ele>97.51294655818492</ele>
        <time>2023-07-11T01:32:34Z</time>
        <extensions>
          <gpxtpx:TrackPointExtension>
            <gpxtpx:hr>109</gpxtpx:hr>
          </gpxtpx:TrackPointExtension>
        </extensions>
      </trkpt>
      <trkpt lat="22.647272676681517" lon="107.6047931268023">
        <ele>97.46352434903383</ele>
        <time>2023-07-11T01:32:35Z</time>
        <extensions>
          <gpxtpx:TrackPointExtension>
            <gpxtpx:hr>109</gpxtpx:hr>
          </gpxtpx:TrackPointExtension>
        </extensions>
      </trkpt>
      <trkpt lat="22.647273967830753" lon="107.60479792483514">
        <ele>97.41614930611104</ele>
        <time>2023-07-11T01:32:36Z</time>
        <extensions>
          <gpxtpx:TrackPointExtension>
            <gpxtpx:hr>109</gpxtpx:hr>
          </gpxtpx:TrackPointExtension>
        </extensions>
      </trkpt>
      <trkpt lat="22.64727543003913" lon="107.60480425462528">
        <ele>97.37003211304545</ele>
        <time>2023-07-11T01:32:37Z</time>
        <extensions>
          <gpxtpx:TrackPointExtension>
            <gpxtpx:hr>109</gpxtpx:hr>
          </gpxtpx:TrackPointExtension>
        </extensions>
      </trkpt>
      <trkpt lat="22.647276245612176" lon="107.60481182960828">
        <ele>97.32514746673405</ele>
        <time>2023-07-11T01:32:38Z</time>
        <extensions>
          <gpxtpx:TrackPointExtension>
            <gpxtpx:hr>111</gpxtpx:hr>
          </gpxtpx:TrackPointExtension>
        </extensions>
      </trkpt>
      <trkpt lat="22.64727523831432" lon="107.60482070796047">
        <ele>97.28121493849903</ele>
        <time>2023-07-11T01:32:39Z</time>
        <extensions>
          <gpxtpx:TrackPointExtension>
            <gpxtpx:hr>111</gpxtpx:hr>
          </gpxtpx:TrackPointExtension>
        </extensions>
      </trkpt>
      <trkpt lat="22.647271589297812" lon="107.60483129760799">
        <ele>97.23788334522396</ele>
        <time>2023-07-11T01:32:40Z</time>
        <extensions>
          <gpxtpx:TrackPointExtension>
            <gpxtpx:hr>111</gpxtpx:hr>
          </gpxtpx:TrackPointExtension>
        </extensions>
      </trkpt>
      <trkpt lat="22.647264456737805" lon="107.60484398936728">
        <ele>97.19283883832395</ele>
        <time>2023-07-11T01:32:41Z</time>
        <extensions>
          <gpxtpx:TrackPointExtension>
            <gpxtpx:hr>111</gpxtpx:hr>
          </gpxtpx:TrackPointExtension>
        </extensions>
      </trkpt>
      <trkpt lat="22.647253721606308" lon="107.60485870903443">
        <ele>97.14460448175669</ele>
        <time>2023-07-11T01:32:42Z</time>
        <extensions>
          <gpxtpx:TrackPointExtension>
            <gpxtpx:hr>113</gpxtpx:hr>
          </gpxtpx:TrackPointExtension>
        </extensions>
      </trkpt>
      <trkpt lat="22.647239412594093" lon="107.60487452559511">
        <ele>97.09550472721457</ele>
        <time>2023-07-11T01:32:43Z</time>
        <extensions>
          <gpxtpx:TrackPointExtension>
            <gpxtpx:hr>113</gpxtpx:hr>
          </gpxtpx:TrackPointExtension>
        </extensions>
      </trkpt>
      <trkpt lat="22.647221109832795" lon="107.60489032187824">
        <ele>97.03862856328487</ele>
        <time>2023-07-11T01:32:44Z</time>
        <extensions>
          <gpxtpx:TrackPointExtension>
            <gpxtpx:hr>113</gpxtpx:hr>
          </gpxtpx:TrackPointExtension>
        </extensions>
      </trkpt>
      <trkpt lat="22.64719918241835" lon="107.60490469812935">
        <ele>96.97529235854745</ele>
        <time>2023-07-11T01:32:45Z</time>
        <extensions>
          <gpxtpx:TrackPointExtension>
            <gpxtpx:hr>113</gpxtpx:hr>
          </gpxtpx:TrackPointExtension>
        </extensions>
      </trkpt>
      <trkpt lat="22.64717380186375" lon="107.60491698149261">
        <ele>96.90618244372308</ele>
        <time>2023-07-11T01:32:46Z</time>
        <extensions>
          <gpxtpx:TrackPointExtension>
            <gpxtpx:hr>113</gpxtpx:hr>
          </gpxtpx:TrackPointExtension>
        </extensions>
      </trkpt>
      <trkpt lat="22.647146504991014" lon="107.60492746546731">
        <ele>96.82683537807316</ele>
        <time>2023-07-11T01:32:47Z</time>
        <extensions>
          <gpxtpx:TrackPointExtension>
            <gpxtpx:hr>113</gpxtpx:hr>
          </gpxtpx:TrackPointExtension>
        </extensions>
      </trkpt>
      <trkpt lat="22.647117574661248" lon="107.60493803078897">
        <ele>96.7412241930142</ele>
        <time>2023-07-11T01:32:48Z</time>
        <extensions>
          <gpxtpx:TrackPointExtension>
            <gpxtpx:hr>100</gpxtpx:hr>
          </gpxtpx:TrackPointExtension>
        </extensions>
      </trkpt>
      <trkpt lat="22.647086706974324" lon="107.60495040321244">
        <ele>96.64686827827245</ele>
        <time>2023-07-11T01:32:49Z</time>
        <extensions>
          <gpxtpx:TrackPointExtension>
            <gpxtpx:hr>100</gpxtpx:hr>
          </gpxtpx:TrackPointExtension>
        </extensions>
      </trkpt>
      <trkpt lat="22.64705631061079" lon="107.60496391480852">
        <ele>96.55155340675265</ele>
        <time>2023-07-11T01:32:50Z</time>
        <extensions>
          <gpxtpx:TrackPointExtension>
            <gpxtpx:hr>100</gpxtpx:hr>
          </gpxtpx:TrackPointExtension>
        </extensions>
      </trkpt>
      <trkpt lat="22.64702950054733" lon="107.6049767194075">
        <ele>96.44895129743963</ele>
        <time>2023-07-11T01:32:51Z</time>
        <extensions>
          <gpxtpx:TrackPointExtension>
            <gpxtpx:hr>100</gpxtpx:hr>
          </gpxtpx:TrackPointExtension>
        </extensions>
      </trkpt>
      <trkpt lat="22.647007481083676" lon="107.60498774413104">
        <ele>96.34727178700268</ele>
        <time>2023-07-11T01:32:52Z</time>
        <extensions>
          <gpxtpx:TrackPointExtension>
            <gpxtpx:hr>100</gpxtpx:hr>
          </gpxtpx:TrackPointExtension>
        </extensions>
      </trkpt>
      <trkpt lat="22.646988672869533" lon="107.60499762256417">
        <ele>96.25207641907036</ele>
        <time>2023-07-11T01:32:53Z</time>
        <extensions>
          <gpxtpx:TrackPointExtension>
            <gpxtpx:hr>101</gpxtpx:hr>
          </gpxtpx:TrackPointExtension>
        </extensions>
      </trkpt>
      <trkpt lat="22.646972570203946" lon="107.60500682243575">
        <ele>96.15111956838518</ele>
        <time>2023-07-11T01:32:54Z</time>
        <extensions>
          <gpxtpx:TrackPointExtension>
            <gpxtpx:hr>101</gpxtpx:hr>
          </gpxtpx:TrackPointExtension>
        </extensions>
      </trkpt>
      <trkpt lat="22.646957877332454" lon="107.60501596022078">
        <ele>96.05777479801327</ele>
        <time>2023-07-11T01:32:55Z</time>
        <extensions>
          <gpxtpx:TrackPointExtension>
            <gpxtpx:hr>101</gpxtpx:hr>
          </gpxtpx:TrackPointExtension>
        </extensions>
      </trkpt>
      <trkpt lat="22.64694322834998" lon="107.60502506973421">
        <ele>95.96913575567305</ele>
        <time>2023-07-11T01:32:56Z</time>
        <extensions>
          <gpxtpx:TrackPointExtension>
            <gpxtpx:hr>101</gpxtpx:hr>
          </gpxtpx:TrackPointExtension>
        </extensions>
      </trkpt>
      <trkpt lat="22.64692883169783" lon="107.60503334079726">
        <ele>95.88305336795747</ele>
        <time>2023-07-11T01:32:57Z</time>
        <extensions>
          <gpxtpx:TrackPointExtension>
            <gpxtpx:hr>101</gpxtpx:hr>
          </gpxtpx:TrackPointExtension>
        </extensions>
      </trkpt>
      <trkpt lat="22.646914630423638" lon="107.60504067932366">
        <ele>95.79646917618811</ele>
        <time>2023-07-11T01:32:58Z</time>
        <extensions>
          <gpxtpx:TrackPointExtension>
            <gpxtpx:hr>107</gpxtpx:hr>
          </gpxtpx:TrackPointExtension>
        </extensions>
      </trkpt>
      <trkpt lat="22.646900406450705" lon="107.60504709375867">
        <ele>95.71692479494959</ele>
        <time>2023-07-11T01:32:59Z</time>
        <extensions>
          <gpxtpx:TrackPointExtension>
            <gpxtpx:hr>107</gpxtpx:hr>
          </gpxtpx:TrackPointExtension>
        </extensions>
      </trkpt>
      <trkpt lat="22.646886020689465" lon="107.60505256757374">
        <ele>95.64529764838517</ele>
        <time>2023-07-11T01:33:00Z</time>
        <extensions>
          <gpxtpx:TrackPointExtension>
            <gpxtpx:hr>107</gpxtpx:hr>
          </gpxtpx:TrackPointExtension>
        </extensions>
      </trkpt>
      <trkpt lat="22.646871486840766" lon="107.60505699327615">
        <ele>95.57742797210813</ele>
        <time>2023-07-11T01:33:01Z</time>
        <extensions>
          <gpxtpx:TrackPointExtension>
            <gpxtpx:hr>107</gpxtpx:hr>
          </gpxtpx:TrackPointExtension>
        </extensions>
      </trkpt>
      <trkpt lat="22.646856939247556" lon="107.60506036950534">
        <ele>95.51464615855366</ele>
        <time>2023-07-11T01:33:02Z</time>
        <extensions>
          <gpxtpx:TrackPointExtension>
            <gpxtpx:hr>107</gpxtpx:hr>
          </gpxtpx:TrackPointExtension>
        </extensions>
      </trkpt>
      <trkpt lat="22.646842436769568" lon="107.60506293664386">
        <ele>95.45233595743775</ele>
        <time>2023-07-11T01:33:03Z</time>
        <extensions>
          <gpxtpx:TrackPointExtension>
            <gpxtpx:hr>107</gpxtpx:hr>
          </gpxtpx:TrackPointExtension>
        </extensions>
      </trkpt>
      <trkpt lat="22.646828169514855" lon="107.60506493292527">
        <ele>95.38934573158622</ele>
        <time>2023-07-11T01:33:04Z</time>
        <extensions>
          <gpxtpx:TrackPointExtension>
            <gpxtpx:hr>104</gpxtpx:hr>
          </gpxtpx:TrackPointExtension>
        </extensions>
      </trkpt>
      <trkpt lat="22.64681457001544" lon="107.60506658033">
        <ele>95.32883387431502</ele>
        <time>2023-07-11T01:33:05Z</time>
        <extensions>
          <gpxtpx:TrackPointExtension>
            <gpxtpx:hr>104</gpxtpx:hr>
          </gpxtpx:TrackPointExtension>
        </extensions>
      </trkpt>
      <trkpt lat="22.646801969042592" lon="107.60506792239632">
        <ele>95.27068261988461</ele>
        <time>2023-07-11T01:33:06Z</time>
        <extensions>
          <gpxtpx:TrackPointExtension>
            <gpxtpx:hr>104</gpxtpx:hr>
          </gpxtpx:TrackPointExtension>
        </extensions>
      </trkpt>
      <trkpt lat="22.646790181560345" lon="107.60506900533252">
        <ele>95.21500947512686</ele>
        <time>2023-07-11T01:33:07Z</time>
        <extensions>
          <gpxtpx:TrackPointExtension>
            <gpxtpx:hr>104</gpxtpx:hr>
          </gpxtpx:TrackPointExtension>
        </extensions>
      </trkpt>
      <trkpt lat="22.646778871632428" lon="107.60506968728495">
        <ele>95.16036320757121</ele>
        <time>2023-07-11T01:33:08Z</time>
        <extensions>
          <gpxtpx:TrackPointExtension>
            <gpxtpx:hr>104</gpxtpx:hr>
          </gpxtpx:TrackPointExtension>
        </extensions>
      </trkpt>
      <trkpt lat="22.646767995615377" lon="107.60507012054798">
        <ele>95.11466517485678</ele>
        <time>2023-07-11T01:33:09Z</time>
        <extensions>
          <gpxtpx:TrackPointExtension>
            <gpxtpx:hr>102</gpxtpx:hr>
          </gpxtpx:TrackPointExtension>
        </extensions>
      </trkpt>
      <trkpt lat="22.646757476332287" lon="107.60507071270041">
        <ele>95.06092853657901</ele>
        <time>2023-07-11T01:33:10Z</time>
        <extensions>
          <gpxtpx:TrackPointExtension>
            <gpxtpx:hr>102</gpxtpx:hr>
          </gpxtpx:TrackPointExtension>
        </extensions>
      </trkpt>
      <trkpt lat="22.64674706871532" lon="107.60507190061257">
        <ele>95.01835227757692</ele>
        <time>2023-07-11T01:33:11Z</time>
        <extensions>
          <gpxtpx:TrackPointExtension>
            <gpxtpx:hr>102</gpxtpx:hr>
          </gpxtpx:TrackPointExtension>
        </extensions>
      </trkpt>
      <trkpt lat="22.646737137504445" lon="107.60507411363011">
        <ele>94.9710012152791</ele>
        <time>2023-07-11T01:33:12Z</time>
        <extensions>
          <gpxtpx:TrackPointExtension>
            <gpxtpx:hr>102</gpxtpx:hr>
          </gpxtpx:TrackPointExtension>
        </extensions>
      </trkpt>
      <trkpt lat="22.646728335833984" lon="107.60507767167884">
        <ele>94.92386664729565</ele>
        <time>2023-07-11T01:33:13Z</time>
        <extensions>
          <gpxtpx:TrackPointExtension>
            <gpxtpx:hr>103</gpxtpx:hr>
          </gpxtpx:TrackPointExtension>
        </extensions>
      </trkpt>
      <trkpt lat="22.646720360817984" lon="107.60508323382045">
        <ele>94.87416935246438</ele>
        <time>2023-07-11T01:33:14Z</time>
        <extensions>
          <gpxtpx:TrackPointExtension>
            <gpxtpx:hr>103</gpxtpx:hr>
          </gpxtpx:TrackPointExtension>
        </extensions>
      </trkpt>
      <trkpt lat="22.646711755853747" lon="107.60509062271824">
        <ele>94.82023853622377</ele>
        <time>2023-07-11T01:33:15Z</time>
        <extensions>
          <gpxtpx:TrackPointExtension>
            <gpxtpx:hr>103</gpxtpx:hr>
          </gpxtpx:TrackPointExtension>
        </extensions>
      </trkpt>
      <trkpt lat="22.646701548665" lon="107.60509838768654">
        <ele>94.77248673699796</ele>
        <time>2023-07-11T01:33:16Z</time>
        <extensions>
          <gpxtpx:TrackPointExtension>
            <gpxtpx:hr>103</gpxtpx:hr>
          </gpxtpx:TrackPointExtension>
        </extensions>
      </trkpt>
      <trkpt lat="22.646690095451394" lon="107.6051045492128">
        <ele>94.7228654306382</ele>
        <time>2023-07-11T01:33:17Z</time>
        <extensions>
          <gpxtpx:TrackPointExtension>
            <gpxtpx:hr>103</gpxtpx:hr>
          </gpxtpx:TrackPointExtension>
        </extensions>
      </trkpt>
      <trkpt lat="22.646677628374963" lon="107.60510848304507">
        <ele>94.66631513275206</ele>
        <time>2023-07-11T01:33:18Z</time>
        <extensions>
          <gpxtpx:TrackPointExtension>
            <gpxtpx:hr>101</gpxtpx:hr>
          </gpxtpx:TrackPointExtension>
        </extensions>
      </trkpt>
      <trkpt lat="22.646664307678" lon="107.6051109073062">
        <ele>94.61180743202567</ele>
        <time>2023-07-11T01:33:19Z</time>
        <extensions>
          <gpxtpx:TrackPointExtension>
            <gpxtpx:hr>101</gpxtpx:hr>
          </gpxtpx:TrackPointExtension>
        </extensions>
      </trkpt>
      <trkpt lat="22.646650761744425" lon="107.60511231839473">
        <ele>94.56492891628295</ele>
        <time>2023-07-11T01:33:20Z</time>
        <extensions>
          <gpxtpx:TrackPointExtension>
            <gpxtpx:hr>101</gpxtpx:hr>
          </gpxtpx:TrackPointExtension>
        </extensions>
      </trkpt>
      <trkpt lat="22.646637465494944" lon="107.60511291513102">
        <ele>94.50898486468941</ele>
        <time>2023-07-11T01:33:21Z</time>
        <extensions>
          <gpxtpx:TrackPointExtension>
            <gpxtpx:hr>101</gpxtpx:hr>
          </gpxtpx:TrackPointExtension>
        </extensions>
      </trkpt>
      <trkpt lat="22.64662406623652" lon="107.60511261463333">
        <ele>94.45447987224907</ele>
        <time>2023-07-11T01:33:22Z</time>
        <extensions>
          <gpxtpx:TrackPointExtension>
            <gpxtpx:hr>103</gpxtpx:hr>
          </gpxtpx:TrackPointExtension>
        </extensions>
      </trkpt>
      <trkpt lat="22.64660995174332" lon="107.60511142842701">
        <ele>94.40712770819664</ele>
        <time>2023-07-11T01:33:23Z</time>
        <extensions>
          <gpxtpx:TrackPointExtension>
            <gpxtpx:hr>103</gpxtpx:hr>
          </gpxtpx:TrackPointExtension>
        </extensions>
      </trkpt>
      <trkpt lat="22.64659549673242" lon="107.60510913465555">
        <ele>94.36412061285228</ele>
        <time>2023-07-11T01:33:24Z</time>
        <extensions>
          <gpxtpx:TrackPointExtension>
            <gpxtpx:hr>103</gpxtpx:hr>
          </gpxtpx:TrackPointExtension>
        </extensions>
      </trkpt>
      <trkpt lat="22.646581297132474" lon="107.60510546164089">
        <ele>94.3196101533249</ele>
        <time>2023-07-11T01:33:25Z</time>
        <extensions>
          <gpxtpx:TrackPointExtension>
            <gpxtpx:hr>103</gpxtpx:hr>
          </gpxtpx:TrackPointExtension>
        </extensions>
      </trkpt>
      <trkpt lat="22.646567270056785" lon="107.60510083583506">
        <ele>94.27956019807607</ele>
        <time>2023-07-11T01:33:26Z</time>
        <extensions>
          <gpxtpx:TrackPointExtension>
            <gpxtpx:hr>103</gpxtpx:hr>
          </gpxtpx:TrackPointExtension>
        </extensions>
      </trkpt>
      <trkpt lat="22.646552963524783" lon="107.60509637730718">
        <ele>94.24974583555013</ele>
        <time>2023-07-11T01:33:27Z</time>
        <extensions>
          <gpxtpx:TrackPointExtension>
            <gpxtpx:hr>106</gpxtpx:hr>
          </gpxtpx:TrackPointExtension>
        </extensions>
      </trkpt>
      <trkpt lat="22.646538369344533" lon="107.6050929449552">
        <ele>94.23022398259491</ele>
        <time>2023-07-11T01:33:28Z</time>
        <extensions>
          <gpxtpx:TrackPointExtension>
            <gpxtpx:hr>106</gpxtpx:hr>
          </gpxtpx:TrackPointExtension>
        </extensions>
      </trkpt>
      <trkpt lat="22.64652440490594" lon="107.60509075612171">
        <ele>94.21096167434007</ele>
        <time>2023-07-11T01:33:29Z</time>
        <extensions>
          <gpxtpx:TrackPointExtension>
            <gpxtpx:hr>106</gpxtpx:hr>
          </gpxtpx:TrackPointExtension>
        </extensions>
      </trkpt>
      <trkpt lat="22.646511838612216" lon="107.60508952584048">
        <ele>94.20059118326753</ele>
        <time>2023-07-11T01:33:30Z</time>
        <extensions>
          <gpxtpx:TrackPointExtension>
            <gpxtpx:hr>106</gpxtpx:hr>
          </gpxtpx:TrackPointExtension>
        </extensions>
      </trkpt>
      <trkpt lat="22.646500009520217" lon="107.60508874769015">
        <ele>94.19803214538842</ele>
        <time>2023-07-11T01:33:31Z</time>
        <extensions>
          <gpxtpx:TrackPointExtension>
            <gpxtpx:hr>106</gpxtpx:hr>
          </gpxtpx:TrackPointExtension>
        </extensions>
      </trkpt>
      <trkpt lat="22.646488079690908" lon="107.60508789531086">
        <ele>94.19859195314348</ele>
        <time>2023-07-11T01:33:32Z</time>
        <extensions>
          <gpxtpx:TrackPointExtension>
            <gpxtpx:hr>106</gpxtpx:hr>
          </gpxtpx:TrackPointExtension>
        </extensions>
      </trkpt>
      <trkpt lat="22.64647590001904" lon="107.6050865668915">
        <ele>94.20028248988092</ele>
        <time>2023-07-11T01:33:33Z</time>
        <extensions>
          <gpxtpx:TrackPointExtension>
            <gpxtpx:hr>106</gpxtpx:hr>
          </gpxtpx:TrackPointExtension>
        </extensions>
      </trkpt>
      <trkpt lat="22.646463370264506" lon="107.60508466997791">
        <ele>94.21071706991643</ele>
        <time>2023-07-11T01:33:34Z</time>
        <extensions>
          <gpxtpx:TrackPointExtension>
            <gpxtpx:hr>106</gpxtpx:hr>
          </gpxtpx:TrackPointExtension>
        </extensions>
      </trkpt>
      <trkpt lat="22.64645036955357" lon="107.60508240818066">
        <ele>94.22079779300839</ele>
        <time>2023-07-11T01:33:35Z</time>
        <extensions>
          <gpxtpx:TrackPointExtension>
            <gpxtpx:hr>106</gpxtpx:hr>
          </gpxtpx:TrackPointExtension>
        </extensions>
      </trkpt>
      <trkpt lat="22.646437008571123" lon="107.60507994049556">
        <ele>94.24437527637929</ele>
        <time>2023-07-11T01:33:36Z</time>
        <extensions>
          <gpxtpx:TrackPointExtension>
            <gpxtpx:hr>106</gpxtpx:hr>
          </gpxtpx:TrackPointExtension>
        </extensions>
      </trkpt>
      <trkpt lat="22.646423829238906" lon="107.60507742494549">
        <ele>94.26192874554545</ele>
        <time>2023-07-11T01:33:37Z</time>
        <extensions>
          <gpxtpx:TrackPointExtension>
            <gpxtpx:hr>106</gpxtpx:hr>
          </gpxtpx:TrackPointExtension>
        </extensions>
      </trkpt>
      <trkpt lat="22.64641107837188" lon="107.60507451632515">
        <ele>94.28017028141767</ele>
        <time>2023-07-11T01:33:38Z</time>
        <extensions>
          <gpxtpx:TrackPointExtension>
            <gpxtpx:hr>106</gpxtpx:hr>
          </gpxtpx:TrackPointExtension>
        </extensions>
      </trkpt>
      <trkpt lat="22.646398315433643" lon="107.60507099352625">
        <ele>94.3041239157319</ele>
        <time>2023-07-11T01:33:39Z</time>
        <extensions>
          <gpxtpx:TrackPointExtension>
            <gpxtpx:hr>107</gpxtpx:hr>
          </gpxtpx:TrackPointExtension>
        </extensions>
      </trkpt>
      <trkpt lat="22.646385411016542" lon="107.60506721550924">
        <ele>94.33058917615563</ele>
        <time>2023-07-11T01:33:40Z</time>
        <extensions>
          <gpxtpx:TrackPointExtension>
            <gpxtpx:hr>107</gpxtpx:hr>
          </gpxtpx:TrackPointExtension>
        </extensions>
      </trkpt>
      <trkpt lat="22.646372626704636" lon="107.60506376797362">
        <ele>94.3444441165775</ele>
        <time>2023-07-11T01:33:41Z</time>
        <extensions>
          <gpxtpx:TrackPointExtension>
            <gpxtpx:hr>107</gpxtpx:hr>
          </gpxtpx:TrackPointExtension>
        </extensions>
      </trkpt>
      <trkpt lat="22.64636030997897" lon="107.6050611417854">
        <ele>94.36342535447329</ele>
        <time>2023-07-11T01:33:42Z</time>
        <extensions>
          <gpxtpx:TrackPointExtension>
            <gpxtpx:hr>107</gpxtpx:hr>
          </gpxtpx:TrackPointExtension>
        </extensions>
      </trkpt>
      <trkpt lat="22.646348851484458" lon="107.60505971468778">
        <ele>94.37799883168191</ele>
        <time>2023-07-11T01:33:43Z</time>
        <extensions>
          <gpxtpx:TrackPointExtension>
            <gpxtpx:hr>108</gpxtpx:hr>
          </gpxtpx:TrackPointExtension>
        </extensions>
      </trkpt>
      <trkpt lat="22.646338710454625" lon="107.60505957828177">
        <ele>94.39546811766922</ele>
        <time>2023-07-11T01:33:44Z</time>
        <extensions>
          <gpxtpx:TrackPointExtension>
            <gpxtpx:hr>108</gpxtpx:hr>
          </gpxtpx:TrackPointExtension>
        </extensions>
      </trkpt>
      <trkpt lat="22.64633006915242" lon="107.60506061911245">
        <ele>94.40759910643101</ele>
        <time>2023-07-11T01:33:45Z</time>
        <extensions>
          <gpxtpx:TrackPointExtension>
            <gpxtpx:hr>108</gpxtpx:hr>
          </gpxtpx:TrackPointExtension>
        </extensions>
      </trkpt>
      <trkpt lat="22.646322706246465" lon="107.60506266442017">
        <ele>94.40427592489868</ele>
        <time>2023-07-11T01:33:46Z</time>
        <extensions>
          <gpxtpx:TrackPointExtension>
            <gpxtpx:hr>108</gpxtpx:hr>
          </gpxtpx:TrackPointExtension>
        </extensions>
      </trkpt>
      <trkpt lat="22.646315654049218" lon="107.60506530895866">
        <ele>94.39957248605788</ele>
        <time>2023-07-11T01:33:47Z</time>
        <extensions>
          <gpxtpx:TrackPointExtension>
            <gpxtpx:hr>108</gpxtpx:hr>
          </gpxtpx:TrackPointExtension>
        </extensions>
      </trkpt>
      <trkpt lat="22.646307870228185" lon="107.60506817731458">
        <ele>94.39562709163874</ele>
        <time>2023-07-11T01:33:48Z</time>
        <extensions>
          <gpxtpx:TrackPointExtension>
            <gpxtpx:hr>109</gpxtpx:hr>
          </gpxtpx:TrackPointExtension>
        </extensions>
      </trkpt>
      <trkpt lat="22.646298758759006" lon="107.6050712945857">
        <ele>94.3851015754044</ele>
        <time>2023-07-11T01:33:49Z</time>
        <extensions>
          <gpxtpx:TrackPointExtension>
            <gpxtpx:hr>109</gpxtpx:hr>
          </gpxtpx:TrackPointExtension>
        </extensions>
      </trkpt>
      <trkpt lat="22.64628819937442" lon="107.60507471558734">
        <ele>94.38063771184534</ele>
        <time>2023-07-11T01:33:50Z</time>
        <extensions>
          <gpxtpx:TrackPointExtension>
            <gpxtpx:hr>109</gpxtpx:hr>
          </gpxtpx:TrackPointExtension>
        </extensions>
      </trkpt>
      <trkpt lat="22.646276487177786" lon="107.60507852165766">
        <ele>94.37811466772109</ele>
        <time>2023-07-11T01:33:51Z</time>
        <extensions>
          <gpxtpx:TrackPointExtension>
            <gpxtpx:hr>109</gpxtpx:hr>
          </gpxtpx:TrackPointExtension>
        </extensions>
      </trkpt>
      <trkpt lat="22.646264157312352" lon="107.60508266131687">
        <ele>94.38094193674624</ele>
        <time>2023-07-11T01:33:52Z</time>
        <extensions>
          <gpxtpx:TrackPointExtension>
            <gpxtpx:hr>109</gpxtpx:hr>
          </gpxtpx:TrackPointExtension>
        </extensions>
      </trkpt>
      <trkpt lat="22.6462522159401" lon="107.60508680067954">
        <ele>94.3790680449456</ele>
        <time>2023-07-11T01:33:53Z</time>
        <extensions>
          <gpxtpx:TrackPointExtension>
            <gpxtpx:hr>109</gpxtpx:hr>
          </gpxtpx:TrackPointExtension>
        </extensions>
      </trkpt>
      <trkpt lat="22.646241019911646" lon="107.60509155320077">
        <ele>94.38309132307768</ele>
        <time>2023-07-11T01:33:54Z</time>
        <extensions>
          <gpxtpx:TrackPointExtension>
            <gpxtpx:hr>108</gpxtpx:hr>
          </gpxtpx:TrackPointExtension>
        </extensions>
      </trkpt>
      <trkpt lat="22.64623015548962" lon="107.60509754050251">
        <ele>94.3901567319408</ele>
        <time>2023-07-11T01:33:55Z</time>
        <extensions>
          <gpxtpx:TrackPointExtension>
            <gpxtpx:hr>108</gpxtpx:hr>
          </gpxtpx:TrackPointExtension>
        </extensions>
      </trkpt>
      <trkpt lat="22.646219581042082" lon="107.6051042503218">
        <ele>94.40312333125621</ele>
        <time>2023-07-11T01:33:56Z</time>
        <extensions>
          <gpxtpx:TrackPointExtension>
            <gpxtpx:hr>108</gpxtpx:hr>
          </gpxtpx:TrackPointExtension>
        </extensions>
      </trkpt>
      <trkpt lat="22.646209652797925" lon="107.60511114028117">
        <ele>94.41451082006097</ele>
        <time>2023-07-11T01:33:57Z</time>
        <extensions>
          <gpxtpx:TrackPointExtension>
            <gpxtpx:hr>108</gpxtpx:hr>
          </gpxtpx:TrackPointExtension>
        </extensions>
      </trkpt>
      <trkpt lat="22.646200481547076" lon="107.60511790529068">
        <ele>94.42675247788429</ele>
        <time>2023-07-11T01:33:58Z</time>
        <extensions>
          <gpxtpx:TrackPointExtension>
            <gpxtpx:hr>108</gpxtpx:hr>
          </gpxtpx:TrackPointExtension>
        </extensions>
      </trkpt>
      <trkpt lat="22.646191839056883" lon="107.60512456664082">
        <ele>94.44414199423045</ele>
        <time>2023-07-11T01:33:59Z</time>
        <extensions>
          <gpxtpx:TrackPointExtension>
            <gpxtpx:hr>110</gpxtpx:hr>
          </gpxtpx:TrackPointExtension>
        </extensions>
      </trkpt>
      <trkpt lat="22.646183446906004" lon="107.60513104841952">
        <ele>94.47020123992115</ele>
        <time>2023-07-11T01:34:00Z</time>
        <extensions>
          <gpxtpx:TrackPointExtension>
            <gpxtpx:hr>110</gpxtpx:hr>
          </gpxtpx:TrackPointExtension>
        </extensions>
      </trkpt>
      <trkpt lat="22.646175149891835" lon="107.60513731964905">
        <ele>94.50038055330515</ele>
        <time>2023-07-11T01:34:01Z</time>
        <extensions>
          <gpxtpx:TrackPointExtension>
            <gpxtpx:hr>110</gpxtpx:hr>
          </gpxtpx:TrackPointExtension>
        </extensions>
      </trkpt>
      <trkpt lat="22.646167006777826" lon="107.60514345888241">
        <ele>94.53949932195246</ele>
        <time>2023-07-11T01:34:02Z</time>
        <extensions>
          <gpxtpx:TrackPointExtension>
            <gpxtpx:hr>110</gpxtpx:hr>
          </gpxtpx:TrackPointExtension>
        </extensions>
      </trkpt>
      <trkpt lat="22.646159079470266" lon="107.60514948126644">
        <ele>94.57644993811846</ele>
        <time>2023-07-11T01:34:03Z</time>
        <extensions>
          <gpxtpx:TrackPointExtension>
            <gpxtpx:hr>110</gpxtpx:hr>
          </gpxtpx:TrackPointExtension>
        </extensions>
      </trkpt>
      <trkpt lat="22.646151222809465" lon="107.60515533993498">
        <ele>94.61906951479614</ele>
        <time>2023-07-11T01:34:04Z</time>
        <extensions>
          <gpxtpx:TrackPointExtension>
            <gpxtpx:hr>110</gpxtpx:hr>
          </gpxtpx:TrackPointExtension>
        </extensions>
      </trkpt>
      <trkpt lat="22.64614344067521" lon="107.60516095930387">
        <ele>94.66538258641958</ele>
        <time>2023-07-11T01:34:05Z</time>
        <extensions>
          <gpxtpx:TrackPointExtension>
            <gpxtpx:hr>110</gpxtpx:hr>
          </gpxtpx:TrackPointExtension>
        </extensions>
      </trkpt>
      <trkpt lat="22.646135534549472" lon="107.60516669702854">
        <ele>94.71851997170597</ele>
        <time>2023-07-11T01:34:06Z</time>
        <extensions>
          <gpxtpx:TrackPointExtension>
            <gpxtpx:hr>110</gpxtpx:hr>
          </gpxtpx:TrackPointExtension>
        </extensions>
      </trkpt>
      <trkpt lat="22.646127211370608" lon="107.60517280397595">
        <ele>94.77870178967714</ele>
        <time>2023-07-11T01:34:07Z</time>
        <extensions>
          <gpxtpx:TrackPointExtension>
            <gpxtpx:hr>111</gpxtpx:hr>
          </gpxtpx:TrackPointExtension>
        </extensions>
      </trkpt>
      <trkpt lat="22.646118500578115" lon="107.60517876400962">
        <ele>94.83965423423797</ele>
        <time>2023-07-11T01:34:08Z</time>
        <extensions>
          <gpxtpx:TrackPointExtension>
            <gpxtpx:hr>111</gpxtpx:hr>
          </gpxtpx:TrackPointExtension>
        </extensions>
      </trkpt>
      <trkpt lat="22.646109493897438" lon="107.60518426850841">
        <ele>94.8992570322007</ele>
        <time>2023-07-11T01:34:09Z</time>
        <extensions>
          <gpxtpx:TrackPointExtension>
            <gpxtpx:hr>111</gpxtpx:hr>
          </gpxtpx:TrackPointExtension>
        </extensions>
      </trkpt>
      <trkpt lat="22.646100416633363" lon="107.6051889967822">
        <ele>94.95438617654145</ele>
        <time>2023-07-11T01:34:10Z</time>
        <extensions>
          <gpxtpx:TrackPointExtension>
            <gpxtpx:hr>111</gpxtpx:hr>
          </gpxtpx:TrackPointExtension>
        </extensions>
      </trkpt>
      <trkpt lat="22.64609185979181" lon="107.60519269638215">
        <ele>95.00771413836628</ele>
        <time>2023-07-11T01:34:11Z</time>
        <extensions>
          <gpxtpx:TrackPointExtension>
            <gpxtpx:hr>111</gpxtpx:hr>
          </gpxtpx:TrackPointExtension>
        </extensions>
      </trkpt>
      <trkpt lat="22.64608354395996" lon="107.60519593267277">
        <ele>95.05071892216802</ele>
        <time>2023-07-11T01:34:12Z</time>
        <extensions>
          <gpxtpx:TrackPointExtension>
            <gpxtpx:hr>111</gpxtpx:hr>
          </gpxtpx:TrackPointExtension>
        </extensions>
      </trkpt>
      <trkpt lat="22.646074691331645" lon="107.60519910085779">
        <ele>95.09308357164264</ele>
        <time>2023-07-11T01:34:13Z</time>
        <extensions>
          <gpxtpx:TrackPointExtension>
            <gpxtpx:hr>111</gpxtpx:hr>
          </gpxtpx:TrackPointExtension>
        </extensions>
      </trkpt>
      <trkpt lat="22.646064924320882" lon="107.60520242982817">
        <ele>95.13265483267605</ele>
        <time>2023-07-11T01:34:14Z</time>
        <extensions>
          <gpxtpx:TrackPointExtension>
            <gpxtpx:hr>111</gpxtpx:hr>
          </gpxtpx:TrackPointExtension>
        </extensions>
      </trkpt>
      <trkpt lat="22.646054045607336" lon="107.60520626512168">
        <ele>95.17274987604469</ele>
        <time>2023-07-11T01:34:15Z</time>
        <extensions>
          <gpxtpx:TrackPointExtension>
            <gpxtpx:hr>111</gpxtpx:hr>
          </gpxtpx:TrackPointExtension>
        </extensions>
      </trkpt>
      <trkpt lat="22.646042338875308" lon="107.60521053982387">
        <ele>95.20529852062464</ele>
        <time>2023-07-11T01:34:16Z</time>
        <extensions>
          <gpxtpx:TrackPointExtension>
            <gpxtpx:hr>111</gpxtpx:hr>
          </gpxtpx:TrackPointExtension>
        </extensions>
      </trkpt>
      <trkpt lat="22.646029873469995" lon="107.60521466797832">
        <ele>95.23166317678988</ele>
        <time>2023-07-11T01:34:17Z</time>
        <extensions>
          <gpxtpx:TrackPointExtension>
            <gpxtpx:hr>111</gpxtpx:hr>
          </gpxtpx:TrackPointExtension>
        </extensions>
      </trkpt>
      <trkpt lat="22.646016358859754" lon="107.60521793501145">
        <ele>95.24696092307568</ele>
        <time>2023-07-11T01:34:18Z</time>
        <extensions>
          <gpxtpx:TrackPointExtension>
            <gpxtpx:hr>111</gpxtpx:hr>
          </gpxtpx:TrackPointExtension>
        </extensions>
      </trkpt>
      <trkpt lat="22.6460023743728" lon="107.60521971952012">
        <ele>95.25298361573368</ele>
        <time>2023-07-11T01:34:19Z</time>
        <extensions>
          <gpxtpx:TrackPointExtension>
            <gpxtpx:hr>111</gpxtpx:hr>
          </gpxtpx:TrackPointExtension>
        </extensions>
      </trkpt>
      <trkpt lat="22.645988954028226" lon="107.60521960335403">
        <ele>95.26405437011272</ele>
        <time>2023-07-11T01:34:20Z</time>
        <extensions>
          <gpxtpx:TrackPointExtension>
            <gpxtpx:hr>111</gpxtpx:hr>
          </gpxtpx:TrackPointExtension>
        </extensions>
      </trkpt>
      <trkpt lat="22.645976617237807" lon="107.60521791825182">
        <ele>95.2696237154305</ele>
        <time>2023-07-11T01:34:21Z</time>
        <extensions>
          <gpxtpx:TrackPointExtension>
            <gpxtpx:hr>111</gpxtpx:hr>
          </gpxtpx:TrackPointExtension>
        </extensions>
      </trkpt>
      <trkpt lat="22.645965595171283" lon="107.6052161518886">
        <ele>95.26657253876328</ele>
        <time>2023-07-11T01:34:22Z</time>
        <extensions>
          <gpxtpx:TrackPointExtension>
            <gpxtpx:hr>111</gpxtpx:hr>
          </gpxtpx:TrackPointExtension>
        </extensions>
      </trkpt>
      <trkpt lat="22.645955699850923" lon="107.6052152913274">
        <ele>95.25610767584294</ele>
        <time>2023-07-11T01:34:23Z</time>
        <extensions>
          <gpxtpx:TrackPointExtension>
            <gpxtpx:hr>111</gpxtpx:hr>
          </gpxtpx:TrackPointExtension>
        </extensions>
      </trkpt>
      <trkpt lat="22.645946168391344" lon="107.60521539955418">
        <ele>95.23692007735372</ele>
        <time>2023-07-11T01:34:24Z</time>
        <extensions>
          <gpxtpx:TrackPointExtension>
            <gpxtpx:hr>112</gpxtpx:hr>
          </gpxtpx:TrackPointExtension>
        </extensions>
      </trkpt>
      <trkpt lat="22.64593610474778" lon="107.60521632574749">
        <ele>95.21441238187253</ele>
        <time>2023-07-11T01:34:25Z</time>
        <extensions>
          <gpxtpx:TrackPointExtension>
            <gpxtpx:hr>112</gpxtpx:hr>
          </gpxtpx:TrackPointExtension>
        </extensions>
      </trkpt>
      <trkpt lat="22.64592521933691" lon="107.60521787788798">
        <ele>95.20311988797039</ele>
        <time>2023-07-11T01:34:26Z</time>
        <extensions>
          <gpxtpx:TrackPointExtension>
            <gpxtpx:hr>112</gpxtpx:hr>
          </gpxtpx:TrackPointExtension>
        </extensions>
      </trkpt>
      <trkpt lat="22.645913277321952" lon="107.60521998808068">
        <ele>95.1887579523027</ele>
        <time>2023-07-11T01:34:27Z</time>
        <extensions>
          <gpxtpx:TrackPointExtension>
            <gpxtpx:hr>110</gpxtpx:hr>
          </gpxtpx:TrackPointExtension>
        </extensions>
      </trkpt>
      <trkpt lat="22.645900026622257" lon="107.60522267595442">
        <ele>95.17427253164351</ele>
        <time>2023-07-11T01:34:28Z</time>
        <extensions>
          <gpxtpx:TrackPointExtension>
            <gpxtpx:hr>110</gpxtpx:hr>
          </gpxtpx:TrackPointExtension>
        </extensions>
      </trkpt>
      <trkpt lat="22.645886048391063" lon="107.60522590568793">
        <ele>95.15708089619875</ele>
        <time>2023-07-11T01:34:29Z</time>
        <extensions>
          <gpxtpx:TrackPointExtension>
            <gpxtpx:hr>110</gpxtpx:hr>
          </gpxtpx:TrackPointExtension>
        </extensions>
      </trkpt>
      <trkpt lat="22.645872291782315" lon="107.60522968542982">
        <ele>95.14491289295256</ele>
        <time>2023-07-11T01:34:30Z</time>
        <extensions>
          <gpxtpx:TrackPointExtension>
            <gpxtpx:hr>110</gpxtpx:hr>
          </gpxtpx:TrackPointExtension>
        </extensions>
      </trkpt>
      <trkpt lat="22.64585953154486" lon="107.60523388966809">
        <ele>95.13723118975759</ele>
        <time>2023-07-11T01:34:31Z</time>
        <extensions>
          <gpxtpx:TrackPointExtension>
            <gpxtpx:hr>110</gpxtpx:hr>
          </gpxtpx:TrackPointExtension>
        </extensions>
      </trkpt>
      <trkpt lat="22.645848134819204" lon="107.6052388778983">
        <ele>95.12193922046572</ele>
        <time>2023-07-11T01:34:32Z</time>
        <extensions>
          <gpxtpx:TrackPointExtension>
            <gpxtpx:hr>110</gpxtpx:hr>
          </gpxtpx:TrackPointExtension>
        </extensions>
      </trkpt>
      <trkpt lat="22.645837894112685" lon="107.60524476139075">
        <ele>95.1184837417677</ele>
        <time>2023-07-11T01:34:33Z</time>
        <extensions>
          <gpxtpx:TrackPointExtension>
            <gpxtpx:hr>109</gpxtpx:hr>
          </gpxtpx:TrackPointExtension>
        </extensions>
      </trkpt>
      <trkpt lat="22.645827737639582" lon="107.60525057941307">
        <ele>95.11827422305942</ele>
        <time>2023-07-11T01:34:34Z</time>
        <extensions>
          <gpxtpx:TrackPointExtension>
            <gpxtpx:hr>109</gpxtpx:hr>
          </gpxtpx:TrackPointExtension>
        </extensions>
      </trkpt>
      <trkpt lat="22.64581658669136" lon="107.60525543947297">
        <ele>95.11649673804641</ele>
        <time>2023-07-11T01:34:35Z</time>
        <extensions>
          <gpxtpx:TrackPointExtension>
            <gpxtpx:hr>109</gpxtpx:hr>
          </gpxtpx:TrackPointExtension>
        </extensions>
      </trkpt>
      <trkpt lat="22.64580390405331" lon="107.60525903289424">
        <ele>95.12534266710281</ele>
        <time>2023-07-11T01:34:36Z</time>
        <extensions>
          <gpxtpx:TrackPointExtension>
            <gpxtpx:hr>109</gpxtpx:hr>
          </gpxtpx:TrackPointExtension>
        </extensions>
      </trkpt>
      <trkpt lat="22.645789954161952" lon="107.60526192111229">
        <ele>95.13214239105582</ele>
        <time>2023-07-11T01:34:37Z</time>
        <extensions>
          <gpxtpx:TrackPointExtension>
            <gpxtpx:hr>109</gpxtpx:hr>
          </gpxtpx:TrackPointExtension>
        </extensions>
      </trkpt>
      <trkpt lat="22.645776231380008" lon="107.60526501541648">
        <ele>95.14877923764288</ele>
        <time>2023-07-11T01:34:38Z</time>
        <extensions>
          <gpxtpx:TrackPointExtension>
            <gpxtpx:hr>109</gpxtpx:hr>
          </gpxtpx:TrackPointExtension>
        </extensions>
      </trkpt>
      <trkpt lat="22.645764359466344" lon="107.60526903906094">
        <ele>95.16853047255427</ele>
        <time>2023-07-11T01:34:39Z</time>
        <extensions>
          <gpxtpx:TrackPointExtension>
            <gpxtpx:hr>109</gpxtpx:hr>
          </gpxtpx:TrackPointExtension>
        </extensions>
      </trkpt>
      <trkpt lat="22.645754769234163" lon="107.60527427915984">
        <ele>95.17949716653675</ele>
        <time>2023-07-11T01:34:40Z</time>
        <extensions>
          <gpxtpx:TrackPointExtension>
            <gpxtpx:hr>109</gpxtpx:hr>
          </gpxtpx:TrackPointExtension>
        </extensions>
      </trkpt>
      <trkpt lat="22.64574695625157" lon="107.6052808058608">
        <ele>95.1908492911607</ele>
        <time>2023-07-11T01:34:41Z</time>
        <extensions>
          <gpxtpx:TrackPointExtension>
            <gpxtpx:hr>109</gpxtpx:hr>
          </gpxtpx:TrackPointExtension>
        </extensions>
      </trkpt>
      <trkpt lat="22.645740767929755" lon="107.60528828105033">
        <ele>95.20219451840967</ele>
        <time>2023-07-11T01:34:42Z</time>
        <extensions>
          <gpxtpx:TrackPointExtension>
            <gpxtpx:hr>109</gpxtpx:hr>
          </gpxtpx:TrackPointExtension>
        </extensions>
      </trkpt>
      <trkpt lat="22.64573631766534" lon="107.60529630490092">
        <ele>95.21307368017733</ele>
        <time>2023-07-11T01:34:43Z</time>
        <extensions>
          <gpxtpx:TrackPointExtension>
            <gpxtpx:hr>103</gpxtpx:hr>
          </gpxtpx:TrackPointExtension>
        </extensions>
      </trkpt>
      <trkpt lat="22.645733510936054" lon="107.60530455517535">
        <ele>95.24417188670486</ele>
        <time>2023-07-11T01:34:44Z</time>
        <extensions>
          <gpxtpx:TrackPointExtension>
            <gpxtpx:hr>103</gpxtpx:hr>
          </gpxtpx:TrackPointExtension>
        </extensions>
      </trkpt>
      <trkpt lat="22.645732063302134" lon="107.60531271081376">
        <ele>95.28122891671956</ele>
        <time>2023-07-11T01:34:45Z</time>
        <extensions>
          <gpxtpx:TrackPointExtension>
            <gpxtpx:hr>103</gpxtpx:hr>
          </gpxtpx:TrackPointExtension>
        </extensions>
      </trkpt>
      <trkpt lat="22.64573182318345" lon="107.6053203138971">
        <ele>95.32337637525052</ele>
        <time>2023-07-11T01:34:46Z</time>
        <extensions>
          <gpxtpx:TrackPointExtension>
            <gpxtpx:hr>103</gpxtpx:hr>
          </gpxtpx:TrackPointExtension>
        </extensions>
      </trkpt>
      <trkpt lat="22.64573256832328" lon="107.60532717002127">
        <ele>95.36113390512764</ele>
        <time>2023-07-11T01:34:47Z</time>
        <extensions>
          <gpxtpx:TrackPointExtension>
            <gpxtpx:hr>103</gpxtpx:hr>
          </gpxtpx:TrackPointExtension>
        </extensions>
      </trkpt>
      <trkpt lat="22.64573394085696" lon="107.60533356334523">
        <ele>95.40368876047432</ele>
        <time>2023-07-11T01:34:48Z</time>
        <extensions>
          <gpxtpx:TrackPointExtension>
            <gpxtpx:hr>104</gpxtpx:hr>
          </gpxtpx:TrackPointExtension>
        </extensions>
      </trkpt>
      <trkpt lat="22.64573547366114" lon="107.60533880458853">
        <ele>95.44526060763747</ele>
        <time>2023-07-11T01:34:49Z</time>
        <extensions>
          <gpxtpx:TrackPointExtension>
            <gpxtpx:hr>104</gpxtpx:hr>
          </gpxtpx:TrackPointExtension>
        </extensions>
      </trkpt>
      <trkpt lat="22.645736757421403" lon="107.60534221119013">
        <ele>95.49379290360957</ele>
        <time>2023-07-11T01:34:50Z</time>
        <extensions>
          <gpxtpx:TrackPointExtension>
            <gpxtpx:hr>104</gpxtpx:hr>
          </gpxtpx:TrackPointExtension>
        </extensions>
      </trkpt>
      <trkpt lat="22.645737593320007" lon="107.605343909408">
        <ele>95.54230944439769</ele>
        <time>2023-07-11T01:34:51Z</time>
        <extensions>
          <gpxtpx:TrackPointExtension>
            <gpxtpx:hr>104</gpxtpx:hr>
          </gpxtpx:TrackPointExtension>
        </extensions>
      </trkpt>
      <trkpt lat="22.645737874911053" lon="107.60534410993249">
        <ele>95.58880369365215</ele>
        <time>2023-07-11T01:34:52Z</time>
        <extensions>
          <gpxtpx:TrackPointExtension>
            <gpxtpx:hr>104</gpxtpx:hr>
          </gpxtpx:TrackPointExtension>
        </extensions>
      </trkpt>
      <trkpt lat="22.645737536604184" lon="107.60534314645304">
        <ele>95.642179380171</ele>
        <time>2023-07-11T01:34:53Z</time>
        <extensions>
          <gpxtpx:TrackPointExtension>
            <gpxtpx:hr>111</gpxtpx:hr>
          </gpxtpx:TrackPointExtension>
        </extensions>
      </trkpt>
      <trkpt lat="22.645736440380677" lon="107.60534138045001">
        <ele>95.69521118979901</ele>
        <time>2023-07-11T01:34:54Z</time>
        <extensions>
          <gpxtpx:TrackPointExtension>
            <gpxtpx:hr>111</gpxtpx:hr>
          </gpxtpx:TrackPointExtension>
        </extensions>
      </trkpt>
      <trkpt lat="22.645734467761205" lon="107.60533937209962">
        <ele>95.7483205087483</ele>
        <time>2023-07-11T01:34:55Z</time>
        <extensions>
          <gpxtpx:TrackPointExtension>
            <gpxtpx:hr>111</gpxtpx:hr>
          </gpxtpx:TrackPointExtension>
        </extensions>
      </trkpt>
      <trkpt lat="22.645731675613476" lon="107.60533759464435">
        <ele>95.80017362721264</ele>
        <time>2023-07-11T01:34:56Z</time>
        <extensions>
          <gpxtpx:TrackPointExtension>
            <gpxtpx:hr>111</gpxtpx:hr>
          </gpxtpx:TrackPointExtension>
        </extensions>
      </trkpt>
      <trkpt lat="22.645728418064117" lon="107.60533597428092">
        <ele>95.8457913286984</ele>
        <time>2023-07-11T01:34:57Z</time>
        <extensions>
          <gpxtpx:TrackPointExtension>
            <gpxtpx:hr>111</gpxtpx:hr>
          </gpxtpx:TrackPointExtension>
        </extensions>
      </trkpt>
      <trkpt lat="22.645725177913686" lon="107.60533436558295">
        <ele>95.89127106126398</ele>
        <time>2023-07-11T01:34:58Z</time>
        <extensions>
          <gpxtpx:TrackPointExtension>
            <gpxtpx:hr>111</gpxtpx:hr>
          </gpxtpx:TrackPointExtension>
        </extensions>
      </trkpt>
      <trkpt lat="22.645722717215648" lon="107.60533264624308">
        <ele>95.92636316921562</ele>
        <time>2023-07-11T01:34:59Z</time>
        <extensions>
          <gpxtpx:TrackPointExtension>
            <gpxtpx:hr>111</gpxtpx:hr>
          </gpxtpx:TrackPointExtension>
        </extensions>
      </trkpt>
      <trkpt lat="22.64572173061187" lon="107.60533114469946">
        <ele>95.95040386915207</ele>
        <time>2023-07-11T01:35:00Z</time>
        <extensions>
          <gpxtpx:TrackPointExtension>
            <gpxtpx:hr>111</gpxtpx:hr>
          </gpxtpx:TrackPointExtension>
        </extensions>
      </trkpt>
      <trkpt lat="22.645722174770686" lon="107.60533027160629">
        <ele>95.97408931795508</ele>
        <time>2023-07-11T01:35:01Z</time>
        <extensions>
          <gpxtpx:TrackPointExtension>
            <gpxtpx:hr>111</gpxtpx:hr>
          </gpxtpx:TrackPointExtension>
        </extensions>
      </trkpt>
      <trkpt lat="22.64572355834431" lon="107.60533014020224">
        <ele>95.98880037292838</ele>
        <time>2023-07-11T01:35:02Z</time>
        <extensions>
          <gpxtpx:TrackPointExtension>
            <gpxtpx:hr>104</gpxtpx:hr>
          </gpxtpx:TrackPointExtension>
        </extensions>
      </trkpt>
      <trkpt lat="22.645725278515847" lon="107.60533058889855">
        <ele>95.99428376555443</ele>
        <time>2023-07-11T01:35:03Z</time>
        <extensions>
          <gpxtpx:TrackPointExtension>
            <gpxtpx:hr>104</gpxtpx:hr>
          </gpxtpx:TrackPointExtension>
        </extensions>
      </trkpt>
      <trkpt lat="22.64572686198014" lon="107.6053313114365">
        <ele>95.99270056281239</ele>
        <time>2023-07-11T01:35:04Z</time>
        <extensions>
          <gpxtpx:TrackPointExtension>
            <gpxtpx:hr>104</gpxtpx:hr>
          </gpxtpx:TrackPointExtension>
        </extensions>
      </trkpt>
      <trkpt lat="22.645727992995294" lon="107.60533177439656">
        <ele>95.98717055097222</ele>
        <time>2023-07-11T01:35:05Z</time>
        <extensions>
          <gpxtpx:TrackPointExtension>
            <gpxtpx:hr>104</gpxtpx:hr>
          </gpxtpx:TrackPointExtension>
        </extensions>
      </trkpt>
      <trkpt lat="22.645728608672332" lon="107.60533115061479">
        <ele>95.97196813020855</ele>
        <time>2023-07-11T01:35:06Z</time>
        <extensions>
          <gpxtpx:TrackPointExtension>
            <gpxtpx:hr>104</gpxtpx:hr>
          </gpxtpx:TrackPointExtension>
        </extensions>
      </trkpt>
      <trkpt lat="22.64572878686685" lon="107.60532912116179">
        <ele>95.9429817115888</ele>
        <time>2023-07-11T01:35:07Z</time>
        <extensions>
          <gpxtpx:TrackPointExtension>
            <gpxtpx:hr>104</gpxtpx:hr>
          </gpxtpx:TrackPointExtension>
        </extensions>
      </trkpt>
      <trkpt lat="22.64572854654869" lon="107.60532599986648">
        <ele>95.90885689016432</ele>
        <time>2023-07-11T01:35:08Z</time>
        <extensions>
          <gpxtpx:TrackPointExtension>
            <gpxtpx:hr>107</gpxtpx:hr>
          </gpxtpx:TrackPointExtension>
        </extensions>
      </trkpt>
      <trkpt lat="22.64572796392101" lon="107.60532257051153">
        <ele>95.87124273367226</ele>
        <time>2023-07-11T01:35:09Z</time>
        <extensions>
          <gpxtpx:TrackPointExtension>
            <gpxtpx:hr>107</gpxtpx:hr>
          </gpxtpx:TrackPointExtension>
        </extensions>
      </trkpt>
      <trkpt lat="22.64572703646291" lon="107.60531970182434">
        <ele>95.8299279762432</ele>
        <time>2023-07-11T01:35:10Z</time>
        <extensions>
          <gpxtpx:TrackPointExtension>
            <gpxtpx:hr>107</gpxtpx:hr>
          </gpxtpx:TrackPointExtension>
        </extensions>
      </trkpt>
      <trkpt lat="22.64572558123029" lon="107.60531810950617">
        <ele>95.78578149527311</ele>
        <time>2023-07-11T01:35:11Z</time>
        <extensions>
          <gpxtpx:TrackPointExtension>
            <gpxtpx:hr>107</gpxtpx:hr>
          </gpxtpx:TrackPointExtension>
        </extensions>
      </trkpt>
      <trkpt lat="22.64572344329431" lon="107.60531821463843">
        <ele>95.73888442851603</ele>
        <time>2023-07-11T01:35:12Z</time>
        <extensions>
          <gpxtpx:TrackPointExtension>
            <gpxtpx:hr>106</gpxtpx:hr>
          </gpxtpx:TrackPointExtension>
        </extensions>
      </trkpt>
      <trkpt lat="22.64572033659181" lon="107.60532066172489">
        <ele>95.68770938646048</ele>
        <time>2023-07-11T01:35:13Z</time>
        <extensions>
          <gpxtpx:TrackPointExtension>
            <gpxtpx:hr>106</gpxtpx:hr>
          </gpxtpx:TrackPointExtension>
        </extensions>
      </trkpt>
      <trkpt lat="22.645716299446445" lon="107.60532571376683">
        <ele>95.63547083176672</ele>
        <time>2023-07-11T01:35:14Z</time>
        <extensions>
          <gpxtpx:TrackPointExtension>
            <gpxtpx:hr>106</gpxtpx:hr>
          </gpxtpx:TrackPointExtension>
        </extensions>
      </trkpt>
      <trkpt lat="22.645712019412905" lon="107.60533301024697">
        <ele>95.58312606811523</ele>
        <time>2023-07-11T01:35:15Z</time>
        <extensions>
          <gpxtpx:TrackPointExtension>
            <gpxtpx:hr>106</gpxtpx:hr>
          </gpxtpx:TrackPointExtension>
        </extensions>
      </trkpt>
      <trkpt lat="22.64570831764315" lon="107.60534196074403">
        <ele>95.53149121813476</ele>
        <time>2023-07-11T01:35:16Z</time>
        <extensions>
          <gpxtpx:TrackPointExtension>
            <gpxtpx:hr>106</gpxtpx:hr>
          </gpxtpx:TrackPointExtension>
        </extensions>
      </trkpt>
      <trkpt lat="22.645705568851717" lon="107.6053516731164">
        <ele>95.48899044189602</ele>
        <time>2023-07-11T01:35:17Z</time>
        <extensions>
          <gpxtpx:TrackPointExtension>
            <gpxtpx:hr>106</gpxtpx:hr>
          </gpxtpx:TrackPointExtension>
        </extensions>
      </trkpt>
      <trkpt lat="22.645703480037874" lon="107.6053610561179">
        <ele>95.4459105329588</ele>
        <time>2023-07-11T01:35:18Z</time>
        <extensions>
          <gpxtpx:TrackPointExtension>
            <gpxtpx:hr>98</gpxtpx:hr>
          </gpxtpx:TrackPointExtension>
        </extensions>
      </trkpt>
      <trkpt lat="22.645701745448658" lon="107.60536904163948">
        <ele>95.40761835128069</ele>
        <time>2023-07-11T01:35:19Z</time>
        <extensions>
          <gpxtpx:TrackPointExtension>
            <gpxtpx:hr>98</gpxtpx:hr>
          </gpxtpx:TrackPointExtension>
        </extensions>
      </trkpt>
      <trkpt lat="22.645699938629882" lon="107.60537592620122">
        <ele>95.37417354993522</ele>
        <time>2023-07-11T01:35:20Z</time>
        <extensions>
          <gpxtpx:TrackPointExtension>
            <gpxtpx:hr>98</gpxtpx:hr>
          </gpxtpx:TrackPointExtension>
        </extensions>
      </trkpt>
      <trkpt lat="22.645697761532787" lon="107.60538258175303">
        <ele>95.34629379957914</ele>
        <time>2023-07-11T01:35:21Z</time>
        <extensions>
          <gpxtpx:TrackPointExtension>
            <gpxtpx:hr>98</gpxtpx:hr>
          </gpxtpx:TrackPointExtension>
        </extensions>
      </trkpt>
      <trkpt lat="22.64569521413491" lon="107.60538918913373">
        <ele>95.32047931104898</ele>
        <time>2023-07-11T01:35:22Z</time>
        <extensions>
          <gpxtpx:TrackPointExtension>
            <gpxtpx:hr>98</gpxtpx:hr>
          </gpxtpx:TrackPointExtension>
        </extensions>
      </trkpt>
      <trkpt lat="22.645692790523285" lon="107.60539493370473">
        <ele>95.2988432534039</ele>
        <time>2023-07-11T01:35:23Z</time>
        <extensions>
          <gpxtpx:TrackPointExtension>
            <gpxtpx:hr>98</gpxtpx:hr>
          </gpxtpx:TrackPointExtension>
        </extensions>
      </trkpt>
      <trkpt lat="22.645691010039204" lon="107.60539874875914">
        <ele>95.27939276024699</ele>
        <time>2023-07-11T01:35:24Z</time>
        <extensions>
          <gpxtpx:TrackPointExtension>
            <gpxtpx:hr>98</gpxtpx:hr>
          </gpxtpx:TrackPointExtension>
        </extensions>
      </trkpt>
      <trkpt lat="22.64569013490422" lon="107.60540012558103">
        <ele>95.26668312959373</ele>
        <time>2023-07-11T01:35:25Z</time>
        <extensions>
          <gpxtpx:TrackPointExtension>
            <gpxtpx:hr>100</gpxtpx:hr>
          </gpxtpx:TrackPointExtension>
        </extensions>
      </trkpt>
      <trkpt lat="22.645690245085596" lon="107.60539911783205">
        <ele>95.25796579383314</ele>
        <time>2023-07-11T01:35:26Z</time>
        <extensions>
          <gpxtpx:TrackPointExtension>
            <gpxtpx:hr>100</gpxtpx:hr>
          </gpxtpx:TrackPointExtension>
        </extensions>
      </trkpt>
      <trkpt lat="22.64569137063245" lon="107.60539596762999">
        <ele>95.25276018679142</ele>
        <time>2023-07-11T01:35:27Z</time>
        <extensions>
          <gpxtpx:TrackPointExtension>
            <gpxtpx:hr>100</gpxtpx:hr>
          </gpxtpx:TrackPointExtension>
        </extensions>
      </trkpt>
      <trkpt lat="22.64569338040454" lon="107.60539162527256">
        <ele>95.25040002167225</ele>
        <time>2023-07-11T01:35:28Z</time>
        <extensions>
          <gpxtpx:TrackPointExtension>
            <gpxtpx:hr>98</gpxtpx:hr>
          </gpxtpx:TrackPointExtension>
        </extensions>
      </trkpt>
      <trkpt lat="22.64569645089991" lon="107.6053865217092">
        <ele>95.25030363630503</ele>
        <time>2023-07-11T01:35:29Z</time>
        <extensions>
          <gpxtpx:TrackPointExtension>
            <gpxtpx:hr>98</gpxtpx:hr>
          </gpxtpx:TrackPointExtension>
        </extensions>
      </trkpt>
      <trkpt lat="22.645700467608858" lon="107.60538073946822">
        <ele>95.25196151901037</ele>
        <time>2023-07-11T01:35:30Z</time>
        <extensions>
          <gpxtpx:TrackPointExtension>
            <gpxtpx:hr>98</gpxtpx:hr>
          </gpxtpx:TrackPointExtension>
        </extensions>
      </trkpt>
      <trkpt lat="22.645704450356597" lon="107.60537523131656">
        <ele>95.25493628531694</ele>
        <time>2023-07-11T01:35:31Z</time>
        <extensions>
          <gpxtpx:TrackPointExtension>
            <gpxtpx:hr>98</gpxtpx:hr>
          </gpxtpx:TrackPointExtension>
        </extensions>
      </trkpt>
      <trkpt lat="22.645707676349026" lon="107.6053706419452">
        <ele>95.258953737095</ele>
        <time>2023-07-11T01:35:32Z</time>
        <extensions>
          <gpxtpx:TrackPointExtension>
            <gpxtpx:hr>102</gpxtpx:hr>
          </gpxtpx:TrackPointExtension>
        </extensions>
      </trkpt>
      <trkpt lat="22.645709761658974" lon="107.60536734424255">
        <ele>95.26387483999133</ele>
        <time>2023-07-11T01:35:33Z</time>
        <extensions>
          <gpxtpx:TrackPointExtension>
            <gpxtpx:hr>102</gpxtpx:hr>
          </gpxtpx:TrackPointExtension>
        </extensions>
      </trkpt>
      <trkpt lat="22.64571069618959" lon="107.60536531343965">
        <ele>95.26958633121103</ele>
        <time>2023-07-11T01:35:34Z</time>
        <extensions>
          <gpxtpx:TrackPointExtension>
            <gpxtpx:hr>102</gpxtpx:hr>
          </gpxtpx:TrackPointExtension>
        </extensions>
      </trkpt>
      <trkpt lat="22.64571080239889" lon="107.60536408370756">
        <ele>95.27654361352324</ele>
        <time>2023-07-11T01:35:35Z</time>
        <extensions>
          <gpxtpx:TrackPointExtension>
            <gpxtpx:hr>102</gpxtpx:hr>
          </gpxtpx:TrackPointExtension>
        </extensions>
      </trkpt>
      <trkpt lat="22.645710493278635" lon="107.6053633217608">
        <ele>95.28402942791581</ele>
        <time>2023-07-11T01:35:36Z</time>
        <extensions>
          <gpxtpx:TrackPointExtension>
            <gpxtpx:hr>102</gpxtpx:hr>
          </gpxtpx:TrackPointExtension>
        </extensions>
      </trkpt>
      <trkpt lat="22.645710021693787" lon="107.6053628940967">
        <ele>95.29172103572637</ele>
        <time>2023-07-11T01:35:37Z</time>
        <extensions>
          <gpxtpx:TrackPointExtension>
            <gpxtpx:hr>95</gpxtpx:hr>
          </gpxtpx:TrackPointExtension>
        </extensions>
      </trkpt>
      <trkpt lat="22.645709496851577" lon="107.60536269773601">
        <ele>95.29941385891289</ele>
        <time>2023-07-11T01:35:38Z</time>
        <extensions>
          <gpxtpx:TrackPointExtension>
            <gpxtpx:hr>95</gpxtpx:hr>
          </gpxtpx:TrackPointExtension>
        </extensions>
      </trkpt>
      <trkpt lat="22.645708941805722" lon="107.60536265276605">
        <ele>95.30603767745197</ele>
        <time>2023-07-11T01:35:39Z</time>
        <extensions>
          <gpxtpx:TrackPointExtension>
            <gpxtpx:hr>95</gpxtpx:hr>
          </gpxtpx:TrackPointExtension>
        </extensions>
      </trkpt>
      <trkpt lat="22.64570830959154" lon="107.60536272647099">
        <ele>95.31295705959201</ele>
        <time>2023-07-11T01:35:40Z</time>
        <extensions>
          <gpxtpx:TrackPointExtension>
            <gpxtpx:hr>95</gpxtpx:hr>
          </gpxtpx:TrackPointExtension>
        </extensions>
      </trkpt>
      <trkpt lat="22.64570753070836" lon="107.6053628755869">
        <ele>95.3169071553275</ele>
        <time>2023-07-11T01:35:41Z</time>
        <extensions>
          <gpxtpx:TrackPointExtension>
            <gpxtpx:hr>95</gpxtpx:hr>
          </gpxtpx:TrackPointExtension>
        </extensions>
      </trkpt>
      <trkpt lat="22.64570659147258" lon="107.60536306600271">
        <ele>95.31698211375624</ele>
        <time>2023-07-11T01:35:42Z</time>
        <extensions>
          <gpxtpx:TrackPointExtension>
            <gpxtpx:hr>95</gpxtpx:hr>
          </gpxtpx:TrackPointExtension>
        </extensions>
      </trkpt>
      <trkpt lat="22.645705410793465" lon="107.60536331281206">
        <ele>95.31564409472048</ele>
        <time>2023-07-11T01:35:43Z</time>
        <extensions>
          <gpxtpx:TrackPointExtension>
            <gpxtpx:hr>99</gpxtpx:hr>
          </gpxtpx:TrackPointExtension>
        </extensions>
      </trkpt>
      <trkpt lat="22.645704034646922" lon="107.60536359253666">
        <ele>95.312863253057</ele>
        <time>2023-07-11T01:35:44Z</time>
        <extensions>
          <gpxtpx:TrackPointExtension>
            <gpxtpx:hr>99</gpxtpx:hr>
          </gpxtpx:TrackPointExtension>
        </extensions>
      </trkpt>
      <trkpt lat="22.64570264703669" lon="107.60536379686035">
        <ele>95.30665535759181</ele>
        <time>2023-07-11T01:35:45Z</time>
        <extensions>
          <gpxtpx:TrackPointExtension>
            <gpxtpx:hr>99</gpxtpx:hr>
          </gpxtpx:TrackPointExtension>
        </extensions>
      </trkpt>
      <trkpt lat="22.64570118994832" lon="107.60536387881761">
        <ele>95.30072045885026</ele>
        <time>2023-07-11T01:35:46Z</time>
        <extensions>
          <gpxtpx:TrackPointExtension>
            <gpxtpx:hr>99</gpxtpx:hr>
          </gpxtpx:TrackPointExtension>
        </extensions>
      </trkpt>
      <trkpt lat="22.64569972022161" lon="107.60536388322518">
        <ele>95.29376943875104</ele>
        <time>2023-07-11T01:35:47Z</time>
        <extensions>
          <gpxtpx:TrackPointExtension>
            <gpxtpx:hr>99</gpxtpx:hr>
          </gpxtpx:TrackPointExtension>
        </extensions>
      </trkpt>
      <trkpt lat="22.6456987789522" lon="107.60536371113906">
        <ele>95.28614883963019</ele>
        <time>2023-07-11T01:35:48Z</time>
        <extensions>
          <gpxtpx:TrackPointExtension>
            <gpxtpx:hr>95</gpxtpx:hr>
          </gpxtpx:TrackPointExtension>
        </extensions>
      </trkpt>
      <trkpt lat="22.645699074003804" lon="107.60536338506613">
        <ele>95.27929734252393</ele>
        <time>2023-07-11T01:35:49Z</time>
        <extensions>
          <gpxtpx:TrackPointExtension>
            <gpxtpx:hr>95</gpxtpx:hr>
          </gpxtpx:TrackPointExtension>
        </extensions>
      </trkpt>
      <trkpt lat="22.64570159844988" lon="107.60536321583083">
        <ele>95.27315474767238</ele>
        <time>2023-07-11T01:35:50Z</time>
        <extensions>
          <gpxtpx:TrackPointExtension>
            <gpxtpx:hr>95</gpxtpx:hr>
          </gpxtpx:TrackPointExtension>
        </extensions>
      </trkpt>
      <trkpt lat="22.645707386756015" lon="107.60536345629481">
        <ele>95.26830474939197</ele>
        <time>2023-07-11T01:35:51Z</time>
        <extensions>
          <gpxtpx:TrackPointExtension>
            <gpxtpx:hr>95</gpxtpx:hr>
          </gpxtpx:TrackPointExtension>
        </extensions>
      </trkpt>
      <trkpt lat="22.645717494889418" lon="107.60536424587868">
        <ele>95.26528520788997</ele>
        <time>2023-07-11T01:35:52Z</time>
        <extensions>
          <gpxtpx:TrackPointExtension>
            <gpxtpx:hr>95</gpxtpx:hr>
          </gpxtpx:TrackPointExtension>
        </extensions>
      </trkpt>
      <trkpt lat="22.645732069246876" lon="107.60536575992829">
        <ele>95.26476001366973</ele>
        <time>2023-07-11T01:35:53Z</time>
        <extensions>
          <gpxtpx:TrackPointExtension>
            <gpxtpx:hr>95</gpxtpx:hr>
          </gpxtpx:TrackPointExtension>
        </extensions>
      </trkpt>
      <trkpt lat="22.645749557020284" lon="107.60536835053037">
        <ele>95.26663802843541</ele>
        <time>2023-07-11T01:35:54Z</time>
        <extensions>
          <gpxtpx:TrackPointExtension>
            <gpxtpx:hr>95</gpxtpx:hr>
          </gpxtpx:TrackPointExtension>
        </extensions>
      </trkpt>
      <trkpt lat="22.645769602358882" lon="107.60537127475213">
        <ele>95.27051810082048</ele>
        <time>2023-07-11T01:35:55Z</time>
        <extensions>
          <gpxtpx:TrackPointExtension>
            <gpxtpx:hr>95</gpxtpx:hr>
          </gpxtpx:TrackPointExtension>
        </extensions>
      </trkpt>
      <trkpt lat="22.645791684757064" lon="107.60537417586457">
        <ele>95.27564104367048</ele>
        <time>2023-07-11T01:35:56Z</time>
        <extensions>
          <gpxtpx:TrackPointExtension>
            <gpxtpx:hr>95</gpxtpx:hr>
          </gpxtpx:TrackPointExtension>
        </extensions>
      </trkpt>
      <trkpt lat="22.645814899175413" lon="107.60537618296554">
        <ele>95.28196056373417</ele>
        <time>2023-07-11T01:35:57Z</time>
        <extensions>
          <gpxtpx:TrackPointExtension>
            <gpxtpx:hr>95</gpxtpx:hr>
          </gpxtpx:TrackPointExtension>
        </extensions>
      </trkpt>
      <trkpt lat="22.645837210528164" lon="107.6053772601607">
        <ele>95.28952082060277</ele>
        <time>2023-07-11T01:35:58Z</time>
        <extensions>
          <gpxtpx:TrackPointExtension>
            <gpxtpx:hr>93</gpxtpx:hr>
          </gpxtpx:TrackPointExtension>
        </extensions>
      </trkpt>
      <trkpt lat="22.645854825299907" lon="107.60537826748381">
        <ele>95.30152756813914</ele>
        <time>2023-07-11T01:35:59Z</time>
        <extensions>
          <gpxtpx:TrackPointExtension>
            <gpxtpx:hr>93</gpxtpx:hr>
          </gpxtpx:TrackPointExtension>
        </extensions>
      </trkpt>
      <trkpt lat="22.645864022563586" lon="107.60537986423901">
        <ele>95.31396720930934</ele>
        <time>2023-07-11T01:36:00Z</time>
        <extensions>
          <gpxtpx:TrackPointExtension>
            <gpxtpx:hr>93</gpxtpx:hr>
          </gpxtpx:TrackPointExtension>
        </extensions>
      </trkpt>
      <trkpt lat="22.645862047483206" lon="107.60538196910832">
        <ele>95.32799530401826</ele>
        <time>2023-07-11T01:36:01Z</time>
        <extensions>
          <gpxtpx:TrackPointExtension>
            <gpxtpx:hr>93</gpxtpx:hr>
          </gpxtpx:TrackPointExtension>
        </extensions>
      </trkpt>
      <trkpt lat="22.645848322978768" lon="107.60538407939453">
        <ele>95.34848045557737</ele>
        <time>2023-07-11T01:36:02Z</time>
        <extensions>
          <gpxtpx:TrackPointExtension>
            <gpxtpx:hr>93</gpxtpx:hr>
          </gpxtpx:TrackPointExtension>
        </extensions>
      </trkpt>
      <trkpt lat="22.64582485544382" lon="107.60538562984249">
        <ele>95.3751560319215</ele>
        <time>2023-07-11T01:36:03Z</time>
        <extensions>
          <gpxtpx:TrackPointExtension>
            <gpxtpx:hr>91</gpxtpx:hr>
          </gpxtpx:TrackPointExtension>
        </extensions>
      </trkpt>
      <trkpt lat="22.645793831062417" lon="107.6053858082195">
        <ele>95.4032917516306</ele>
        <time>2023-07-11T01:36:04Z</time>
        <extensions>
          <gpxtpx:TrackPointExtension>
            <gpxtpx:hr>91</gpxtpx:hr>
          </gpxtpx:TrackPointExtension>
        </extensions>
      </trkpt>
      <trkpt lat="22.645757349772822" lon="107.60538378670546">
        <ele>95.43267748784274</ele>
        <time>2023-07-11T01:36:05Z</time>
        <extensions>
          <gpxtpx:TrackPointExtension>
            <gpxtpx:hr>91</gpxtpx:hr>
          </gpxtpx:TrackPointExtension>
        </extensions>
      </trkpt>
      <trkpt lat="22.64571939832245" lon="107.60537884254936">
        <ele>95.45958397444338</ele>
        <time>2023-07-11T01:36:06Z</time>
        <extensions>
          <gpxtpx:TrackPointExtension>
            <gpxtpx:hr>91</gpxtpx:hr>
          </gpxtpx:TrackPointExtension>
        </extensions>
      </trkpt>
      <trkpt lat="22.645683536009624" lon="107.60537170083609">
        <ele>95.48819049820304</ele>
        <time>2023-07-11T01:36:07Z</time>
        <extensions>
          <gpxtpx:TrackPointExtension>
            <gpxtpx:hr>87</gpxtpx:hr>
          </gpxtpx:TrackPointExtension>
        </extensions>
      </trkpt>
      <trkpt lat="22.6456505351495" lon="107.60536425253544">
        <ele>95.5180396232754</ele>
        <time>2023-07-11T01:36:08Z</time>
        <extensions>
          <gpxtpx:TrackPointExtension>
            <gpxtpx:hr>87</gpxtpx:hr>
          </gpxtpx:TrackPointExtension>
        </extensions>
      </trkpt>
      <trkpt lat="22.64562046133488" lon="107.60535811133835">
        <ele>95.54643304273486</ele>
        <time>2023-07-11T01:36:09Z</time>
        <extensions>
          <gpxtpx:TrackPointExtension>
            <gpxtpx:hr>87</gpxtpx:hr>
          </gpxtpx:TrackPointExtension>
        </extensions>
      </trkpt>
      <trkpt lat="22.645593723420102" lon="107.60535413441481">
        <ele>95.58979538083076</ele>
        <time>2023-07-11T01:36:10Z</time>
        <extensions>
          <gpxtpx:TrackPointExtension>
            <gpxtpx:hr>87</gpxtpx:hr>
          </gpxtpx:TrackPointExtension>
        </extensions>
      </trkpt>
      <trkpt lat="22.645570601460015" lon="107.60535244913169">
        <ele>95.63185739796609</ele>
        <time>2023-07-11T01:36:11Z</time>
        <extensions>
          <gpxtpx:TrackPointExtension>
            <gpxtpx:hr>87</gpxtpx:hr>
          </gpxtpx:TrackPointExtension>
        </extensions>
      </trkpt>
      <trkpt lat="22.64555163004428" lon="107.60535268953629">
        <ele>95.68172343540937</ele>
        <time>2023-07-11T01:36:12Z</time>
        <extensions>
          <gpxtpx:TrackPointExtension>
            <gpxtpx:hr>87</gpxtpx:hr>
          </gpxtpx:TrackPointExtension>
        </extensions>
      </trkpt>
      <trkpt lat="22.645537086640875" lon="107.60535429395323">
        <ele>95.73427911102772</ele>
        <time>2023-07-11T01:36:13Z</time>
        <extensions>
          <gpxtpx:TrackPointExtension>
            <gpxtpx:hr>87</gpxtpx:hr>
          </gpxtpx:TrackPointExtension>
        </extensions>
      </trkpt>
      <trkpt lat="22.64552632549484" lon="107.60535656775866">
        <ele>95.7948602642864</ele>
        <time>2023-07-11T01:36:14Z</time>
        <extensions>
          <gpxtpx:TrackPointExtension>
            <gpxtpx:hr>95</gpxtpx:hr>
          </gpxtpx:TrackPointExtension>
        </extensions>
      </trkpt>
      <trkpt lat="22.64551820173464" lon="107.60535886689125">
        <ele>95.85708163678646</ele>
        <time>2023-07-11T01:36:15Z</time>
        <extensions>
          <gpxtpx:TrackPointExtension>
            <gpxtpx:hr>95</gpxtpx:hr>
          </gpxtpx:TrackPointExtension>
        </extensions>
      </trkpt>
      <trkpt lat="22.645511030864174" lon="107.60536088914078">
        <ele>95.9068279992789</ele>
        <time>2023-07-11T01:36:16Z</time>
        <extensions>
          <gpxtpx:TrackPointExtension>
            <gpxtpx:hr>95</gpxtpx:hr>
          </gpxtpx:TrackPointExtension>
        </extensions>
      </trkpt>
      <trkpt lat="22.64550357862232" lon="107.60536242576447">
        <ele>95.97963479254395</ele>
        <time>2023-07-11T01:36:17Z</time>
        <extensions>
          <gpxtpx:TrackPointExtension>
            <gpxtpx:hr>95</gpxtpx:hr>
          </gpxtpx:TrackPointExtension>
        </extensions>
      </trkpt>
      <trkpt lat="22.64549522338526" lon="107.60536354914007">
        <ele>96.03789002634585</ele>
        <time>2023-07-11T01:36:18Z</time>
        <extensions>
          <gpxtpx:TrackPointExtension>
            <gpxtpx:hr>95</gpxtpx:hr>
          </gpxtpx:TrackPointExtension>
        </extensions>
      </trkpt>
      <trkpt lat="22.645485516892702" lon="107.60536441971774">
        <ele>96.09698056150228</ele>
        <time>2023-07-11T01:36:19Z</time>
        <extensions>
          <gpxtpx:TrackPointExtension>
            <gpxtpx:hr>99</gpxtpx:hr>
          </gpxtpx:TrackPointExtension>
        </extensions>
      </trkpt>
      <trkpt lat="22.64547391142523" lon="107.60536519244863">
        <ele>96.15497330762446</ele>
        <time>2023-07-11T01:36:20Z</time>
        <extensions>
          <gpxtpx:TrackPointExtension>
            <gpxtpx:hr>99</gpxtpx:hr>
          </gpxtpx:TrackPointExtension>
        </extensions>
      </trkpt>
      <trkpt lat="22.645460279044478" lon="107.60536601546151">
        <ele>96.20469966065139</ele>
        <time>2023-07-11T01:36:21Z</time>
        <extensions>
          <gpxtpx:TrackPointExtension>
            <gpxtpx:hr>99</gpxtpx:hr>
          </gpxtpx:TrackPointExtension>
        </extensions>
      </trkpt>
      <trkpt lat="22.645444837920053" lon="107.60536682407817">
        <ele>96.2555290311575</ele>
        <time>2023-07-11T01:36:22Z</time>
        <extensions>
          <gpxtpx:TrackPointExtension>
            <gpxtpx:hr>102</gpxtpx:hr>
          </gpxtpx:TrackPointExtension>
        </extensions>
      </trkpt>
      <trkpt lat="22.645428818550933" lon="107.6053673189362">
        <ele>96.3002392500639</ele>
        <time>2023-07-11T01:36:23Z</time>
        <extensions>
          <gpxtpx:TrackPointExtension>
            <gpxtpx:hr>102</gpxtpx:hr>
          </gpxtpx:TrackPointExtension>
        </extensions>
      </trkpt>
      <trkpt lat="22.64541513871688" lon="107.60536708585634">
        <ele>96.3394317086786</ele>
        <time>2023-07-11T01:36:24Z</time>
        <extensions>
          <gpxtpx:TrackPointExtension>
            <gpxtpx:hr>102</gpxtpx:hr>
          </gpxtpx:TrackPointExtension>
        </extensions>
      </trkpt>
      <trkpt lat="22.64540379054108" lon="107.6053676336428">
        <ele>96.3651918862015</ele>
        <time>2023-07-11T01:36:25Z</time>
        <extensions>
          <gpxtpx:TrackPointExtension>
            <gpxtpx:hr>102</gpxtpx:hr>
          </gpxtpx:TrackPointExtension>
        </extensions>
      </trkpt>
      <trkpt lat="22.645392662915494" lon="107.60537090649296">
        <ele>96.38831304945052</ele>
        <time>2023-07-11T01:36:26Z</time>
        <extensions>
          <gpxtpx:TrackPointExtension>
            <gpxtpx:hr>102</gpxtpx:hr>
          </gpxtpx:TrackPointExtension>
        </extensions>
      </trkpt>
      <trkpt lat="22.645381292814296" lon="107.60537689051789">
        <ele>96.40579831693321</ele>
        <time>2023-07-11T01:36:27Z</time>
        <extensions>
          <gpxtpx:TrackPointExtension>
            <gpxtpx:hr>102</gpxtpx:hr>
          </gpxtpx:TrackPointExtension>
        </extensions>
      </trkpt>
      <trkpt lat="22.64536979480799" lon="107.6053850162673">
        <ele>96.41944495867938</ele>
        <time>2023-07-11T01:36:28Z</time>
        <extensions>
          <gpxtpx:TrackPointExtension>
            <gpxtpx:hr>99</gpxtpx:hr>
          </gpxtpx:TrackPointExtension>
        </extensions>
      </trkpt>
      <trkpt lat="22.64535860629078" lon="107.6053946610241">
        <ele>96.42871296033263</ele>
        <time>2023-07-11T01:36:29Z</time>
        <extensions>
          <gpxtpx:TrackPointExtension>
            <gpxtpx:hr>99</gpxtpx:hr>
          </gpxtpx:TrackPointExtension>
        </extensions>
      </trkpt>
      <trkpt lat="22.645348059346926" lon="107.60540516823441">
        <ele>96.43657374382019</ele>
        <time>2023-07-11T01:36:30Z</time>
        <extensions>
          <gpxtpx:TrackPointExtension>
            <gpxtpx:hr>99</gpxtpx:hr>
          </gpxtpx:TrackPointExtension>
        </extensions>
      </trkpt>
      <trkpt lat="22.64533855948685" lon="107.60541607763669">
        <ele>96.44224423449486</ele>
        <time>2023-07-11T01:36:31Z</time>
        <extensions>
          <gpxtpx:TrackPointExtension>
            <gpxtpx:hr>99</gpxtpx:hr>
          </gpxtpx:TrackPointExtension>
        </extensions>
      </trkpt>
      <trkpt lat="22.645330556766837" lon="107.6054267313714">
        <ele>96.45741089433432</ele>
        <time>2023-07-11T01:36:32Z</time>
        <extensions>
          <gpxtpx:TrackPointExtension>
            <gpxtpx:hr>99</gpxtpx:hr>
          </gpxtpx:TrackPointExtension>
        </extensions>
      </trkpt>
      <trkpt lat="22.64532395513769" lon="107.60543625082693">
        <ele>96.47038929257542</ele>
        <time>2023-07-11T01:36:33Z</time>
        <extensions>
          <gpxtpx:TrackPointExtension>
            <gpxtpx:hr>99</gpxtpx:hr>
          </gpxtpx:TrackPointExtension>
        </extensions>
      </trkpt>
      <trkpt lat="22.64531777871542" lon="107.60544475116443">
        <ele>96.48322929255664</ele>
        <time>2023-07-11T01:36:34Z</time>
        <extensions>
          <gpxtpx:TrackPointExtension>
            <gpxtpx:hr>99</gpxtpx:hr>
          </gpxtpx:TrackPointExtension>
        </extensions>
      </trkpt>
      <trkpt lat="22.645311309802526" lon="107.60545238882531">
        <ele>96.50097106955945</ele>
        <time>2023-07-11T01:36:35Z</time>
        <extensions>
          <gpxtpx:TrackPointExtension>
            <gpxtpx:hr>99</gpxtpx:hr>
          </gpxtpx:TrackPointExtension>
        </extensions>
      </trkpt>
      <trkpt lat="22.645305108257723" lon="107.6054585884025">
        <ele>96.52626839280128</ele>
        <time>2023-07-11T01:36:36Z</time>
        <extensions>
          <gpxtpx:TrackPointExtension>
            <gpxtpx:hr>99</gpxtpx:hr>
          </gpxtpx:TrackPointExtension>
        </extensions>
      </trkpt>
      <trkpt lat="22.645300281210496" lon="107.60546331873611">
        <ele>96.55414884351194</ele>
        <time>2023-07-11T01:36:37Z</time>
        <extensions>
          <gpxtpx:TrackPointExtension>
            <gpxtpx:hr>99</gpxtpx:hr>
          </gpxtpx:TrackPointExtension>
        </extensions>
      </trkpt>
      <trkpt lat="22.645296949987003" lon="107.60546652457236">
        <ele>96.58545955084264</ele>
        <time>2023-07-11T01:36:38Z</time>
        <extensions>
          <gpxtpx:TrackPointExtension>
            <gpxtpx:hr>100</gpxtpx:hr>
          </gpxtpx:TrackPointExtension>
        </extensions>
      </trkpt>
      <trkpt lat="22.645294216776243" lon="107.60546812456555">
        <ele>96.61369714327157</ele>
        <time>2023-07-11T01:36:39Z</time>
        <extensions>
          <gpxtpx:TrackPointExtension>
            <gpxtpx:hr>100</gpxtpx:hr>
          </gpxtpx:TrackPointExtension>
        </extensions>
      </trkpt>
      <trkpt lat="22.645291097137044" lon="107.60546836520217">
        <ele>96.64396879542619</ele>
        <time>2023-07-11T01:36:40Z</time>
        <extensions>
          <gpxtpx:TrackPointExtension>
            <gpxtpx:hr>100</gpxtpx:hr>
          </gpxtpx:TrackPointExtension>
        </extensions>
      </trkpt>
      <trkpt lat="22.64528688104491" lon="107.6054673069932">
        <ele>96.67435396276414</ele>
        <time>2023-07-11T01:36:41Z</time>
        <extensions>
          <gpxtpx:TrackPointExtension>
            <gpxtpx:hr>101</gpxtpx:hr>
          </gpxtpx:TrackPointExtension>
        </extensions>
      </trkpt>
      <trkpt lat="22.64528116903363" lon="107.60546487567713">
        <ele>96.69994356110692</ele>
        <time>2023-07-11T01:36:42Z</time>
        <extensions>
          <gpxtpx:TrackPointExtension>
            <gpxtpx:hr>101</gpxtpx:hr>
          </gpxtpx:TrackPointExtension>
        </extensions>
      </trkpt>
      <trkpt lat="22.645274059603548" lon="107.60546117820213">
        <ele>96.72572215087712</ele>
        <time>2023-07-11T01:36:43Z</time>
        <extensions>
          <gpxtpx:TrackPointExtension>
            <gpxtpx:hr>101</gpxtpx:hr>
          </gpxtpx:TrackPointExtension>
        </extensions>
      </trkpt>
      <trkpt lat="22.6452662411906" lon="107.60545642860484">
        <ele>96.74020141363144</ele>
        <time>2023-07-11T01:36:44Z</time>
        <extensions>
          <gpxtpx:TrackPointExtension>
            <gpxtpx:hr>101</gpxtpx:hr>
          </gpxtpx:TrackPointExtension>
        </extensions>
      </trkpt>
      <trkpt lat="22.64525844310519" lon="107.60545130505551">
        <ele>96.74967660568655</ele>
        <time>2023-07-11T01:36:45Z</time>
        <extensions>
          <gpxtpx:TrackPointExtension>
            <gpxtpx:hr>101</gpxtpx:hr>
          </gpxtpx:TrackPointExtension>
        </extensions>
      </trkpt>
      <trkpt lat="22.645250963315977" lon="107.60544680425728">
        <ele>96.75454530585557</ele>
        <time>2023-07-11T01:36:46Z</time>
        <extensions>
          <gpxtpx:TrackPointExtension>
            <gpxtpx:hr>101</gpxtpx:hr>
          </gpxtpx:TrackPointExtension>
        </extensions>
      </trkpt>
      <trkpt lat="22.64524332782631" lon="107.60544332538588">
        <ele>96.75340361148119</ele>
        <time>2023-07-11T01:36:47Z</time>
        <extensions>
          <gpxtpx:TrackPointExtension>
            <gpxtpx:hr>101</gpxtpx:hr>
          </gpxtpx:TrackPointExtension>
        </extensions>
      </trkpt>
      <trkpt lat="22.645234560550495" lon="107.6054406994826">
        <ele>96.74434043187648</ele>
        <time>2023-07-11T01:36:48Z</time>
        <extensions>
          <gpxtpx:TrackPointExtension>
            <gpxtpx:hr>105</gpxtpx:hr>
          </gpxtpx:TrackPointExtension>
        </extensions>
      </trkpt>
      <trkpt lat="22.645224256930646" lon="107.60543877771134">
        <ele>96.73216988891363</ele>
        <time>2023-07-11T01:36:49Z</time>
        <extensions>
          <gpxtpx:TrackPointExtension>
            <gpxtpx:hr>105</gpxtpx:hr>
          </gpxtpx:TrackPointExtension>
        </extensions>
      </trkpt>
      <trkpt lat="22.645213303293808" lon="107.6054377878929">
        <ele>96.71957637183368</ele>
        <time>2023-07-11T01:36:50Z</time>
        <extensions>
          <gpxtpx:TrackPointExtension>
            <gpxtpx:hr>105</gpxtpx:hr>
          </gpxtpx:TrackPointExtension>
        </extensions>
      </trkpt>
      <trkpt lat="22.645203458625506" lon="107.60543799346149">
        <ele>96.7039340082556</ele>
        <time>2023-07-11T01:36:51Z</time>
        <extensions>
          <gpxtpx:TrackPointExtension>
            <gpxtpx:hr>105</gpxtpx:hr>
          </gpxtpx:TrackPointExtension>
        </extensions>
      </trkpt>
      <trkpt lat="22.645195734724183" lon="107.60543935678177">
        <ele>96.6924175946042</ele>
        <time>2023-07-11T01:36:52Z</time>
        <extensions>
          <gpxtpx:TrackPointExtension>
            <gpxtpx:hr>105</gpxtpx:hr>
          </gpxtpx:TrackPointExtension>
        </extensions>
      </trkpt>
      <trkpt lat="22.6451898684583" lon="107.60544128497472">
        <ele>96.68772006314248</ele>
        <time>2023-07-11T01:36:53Z</time>
        <extensions>
          <gpxtpx:TrackPointExtension>
            <gpxtpx:hr>106</gpxtpx:hr>
          </gpxtpx:TrackPointExtension>
        </extensions>
      </trkpt>
      <trkpt lat="22.64518464742558" lon="107.60544288975149">
        <ele>96.67585228104144</ele>
        <time>2023-07-11T01:36:54Z</time>
        <extensions>
          <gpxtpx:TrackPointExtension>
            <gpxtpx:hr>106</gpxtpx:hr>
          </gpxtpx:TrackPointExtension>
        </extensions>
      </trkpt>
      <trkpt lat="22.645179242387496" lon="107.60544361333172">
        <ele>96.66129990201443</ele>
        <time>2023-07-11T01:36:55Z</time>
        <extensions>
          <gpxtpx:TrackPointExtension>
            <gpxtpx:hr>106</gpxtpx:hr>
          </gpxtpx:TrackPointExtension>
        </extensions>
      </trkpt>
      <trkpt lat="22.6451733985697" lon="107.60544310527388">
        <ele>96.65055577456951</ele>
        <time>2023-07-11T01:36:56Z</time>
        <extensions>
          <gpxtpx:TrackPointExtension>
            <gpxtpx:hr>106</gpxtpx:hr>
          </gpxtpx:TrackPointExtension>
        </extensions>
      </trkpt>
      <trkpt lat="22.645167245794152" lon="107.60544157314294">
        <ele>96.63802664820105</ele>
        <time>2023-07-11T01:36:57Z</time>
        <extensions>
          <gpxtpx:TrackPointExtension>
            <gpxtpx:hr>107</gpxtpx:hr>
          </gpxtpx:TrackPointExtension>
        </extensions>
      </trkpt>
      <trkpt lat="22.645161204022077" lon="107.60543975592633">
        <ele>96.6262349775061</ele>
        <time>2023-07-11T01:36:58Z</time>
        <extensions>
          <gpxtpx:TrackPointExtension>
            <gpxtpx:hr>107</gpxtpx:hr>
          </gpxtpx:TrackPointExtension>
        </extensions>
      </trkpt>
      <trkpt lat="22.64515541593408" lon="107.60543859799772">
        <ele>96.61365496274084</ele>
        <time>2023-07-11T01:36:59Z</time>
        <extensions>
          <gpxtpx:TrackPointExtension>
            <gpxtpx:hr>107</gpxtpx:hr>
          </gpxtpx:TrackPointExtension>
        </extensions>
      </trkpt>
      <trkpt lat="22.645149901001023" lon="107.60543883071131">
        <ele>96.600296956487</ele>
        <time>2023-07-11T01:37:00Z</time>
        <extensions>
          <gpxtpx:TrackPointExtension>
            <gpxtpx:hr>107</gpxtpx:hr>
          </gpxtpx:TrackPointExtension>
        </extensions>
      </trkpt>
      <trkpt lat="22.64514457355803" lon="107.6054411376344">
        <ele>96.59040972590446</ele>
        <time>2023-07-11T01:37:01Z</time>
        <extensions>
          <gpxtpx:TrackPointExtension>
            <gpxtpx:hr>107</gpxtpx:hr>
          </gpxtpx:TrackPointExtension>
        </extensions>
      </trkpt>
      <trkpt lat="22.645139961528518" lon="107.60544560874033">
        <ele>96.58088327385485</ele>
        <time>2023-07-11T01:37:02Z</time>
        <extensions>
          <gpxtpx:TrackPointExtension>
            <gpxtpx:hr>107</gpxtpx:hr>
          </gpxtpx:TrackPointExtension>
        </extensions>
      </trkpt>
      <trkpt lat="22.645137065781125" lon="107.60545187530961">
        <ele>96.5742452479899</ele>
        <time>2023-07-11T01:37:03Z</time>
        <extensions>
          <gpxtpx:TrackPointExtension>
            <gpxtpx:hr>107</gpxtpx:hr>
          </gpxtpx:TrackPointExtension>
        </extensions>
      </trkpt>
      <trkpt lat="22.645136056235554" lon="107.60545912546444">
        <ele>96.56228691432625</ele>
        <time>2023-07-11T01:37:04Z</time>
        <extensions>
          <gpxtpx:TrackPointExtension>
            <gpxtpx:hr>110</gpxtpx:hr>
          </gpxtpx:TrackPointExtension>
        </extensions>
      </trkpt>
      <trkpt lat="22.645136479096273" lon="107.605466820118">
        <ele>96.54807980637997</ele>
        <time>2023-07-11T01:37:05Z</time>
        <extensions>
          <gpxtpx:TrackPointExtension>
            <gpxtpx:hr>110</gpxtpx:hr>
          </gpxtpx:TrackPointExtension>
        </extensions>
      </trkpt>
      <trkpt lat="22.6451376627231" lon="107.60547479389668">
        <ele>96.53284243308008</ele>
        <time>2023-07-11T01:37:06Z</time>
        <extensions>
          <gpxtpx:TrackPointExtension>
            <gpxtpx:hr>110</gpxtpx:hr>
          </gpxtpx:TrackPointExtension>
        </extensions>
      </trkpt>
      <trkpt lat="22.645138826547612" lon="107.60548237597527">
        <ele>96.52053037006408</ele>
        <time>2023-07-11T01:37:07Z</time>
        <extensions>
          <gpxtpx:TrackPointExtension>
            <gpxtpx:hr>110</gpxtpx:hr>
          </gpxtpx:TrackPointExtension>
        </extensions>
      </trkpt>
      <trkpt lat="22.645139355374376" lon="107.60548904838798">
        <ele>96.51066001318395</ele>
        <time>2023-07-11T01:37:08Z</time>
        <extensions>
          <gpxtpx:TrackPointExtension>
            <gpxtpx:hr>110</gpxtpx:hr>
          </gpxtpx:TrackPointExtension>
        </extensions>
      </trkpt>
      <trkpt lat="22.645138595623994" lon="107.60549447680073">
        <ele>96.49826466292143</ele>
        <time>2023-07-11T01:37:09Z</time>
        <extensions>
          <gpxtpx:TrackPointExtension>
            <gpxtpx:hr>110</gpxtpx:hr>
          </gpxtpx:TrackPointExtension>
        </extensions>
      </trkpt>
      <trkpt lat="22.645135866918512" lon="107.60549874418342">
        <ele>96.47840048745275</ele>
        <time>2023-07-11T01:37:10Z</time>
        <extensions>
          <gpxtpx:TrackPointExtension>
            <gpxtpx:hr>110</gpxtpx:hr>
          </gpxtpx:TrackPointExtension>
        </extensions>
      </trkpt>
      <trkpt lat="22.64513124469745" lon="107.60550222718113">
        <ele>96.46334279235452</ele>
        <time>2023-07-11T01:37:11Z</time>
        <extensions>
          <gpxtpx:TrackPointExtension>
            <gpxtpx:hr>110</gpxtpx:hr>
          </gpxtpx:TrackPointExtension>
        </extensions>
      </trkpt>
      <trkpt lat="22.645125621451943" lon="107.60550493090538">
        <ele>96.44886604975909</ele>
        <time>2023-07-11T01:37:12Z</time>
        <extensions>
          <gpxtpx:TrackPointExtension>
            <gpxtpx:hr>110</gpxtpx:hr>
          </gpxtpx:TrackPointExtension>
        </extensions>
      </trkpt>
      <trkpt lat="22.645119998307603" lon="107.60550670443861">
        <ele>96.44079871848226</ele>
        <time>2023-07-11T01:37:13Z</time>
        <extensions>
          <gpxtpx:TrackPointExtension>
            <gpxtpx:hr>109</gpxtpx:hr>
          </gpxtpx:TrackPointExtension>
        </extensions>
      </trkpt>
      <trkpt lat="22.64511420487103" lon="107.60550746502048">
        <ele>96.43134358339012</ele>
        <time>2023-07-11T01:37:14Z</time>
        <extensions>
          <gpxtpx:TrackPointExtension>
            <gpxtpx:hr>109</gpxtpx:hr>
          </gpxtpx:TrackPointExtension>
        </extensions>
      </trkpt>
      <trkpt lat="22.64510687229062" lon="107.6055073985147">
        <ele>96.42733291909099</ele>
        <time>2023-07-11T01:37:15Z</time>
        <extensions>
          <gpxtpx:TrackPointExtension>
            <gpxtpx:hr>109</gpxtpx:hr>
          </gpxtpx:TrackPointExtension>
        </extensions>
      </trkpt>
      <trkpt lat="22.645097236018366" lon="107.60550712629757">
        <ele>96.42287381459028</ele>
        <time>2023-07-11T01:37:16Z</time>
        <extensions>
          <gpxtpx:TrackPointExtension>
            <gpxtpx:hr>109</gpxtpx:hr>
          </gpxtpx:TrackPointExtension>
        </extensions>
      </trkpt>
      <trkpt lat="22.64508628814098" lon="107.60550744317557">
        <ele>96.41908622160554</ele>
        <time>2023-07-11T01:37:17Z</time>
        <extensions>
          <gpxtpx:TrackPointExtension>
            <gpxtpx:hr>109</gpxtpx:hr>
          </gpxtpx:TrackPointExtension>
        </extensions>
      </trkpt>
      <trkpt lat="22.64507572749593" lon="107.6055091318588">
        <ele>96.41631467361003</ele>
        <time>2023-07-11T01:37:18Z</time>
        <extensions>
          <gpxtpx:TrackPointExtension>
            <gpxtpx:hr>106</gpxtpx:hr>
          </gpxtpx:TrackPointExtension>
        </extensions>
      </trkpt>
      <trkpt lat="22.645066524783548" lon="107.60551230192095">
        <ele>96.4137366740033</ele>
        <time>2023-07-11T01:37:19Z</time>
        <extensions>
          <gpxtpx:TrackPointExtension>
            <gpxtpx:hr>106</gpxtpx:hr>
          </gpxtpx:TrackPointExtension>
        </extensions>
      </trkpt>
      <trkpt lat="22.645058909493404" lon="107.60551642872869">
        <ele>96.41662324219942</ele>
        <time>2023-07-11T01:37:20Z</time>
        <extensions>
          <gpxtpx:TrackPointExtension>
            <gpxtpx:hr>106</gpxtpx:hr>
          </gpxtpx:TrackPointExtension>
        </extensions>
      </trkpt>
      <trkpt lat="22.64505171116135" lon="107.6055207149595">
        <ele>96.4264336079359</ele>
        <time>2023-07-11T01:37:21Z</time>
        <extensions>
          <gpxtpx:TrackPointExtension>
            <gpxtpx:hr>106</gpxtpx:hr>
          </gpxtpx:TrackPointExtension>
        </extensions>
      </trkpt>
      <trkpt lat="22.64504338345311" lon="107.60552440367788">
        <ele>96.44003745820373</ele>
        <time>2023-07-11T01:37:22Z</time>
        <extensions>
          <gpxtpx:TrackPointExtension>
            <gpxtpx:hr>105</gpxtpx:hr>
          </gpxtpx:TrackPointExtension>
        </extensions>
      </trkpt>
      <trkpt lat="22.645033020369514" lon="107.6055267854475">
        <ele>96.45806677639484</ele>
        <time>2023-07-11T01:37:23Z</time>
        <extensions>
          <gpxtpx:TrackPointExtension>
            <gpxtpx:hr>105</gpxtpx:hr>
          </gpxtpx:TrackPointExtension>
        </extensions>
      </trkpt>
      <trkpt lat="22.645020506113166" lon="107.6055275189999">
        <ele>96.47745826747268</ele>
        <time>2023-07-11T01:37:24Z</time>
        <extensions>
          <gpxtpx:TrackPointExtension>
            <gpxtpx:hr>105</gpxtpx:hr>
          </gpxtpx:TrackPointExtension>
        </extensions>
      </trkpt>
      <trkpt lat="22.6450068454113" lon="107.60552716022426">
        <ele>96.49782648310065</ele>
        <time>2023-07-11T01:37:25Z</time>
        <extensions>
          <gpxtpx:TrackPointExtension>
            <gpxtpx:hr>105</gpxtpx:hr>
          </gpxtpx:TrackPointExtension>
        </extensions>
      </trkpt>
      <trkpt lat="22.64499324543579" lon="107.60552619263483">
        <ele>96.5208749929443</ele>
        <time>2023-07-11T01:37:26Z</time>
        <extensions>
          <gpxtpx:TrackPointExtension>
            <gpxtpx:hr>105</gpxtpx:hr>
          </gpxtpx:TrackPointExtension>
        </extensions>
      </trkpt>
      <trkpt lat="22.644980634708002" lon="107.60552501328765">
        <ele>96.54825566802174</ele>
        <time>2023-07-11T01:37:27Z</time>
        <extensions>
          <gpxtpx:TrackPointExtension>
            <gpxtpx:hr>105</gpxtpx:hr>
          </gpxtpx:TrackPointExtension>
        </extensions>
      </trkpt>
      <trkpt lat="22.64496958352083" lon="107.60552410564262">
        <ele>96.58331665582955</ele>
        <time>2023-07-11T01:37:28Z</time>
        <extensions>
          <gpxtpx:TrackPointExtension>
            <gpxtpx:hr>100</gpxtpx:hr>
          </gpxtpx:TrackPointExtension>
        </extensions>
      </trkpt>
      <trkpt lat="22.644960172752466" lon="107.60552365677468">
        <ele>96.6157906325534</ele>
        <time>2023-07-11T01:37:29Z</time>
        <extensions>
          <gpxtpx:TrackPointExtension>
            <gpxtpx:hr>100</gpxtpx:hr>
          </gpxtpx:TrackPointExtension>
        </extensions>
      </trkpt>
      <trkpt lat="22.644952145948107" lon="107.60552392958725">
        <ele>96.65000839624554</ele>
        <time>2023-07-11T01:37:30Z</time>
        <extensions>
          <gpxtpx:TrackPointExtension>
            <gpxtpx:hr>100</gpxtpx:hr>
          </gpxtpx:TrackPointExtension>
        </extensions>
      </trkpt>
      <trkpt lat="22.644944696298847" lon="107.60552532715602">
        <ele>96.68895122688264</ele>
        <time>2023-07-11T01:37:31Z</time>
        <extensions>
          <gpxtpx:TrackPointExtension>
            <gpxtpx:hr>100</gpxtpx:hr>
          </gpxtpx:TrackPointExtension>
        </extensions>
      </trkpt>
      <trkpt lat="22.644937363350138" lon="107.60552875088258">
        <ele>96.73534622695297</ele>
        <time>2023-07-11T01:37:32Z</time>
        <extensions>
          <gpxtpx:TrackPointExtension>
            <gpxtpx:hr>100</gpxtpx:hr>
          </gpxtpx:TrackPointExtension>
        </extensions>
      </trkpt>
      <trkpt lat="22.644930359425143" lon="107.60553495709976">
        <ele>96.77672531455755</ele>
        <time>2023-07-11T01:37:33Z</time>
        <extensions>
          <gpxtpx:TrackPointExtension>
            <gpxtpx:hr>100</gpxtpx:hr>
          </gpxtpx:TrackPointExtension>
        </extensions>
      </trkpt>
      <trkpt lat="22.644923663765628" lon="107.6055440500287">
        <ele>96.82278419099748</ele>
        <time>2023-07-11T01:37:34Z</time>
        <extensions>
          <gpxtpx:TrackPointExtension>
            <gpxtpx:hr>100</gpxtpx:hr>
          </gpxtpx:TrackPointExtension>
        </extensions>
      </trkpt>
      <trkpt lat="22.64491666572157" lon="107.60555503063989">
        <ele>96.87758323084563</ele>
        <time>2023-07-11T01:37:35Z</time>
        <extensions>
          <gpxtpx:TrackPointExtension>
            <gpxtpx:hr>103</gpxtpx:hr>
          </gpxtpx:TrackPointExtension>
        </extensions>
      </trkpt>
      <trkpt lat="22.644908686649906" lon="107.60556623593617">
        <ele>96.93194671534002</ele>
        <time>2023-07-11T01:37:36Z</time>
        <extensions>
          <gpxtpx:TrackPointExtension>
            <gpxtpx:hr>103</gpxtpx:hr>
          </gpxtpx:TrackPointExtension>
        </extensions>
      </trkpt>
      <trkpt lat="22.644899515190545" lon="107.60557642249073">
        <ele>96.98483967967331</ele>
        <time>2023-07-11T01:37:37Z</time>
        <extensions>
          <gpxtpx:TrackPointExtension>
            <gpxtpx:hr>103</gpxtpx:hr>
          </gpxtpx:TrackPointExtension>
        </extensions>
      </trkpt>
      <trkpt lat="22.644889443815647" lon="107.60558458565887">
        <ele>97.0314910588786</ele>
        <time>2023-07-11T01:37:38Z</time>
        <extensions>
          <gpxtpx:TrackPointExtension>
            <gpxtpx:hr>103</gpxtpx:hr>
          </gpxtpx:TrackPointExtension>
        </extensions>
      </trkpt>
      <trkpt lat="22.644878608398855" lon="107.60559116601947">
        <ele>97.08320971671492</ele>
        <time>2023-07-11T01:37:39Z</time>
        <extensions>
          <gpxtpx:TrackPointExtension>
            <gpxtpx:hr>103</gpxtpx:hr>
          </gpxtpx:TrackPointExtension>
        </extensions>
      </trkpt>
      <trkpt lat="22.644867488290885" lon="107.60559684111405">
        <ele>97.1428045174107</ele>
        <time>2023-07-11T01:37:40Z</time>
        <extensions>
          <gpxtpx:TrackPointExtension>
            <gpxtpx:hr>103</gpxtpx:hr>
          </gpxtpx:TrackPointExtension>
        </extensions>
      </trkpt>
      <trkpt lat="22.64485742866933" lon="107.60560173343227">
        <ele>97.20147288963199</ele>
        <time>2023-07-11T01:37:41Z</time>
        <extensions>
          <gpxtpx:TrackPointExtension>
            <gpxtpx:hr>107</gpxtpx:hr>
          </gpxtpx:TrackPointExtension>
        </extensions>
      </trkpt>
      <trkpt lat="22.64484921605444" lon="107.60560597482969">
        <ele>97.26182638760656</ele>
        <time>2023-07-11T01:37:42Z</time>
        <extensions>
          <gpxtpx:TrackPointExtension>
            <gpxtpx:hr>107</gpxtpx:hr>
          </gpxtpx:TrackPointExtension>
        </extensions>
      </trkpt>
      <trkpt lat="22.644842756150684" lon="107.60560974539023">
        <ele>97.31529470253736</ele>
        <time>2023-07-11T01:37:43Z</time>
        <extensions>
          <gpxtpx:TrackPointExtension>
            <gpxtpx:hr>107</gpxtpx:hr>
          </gpxtpx:TrackPointExtension>
        </extensions>
      </trkpt>
      <trkpt lat="22.644837107594835" lon="107.60561323524685">
        <ele>97.36245857458562</ele>
        <time>2023-07-11T01:37:44Z</time>
        <extensions>
          <gpxtpx:TrackPointExtension>
            <gpxtpx:hr>107</gpxtpx:hr>
          </gpxtpx:TrackPointExtension>
        </extensions>
      </trkpt>
      <trkpt lat="22.644831176263303" lon="107.60561589971879">
        <ele>97.40750098135322</ele>
        <time>2023-07-11T01:37:45Z</time>
        <extensions>
          <gpxtpx:TrackPointExtension>
            <gpxtpx:hr>107</gpxtpx:hr>
          </gpxtpx:TrackPointExtension>
        </extensions>
      </trkpt>
      <trkpt lat="22.644824133095337" lon="107.60561695220889">
        <ele>97.45631127990782</ele>
        <time>2023-07-11T01:37:46Z</time>
        <extensions>
          <gpxtpx:TrackPointExtension>
            <gpxtpx:hr>107</gpxtpx:hr>
          </gpxtpx:TrackPointExtension>
        </extensions>
      </trkpt>
      <trkpt lat="22.644815391358446" lon="107.60561621610567">
        <ele>97.50451891776174</ele>
        <time>2023-07-11T01:37:47Z</time>
        <extensions>
          <gpxtpx:TrackPointExtension>
            <gpxtpx:hr>107</gpxtpx:hr>
          </gpxtpx:TrackPointExtension>
        </extensions>
      </trkpt>
      <trkpt lat="22.644805407272617" lon="107.60561403838878">
        <ele>97.54922274965793</ele>
        <time>2023-07-11T01:37:48Z</time>
        <extensions>
          <gpxtpx:TrackPointExtension>
            <gpxtpx:hr>107</gpxtpx:hr>
          </gpxtpx:TrackPointExtension>
        </extensions>
      </trkpt>
      <trkpt lat="22.64479501166653" lon="107.60561093425446">
        <ele>97.58614871650934</ele>
        <time>2023-07-11T01:37:49Z</time>
        <extensions>
          <gpxtpx:TrackPointExtension>
            <gpxtpx:hr>107</gpxtpx:hr>
          </gpxtpx:TrackPointExtension>
        </extensions>
      </trkpt>
      <trkpt lat="22.644785245278754" lon="107.60560793006383">
        <ele>97.62609526794404</ele>
        <time>2023-07-11T01:37:50Z</time>
        <extensions>
          <gpxtpx:TrackPointExtension>
            <gpxtpx:hr>107</gpxtpx:hr>
          </gpxtpx:TrackPointExtension>
        </extensions>
      </trkpt>
      <trkpt lat="22.644774431157146" lon="107.60560477868351">
        <ele>97.66008020285517</ele>
        <time>2023-07-11T01:37:51Z</time>
        <extensions>
          <gpxtpx:TrackPointExtension>
            <gpxtpx:hr>107</gpxtpx:hr>
          </gpxtpx:TrackPointExtension>
        </extensions>
      </trkpt>
      <trkpt lat="22.64476130402298" lon="107.60560063186912">
        <ele>97.6912399251014</ele>
        <time>2023-07-11T01:37:52Z</time>
        <extensions>
          <gpxtpx:TrackPointExtension>
            <gpxtpx:hr>107</gpxtpx:hr>
          </gpxtpx:TrackPointExtension>
        </extensions>
      </trkpt>
      <trkpt lat="22.644747967561155" lon="107.60559604487644">
        <ele>97.71925359591842</ele>
        <time>2023-07-11T01:37:53Z</time>
        <extensions>
          <gpxtpx:TrackPointExtension>
            <gpxtpx:hr>107</gpxtpx:hr>
          </gpxtpx:TrackPointExtension>
        </extensions>
      </trkpt>
      <trkpt lat="22.644735689108174" lon="107.60559181460752">
        <ele>97.74439795035869</ele>
        <time>2023-07-11T01:37:54Z</time>
        <extensions>
          <gpxtpx:TrackPointExtension>
            <gpxtpx:hr>107</gpxtpx:hr>
          </gpxtpx:TrackPointExtension>
        </extensions>
      </trkpt>
      <trkpt lat="22.64472528081596" lon="107.605588841411">
        <ele>97.76694205775857</ele>
        <time>2023-07-11T01:37:55Z</time>
        <extensions>
          <gpxtpx:TrackPointExtension>
            <gpxtpx:hr>103</gpxtpx:hr>
          </gpxtpx:TrackPointExtension>
        </extensions>
      </trkpt>
      <trkpt lat="22.6447170671783" lon="107.60558773207197">
        <ele>97.78015314321965</ele>
        <time>2023-07-11T01:37:56Z</time>
        <extensions>
          <gpxtpx:TrackPointExtension>
            <gpxtpx:hr>103</gpxtpx:hr>
          </gpxtpx:TrackPointExtension>
        </extensions>
      </trkpt>
      <trkpt lat="22.644710791666462" lon="107.60558850349031">
        <ele>97.78742884006351</ele>
        <time>2023-07-11T01:37:57Z</time>
        <extensions>
          <gpxtpx:TrackPointExtension>
            <gpxtpx:hr>103</gpxtpx:hr>
          </gpxtpx:TrackPointExtension>
        </extensions>
      </trkpt>
      <trkpt lat="22.644706350573433" lon="107.60559078643124">
        <ele>97.78798098023981</ele>
        <time>2023-07-11T01:37:58Z</time>
        <extensions>
          <gpxtpx:TrackPointExtension>
            <gpxtpx:hr>103</gpxtpx:hr>
          </gpxtpx:TrackPointExtension>
        </extensions>
      </trkpt>
      <trkpt lat="22.644703592778107" lon="107.60559409831322">
        <ele>97.78955445345491</ele>
        <time>2023-07-11T01:37:59Z</time>
        <extensions>
          <gpxtpx:TrackPointExtension>
            <gpxtpx:hr>101</gpxtpx:hr>
          </gpxtpx:TrackPointExtension>
        </extensions>
      </trkpt>
      <trkpt lat="22.64470222670924" lon="107.60559775938864">
        <ele>97.78781352750957</ele>
        <time>2023-07-11T01:38:00Z</time>
        <extensions>
          <gpxtpx:TrackPointExtension>
            <gpxtpx:hr>101</gpxtpx:hr>
          </gpxtpx:TrackPointExtension>
        </extensions>
      </trkpt>
      <trkpt lat="22.644701899131363" lon="107.605601158325">
        <ele>97.7828340260312</ele>
        <time>2023-07-11T01:38:01Z</time>
        <extensions>
          <gpxtpx:TrackPointExtension>
            <gpxtpx:hr>101</gpxtpx:hr>
          </gpxtpx:TrackPointExtension>
        </extensions>
      </trkpt>
      <trkpt lat="22.644702255385756" lon="107.60560401908305">
        <ele>97.77485057618469</ele>
        <time>2023-07-11T01:38:02Z</time>
        <extensions>
          <gpxtpx:TrackPointExtension>
            <gpxtpx:hr>101</gpxtpx:hr>
          </gpxtpx:TrackPointExtension>
        </extensions>
      </trkpt>
      <trkpt lat="22.644702956341682" lon="107.6056065150941">
        <ele>97.76424586772919</ele>
        <time>2023-07-11T01:38:03Z</time>
        <extensions>
          <gpxtpx:TrackPointExtension>
            <gpxtpx:hr>101</gpxtpx:hr>
          </gpxtpx:TrackPointExtension>
        </extensions>
      </trkpt>
      <trkpt lat="22.644703731045126" lon="107.60560902669162">
        <ele>97.75151914358139</ele>
        <time>2023-07-11T01:38:04Z</time>
        <extensions>
          <gpxtpx:TrackPointExtension>
            <gpxtpx:hr>108</gpxtpx:hr>
          </gpxtpx:TrackPointExtension>
        </extensions>
      </trkpt>
      <trkpt lat="22.64470434282972" lon="107.6056118348726">
        <ele>97.73523187171668</ele>
        <time>2023-07-11T01:38:05Z</time>
        <extensions>
          <gpxtpx:TrackPointExtension>
            <gpxtpx:hr>108</gpxtpx:hr>
          </gpxtpx:TrackPointExtension>
        </extensions>
      </trkpt>
      <trkpt lat="22.644704567093175" lon="107.60561512245407">
        <ele>97.71502389386296</ele>
        <time>2023-07-11T01:38:06Z</time>
        <extensions>
          <gpxtpx:TrackPointExtension>
            <gpxtpx:hr>108</gpxtpx:hr>
          </gpxtpx:TrackPointExtension>
        </extensions>
      </trkpt>
      <trkpt lat="22.64470416707608" lon="107.60561860984778">
        <ele>97.69462725892663</ele>
        <time>2023-07-11T01:38:07Z</time>
        <extensions>
          <gpxtpx:TrackPointExtension>
            <gpxtpx:hr>108</gpxtpx:hr>
          </gpxtpx:TrackPointExtension>
        </extensions>
      </trkpt>
      <trkpt lat="22.644703159900473" lon="107.60562176015819">
        <ele>97.67554079648107</ele>
        <time>2023-07-11T01:38:08Z</time>
        <extensions>
          <gpxtpx:TrackPointExtension>
            <gpxtpx:hr>108</gpxtpx:hr>
          </gpxtpx:TrackPointExtension>
        </extensions>
      </trkpt>
      <trkpt lat="22.64470170522672" lon="107.60562399763175">
        <ele>97.65681472234428</ele>
        <time>2023-07-11T01:38:09Z</time>
        <extensions>
          <gpxtpx:TrackPointExtension>
            <gpxtpx:hr>108</gpxtpx:hr>
          </gpxtpx:TrackPointExtension>
        </extensions>
      </trkpt>
      <trkpt lat="22.644700014706842" lon="107.60562516770669">
        <ele>97.63807987328619</ele>
        <time>2023-07-11T01:38:10Z</time>
        <extensions>
          <gpxtpx:TrackPointExtension>
            <gpxtpx:hr>110</gpxtpx:hr>
          </gpxtpx:TrackPointExtension>
        </extensions>
      </trkpt>
      <trkpt lat="22.644697852382617" lon="107.60562543508229">
        <ele>97.62035795114934</ele>
        <time>2023-07-11T01:38:11Z</time>
        <extensions>
          <gpxtpx:TrackPointExtension>
            <gpxtpx:hr>110</gpxtpx:hr>
          </gpxtpx:TrackPointExtension>
        </extensions>
      </trkpt>
      <trkpt lat="22.644694867270385" lon="107.60562491584864">
        <ele>97.60646182764322</ele>
        <time>2023-07-11T01:38:12Z</time>
        <extensions>
          <gpxtpx:TrackPointExtension>
            <gpxtpx:hr>110</gpxtpx:hr>
          </gpxtpx:TrackPointExtension>
        </extensions>
      </trkpt>
      <trkpt lat="22.644690672974885" lon="107.6056236686555">
        <ele>97.59629200678319</ele>
        <time>2023-07-11T01:38:13Z</time>
        <extensions>
          <gpxtpx:TrackPointExtension>
            <gpxtpx:hr>110</gpxtpx:hr>
          </gpxtpx:TrackPointExtension>
        </extensions>
      </trkpt>
      <trkpt lat="22.644684826997374" lon="107.6056217160127">
        <ele>97.59015793539584</ele>
        <time>2023-07-11T01:38:14Z</time>
        <extensions>
          <gpxtpx:TrackPointExtension>
            <gpxtpx:hr>112</gpxtpx:hr>
          </gpxtpx:TrackPointExtension>
        </extensions>
      </trkpt>
      <trkpt lat="22.6446766964282" lon="107.60561906708264">
        <ele>97.58836647495627</ele>
        <time>2023-07-11T01:38:15Z</time>
        <extensions>
          <gpxtpx:TrackPointExtension>
            <gpxtpx:hr>112</gpxtpx:hr>
          </gpxtpx:TrackPointExtension>
        </extensions>
      </trkpt>
      <trkpt lat="22.6446670308211" lon="107.60561615438237">
        <ele>97.59115251339972</ele>
        <time>2023-07-11T01:38:16Z</time>
        <extensions>
          <gpxtpx:TrackPointExtension>
            <gpxtpx:hr>112</gpxtpx:hr>
          </gpxtpx:TrackPointExtension>
        </extensions>
      </trkpt>
      <trkpt lat="22.6446575236235" lon="107.60561358522266">
        <ele>97.598424365744</ele>
        <time>2023-07-11T01:38:17Z</time>
        <extensions>
          <gpxtpx:TrackPointExtension>
            <gpxtpx:hr>112</gpxtpx:hr>
          </gpxtpx:TrackPointExtension>
        </extensions>
      </trkpt>
      <trkpt lat="22.644648997514157" lon="107.60561158353916">
        <ele>97.60967983026057</ele>
        <time>2023-07-11T01:38:18Z</time>
        <extensions>
          <gpxtpx:TrackPointExtension>
            <gpxtpx:hr>112</gpxtpx:hr>
          </gpxtpx:TrackPointExtension>
        </extensions>
      </trkpt>
      <trkpt lat="22.64464203519018" lon="107.60561021845776">
        <ele>97.6242448752746</ele>
        <time>2023-07-11T01:38:19Z</time>
        <extensions>
          <gpxtpx:TrackPointExtension>
            <gpxtpx:hr>114</gpxtpx:hr>
          </gpxtpx:TrackPointExtension>
        </extensions>
      </trkpt>
      <trkpt lat="22.644636997396027" lon="107.60560917249158">
        <ele>97.64018967561424</ele>
        <time>2023-07-11T01:38:20Z</time>
        <extensions>
          <gpxtpx:TrackPointExtension>
            <gpxtpx:hr>114</gpxtpx:hr>
          </gpxtpx:TrackPointExtension>
        </extensions>
      </trkpt>
      <trkpt lat="22.6446334460219" lon="107.60560837680323">
        <ele>97.65851671621203</ele>
        <time>2023-07-11T01:38:21Z</time>
        <extensions>
          <gpxtpx:TrackPointExtension>
            <gpxtpx:hr>114</gpxtpx:hr>
          </gpxtpx:TrackPointExtension>
        </extensions>
      </trkpt>
      <trkpt lat="22.64463119509071" lon="107.60560769598689">
        <ele>97.6777095515281</ele>
        <time>2023-07-11T01:38:22Z</time>
        <extensions>
          <gpxtpx:TrackPointExtension>
            <gpxtpx:hr>114</gpxtpx:hr>
          </gpxtpx:TrackPointExtension>
        </extensions>
      </trkpt>
      <trkpt lat="22.64463002626369" lon="107.60560701457887">
        <ele>97.69687158335</ele>
        <time>2023-07-11T01:38:23Z</time>
        <extensions>
          <gpxtpx:TrackPointExtension>
            <gpxtpx:hr>114</gpxtpx:hr>
          </gpxtpx:TrackPointExtension>
        </extensions>
      </trkpt>
      <trkpt lat="22.64462968420754" lon="107.60560623472837">
        <ele>97.71535250265151</ele>
        <time>2023-07-11T01:38:24Z</time>
        <extensions>
          <gpxtpx:TrackPointExtension>
            <gpxtpx:hr>113</gpxtpx:hr>
          </gpxtpx:TrackPointExtension>
        </extensions>
      </trkpt>
      <trkpt lat="22.644629982977982" lon="107.60560529353475">
        <ele>97.73272658605129</ele>
        <time>2023-07-11T01:38:25Z</time>
        <extensions>
          <gpxtpx:TrackPointExtension>
            <gpxtpx:hr>113</gpxtpx:hr>
          </gpxtpx:TrackPointExtension>
        </extensions>
      </trkpt>
      <trkpt lat="22.64463083534558" lon="107.60560412183088">
        <ele>97.74882559292018</ele>
        <time>2023-07-11T01:38:26Z</time>
        <extensions>
          <gpxtpx:TrackPointExtension>
            <gpxtpx:hr>113</gpxtpx:hr>
          </gpxtpx:TrackPointExtension>
        </extensions>
      </trkpt>
      <trkpt lat="22.644632142283065" lon="107.60560271129141">
        <ele>97.76350671146065</ele>
        <time>2023-07-11T01:38:27Z</time>
        <extensions>
          <gpxtpx:TrackPointExtension>
            <gpxtpx:hr>113</gpxtpx:hr>
          </gpxtpx:TrackPointExtension>
        </extensions>
      </trkpt>
      <trkpt lat="22.644633850646695" lon="107.6056010445345">
        <ele>97.77692146971822</ele>
        <time>2023-07-11T01:38:28Z</time>
        <extensions>
          <gpxtpx:TrackPointExtension>
            <gpxtpx:hr>113</gpxtpx:hr>
          </gpxtpx:TrackPointExtension>
        </extensions>
      </trkpt>
      <trkpt lat="22.64463583476494" lon="107.6055991950418">
        <ele>97.78906976711005</ele>
        <time>2023-07-11T01:38:29Z</time>
        <extensions>
          <gpxtpx:TrackPointExtension>
            <gpxtpx:hr>113</gpxtpx:hr>
          </gpxtpx:TrackPointExtension>
        </extensions>
      </trkpt>
      <trkpt lat="22.644637851462182" lon="107.60559735517778">
        <ele>97.79985501244664</ele>
        <time>2023-07-11T01:38:30Z</time>
        <extensions>
          <gpxtpx:TrackPointExtension>
            <gpxtpx:hr>113</gpxtpx:hr>
          </gpxtpx:TrackPointExtension>
        </extensions>
      </trkpt>
      <trkpt lat="22.64463974777591" lon="107.60559564338669">
        <ele>97.80951726809144</ele>
        <time>2023-07-11T01:38:31Z</time>
        <extensions>
          <gpxtpx:TrackPointExtension>
            <gpxtpx:hr>111</gpxtpx:hr>
          </gpxtpx:TrackPointExtension>
        </extensions>
      </trkpt>
      <trkpt lat="22.644641236141396" lon="107.60559430712682">
        <ele>97.81702272314578</ele>
        <time>2023-07-11T01:38:32Z</time>
        <extensions>
          <gpxtpx:TrackPointExtension>
            <gpxtpx:hr>111</gpxtpx:hr>
          </gpxtpx:TrackPointExtension>
        </extensions>
      </trkpt>
      <trkpt lat="22.64464241362096" lon="107.60559325288703">
        <ele>97.82300797477365</ele>
        <time>2023-07-11T01:38:33Z</time>
        <extensions>
          <gpxtpx:TrackPointExtension>
            <gpxtpx:hr>111</gpxtpx:hr>
          </gpxtpx:TrackPointExtension>
        </extensions>
      </trkpt>
      <trkpt lat="22.64464334469111" lon="107.60559242064996">
        <ele>97.82760124467313</ele>
        <time>2023-07-11T01:38:34Z</time>
        <extensions>
          <gpxtpx:TrackPointExtension>
            <gpxtpx:hr>111</gpxtpx:hr>
          </gpxtpx:TrackPointExtension>
        </extensions>
      </trkpt>
      <trkpt lat="22.644644147300298" lon="107.6055917039324">
        <ele>97.8309623580426</ele>
        <time>2023-07-11T01:38:35Z</time>
        <extensions>
          <gpxtpx:TrackPointExtension>
            <gpxtpx:hr>111</gpxtpx:hr>
          </gpxtpx:TrackPointExtension>
        </extensions>
      </trkpt>
      <trkpt lat="22.644644806180843" lon="107.60559111585297">
        <ele>97.83328051678836</ele>
        <time>2023-07-11T01:38:36Z</time>
        <extensions>
          <gpxtpx:TrackPointExtension>
            <gpxtpx:hr>107</gpxtpx:hr>
          </gpxtpx:TrackPointExtension>
        </extensions>
      </trkpt>
      <trkpt lat="22.64464535497811" lon="107.60559062619225">
        <ele>97.83476015087217</ele>
        <time>2023-07-11T01:38:37Z</time>
        <extensions>
          <gpxtpx:TrackPointExtension>
            <gpxtpx:hr>107</gpxtpx:hr>
          </gpxtpx:TrackPointExtension>
        </extensions>
      </trkpt>
      <trkpt lat="22.644645871348757" lon="107.60559016554463">
        <ele>97.83558265678585</ele>
        <time>2023-07-11T01:38:38Z</time>
        <extensions>
          <gpxtpx:TrackPointExtension>
            <gpxtpx:hr>107</gpxtpx:hr>
          </gpxtpx:TrackPointExtension>
        </extensions>
      </trkpt>
      <trkpt lat="22.644646318150304" lon="107.60558976699745">
        <ele>97.83591778948903</ele>
        <time>2023-07-11T01:38:39Z</time>
        <extensions>
          <gpxtpx:TrackPointExtension>
            <gpxtpx:hr>107</gpxtpx:hr>
          </gpxtpx:TrackPointExtension>
        </extensions>
      </trkpt>
      <trkpt lat="22.644646688072907" lon="107.60558943704658">
        <ele>97.8359110141173</ele>
        <time>2023-07-11T01:38:40Z</time>
        <extensions>
          <gpxtpx:TrackPointExtension>
            <gpxtpx:hr>107</gpxtpx:hr>
          </gpxtpx:TrackPointExtension>
        </extensions>
      </trkpt>
      <trkpt lat="22.644646985973516" lon="107.60558917134654">
        <ele>97.83568156138062</ele>
        <time>2023-07-11T01:38:41Z</time>
        <extensions>
          <gpxtpx:TrackPointExtension>
            <gpxtpx:hr>107</gpxtpx:hr>
          </gpxtpx:TrackPointExtension>
        </extensions>
      </trkpt>
      <trkpt lat="22.644647220594226" lon="107.6055889620925">
        <ele>97.83531930949539</ele>
        <time>2023-07-11T01:38:42Z</time>
        <extensions>
          <gpxtpx:TrackPointExtension>
            <gpxtpx:hr>107</gpxtpx:hr>
          </gpxtpx:TrackPointExtension>
        </extensions>
      </trkpt>
      <trkpt lat="22.644647401610612" lon="107.6055888006506">
        <ele>97.83489632792771</ele>
        <time>2023-07-11T01:38:43Z</time>
        <extensions>
          <gpxtpx:TrackPointExtension>
            <gpxtpx:hr>106</gpxtpx:hr>
          </gpxtpx:TrackPointExtension>
        </extensions>
      </trkpt>
      <trkpt lat="22.644647536595727" lon="107.60558868026419">
        <ele>97.83446663897485</ele>
        <time>2023-07-11T01:38:44Z</time>
        <extensions>
          <gpxtpx:TrackPointExtension>
            <gpxtpx:hr>106</gpxtpx:hr>
          </gpxtpx:TrackPointExtension>
        </extensions>
      </trkpt>
      <trkpt lat="22.644647635656685" lon="107.60558859191778">
        <ele>97.83406029548496</ele>
        <time>2023-07-11T01:38:45Z</time>
        <extensions>
          <gpxtpx:TrackPointExtension>
            <gpxtpx:hr>106</gpxtpx:hr>
          </gpxtpx:TrackPointExtension>
        </extensions>
      </trkpt>
      <trkpt lat="22.644647707386735" lon="107.60558852794668">
        <ele>97.8336986284703</ele>
        <time>2023-07-11T01:38:46Z</time>
        <extensions>
          <gpxtpx:TrackPointExtension>
            <gpxtpx:hr>106</gpxtpx:hr>
          </gpxtpx:TrackPointExtension>
        </extensions>
      </trkpt>
      <trkpt lat="22.644647758346572" lon="107.60558848249939">
        <ele>97.83339368458837</ele>
        <time>2023-07-11T01:38:47Z</time>
        <extensions>
          <gpxtpx:TrackPointExtension>
            <gpxtpx:hr>106</gpxtpx:hr>
          </gpxtpx:TrackPointExtension>
        </extensions>
      </trkpt>
      <trkpt lat="22.64464779613486" lon="107.60558844879898">
        <ele>97.83314164076</ele>
        <time>2023-07-11T01:38:48Z</time>
        <extensions>
          <gpxtpx:TrackPointExtension>
            <gpxtpx:hr>105</gpxtpx:hr>
          </gpxtpx:TrackPointExtension>
        </extensions>
      </trkpt>
      <trkpt lat="22.64464782471315" lon="107.60558842331233">
        <ele>97.83294454030693</ele>
        <time>2023-07-11T01:38:49Z</time>
        <extensions>
          <gpxtpx:TrackPointExtension>
            <gpxtpx:hr>105</gpxtpx:hr>
          </gpxtpx:TrackPointExtension>
        </extensions>
      </trkpt>
      <trkpt lat="22.644648330653702" lon="107.60559014359887">
        <ele>97.83336576726288</ele>
        <time>2023-07-11T01:38:50Z</time>
        <extensions>
          <gpxtpx:TrackPointExtension>
            <gpxtpx:hr>105</gpxtpx:hr>
          </gpxtpx:TrackPointExtension>
        </extensions>
      </trkpt>
      <trkpt lat="22.64464884669947" lon="107.60559193172679">
        <ele>97.83582084998488</ele>
        <time>2023-07-11T01:38:51Z</time>
        <extensions>
          <gpxtpx:TrackPointExtension>
            <gpxtpx:hr>105</gpxtpx:hr>
          </gpxtpx:TrackPointExtension>
        </extensions>
      </trkpt>
      <trkpt lat="22.644649474363828" lon="107.60559413828469">
        <ele>97.84029819257557</ele>
        <time>2023-07-11T01:38:52Z</time>
        <extensions>
          <gpxtpx:TrackPointExtension>
            <gpxtpx:hr>105</gpxtpx:hr>
          </gpxtpx:TrackPointExtension>
        </extensions>
      </trkpt>
      <trkpt lat="22.6446503494087" lon="107.60559724939273">
        <ele>97.84687624126673</ele>
        <time>2023-07-11T01:38:53Z</time>
        <extensions>
          <gpxtpx:TrackPointExtension>
            <gpxtpx:hr>101</gpxtpx:hr>
          </gpxtpx:TrackPointExtension>
        </extensions>
      </trkpt>
      <trkpt lat="22.644651518563762" lon="107.6056014429857">
        <ele>97.85562894400209</ele>
        <time>2023-07-11T01:38:54Z</time>
        <extensions>
          <gpxtpx:TrackPointExtension>
            <gpxtpx:hr>101</gpxtpx:hr>
          </gpxtpx:TrackPointExtension>
        </extensions>
      </trkpt>
      <trkpt lat="22.644653149218477" lon="107.60560670763846">
        <ele>97.86463613249362</ele>
        <time>2023-07-11T01:38:55Z</time>
        <extensions>
          <gpxtpx:TrackPointExtension>
            <gpxtpx:hr>101</gpxtpx:hr>
          </gpxtpx:TrackPointExtension>
        </extensions>
      </trkpt>
      <trkpt lat="22.64465527200451" lon="107.60561358199563">
        <ele>97.86939364206046</ele>
        <time>2023-07-11T01:38:56Z</time>
        <extensions>
          <gpxtpx:TrackPointExtension>
            <gpxtpx:hr>101</gpxtpx:hr>
          </gpxtpx:TrackPointExtension>
        </extensions>
      </trkpt>
      <trkpt lat="22.644658005655685" lon="107.60562251756014">
        <ele>97.8659383719787</ele>
        <time>2023-07-11T01:38:57Z</time>
        <extensions>
          <gpxtpx:TrackPointExtension>
            <gpxtpx:hr>101</gpxtpx:hr>
          </gpxtpx:TrackPointExtension>
        </extensions>
      </trkpt>
      <trkpt lat="22.644661475263486" lon="107.60563378256643">
        <ele>97.85363950673491</ele>
        <time>2023-07-11T01:38:58Z</time>
        <extensions>
          <gpxtpx:TrackPointExtension>
            <gpxtpx:hr>101</gpxtpx:hr>
          </gpxtpx:TrackPointExtension>
        </extensions>
      </trkpt>
      <trkpt lat="22.644665739762733" lon="107.60564709580164">
        <ele>97.83061090391129</ele>
        <time>2023-07-11T01:38:59Z</time>
        <extensions>
          <gpxtpx:TrackPointExtension>
            <gpxtpx:hr>103</gpxtpx:hr>
          </gpxtpx:TrackPointExtension>
        </extensions>
      </trkpt>
      <trkpt lat="22.644670519292205" lon="107.60566146618359">
        <ele>97.79843516740948</ele>
        <time>2023-07-11T01:39:00Z</time>
        <extensions>
          <gpxtpx:TrackPointExtension>
            <gpxtpx:hr>103</gpxtpx:hr>
          </gpxtpx:TrackPointExtension>
        </extensions>
      </trkpt>
      <trkpt lat="22.644675193485007" lon="107.60567454619085">
        <ele>97.75374802853912</ele>
        <time>2023-07-11T01:39:01Z</time>
        <extensions>
          <gpxtpx:TrackPointExtension>
            <gpxtpx:hr>103</gpxtpx:hr>
          </gpxtpx:TrackPointExtension>
        </extensions>
      </trkpt>
      <trkpt lat="22.64467928618392" lon="107.60568444703348">
        <ele>97.69533026590943</ele>
        <time>2023-07-11T01:39:02Z</time>
        <extensions>
          <gpxtpx:TrackPointExtension>
            <gpxtpx:hr>103</gpxtpx:hr>
          </gpxtpx:TrackPointExtension>
        </extensions>
      </trkpt>
      <trkpt lat="22.644682741910756" lon="107.60569088911085">
        <ele>97.62745949346572</ele>
        <time>2023-07-11T01:39:03Z</time>
        <extensions>
          <gpxtpx:TrackPointExtension>
            <gpxtpx:hr>103</gpxtpx:hr>
          </gpxtpx:TrackPointExtension>
        </extensions>
      </trkpt>
      <trkpt lat="22.64468568526356" lon="107.60569431592687">
        <ele>97.55464544054121</ele>
        <time>2023-07-11T01:39:04Z</time>
        <extensions>
          <gpxtpx:TrackPointExtension>
            <gpxtpx:hr>102</gpxtpx:hr>
          </gpxtpx:TrackPointExtension>
        </extensions>
      </trkpt>
      <trkpt lat="22.64468833735372" lon="107.60569514163694">
        <ele>97.48150732647628</ele>
        <time>2023-07-11T01:39:05Z</time>
        <extensions>
          <gpxtpx:TrackPointExtension>
            <gpxtpx:hr>102</gpxtpx:hr>
          </gpxtpx:TrackPointExtension>
        </extensions>
      </trkpt>
      <trkpt lat="22.644690770759087" lon="107.60569420873547">
        <ele>97.40779709909111</ele>
        <time>2023-07-11T01:39:06Z</time>
        <extensions>
          <gpxtpx:TrackPointExtension>
            <gpxtpx:hr>102</gpxtpx:hr>
          </gpxtpx:TrackPointExtension>
        </extensions>
      </trkpt>
      <trkpt lat="22.644693127235282" lon="107.60569203691183">
        <ele>97.33827604167163</ele>
        <time>2023-07-11T01:39:07Z</time>
        <extensions>
          <gpxtpx:TrackPointExtension>
            <gpxtpx:hr>102</gpxtpx:hr>
          </gpxtpx:TrackPointExtension>
        </extensions>
      </trkpt>
      <trkpt lat="22.644695198111737" lon="107.6056899217547">
        <ele>97.27288510557264</ele>
        <time>2023-07-11T01:39:08Z</time>
        <extensions>
          <gpxtpx:TrackPointExtension>
            <gpxtpx:hr>101</gpxtpx:hr>
          </gpxtpx:TrackPointExtension>
        </extensions>
      </trkpt>
      <trkpt lat="22.64469697544523" lon="107.60568782906414">
        <ele>97.21817928459495</ele>
        <time>2023-07-11T01:39:09Z</time>
        <extensions>
          <gpxtpx:TrackPointExtension>
            <gpxtpx:hr>101</gpxtpx:hr>
          </gpxtpx:TrackPointExtension>
        </extensions>
      </trkpt>
      <trkpt lat="22.644698761979132" lon="107.60568532860825">
        <ele>97.17625717911869</ele>
        <time>2023-07-11T01:39:10Z</time>
        <extensions>
          <gpxtpx:TrackPointExtension>
            <gpxtpx:hr>101</gpxtpx:hr>
          </gpxtpx:TrackPointExtension>
        </extensions>
      </trkpt>
      <trkpt lat="22.644700929642898" lon="107.60568333392585">
        <ele>97.14476396795362</ele>
        <time>2023-07-11T01:39:11Z</time>
        <extensions>
          <gpxtpx:TrackPointExtension>
            <gpxtpx:hr>101</gpxtpx:hr>
          </gpxtpx:TrackPointExtension>
        </extensions>
      </trkpt>
      <trkpt lat="22.644703865652122" lon="107.6056804970937">
        <ele>97.12036554329097</ele>
        <time>2023-07-11T01:39:12Z</time>
        <extensions>
          <gpxtpx:TrackPointExtension>
            <gpxtpx:hr>99</gpxtpx:hr>
          </gpxtpx:TrackPointExtension>
        </extensions>
      </trkpt>
      <trkpt lat="22.644707755804795" lon="107.6056790302667">
        <ele>97.09943259693682</ele>
        <time>2023-07-11T01:39:13Z</time>
        <extensions>
          <gpxtpx:TrackPointExtension>
            <gpxtpx:hr>99</gpxtpx:hr>
          </gpxtpx:TrackPointExtension>
        </extensions>
      </trkpt>
      <trkpt lat="22.644711987902326" lon="107.60567812089135">
        <ele>97.08306382782757</ele>
        <time>2023-07-11T01:39:14Z</time>
        <extensions>
          <gpxtpx:TrackPointExtension>
            <gpxtpx:hr>99</gpxtpx:hr>
          </gpxtpx:TrackPointExtension>
        </extensions>
      </trkpt>
      <trkpt lat="22.644717408607587" lon="107.60567841681986">
        <ele>97.07703695911914</ele>
        <time>2023-07-11T01:39:15Z</time>
        <extensions>
          <gpxtpx:TrackPointExtension>
            <gpxtpx:hr>99</gpxtpx:hr>
          </gpxtpx:TrackPointExtension>
        </extensions>
      </trkpt>
      <trkpt lat="22.64472462772218" lon="107.60568052542732">
        <ele>97.07251230441034</ele>
        <time>2023-07-11T01:39:16Z</time>
        <extensions>
          <gpxtpx:TrackPointExtension>
            <gpxtpx:hr>99</gpxtpx:hr>
          </gpxtpx:TrackPointExtension>
        </extensions>
      </trkpt>
      <trkpt lat="22.644733913244774" lon="107.6056848431511">
        <ele>97.06716063898057</ele>
        <time>2023-07-11T01:39:17Z</time>
        <extensions>
          <gpxtpx:TrackPointExtension>
            <gpxtpx:hr>97</gpxtpx:hr>
          </gpxtpx:TrackPointExtension>
        </extensions>
      </trkpt>
      <trkpt lat="22.64474581220923" lon="107.60569007408334">
        <ele>97.06112803705037</ele>
        <time>2023-07-11T01:39:18Z</time>
        <extensions>
          <gpxtpx:TrackPointExtension>
            <gpxtpx:hr>97</gpxtpx:hr>
          </gpxtpx:TrackPointExtension>
        </extensions>
      </trkpt>
      <trkpt lat="22.644760928954284" lon="107.60569569079671">
        <ele>97.05262473225594</ele>
        <time>2023-07-11T01:39:19Z</time>
        <extensions>
          <gpxtpx:TrackPointExtension>
            <gpxtpx:hr>97</gpxtpx:hr>
          </gpxtpx:TrackPointExtension>
        </extensions>
      </trkpt>
      <trkpt lat="22.64477829686249" lon="107.60570105219719">
        <ele>97.04024284146726</ele>
        <time>2023-07-11T01:39:20Z</time>
        <extensions>
          <gpxtpx:TrackPointExtension>
            <gpxtpx:hr>97</gpxtpx:hr>
          </gpxtpx:TrackPointExtension>
        </extensions>
      </trkpt>
      <trkpt lat="22.64479579700116" lon="107.60570601882273">
        <ele>97.02115968707949</ele>
        <time>2023-07-11T01:39:21Z</time>
        <extensions>
          <gpxtpx:TrackPointExtension>
            <gpxtpx:hr>90</gpxtpx:hr>
          </gpxtpx:TrackPointExtension>
        </extensions>
      </trkpt>
      <trkpt lat="22.644810396716505" lon="107.60571167422628">
        <ele>96.99636176042259</ele>
        <time>2023-07-11T01:39:22Z</time>
        <extensions>
          <gpxtpx:TrackPointExtension>
            <gpxtpx:hr>90</gpxtpx:hr>
          </gpxtpx:TrackPointExtension>
        </extensions>
      </trkpt>
      <trkpt lat="22.644825478353766" lon="107.60572133380526">
        <ele>96.96236054319888</ele>
        <time>2023-07-11T01:39:23Z</time>
        <extensions>
          <gpxtpx:TrackPointExtension>
            <gpxtpx:hr>90</gpxtpx:hr>
          </gpxtpx:TrackPointExtension>
        </extensions>
      </trkpt>
      <trkpt lat="22.644845001535174" lon="107.60573790125636">
        <ele>96.9214619109407</ele>
        <time>2023-07-11T01:39:24Z</time>
        <extensions>
          <gpxtpx:TrackPointExtension>
            <gpxtpx:hr>90</gpxtpx:hr>
          </gpxtpx:TrackPointExtension>
        </extensions>
      </trkpt>
      <trkpt lat="22.64486769715686" lon="107.60576190047381">
        <ele>96.87298183329403</ele>
        <time>2023-07-11T01:39:25Z</time>
        <extensions>
          <gpxtpx:TrackPointExtension>
            <gpxtpx:hr>90</gpxtpx:hr>
          </gpxtpx:TrackPointExtension>
        </extensions>
      </trkpt>
      <trkpt lat="22.644892020361144" lon="107.60579136331673">
        <ele>96.8178980415687</ele>
        <time>2023-07-11T01:39:26Z</time>
        <extensions>
          <gpxtpx:TrackPointExtension>
            <gpxtpx:hr>95</gpxtpx:hr>
          </gpxtpx:TrackPointExtension>
        </extensions>
      </trkpt>
      <trkpt lat="22.64491466085069" lon="107.60582131479103">
        <ele>96.76335236337036</ele>
        <time>2023-07-11T01:39:27Z</time>
        <extensions>
          <gpxtpx:TrackPointExtension>
            <gpxtpx:hr>95</gpxtpx:hr>
          </gpxtpx:TrackPointExtension>
        </extensions>
      </trkpt>
      <trkpt lat="22.644934430066083" lon="107.60584943591178">
        <ele>96.70062435604632</ele>
        <time>2023-07-11T01:39:28Z</time>
        <extensions>
          <gpxtpx:TrackPointExtension>
            <gpxtpx:hr>95</gpxtpx:hr>
          </gpxtpx:TrackPointExtension>
        </extensions>
      </trkpt>
      <trkpt lat="22.644948821800877" lon="107.60587288847708">
        <ele>96.63834164850414</ele>
        <time>2023-07-11T01:39:29Z</time>
        <extensions>
          <gpxtpx:TrackPointExtension>
            <gpxtpx:hr>95</gpxtpx:hr>
          </gpxtpx:TrackPointExtension>
        </extensions>
      </trkpt>
      <trkpt lat="22.64495672497618" lon="107.60589171431485">
        <ele>96.57671059854329</ele>
        <time>2023-07-11T01:39:30Z</time>
        <extensions>
          <gpxtpx:TrackPointExtension>
            <gpxtpx:hr>95</gpxtpx:hr>
          </gpxtpx:TrackPointExtension>
        </extensions>
      </trkpt>
      <trkpt lat="22.644957875581742" lon="107.60590630660181">
        <ele>96.50843570940197</ele>
        <time>2023-07-11T01:39:31Z</time>
        <extensions>
          <gpxtpx:TrackPointExtension>
            <gpxtpx:hr>92</gpxtpx:hr>
          </gpxtpx:TrackPointExtension>
        </extensions>
      </trkpt>
      <trkpt lat="22.64495315071193" lon="107.60591717800058">
        <ele>96.44801687262952</ele>
        <time>2023-07-11T01:39:32Z</time>
        <extensions>
          <gpxtpx:TrackPointExtension>
            <gpxtpx:hr>92</gpxtpx:hr>
          </gpxtpx:TrackPointExtension>
        </extensions>
      </trkpt>
      <trkpt lat="22.644943998961057" lon="107.60592512864673">
        <ele>96.38924888987094</ele>
        <time>2023-07-11T01:39:33Z</time>
        <extensions>
          <gpxtpx:TrackPointExtension>
            <gpxtpx:hr>92</gpxtpx:hr>
          </gpxtpx:TrackPointExtension>
        </extensions>
      </trkpt>
      <trkpt lat="22.64493186485707" lon="107.60593187496109">
        <ele>96.33774788491428</ele>
        <time>2023-07-11T01:39:34Z</time>
        <extensions>
          <gpxtpx:TrackPointExtension>
            <gpxtpx:hr>92</gpxtpx:hr>
          </gpxtpx:TrackPointExtension>
        </extensions>
      </trkpt>
      <trkpt lat="22.644917987861884" lon="107.60593868431638">
        <ele>96.29538964107633</ele>
        <time>2023-07-11T01:39:35Z</time>
        <extensions>
          <gpxtpx:TrackPointExtension>
            <gpxtpx:hr>92</gpxtpx:hr>
          </gpxtpx:TrackPointExtension>
        </extensions>
      </trkpt>
      <trkpt lat="22.64490252153926" lon="107.60594518503692">
        <ele>96.25716485083103</ele>
        <time>2023-07-11T01:39:36Z</time>
        <extensions>
          <gpxtpx:TrackPointExtension>
            <gpxtpx:hr>92</gpxtpx:hr>
          </gpxtpx:TrackPointExtension>
        </extensions>
      </trkpt>
      <trkpt lat="22.644885527016395" lon="107.60595039711906">
        <ele>96.21858043316752</ele>
        <time>2023-07-11T01:39:37Z</time>
        <extensions>
          <gpxtpx:TrackPointExtension>
            <gpxtpx:hr>92</gpxtpx:hr>
          </gpxtpx:TrackPointExtension>
        </extensions>
      </trkpt>
      <trkpt lat="22.644867946181613" lon="107.60595357772446">
        <ele>96.17781776469201</ele>
        <time>2023-07-11T01:39:38Z</time>
        <extensions>
          <gpxtpx:TrackPointExtension>
            <gpxtpx:hr>88</gpxtpx:hr>
          </gpxtpx:TrackPointExtension>
        </extensions>
      </trkpt>
      <trkpt lat="22.644850660940406" lon="107.60595500924836">
        <ele>96.14606514386833</ele>
        <time>2023-07-11T01:39:39Z</time>
        <extensions>
          <gpxtpx:TrackPointExtension>
            <gpxtpx:hr>88</gpxtpx:hr>
          </gpxtpx:TrackPointExtension>
        </extensions>
      </trkpt>
      <trkpt lat="22.64483457879002" lon="107.60595526895911">
        <ele>96.12401654943824</ele>
        <time>2023-07-11T01:39:40Z</time>
        <extensions>
          <gpxtpx:TrackPointExtension>
            <gpxtpx:hr>88</gpxtpx:hr>
          </gpxtpx:TrackPointExtension>
        </extensions>
      </trkpt>
      <trkpt lat="22.644820031518147" lon="107.60595449560417">
        <ele>96.11175238899887</ele>
        <time>2023-07-11T01:39:41Z</time>
        <extensions>
          <gpxtpx:TrackPointExtension>
            <gpxtpx:hr>88</gpxtpx:hr>
          </gpxtpx:TrackPointExtension>
        </extensions>
      </trkpt>
      <trkpt lat="22.644806624217438" lon="107.60595234739341">
        <ele>96.10874975193292</ele>
        <time>2023-07-11T01:39:42Z</time>
        <extensions>
          <gpxtpx:TrackPointExtension>
            <gpxtpx:hr>88</gpxtpx:hr>
          </gpxtpx:TrackPointExtension>
        </extensions>
      </trkpt>
      <trkpt lat="22.644793788684396" lon="107.60594769504559">
        <ele>96.11031964980066</ele>
        <time>2023-07-11T01:39:43Z</time>
        <extensions>
          <gpxtpx:TrackPointExtension>
            <gpxtpx:hr>88</gpxtpx:hr>
          </gpxtpx:TrackPointExtension>
        </extensions>
      </trkpt>
      <trkpt lat="22.6447812107942" lon="107.60593946963624">
        <ele>96.11161529738456</ele>
        <time>2023-07-11T01:39:44Z</time>
        <extensions>
          <gpxtpx:TrackPointExtension>
            <gpxtpx:hr>88</gpxtpx:hr>
          </gpxtpx:TrackPointExtension>
        </extensions>
      </trkpt>
      <trkpt lat="22.64476904681266" lon="107.60592760378336">
        <ele>96.11634886916727</ele>
        <time>2023-07-11T01:39:45Z</time>
        <extensions>
          <gpxtpx:TrackPointExtension>
            <gpxtpx:hr>88</gpxtpx:hr>
          </gpxtpx:TrackPointExtension>
        </extensions>
      </trkpt>
      <trkpt lat="22.644757948473643" lon="107.6059130920975">
        <ele>96.12105465587229</ele>
        <time>2023-07-11T01:39:46Z</time>
        <extensions>
          <gpxtpx:TrackPointExtension>
            <gpxtpx:hr>88</gpxtpx:hr>
          </gpxtpx:TrackPointExtension>
        </extensions>
      </trkpt>
      <trkpt lat="22.644748428684668" lon="107.60589712816419">
        <ele>96.12523668445647</ele>
        <time>2023-07-11T01:39:47Z</time>
        <extensions>
          <gpxtpx:TrackPointExtension>
            <gpxtpx:hr>95</gpxtpx:hr>
          </gpxtpx:TrackPointExtension>
        </extensions>
      </trkpt>
      <trkpt lat="22.644740632467418" lon="107.60588022986623">
        <ele>96.12891603354365</ele>
        <time>2023-07-11T01:39:48Z</time>
        <extensions>
          <gpxtpx:TrackPointExtension>
            <gpxtpx:hr>95</gpxtpx:hr>
          </gpxtpx:TrackPointExtension>
        </extensions>
      </trkpt>
      <trkpt lat="22.644734440125255" lon="107.60586336828112">
        <ele>96.13997043762356</ele>
        <time>2023-07-11T01:39:49Z</time>
        <extensions>
          <gpxtpx:TrackPointExtension>
            <gpxtpx:hr>95</gpxtpx:hr>
          </gpxtpx:TrackPointExtension>
        </extensions>
      </trkpt>
      <trkpt lat="22.64472923644946" lon="107.60584778352644">
        <ele>96.14848062489182</ele>
        <time>2023-07-11T01:39:50Z</time>
        <extensions>
          <gpxtpx:TrackPointExtension>
            <gpxtpx:hr>95</gpxtpx:hr>
          </gpxtpx:TrackPointExtension>
        </extensions>
      </trkpt>
      <trkpt lat="22.644724144353436" lon="107.60583440734722">
        <ele>96.15323705598712</ele>
        <time>2023-07-11T01:39:51Z</time>
        <extensions>
          <gpxtpx:TrackPointExtension>
            <gpxtpx:hr>95</gpxtpx:hr>
          </gpxtpx:TrackPointExtension>
        </extensions>
      </trkpt>
      <trkpt lat="22.64471815302726" lon="107.60582352849902">
        <ele>96.17101173941046</ele>
        <time>2023-07-11T01:39:52Z</time>
        <extensions>
          <gpxtpx:TrackPointExtension>
            <gpxtpx:hr>98</gpxtpx:hr>
          </gpxtpx:TrackPointExtension>
        </extensions>
      </trkpt>
      <trkpt lat="22.64471059518786" lon="107.60581485322305">
        <ele>96.19495381135494</ele>
        <time>2023-07-11T01:39:53Z</time>
        <extensions>
          <gpxtpx:TrackPointExtension>
            <gpxtpx:hr>98</gpxtpx:hr>
          </gpxtpx:TrackPointExtension>
        </extensions>
      </trkpt>
      <trkpt lat="22.644701575484273" lon="107.60580837629982">
        <ele>96.23377770558</ele>
        <time>2023-07-11T01:39:54Z</time>
        <extensions>
          <gpxtpx:TrackPointExtension>
            <gpxtpx:hr>98</gpxtpx:hr>
          </gpxtpx:TrackPointExtension>
        </extensions>
      </trkpt>
      <trkpt lat="22.64469130298593" lon="107.60580392295022">
        <ele>96.2786217443645</ele>
        <time>2023-07-11T01:39:55Z</time>
        <extensions>
          <gpxtpx:TrackPointExtension>
            <gpxtpx:hr>98</gpxtpx:hr>
          </gpxtpx:TrackPointExtension>
        </extensions>
      </trkpt>
      <trkpt lat="22.64467944624769" lon="107.60580113332479">
        <ele>96.32401990890503</ele>
        <time>2023-07-11T01:39:56Z</time>
        <extensions>
          <gpxtpx:TrackPointExtension>
            <gpxtpx:hr>98</gpxtpx:hr>
          </gpxtpx:TrackPointExtension>
        </extensions>
      </trkpt>
      <trkpt lat="22.644665965722123" lon="107.60579992196259">
        <ele>96.38360523432493</ele>
        <time>2023-07-11T01:39:57Z</time>
        <extensions>
          <gpxtpx:TrackPointExtension>
            <gpxtpx:hr>98</gpxtpx:hr>
          </gpxtpx:TrackPointExtension>
        </extensions>
      </trkpt>
      <trkpt lat="22.64465141259792" lon="107.60580027463712">
        <ele>96.44542034063488</ele>
        <time>2023-07-11T01:39:58Z</time>
        <extensions>
          <gpxtpx:TrackPointExtension>
            <gpxtpx:hr>98</gpxtpx:hr>
          </gpxtpx:TrackPointExtension>
        </extensions>
      </trkpt>
      <trkpt lat="22.64463656186492" lon="107.60580203722762">
        <ele>96.50914456229657</ele>
        <time>2023-07-11T01:39:59Z</time>
        <extensions>
          <gpxtpx:TrackPointExtension>
            <gpxtpx:hr>98</gpxtpx:hr>
          </gpxtpx:TrackPointExtension>
        </extensions>
      </trkpt>
      <trkpt lat="22.644621497339166" lon="107.60580479244216">
        <ele>96.56600305531174</ele>
        <time>2023-07-11T01:40:00Z</time>
        <extensions>
          <gpxtpx:TrackPointExtension>
            <gpxtpx:hr>98</gpxtpx:hr>
          </gpxtpx:TrackPointExtension>
        </extensions>
      </trkpt>
      <trkpt lat="22.644605180415404" lon="107.60580781241515">
        <ele>96.62415537703782</ele>
        <time>2023-07-11T01:40:01Z</time>
        <extensions>
          <gpxtpx:TrackPointExtension>
            <gpxtpx:hr>98</gpxtpx:hr>
          </gpxtpx:TrackPointExtension>
        </extensions>
      </trkpt>
      <trkpt lat="22.644586913138742" lon="107.60581045117625">
        <ele>96.68910928443074</ele>
        <time>2023-07-11T01:40:02Z</time>
        <extensions>
          <gpxtpx:TrackPointExtension>
            <gpxtpx:hr>98</gpxtpx:hr>
          </gpxtpx:TrackPointExtension>
        </extensions>
      </trkpt>
      <trkpt lat="22.644566971929912" lon="107.60581174951793">
        <ele>96.74168958049268</ele>
        <time>2023-07-11T01:40:03Z</time>
        <extensions>
          <gpxtpx:TrackPointExtension>
            <gpxtpx:hr>98</gpxtpx:hr>
          </gpxtpx:TrackPointExtension>
        </extensions>
      </trkpt>
      <trkpt lat="22.644546264409964" lon="107.60581081342592">
        <ele>96.79210026655346</ele>
        <time>2023-07-11T01:40:04Z</time>
        <extensions>
          <gpxtpx:TrackPointExtension>
            <gpxtpx:hr>98</gpxtpx:hr>
          </gpxtpx:TrackPointExtension>
        </extensions>
      </trkpt>
      <trkpt lat="22.644525612667664" lon="107.60580720975628">
        <ele>96.84378746617585</ele>
        <time>2023-07-11T01:40:05Z</time>
        <extensions>
          <gpxtpx:TrackPointExtension>
            <gpxtpx:hr>100</gpxtpx:hr>
          </gpxtpx:TrackPointExtension>
        </extensions>
      </trkpt>
      <trkpt lat="22.644505523030986" lon="107.60580121788556">
        <ele>96.88688633032143</ele>
        <time>2023-07-11T01:40:06Z</time>
        <extensions>
          <gpxtpx:TrackPointExtension>
            <gpxtpx:hr>100</gpxtpx:hr>
          </gpxtpx:TrackPointExtension>
        </extensions>
      </trkpt>
      <trkpt lat="22.644486510081002" lon="107.60579356651512">
        <ele>96.93272487446666</ele>
        <time>2023-07-11T01:40:07Z</time>
        <extensions>
          <gpxtpx:TrackPointExtension>
            <gpxtpx:hr>100</gpxtpx:hr>
          </gpxtpx:TrackPointExtension>
        </extensions>
      </trkpt>
      <trkpt lat="22.64446941326443" lon="107.60578456047446">
        <ele>96.9728701012209</ele>
        <time>2023-07-11T01:40:08Z</time>
        <extensions>
          <gpxtpx:TrackPointExtension>
            <gpxtpx:hr>100</gpxtpx:hr>
          </gpxtpx:TrackPointExtension>
        </extensions>
      </trkpt>
      <trkpt lat="22.644454612745513" lon="107.60577431698692">
        <ele>96.99049716908485</ele>
        <time>2023-07-11T01:40:09Z</time>
        <extensions>
          <gpxtpx:TrackPointExtension>
            <gpxtpx:hr>100</gpxtpx:hr>
          </gpxtpx:TrackPointExtension>
        </extensions>
      </trkpt>
      <trkpt lat="22.644442300889214" lon="107.60576432911701">
        <ele>96.99396109301597</ele>
        <time>2023-07-11T01:40:10Z</time>
        <extensions>
          <gpxtpx:TrackPointExtension>
            <gpxtpx:hr>100</gpxtpx:hr>
          </gpxtpx:TrackPointExtension>
        </extensions>
      </trkpt>
      <trkpt lat="22.644433256887023" lon="107.60575737996196">
        <ele>96.9957017917186</ele>
        <time>2023-07-11T01:40:11Z</time>
        <extensions>
          <gpxtpx:TrackPointExtension>
            <gpxtpx:hr>100</gpxtpx:hr>
          </gpxtpx:TrackPointExtension>
        </extensions>
      </trkpt>
      <trkpt lat="22.644428335116505" lon="107.6057537630624">
        <ele>96.99419052060694</ele>
        <time>2023-07-11T01:40:12Z</time>
        <extensions>
          <gpxtpx:TrackPointExtension>
            <gpxtpx:hr>102</gpxtpx:hr>
          </gpxtpx:TrackPointExtension>
        </extensions>
      </trkpt>
      <trkpt lat="22.644427488530237" lon="107.60575157662682">
        <ele>96.98673888947815</ele>
        <time>2023-07-11T01:40:13Z</time>
        <extensions>
          <gpxtpx:TrackPointExtension>
            <gpxtpx:hr>102</gpxtpx:hr>
          </gpxtpx:TrackPointExtension>
        </extensions>
      </trkpt>
      <trkpt lat="22.644428774604318" lon="107.60574959795487">
        <ele>96.97610707953572</ele>
        <time>2023-07-11T01:40:14Z</time>
        <extensions>
          <gpxtpx:TrackPointExtension>
            <gpxtpx:hr>102</gpxtpx:hr>
          </gpxtpx:TrackPointExtension>
        </extensions>
      </trkpt>
      <trkpt lat="22.64443014266023" lon="107.60574827122977">
        <ele>96.96629479713738</ele>
        <time>2023-07-11T01:40:15Z</time>
        <extensions>
          <gpxtpx:TrackPointExtension>
            <gpxtpx:hr>102</gpxtpx:hr>
          </gpxtpx:TrackPointExtension>
        </extensions>
      </trkpt>
      <trkpt lat="22.644431079457927" lon="107.60574873414164">
        <ele>96.95041998848319</ele>
        <time>2023-07-11T01:40:16Z</time>
        <extensions>
          <gpxtpx:TrackPointExtension>
            <gpxtpx:hr>102</gpxtpx:hr>
          </gpxtpx:TrackPointExtension>
        </extensions>
      </trkpt>
      <trkpt lat="22.64443169037254" lon="107.60575107469067">
        <ele>96.932153259404</ele>
        <time>2023-07-11T01:40:17Z</time>
        <extensions>
          <gpxtpx:TrackPointExtension>
            <gpxtpx:hr>102</gpxtpx:hr>
          </gpxtpx:TrackPointExtension>
        </extensions>
      </trkpt>
      <trkpt lat="22.644432051823944" lon="107.60575479359753">
        <ele>96.91623164433986</ele>
        <time>2023-07-11T01:40:18Z</time>
        <extensions>
          <gpxtpx:TrackPointExtension>
            <gpxtpx:hr>105</gpxtpx:hr>
          </gpxtpx:TrackPointExtension>
        </extensions>
      </trkpt>
      <trkpt lat="22.644432385273173" lon="107.6057593865667">
        <ele>96.904884532094</ele>
        <time>2023-07-11T01:40:19Z</time>
        <extensions>
          <gpxtpx:TrackPointExtension>
            <gpxtpx:hr>105</gpxtpx:hr>
          </gpxtpx:TrackPointExtension>
        </extensions>
      </trkpt>
      <trkpt lat="22.644433014866927" lon="107.60576444041021">
        <ele>96.89147887006402</ele>
        <time>2023-07-11T01:40:20Z</time>
        <extensions>
          <gpxtpx:TrackPointExtension>
            <gpxtpx:hr>105</gpxtpx:hr>
          </gpxtpx:TrackPointExtension>
        </extensions>
      </trkpt>
      <trkpt lat="22.644434097684837" lon="107.60576981908312">
        <ele>96.88883170485497</ele>
        <time>2023-07-11T01:40:21Z</time>
        <extensions>
          <gpxtpx:TrackPointExtension>
            <gpxtpx:hr>105</gpxtpx:hr>
          </gpxtpx:TrackPointExtension>
        </extensions>
      </trkpt>
      <trkpt lat="22.64443543875556" lon="107.6057755833854">
        <ele>96.88785592932254</ele>
        <time>2023-07-11T01:40:22Z</time>
        <extensions>
          <gpxtpx:TrackPointExtension>
            <gpxtpx:hr>105</gpxtpx:hr>
          </gpxtpx:TrackPointExtension>
        </extensions>
      </trkpt>
      <trkpt lat="22.64443631309054" lon="107.60578083619012">
        <ele>96.90198122523725</ele>
        <time>2023-07-11T01:40:23Z</time>
        <extensions>
          <gpxtpx:TrackPointExtension>
            <gpxtpx:hr>105</gpxtpx:hr>
          </gpxtpx:TrackPointExtension>
        </extensions>
      </trkpt>
      <trkpt lat="22.644436303910503" lon="107.60578491547993">
        <ele>96.94394845329225</ele>
        <time>2023-07-11T01:40:24Z</time>
        <extensions>
          <gpxtpx:TrackPointExtension>
            <gpxtpx:hr>105</gpxtpx:hr>
          </gpxtpx:TrackPointExtension>
        </extensions>
      </trkpt>
      <trkpt lat="22.64443586407661" lon="107.60578822196484">
        <ele>96.9755297228694</ele>
        <time>2023-07-11T01:40:25Z</time>
        <extensions>
          <gpxtpx:TrackPointExtension>
            <gpxtpx:hr>106</gpxtpx:hr>
          </gpxtpx:TrackPointExtension>
        </extensions>
      </trkpt>
      <trkpt lat="22.644435478929083" lon="107.60579127572733">
        <ele>97.01566687133163</ele>
        <time>2023-07-11T01:40:26Z</time>
        <extensions>
          <gpxtpx:TrackPointExtension>
            <gpxtpx:hr>106</gpxtpx:hr>
          </gpxtpx:TrackPointExtension>
        </extensions>
      </trkpt>
      <trkpt lat="22.644435665425195" lon="107.60579481983967">
        <ele>97.06025874242187</ele>
        <time>2023-07-11T01:40:27Z</time>
        <extensions>
          <gpxtpx:TrackPointExtension>
            <gpxtpx:hr>106</gpxtpx:hr>
          </gpxtpx:TrackPointExtension>
        </extensions>
      </trkpt>
      <trkpt lat="22.644436456687078" lon="107.60579894457399">
        <ele>97.11242817528546</ele>
        <time>2023-07-11T01:40:28Z</time>
        <extensions>
          <gpxtpx:TrackPointExtension>
            <gpxtpx:hr>106</gpxtpx:hr>
          </gpxtpx:TrackPointExtension>
        </extensions>
      </trkpt>
      <trkpt lat="22.644437034348776" lon="107.60580301867144">
        <ele>97.1726339571178</ele>
        <time>2023-07-11T01:40:29Z</time>
        <extensions>
          <gpxtpx:TrackPointExtension>
            <gpxtpx:hr>106</gpxtpx:hr>
          </gpxtpx:TrackPointExtension>
        </extensions>
      </trkpt>
      <trkpt lat="22.644437063501005" lon="107.60580683246359">
        <ele>97.27145514078438</ele>
        <time>2023-07-11T01:40:30Z</time>
        <extensions>
          <gpxtpx:TrackPointExtension>
            <gpxtpx:hr>109</gpxtpx:hr>
          </gpxtpx:TrackPointExtension>
        </extensions>
      </trkpt>
      <trkpt lat="22.64443723563583" lon="107.60581085555106">
        <ele>97.37506488990039</ele>
        <time>2023-07-11T01:40:31Z</time>
        <extensions>
          <gpxtpx:TrackPointExtension>
            <gpxtpx:hr>109</gpxtpx:hr>
          </gpxtpx:TrackPointExtension>
        </extensions>
      </trkpt>
      <trkpt lat="22.644438304259914" lon="107.60581530683967">
        <ele>97.46355975978076</ele>
        <time>2023-07-11T01:40:32Z</time>
        <extensions>
          <gpxtpx:TrackPointExtension>
            <gpxtpx:hr>109</gpxtpx:hr>
          </gpxtpx:TrackPointExtension>
        </extensions>
      </trkpt>
      <trkpt lat="22.644440582908675" lon="107.60582022733618">
        <ele>97.54538795910776</ele>
        <time>2023-07-11T01:40:33Z</time>
        <extensions>
          <gpxtpx:TrackPointExtension>
            <gpxtpx:hr>109</gpxtpx:hr>
          </gpxtpx:TrackPointExtension>
        </extensions>
      </trkpt>
      <trkpt lat="22.644444451540046" lon="107.60582539042981">
        <ele>97.62640764657408</ele>
        <time>2023-07-11T01:40:34Z</time>
        <extensions>
          <gpxtpx:TrackPointExtension>
            <gpxtpx:hr>109</gpxtpx:hr>
          </gpxtpx:TrackPointExtension>
        </extensions>
      </trkpt>
      <trkpt lat="22.644450301213475" lon="107.60582997574994">
        <ele>97.70689007360488</ele>
        <time>2023-07-11T01:40:35Z</time>
        <extensions>
          <gpxtpx:TrackPointExtension>
            <gpxtpx:hr>109</gpxtpx:hr>
          </gpxtpx:TrackPointExtension>
        </extensions>
      </trkpt>
      <trkpt lat="22.64445792961359" lon="107.60583428659345">
        <ele>97.77248774282634</ele>
        <time>2023-07-11T01:40:36Z</time>
        <extensions>
          <gpxtpx:TrackPointExtension>
            <gpxtpx:hr>109</gpxtpx:hr>
          </gpxtpx:TrackPointExtension>
        </extensions>
      </trkpt>
      <trkpt lat="22.644466111246388" lon="107.60583875942957">
        <ele>97.83432171680033</ele>
        <time>2023-07-11T01:40:37Z</time>
        <extensions>
          <gpxtpx:TrackPointExtension>
            <gpxtpx:hr>109</gpxtpx:hr>
          </gpxtpx:TrackPointExtension>
        </extensions>
      </trkpt>
      <trkpt lat="22.64447378158806" lon="107.60584261782685">
        <ele>97.86633138917387</ele>
        <time>2023-07-11T01:40:38Z</time>
        <extensions>
          <gpxtpx:TrackPointExtension>
            <gpxtpx:hr>109</gpxtpx:hr>
          </gpxtpx:TrackPointExtension>
        </extensions>
      </trkpt>
      <trkpt lat="22.64448057728214" lon="107.60584551820938">
        <ele>97.87469854205847</ele>
        <time>2023-07-11T01:40:39Z</time>
        <extensions>
          <gpxtpx:TrackPointExtension>
            <gpxtpx:hr>109</gpxtpx:hr>
          </gpxtpx:TrackPointExtension>
        </extensions>
      </trkpt>
      <trkpt lat="22.644486557955435" lon="107.60584745575761">
        <ele>97.87157895136625</ele>
        <time>2023-07-11T01:40:40Z</time>
        <extensions>
          <gpxtpx:TrackPointExtension>
            <gpxtpx:hr>109</gpxtpx:hr>
          </gpxtpx:TrackPointExtension>
        </extensions>
      </trkpt>
      <trkpt lat="22.644491782771542" lon="107.60584822277124">
        <ele>97.84812067076564</ele>
        <time>2023-07-11T01:40:41Z</time>
        <extensions>
          <gpxtpx:TrackPointExtension>
            <gpxtpx:hr>109</gpxtpx:hr>
          </gpxtpx:TrackPointExtension>
        </extensions>
      </trkpt>
      <trkpt lat="22.644496327483743" lon="107.60584762161008">
        <ele>97.81733269896358</ele>
        <time>2023-07-11T01:40:42Z</time>
        <extensions>
          <gpxtpx:TrackPointExtension>
            <gpxtpx:hr>109</gpxtpx:hr>
          </gpxtpx:TrackPointExtension>
        </extensions>
      </trkpt>
      <trkpt lat="22.64450118173936" lon="107.60584554043058">
        <ele>97.76906169578433</ele>
        <time>2023-07-11T01:40:43Z</time>
        <extensions>
          <gpxtpx:TrackPointExtension>
            <gpxtpx:hr>109</gpxtpx:hr>
          </gpxtpx:TrackPointExtension>
        </extensions>
      </trkpt>
      <trkpt lat="22.644506806400056" lon="107.6058428875689">
        <ele>97.72328736074269</ele>
        <time>2023-07-11T01:40:44Z</time>
        <extensions>
          <gpxtpx:TrackPointExtension>
            <gpxtpx:hr>104</gpxtpx:hr>
          </gpxtpx:TrackPointExtension>
        </extensions>
      </trkpt>
      <trkpt lat="22.64451282533422" lon="107.60584085327297">
        <ele>97.67309879977256</ele>
        <time>2023-07-11T01:40:45Z</time>
        <extensions>
          <gpxtpx:TrackPointExtension>
            <gpxtpx:hr>104</gpxtpx:hr>
          </gpxtpx:TrackPointExtension>
        </extensions>
      </trkpt>
      <trkpt lat="22.644519009784986" lon="107.605839263373">
        <ele>97.59924048092216</ele>
        <time>2023-07-11T01:40:46Z</time>
        <extensions>
          <gpxtpx:TrackPointExtension>
            <gpxtpx:hr>104</gpxtpx:hr>
          </gpxtpx:TrackPointExtension>
        </extensions>
      </trkpt>
      <trkpt lat="22.644525144005176" lon="107.60583790839745">
        <ele>97.52469862345606</ele>
        <time>2023-07-11T01:40:47Z</time>
        <extensions>
          <gpxtpx:TrackPointExtension>
            <gpxtpx:hr>104</gpxtpx:hr>
          </gpxtpx:TrackPointExtension>
        </extensions>
      </trkpt>
      <trkpt lat="22.644530695666923" lon="107.60583702874071">
        <ele>97.45724199153483</ele>
        <time>2023-07-11T01:40:48Z</time>
        <extensions>
          <gpxtpx:TrackPointExtension>
            <gpxtpx:hr>104</gpxtpx:hr>
          </gpxtpx:TrackPointExtension>
        </extensions>
      </trkpt>
      <trkpt lat="22.644535768551652" lon="107.6058365725295">
        <ele>97.39131243433803</ele>
        <time>2023-07-11T01:40:49Z</time>
        <extensions>
          <gpxtpx:TrackPointExtension>
            <gpxtpx:hr>104</gpxtpx:hr>
          </gpxtpx:TrackPointExtension>
        </extensions>
      </trkpt>
      <trkpt lat="22.644541377065813" lon="107.60583623021066">
        <ele>97.32633977662772</ele>
        <time>2023-07-11T01:40:50Z</time>
        <extensions>
          <gpxtpx:TrackPointExtension>
            <gpxtpx:hr>104</gpxtpx:hr>
          </gpxtpx:TrackPointExtension>
        </extensions>
      </trkpt>
      <trkpt lat="22.644548125784926" lon="107.60583574226209">
        <ele>97.26289784442633</ele>
        <time>2023-07-11T01:40:51Z</time>
        <extensions>
          <gpxtpx:TrackPointExtension>
            <gpxtpx:hr>104</gpxtpx:hr>
          </gpxtpx:TrackPointExtension>
        </extensions>
      </trkpt>
      <trkpt lat="22.64455543170115" lon="107.60583498587462">
        <ele>97.20199048891664</ele>
        <time>2023-07-11T01:40:52Z</time>
        <extensions>
          <gpxtpx:TrackPointExtension>
            <gpxtpx:hr>104</gpxtpx:hr>
          </gpxtpx:TrackPointExtension>
        </extensions>
      </trkpt>
      <trkpt lat="22.644562889540822" lon="107.6058337114888">
        <ele>97.1425987733528</ele>
        <time>2023-07-11T01:40:53Z</time>
        <extensions>
          <gpxtpx:TrackPointExtension>
            <gpxtpx:hr>103</gpxtpx:hr>
          </gpxtpx:TrackPointExtension>
        </extensions>
      </trkpt>
      <trkpt lat="22.64457065777553" lon="107.60583178907646">
        <ele>97.07754209823906</ele>
        <time>2023-07-11T01:40:54Z</time>
        <extensions>
          <gpxtpx:TrackPointExtension>
            <gpxtpx:hr>103</gpxtpx:hr>
          </gpxtpx:TrackPointExtension>
        </extensions>
      </trkpt>
      <trkpt lat="22.64457865265898" lon="107.605829274492">
        <ele>97.02244761306792</ele>
        <time>2023-07-11T01:40:55Z</time>
        <extensions>
          <gpxtpx:TrackPointExtension>
            <gpxtpx:hr>103</gpxtpx:hr>
          </gpxtpx:TrackPointExtension>
        </extensions>
      </trkpt>
      <trkpt lat="22.644586986141736" lon="107.60582617324451">
        <ele>96.9852007618174</ele>
        <time>2023-07-11T01:40:56Z</time>
        <extensions>
          <gpxtpx:TrackPointExtension>
            <gpxtpx:hr>103</gpxtpx:hr>
          </gpxtpx:TrackPointExtension>
        </extensions>
      </trkpt>
      <trkpt lat="22.644595601901358" lon="107.60582270992826">
        <ele>96.96111558191478</ele>
        <time>2023-07-11T01:40:57Z</time>
        <extensions>
          <gpxtpx:TrackPointExtension>
            <gpxtpx:hr>104</gpxtpx:hr>
          </gpxtpx:TrackPointExtension>
        </extensions>
      </trkpt>
      <trkpt lat="22.644604009693303" lon="107.60581948095542">
        <ele>96.95408929139376</ele>
        <time>2023-07-11T01:40:58Z</time>
        <extensions>
          <gpxtpx:TrackPointExtension>
            <gpxtpx:hr>104</gpxtpx:hr>
          </gpxtpx:TrackPointExtension>
        </extensions>
      </trkpt>
      <trkpt lat="22.644611772224106" lon="107.60581723198302">
        <ele>96.95321139879525</ele>
        <time>2023-07-11T01:40:59Z</time>
        <extensions>
          <gpxtpx:TrackPointExtension>
            <gpxtpx:hr>104</gpxtpx:hr>
          </gpxtpx:TrackPointExtension>
        </extensions>
      </trkpt>
      <trkpt lat="22.644619118020213" lon="107.60581601614045">
        <ele>96.94824007246643</ele>
        <time>2023-07-11T01:41:00Z</time>
        <extensions>
          <gpxtpx:TrackPointExtension>
            <gpxtpx:hr>104</gpxtpx:hr>
          </gpxtpx:TrackPointExtension>
        </extensions>
      </trkpt>
      <trkpt lat="22.644626338270395" lon="107.60581502632934">
        <ele>96.94419296830893</ele>
        <time>2023-07-11T01:41:01Z</time>
        <extensions>
          <gpxtpx:TrackPointExtension>
            <gpxtpx:hr>102</gpxtpx:hr>
          </gpxtpx:TrackPointExtension>
        </extensions>
      </trkpt>
      <trkpt lat="22.644633482870578" lon="107.60581392198002">
        <ele>96.94386101420969</ele>
        <time>2023-07-11T01:41:02Z</time>
        <extensions>
          <gpxtpx:TrackPointExtension>
            <gpxtpx:hr>102</gpxtpx:hr>
          </gpxtpx:TrackPointExtension>
        </extensions>
      </trkpt>
      <trkpt lat="22.64464053672419" lon="107.60581250265757">
        <ele>96.96152001805604</ele>
        <time>2023-07-11T01:41:03Z</time>
        <extensions>
          <gpxtpx:TrackPointExtension>
            <gpxtpx:hr>102</gpxtpx:hr>
          </gpxtpx:TrackPointExtension>
        </extensions>
      </trkpt>
      <trkpt lat="22.644647635381027" lon="107.60581007479227">
        <ele>96.98100133426487</ele>
        <time>2023-07-11T01:41:04Z</time>
        <extensions>
          <gpxtpx:TrackPointExtension>
            <gpxtpx:hr>102</gpxtpx:hr>
          </gpxtpx:TrackPointExtension>
        </extensions>
      </trkpt>
      <trkpt lat="22.644655517306123" lon="107.6058065158765">
        <ele>96.99662905372679</ele>
        <time>2023-07-11T01:41:05Z</time>
        <extensions>
          <gpxtpx:TrackPointExtension>
            <gpxtpx:hr>102</gpxtpx:hr>
          </gpxtpx:TrackPointExtension>
        </extensions>
      </trkpt>
      <trkpt lat="22.644664039370394" lon="107.60580257226962">
        <ele>97.01211641356349</ele>
        <time>2023-07-11T01:41:06Z</time>
        <extensions>
          <gpxtpx:TrackPointExtension>
            <gpxtpx:hr>102</gpxtpx:hr>
          </gpxtpx:TrackPointExtension>
        </extensions>
      </trkpt>
      <trkpt lat="22.64467274175188" lon="107.60579917500074">
        <ele>97.01619324274361</ele>
        <time>2023-07-11T01:41:07Z</time>
        <extensions>
          <gpxtpx:TrackPointExtension>
            <gpxtpx:hr>102</gpxtpx:hr>
          </gpxtpx:TrackPointExtension>
        </extensions>
      </trkpt>
      <trkpt lat="22.6446813504415" lon="107.60579616509227">
        <ele>97.00798861030489</ele>
        <time>2023-07-11T01:41:08Z</time>
        <extensions>
          <gpxtpx:TrackPointExtension>
            <gpxtpx:hr>97</gpxtpx:hr>
          </gpxtpx:TrackPointExtension>
        </extensions>
      </trkpt>
      <trkpt lat="22.644689629772174" lon="107.6057930787052">
        <ele>96.99942419398576</ele>
        <time>2023-07-11T01:41:09Z</time>
        <extensions>
          <gpxtpx:TrackPointExtension>
            <gpxtpx:hr>97</gpxtpx:hr>
          </gpxtpx:TrackPointExtension>
        </extensions>
      </trkpt>
      <trkpt lat="22.644697524338937" lon="107.60579017002739">
        <ele>96.98636443447322</ele>
        <time>2023-07-11T01:41:10Z</time>
        <extensions>
          <gpxtpx:TrackPointExtension>
            <gpxtpx:hr>97</gpxtpx:hr>
          </gpxtpx:TrackPointExtension>
        </extensions>
      </trkpt>
      <trkpt lat="22.64470578934474" lon="107.60578777354327">
        <ele>96.9739819727838</ele>
        <time>2023-07-11T01:41:11Z</time>
        <extensions>
          <gpxtpx:TrackPointExtension>
            <gpxtpx:hr>97</gpxtpx:hr>
          </gpxtpx:TrackPointExtension>
        </extensions>
      </trkpt>
      <trkpt lat="22.644714871415744" lon="107.60578611042409">
        <ele>96.94091412052512</ele>
        <time>2023-07-11T01:41:12Z</time>
        <extensions>
          <gpxtpx:TrackPointExtension>
            <gpxtpx:hr>97</gpxtpx:hr>
          </gpxtpx:TrackPointExtension>
        </extensions>
      </trkpt>
      <trkpt lat="22.644724189767725" lon="107.60578516640858">
        <ele>96.88543504383415</ele>
        <time>2023-07-11T01:41:13Z</time>
        <extensions>
          <gpxtpx:TrackPointExtension>
            <gpxtpx:hr>97</gpxtpx:hr>
          </gpxtpx:TrackPointExtension>
        </extensions>
      </trkpt>
      <trkpt lat="22.644732577945213" lon="107.60578486620624">
        <ele>96.8287002062425</ele>
        <time>2023-07-11T01:41:14Z</time>
        <extensions>
          <gpxtpx:TrackPointExtension>
            <gpxtpx:hr>97</gpxtpx:hr>
          </gpxtpx:TrackPointExtension>
        </extensions>
      </trkpt>
      <trkpt lat="22.644739283615547" lon="107.60578465147636">
        <ele>96.77378190960735</ele>
        <time>2023-07-11T01:41:15Z</time>
        <extensions>
          <gpxtpx:TrackPointExtension>
            <gpxtpx:hr>96</gpxtpx:hr>
          </gpxtpx:TrackPointExtension>
        </extensions>
      </trkpt>
      <trkpt lat="22.644744793494926" lon="107.60578414794261">
        <ele>96.71367504447699</ele>
        <time>2023-07-11T01:41:16Z</time>
        <extensions>
          <gpxtpx:TrackPointExtension>
            <gpxtpx:hr>96</gpxtpx:hr>
          </gpxtpx:TrackPointExtension>
        </extensions>
      </trkpt>
      <trkpt lat="22.644749836462037" lon="107.60578320885449">
        <ele>96.65407645143569</ele>
        <time>2023-07-11T01:41:17Z</time>
        <extensions>
          <gpxtpx:TrackPointExtension>
            <gpxtpx:hr>96</gpxtpx:hr>
          </gpxtpx:TrackPointExtension>
        </extensions>
      </trkpt>
      <trkpt lat="22.644755401753034" lon="107.60578168057879">
        <ele>96.58940625470132</ele>
        <time>2023-07-11T01:41:18Z</time>
        <extensions>
          <gpxtpx:TrackPointExtension>
            <gpxtpx:hr>96</gpxtpx:hr>
          </gpxtpx:TrackPointExtension>
        </extensions>
      </trkpt>
      <trkpt lat="22.6447623251688" lon="107.6057794631852">
        <ele>96.51919097825885</ele>
        <time>2023-07-11T01:41:19Z</time>
        <extensions>
          <gpxtpx:TrackPointExtension>
            <gpxtpx:hr>96</gpxtpx:hr>
          </gpxtpx:TrackPointExtension>
        </extensions>
      </trkpt>
      <trkpt lat="22.644770323649958" lon="107.60577664085275">
        <ele>96.4600990889594</ele>
        <time>2023-07-11T01:41:20Z</time>
        <extensions>
          <gpxtpx:TrackPointExtension>
            <gpxtpx:hr>96</gpxtpx:hr>
          </gpxtpx:TrackPointExtension>
        </extensions>
      </trkpt>
      <trkpt lat="22.644778844131626" lon="107.60577334193998">
        <ele>96.40524620655924</ele>
        <time>2023-07-11T01:41:21Z</time>
        <extensions>
          <gpxtpx:TrackPointExtension>
            <gpxtpx:hr>97</gpxtpx:hr>
          </gpxtpx:TrackPointExtension>
        </extensions>
      </trkpt>
      <trkpt lat="22.64478710190317" lon="107.60576967817958">
        <ele>96.34524654783309</ele>
        <time>2023-07-11T01:41:22Z</time>
        <extensions>
          <gpxtpx:TrackPointExtension>
            <gpxtpx:hr>97</gpxtpx:hr>
          </gpxtpx:TrackPointExtension>
        </extensions>
      </trkpt>
      <trkpt lat="22.644795328325934" lon="107.60576598571356">
        <ele>96.2880764901638</ele>
        <time>2023-07-11T01:41:23Z</time>
        <extensions>
          <gpxtpx:TrackPointExtension>
            <gpxtpx:hr>97</gpxtpx:hr>
          </gpxtpx:TrackPointExtension>
        </extensions>
      </trkpt>
      <trkpt lat="22.644804571339993" lon="107.60576276252858">
        <ele>96.23702605627477</ele>
        <time>2023-07-11T01:41:24Z</time>
        <extensions>
          <gpxtpx:TrackPointExtension>
            <gpxtpx:hr>97</gpxtpx:hr>
          </gpxtpx:TrackPointExtension>
        </extensions>
      </trkpt>
      <trkpt lat="22.644814774782013" lon="107.60576043197965">
        <ele>96.18249619845301</ele>
        <time>2023-07-11T01:41:25Z</time>
        <extensions>
          <gpxtpx:TrackPointExtension>
            <gpxtpx:hr>97</gpxtpx:hr>
          </gpxtpx:TrackPointExtension>
        </extensions>
      </trkpt>
      <trkpt lat="22.644825629650004" lon="107.60575870119995">
        <ele>96.13415701407939</ele>
        <time>2023-07-11T01:41:26Z</time>
        <extensions>
          <gpxtpx:TrackPointExtension>
            <gpxtpx:hr>97</gpxtpx:hr>
          </gpxtpx:TrackPointExtension>
        </extensions>
      </trkpt>
      <trkpt lat="22.644836699344555" lon="107.60575672121762">
        <ele>96.0852600382641</ele>
        <time>2023-07-11T01:41:27Z</time>
        <extensions>
          <gpxtpx:TrackPointExtension>
            <gpxtpx:hr>100</gpxtpx:hr>
          </gpxtpx:TrackPointExtension>
        </extensions>
      </trkpt>
      <trkpt lat="22.644847303379077" lon="107.60575395718888">
        <ele>96.0372617347166</ele>
        <time>2023-07-11T01:41:28Z</time>
        <extensions>
          <gpxtpx:TrackPointExtension>
            <gpxtpx:hr>100</gpxtpx:hr>
          </gpxtpx:TrackPointExtension>
        </extensions>
      </trkpt>
      <trkpt lat="22.644857568939308" lon="107.60575043535596">
        <ele>96.00567467696965</ele>
        <time>2023-07-11T01:41:29Z</time>
        <extensions>
          <gpxtpx:TrackPointExtension>
            <gpxtpx:hr>100</gpxtpx:hr>
          </gpxtpx:TrackPointExtension>
        </extensions>
      </trkpt>
      <trkpt lat="22.644867752031058" lon="107.60574670506303">
        <ele>95.9697565510869</ele>
        <time>2023-07-11T01:41:30Z</time>
        <extensions>
          <gpxtpx:TrackPointExtension>
            <gpxtpx:hr>100</gpxtpx:hr>
          </gpxtpx:TrackPointExtension>
        </extensions>
      </trkpt>
      <trkpt lat="22.644877420949047" lon="107.60574323861466">
        <ele>95.9327237084508</ele>
        <time>2023-07-11T01:41:31Z</time>
        <extensions>
          <gpxtpx:TrackPointExtension>
            <gpxtpx:hr>99</gpxtpx:hr>
          </gpxtpx:TrackPointExtension>
        </extensions>
      </trkpt>
      <trkpt lat="22.644886170730043" lon="107.60574015504238">
        <ele>95.88632438704371</ele>
        <time>2023-07-11T01:41:32Z</time>
        <extensions>
          <gpxtpx:TrackPointExtension>
            <gpxtpx:hr>99</gpxtpx:hr>
          </gpxtpx:TrackPointExtension>
        </extensions>
      </trkpt>
      <trkpt lat="22.64489413632405" lon="107.60573736475628">
        <ele>95.85597516130656</ele>
        <time>2023-07-11T01:41:33Z</time>
        <extensions>
          <gpxtpx:TrackPointExtension>
            <gpxtpx:hr>99</gpxtpx:hr>
          </gpxtpx:TrackPointExtension>
        </extensions>
      </trkpt>
      <trkpt lat="22.64490242722016" lon="107.60573422270876">
        <ele>95.83717257529497</ele>
        <time>2023-07-11T01:41:34Z</time>
        <extensions>
          <gpxtpx:TrackPointExtension>
            <gpxtpx:hr>99</gpxtpx:hr>
          </gpxtpx:TrackPointExtension>
        </extensions>
      </trkpt>
      <trkpt lat="22.64491133566466" lon="107.60573074782474">
        <ele>95.82027924619615</ele>
        <time>2023-07-11T01:41:35Z</time>
        <extensions>
          <gpxtpx:TrackPointExtension>
            <gpxtpx:hr>99</gpxtpx:hr>
          </gpxtpx:TrackPointExtension>
        </extensions>
      </trkpt>
      <trkpt lat="22.644920494185207" lon="107.60572727847877">
        <ele>95.81292413920164</ele>
        <time>2023-07-11T01:41:36Z</time>
        <extensions>
          <gpxtpx:TrackPointExtension>
            <gpxtpx:hr>103</gpxtpx:hr>
          </gpxtpx:TrackPointExtension>
        </extensions>
      </trkpt>
      <trkpt lat="22.64492990487395" lon="107.60572431035757">
        <ele>95.80610229820013</ele>
        <time>2023-07-11T01:41:37Z</time>
        <extensions>
          <gpxtpx:TrackPointExtension>
            <gpxtpx:hr>103</gpxtpx:hr>
          </gpxtpx:TrackPointExtension>
        </extensions>
      </trkpt>
      <trkpt lat="22.644939604966453" lon="107.60572227450355">
        <ele>95.79477814864367</ele>
        <time>2023-07-11T01:41:38Z</time>
        <extensions>
          <gpxtpx:TrackPointExtension>
            <gpxtpx:hr>103</gpxtpx:hr>
          </gpxtpx:TrackPointExtension>
        </extensions>
      </trkpt>
      <trkpt lat="22.644948940597658" lon="107.60572100007417">
        <ele>95.78924714680761</ele>
        <time>2023-07-11T01:41:39Z</time>
        <extensions>
          <gpxtpx:TrackPointExtension>
            <gpxtpx:hr>103</gpxtpx:hr>
          </gpxtpx:TrackPointExtension>
        </extensions>
      </trkpt>
      <trkpt lat="22.644957272621113" lon="107.60572049782628">
        <ele>95.79745602235198</ele>
        <time>2023-07-11T01:41:40Z</time>
        <extensions>
          <gpxtpx:TrackPointExtension>
            <gpxtpx:hr>103</gpxtpx:hr>
          </gpxtpx:TrackPointExtension>
        </extensions>
      </trkpt>
      <trkpt lat="22.64496467250181" lon="107.60572092496692">
        <ele>95.81559516023844</ele>
        <time>2023-07-11T01:41:41Z</time>
        <extensions>
          <gpxtpx:TrackPointExtension>
            <gpxtpx:hr>103</gpxtpx:hr>
          </gpxtpx:TrackPointExtension>
        </extensions>
      </trkpt>
      <trkpt lat="22.644972121440695" lon="107.60572165894473">
        <ele>95.84288144204766</ele>
        <time>2023-07-11T01:41:42Z</time>
        <extensions>
          <gpxtpx:TrackPointExtension>
            <gpxtpx:hr>103</gpxtpx:hr>
          </gpxtpx:TrackPointExtension>
        </extensions>
      </trkpt>
      <trkpt lat="22.644980647955727" lon="107.60572191882564">
        <ele>95.8655152078718</ele>
        <time>2023-07-11T01:41:43Z</time>
        <extensions>
          <gpxtpx:TrackPointExtension>
            <gpxtpx:hr>100</gpxtpx:hr>
          </gpxtpx:TrackPointExtension>
        </extensions>
      </trkpt>
      <trkpt lat="22.644990484084428" lon="107.60572181168396">
        <ele>95.8801234466955</ele>
        <time>2023-07-11T01:41:44Z</time>
        <extensions>
          <gpxtpx:TrackPointExtension>
            <gpxtpx:hr>100</gpxtpx:hr>
          </gpxtpx:TrackPointExtension>
        </extensions>
      </trkpt>
      <trkpt lat="22.645000830697438" lon="107.60572159028952">
        <ele>95.8894618852064</ele>
        <time>2023-07-11T01:41:45Z</time>
        <extensions>
          <gpxtpx:TrackPointExtension>
            <gpxtpx:hr>100</gpxtpx:hr>
          </gpxtpx:TrackPointExtension>
        </extensions>
      </trkpt>
      <trkpt lat="22.64501059181661" lon="107.60572195789405">
        <ele>95.89333994220942</ele>
        <time>2023-07-11T01:41:46Z</time>
        <extensions>
          <gpxtpx:TrackPointExtension>
            <gpxtpx:hr>100</gpxtpx:hr>
          </gpxtpx:TrackPointExtension>
        </extensions>
      </trkpt>
      <trkpt lat="22.645019090316428" lon="107.60572207987403">
        <ele>95.88983044121414</ele>
        <time>2023-07-11T01:41:47Z</time>
        <extensions>
          <gpxtpx:TrackPointExtension>
            <gpxtpx:hr>100</gpxtpx:hr>
          </gpxtpx:TrackPointExtension>
        </extensions>
      </trkpt>
      <trkpt lat="22.64502664398694" lon="107.60572103643554">
        <ele>95.8886529430747</ele>
        <time>2023-07-11T01:41:48Z</time>
        <extensions>
          <gpxtpx:TrackPointExtension>
            <gpxtpx:hr>100</gpxtpx:hr>
          </gpxtpx:TrackPointExtension>
        </extensions>
      </trkpt>
      <trkpt lat="22.645034295645107" lon="107.60571911571749">
        <ele>95.87968740612268</ele>
        <time>2023-07-11T01:41:49Z</time>
        <extensions>
          <gpxtpx:TrackPointExtension>
            <gpxtpx:hr>101</gpxtpx:hr>
          </gpxtpx:TrackPointExtension>
        </extensions>
      </trkpt>
      <trkpt lat="22.64504218240923" lon="107.60571643301519">
        <ele>95.87639323994517</ele>
        <time>2023-07-11T01:41:50Z</time>
        <extensions>
          <gpxtpx:TrackPointExtension>
            <gpxtpx:hr>101</gpxtpx:hr>
          </gpxtpx:TrackPointExtension>
        </extensions>
      </trkpt>
      <trkpt lat="22.64504961950606" lon="107.60571348063553">
        <ele>95.8789623612538</ele>
        <time>2023-07-11T01:41:51Z</time>
        <extensions>
          <gpxtpx:TrackPointExtension>
            <gpxtpx:hr>101</gpxtpx:hr>
          </gpxtpx:TrackPointExtension>
        </extensions>
      </trkpt>
      <trkpt lat="22.64505623519065" lon="107.60571082376836">
        <ele>95.89896801579744</ele>
        <time>2023-07-11T01:41:52Z</time>
        <extensions>
          <gpxtpx:TrackPointExtension>
            <gpxtpx:hr>103</gpxtpx:hr>
          </gpxtpx:TrackPointExtension>
        </extensions>
      </trkpt>
      <trkpt lat="22.645062242913244" lon="107.60570843268184">
        <ele>95.93888790067285</ele>
        <time>2023-07-11T01:41:53Z</time>
        <extensions>
          <gpxtpx:TrackPointExtension>
            <gpxtpx:hr>103</gpxtpx:hr>
          </gpxtpx:TrackPointExtension>
        </extensions>
      </trkpt>
      <trkpt lat="22.645068357600138" lon="107.60570582618175">
        <ele>95.98404204193503</ele>
        <time>2023-07-11T01:41:54Z</time>
        <extensions>
          <gpxtpx:TrackPointExtension>
            <gpxtpx:hr>103</gpxtpx:hr>
          </gpxtpx:TrackPointExtension>
        </extensions>
      </trkpt>
      <trkpt lat="22.6450750790281" lon="107.60570274857817">
        <ele>96.03571856953204</ele>
        <time>2023-07-11T01:41:55Z</time>
        <extensions>
          <gpxtpx:TrackPointExtension>
            <gpxtpx:hr>103</gpxtpx:hr>
          </gpxtpx:TrackPointExtension>
        </extensions>
      </trkpt>
      <trkpt lat="22.64508237915202" lon="107.6056991649925">
        <ele>96.08317056391388</ele>
        <time>2023-07-11T01:41:56Z</time>
        <extensions>
          <gpxtpx:TrackPointExtension>
            <gpxtpx:hr>103</gpxtpx:hr>
          </gpxtpx:TrackPointExtension>
        </extensions>
      </trkpt>
      <trkpt lat="22.64508972954193" lon="107.60569530694708">
        <ele>96.1419881908223</ele>
        <time>2023-07-11T01:41:57Z</time>
        <extensions>
          <gpxtpx:TrackPointExtension>
            <gpxtpx:hr>99</gpxtpx:hr>
          </gpxtpx:TrackPointExtension>
        </extensions>
      </trkpt>
      <trkpt lat="22.64509636390114" lon="107.60569163977787">
        <ele>96.19445598311722</ele>
        <time>2023-07-11T01:41:58Z</time>
        <extensions>
          <gpxtpx:TrackPointExtension>
            <gpxtpx:hr>99</gpxtpx:hr>
          </gpxtpx:TrackPointExtension>
        </extensions>
      </trkpt>
      <trkpt lat="22.645101263383868" lon="107.60568873877087">
        <ele>96.24951526522636</ele>
        <time>2023-07-11T01:41:59Z</time>
        <extensions>
          <gpxtpx:TrackPointExtension>
            <gpxtpx:hr>99</gpxtpx:hr>
          </gpxtpx:TrackPointExtension>
        </extensions>
      </trkpt>
      <trkpt lat="22.64510363771408" lon="107.60568707408075">
        <ele>96.30951565224677</ele>
        <time>2023-07-11T01:42:00Z</time>
        <extensions>
          <gpxtpx:TrackPointExtension>
            <gpxtpx:hr>99</gpxtpx:hr>
          </gpxtpx:TrackPointExtension>
        </extensions>
      </trkpt>
      <trkpt lat="22.64510373564133" lon="107.60568647391365">
        <ele>96.37164564989507</ele>
        <time>2023-07-11T01:42:01Z</time>
        <extensions>
          <gpxtpx:TrackPointExtension>
            <gpxtpx:hr>99</gpxtpx:hr>
          </gpxtpx:TrackPointExtension>
        </extensions>
      </trkpt>
      <trkpt lat="22.645102394258927" lon="107.60568625251463">
        <ele>96.43382534384727</ele>
        <time>2023-07-11T01:42:02Z</time>
        <extensions>
          <gpxtpx:TrackPointExtension>
            <gpxtpx:hr>100</gpxtpx:hr>
          </gpxtpx:TrackPointExtension>
        </extensions>
      </trkpt>
      <trkpt lat="22.64510028703303" lon="107.6056859147257">
        <ele>96.49375974200666</ele>
        <time>2023-07-11T01:42:03Z</time>
        <extensions>
          <gpxtpx:TrackPointExtension>
            <gpxtpx:hr>100</gpxtpx:hr>
          </gpxtpx:TrackPointExtension>
        </extensions>
      </trkpt>
      <trkpt lat="22.645097695055917" lon="107.60568536840832">
        <ele>96.5493863709271</ele>
        <time>2023-07-11T01:42:04Z</time>
        <extensions>
          <gpxtpx:TrackPointExtension>
            <gpxtpx:hr>100</gpxtpx:hr>
          </gpxtpx:TrackPointExtension>
        </extensions>
      </trkpt>
      <trkpt lat="22.64509491552564" lon="107.6056846878721">
        <ele>96.59925113245845</ele>
        <time>2023-07-11T01:42:05Z</time>
        <extensions>
          <gpxtpx:TrackPointExtension>
            <gpxtpx:hr>100</gpxtpx:hr>
          </gpxtpx:TrackPointExtension>
        </extensions>
      </trkpt>
      <trkpt lat="22.645092346504658" lon="107.60568412394527">
        <ele>96.64260982256383</ele>
        <time>2023-07-11T01:42:06Z</time>
        <extensions>
          <gpxtpx:TrackPointExtension>
            <gpxtpx:hr>102</gpxtpx:hr>
          </gpxtpx:TrackPointExtension>
        </extensions>
      </trkpt>
      <trkpt lat="22.64509034411135" lon="107.60568385080377">
        <ele>96.67931531276554</ele>
        <time>2023-07-11T01:42:07Z</time>
        <extensions>
          <gpxtpx:TrackPointExtension>
            <gpxtpx:hr>102</gpxtpx:hr>
          </gpxtpx:TrackPointExtension>
        </extensions>
      </trkpt>
      <trkpt lat="22.645089042684624" lon="107.6056837171297">
        <ele>96.7096578720957</ele>
        <time>2023-07-11T01:42:08Z</time>
        <extensions>
          <gpxtpx:TrackPointExtension>
            <gpxtpx:hr>102</gpxtpx:hr>
          </gpxtpx:TrackPointExtension>
        </extensions>
      </trkpt>
      <trkpt lat="22.645088262818685" lon="107.60568359650803">
        <ele>96.73423692397773</ele>
        <time>2023-07-11T01:42:09Z</time>
        <extensions>
          <gpxtpx:TrackPointExtension>
            <gpxtpx:hr>102</gpxtpx:hr>
          </gpxtpx:TrackPointExtension>
        </extensions>
      </trkpt>
      <trkpt lat="22.645087954400193" lon="107.60568346431852">
        <ele>96.72393923252821</ele>
        <time>2023-07-11T01:42:10Z</time>
        <extensions>
          <gpxtpx:TrackPointExtension>
            <gpxtpx:hr>102</gpxtpx:hr>
          </gpxtpx:TrackPointExtension>
        </extensions>
      </trkpt>
      <trkpt lat="22.645087798082564" lon="107.60568347689795">
        <ele>96.71099912654608</ele>
        <time>2023-07-11T01:42:11Z</time>
        <extensions>
          <gpxtpx:TrackPointExtension>
            <gpxtpx:hr>101</gpxtpx:hr>
          </gpxtpx:TrackPointExtension>
        </extensions>
      </trkpt>
      <trkpt lat="22.645087750674104" lon="107.60568355810872">
        <ele>96.6782737756148</ele>
        <time>2023-07-11T01:42:12Z</time>
        <extensions>
          <gpxtpx:TrackPointExtension>
            <gpxtpx:hr>101</gpxtpx:hr>
          </gpxtpx:TrackPointExtension>
        </extensions>
      </trkpt>
      <trkpt lat="22.64508779880036" lon="107.60568362003586">
        <ele>96.63036561291665</ele>
        <time>2023-07-11T01:42:13Z</time>
        <extensions>
          <gpxtpx:TrackPointExtension>
            <gpxtpx:hr>101</gpxtpx:hr>
          </gpxtpx:TrackPointExtension>
        </extensions>
      </trkpt>
      <trkpt lat="22.645087925686457" lon="107.6056835940771">
        <ele>96.58566144760698</ele>
        <time>2023-07-11T01:42:14Z</time>
        <extensions>
          <gpxtpx:TrackPointExtension>
            <gpxtpx:hr>101</gpxtpx:hr>
          </gpxtpx:TrackPointExtension>
        </extensions>
      </trkpt>
      <trkpt lat="22.64508816095974" lon="107.60568354723956">
        <ele>96.53678649105132</ele>
        <time>2023-07-11T01:42:15Z</time>
        <extensions>
          <gpxtpx:TrackPointExtension>
            <gpxtpx:hr>101</gpxtpx:hr>
          </gpxtpx:TrackPointExtension>
        </extensions>
      </trkpt>
      <trkpt lat="22.645088511594263" lon="107.60568342337665">
        <ele>96.47756970766932</ele>
        <time>2023-07-11T01:42:16Z</time>
        <extensions>
          <gpxtpx:TrackPointExtension>
            <gpxtpx:hr>101</gpxtpx:hr>
          </gpxtpx:TrackPointExtension>
        </extensions>
      </trkpt>
      <trkpt lat="22.645088993121313" lon="107.60568321648158">
        <ele>96.40467637684196</ele>
        <time>2023-07-11T01:42:17Z</time>
        <extensions>
          <gpxtpx:TrackPointExtension>
            <gpxtpx:hr>101</gpxtpx:hr>
          </gpxtpx:TrackPointExtension>
        </extensions>
      </trkpt>
      <trkpt lat="22.645089722774664" lon="107.60568287653432">
        <ele>96.32703749556094</ele>
        <time>2023-07-11T01:42:18Z</time>
        <extensions>
          <gpxtpx:TrackPointExtension>
            <gpxtpx:hr>107</gpxtpx:hr>
          </gpxtpx:TrackPointExtension>
        </extensions>
      </trkpt>
      <trkpt lat="22.645091051217758" lon="107.60568223751429">
        <ele>96.26113977096975</ele>
        <time>2023-07-11T01:42:19Z</time>
        <extensions>
          <gpxtpx:TrackPointExtension>
            <gpxtpx:hr>107</gpxtpx:hr>
          </gpxtpx:TrackPointExtension>
        </extensions>
      </trkpt>
      <trkpt lat="22.645093290938547" lon="107.60568109725781">
        <ele>96.20731605123729</ele>
        <time>2023-07-11T01:42:20Z</time>
        <extensions>
          <gpxtpx:TrackPointExtension>
            <gpxtpx:hr>107</gpxtpx:hr>
          </gpxtpx:TrackPointExtension>
        </extensions>
      </trkpt>
      <trkpt lat="22.64509594580706" lon="107.6056798503261">
        <ele>96.15724350512028</ele>
        <time>2023-07-11T01:42:21Z</time>
        <extensions>
          <gpxtpx:TrackPointExtension>
            <gpxtpx:hr>107</gpxtpx:hr>
          </gpxtpx:TrackPointExtension>
        </extensions>
      </trkpt>
      <trkpt lat="22.645098842691397" lon="107.60567863873001">
        <ele>96.10887500364333</ele>
        <time>2023-07-11T01:42:22Z</time>
        <extensions>
          <gpxtpx:TrackPointExtension>
            <gpxtpx:hr>107</gpxtpx:hr>
          </gpxtpx:TrackPointExtension>
        </extensions>
      </trkpt>
      <trkpt lat="22.64510241164018" lon="107.60567700144198">
        <ele>96.06623350922018</ele>
        <time>2023-07-11T01:42:23Z</time>
        <extensions>
          <gpxtpx:TrackPointExtension>
            <gpxtpx:hr>107</gpxtpx:hr>
          </gpxtpx:TrackPointExtension>
        </extensions>
      </trkpt>
      <trkpt lat="22.645106899059908" lon="107.60567541508944">
        <ele>96.0349991125986</ele>
        <time>2023-07-11T01:42:24Z</time>
        <extensions>
          <gpxtpx:TrackPointExtension>
            <gpxtpx:hr>107</gpxtpx:hr>
          </gpxtpx:TrackPointExtension>
        </extensions>
      </trkpt>
      <trkpt lat="22.64511226501206" lon="107.60567434155585">
        <ele>96.00851564947516</ele>
        <time>2023-07-11T01:42:25Z</time>
        <extensions>
          <gpxtpx:TrackPointExtension>
            <gpxtpx:hr>107</gpxtpx:hr>
          </gpxtpx:TrackPointExtension>
        </extensions>
      </trkpt>
      <trkpt lat="22.64511823616374" lon="107.60567317183823">
        <ele>95.99186779931188</ele>
        <time>2023-07-11T01:42:26Z</time>
        <extensions>
          <gpxtpx:TrackPointExtension>
            <gpxtpx:hr>107</gpxtpx:hr>
          </gpxtpx:TrackPointExtension>
        </extensions>
      </trkpt>
      <trkpt lat="22.64512462464298" lon="107.60567141042362">
        <ele>95.98946171905845</ele>
        <time>2023-07-11T01:42:27Z</time>
        <extensions>
          <gpxtpx:TrackPointExtension>
            <gpxtpx:hr>109</gpxtpx:hr>
          </gpxtpx:TrackPointExtension>
        </extensions>
      </trkpt>
      <trkpt lat="22.645131371924112" lon="107.60566916406275">
        <ele>95.99848684761673</ele>
        <time>2023-07-11T01:42:28Z</time>
        <extensions>
          <gpxtpx:TrackPointExtension>
            <gpxtpx:hr>109</gpxtpx:hr>
          </gpxtpx:TrackPointExtension>
        </extensions>
      </trkpt>
      <trkpt lat="22.645138610877414" lon="107.60566670101413">
        <ele>96.01230885460973</ele>
        <time>2023-07-11T01:42:29Z</time>
        <extensions>
          <gpxtpx:TrackPointExtension>
            <gpxtpx:hr>109</gpxtpx:hr>
          </gpxtpx:TrackPointExtension>
        </extensions>
      </trkpt>
      <trkpt lat="22.64514646584108" lon="107.6056640027659">
        <ele>96.0306106545031</ele>
        <time>2023-07-11T01:42:30Z</time>
        <extensions>
          <gpxtpx:TrackPointExtension>
            <gpxtpx:hr>109</gpxtpx:hr>
          </gpxtpx:TrackPointExtension>
        </extensions>
      </trkpt>
      <trkpt lat="22.645155026901364" lon="107.60566096466087">
        <ele>96.0651542423293</ele>
        <time>2023-07-11T01:42:31Z</time>
        <extensions>
          <gpxtpx:TrackPointExtension>
            <gpxtpx:hr>109</gpxtpx:hr>
          </gpxtpx:TrackPointExtension>
        </extensions>
      </trkpt>
      <trkpt lat="22.645164191857894" lon="107.60565746542018">
        <ele>96.1132432250306</ele>
        <time>2023-07-11T01:42:32Z</time>
        <extensions>
          <gpxtpx:TrackPointExtension>
            <gpxtpx:hr>109</gpxtpx:hr>
          </gpxtpx:TrackPointExtension>
        </extensions>
      </trkpt>
      <trkpt lat="22.645173757102032" lon="107.60565330634248">
        <ele>96.16282106656581</ele>
        <time>2023-07-11T01:42:33Z</time>
        <extensions>
          <gpxtpx:TrackPointExtension>
            <gpxtpx:hr>93</gpxtpx:hr>
          </gpxtpx:TrackPointExtension>
        </extensions>
      </trkpt>
      <trkpt lat="22.64518331047938" lon="107.60564853282028">
        <ele>96.21547157038003</ele>
        <time>2023-07-11T01:42:34Z</time>
        <extensions>
          <gpxtpx:TrackPointExtension>
            <gpxtpx:hr>93</gpxtpx:hr>
          </gpxtpx:TrackPointExtension>
        </extensions>
      </trkpt>
      <trkpt lat="22.645192678647014" lon="107.6056436754038">
        <ele>96.2673795921728</ele>
        <time>2023-07-11T01:42:35Z</time>
        <extensions>
          <gpxtpx:TrackPointExtension>
            <gpxtpx:hr>93</gpxtpx:hr>
          </gpxtpx:TrackPointExtension>
        </extensions>
      </trkpt>
      <trkpt lat="22.64520199580474" lon="107.6056394692284">
        <ele>96.3155908677727</ele>
        <time>2023-07-11T01:42:36Z</time>
        <extensions>
          <gpxtpx:TrackPointExtension>
            <gpxtpx:hr>93</gpxtpx:hr>
          </gpxtpx:TrackPointExtension>
        </extensions>
      </trkpt>
      <trkpt lat="22.645211275520197" lon="107.60563633085623">
        <ele>96.36311021447182</ele>
        <time>2023-07-11T01:42:37Z</time>
        <extensions>
          <gpxtpx:TrackPointExtension>
            <gpxtpx:hr>93</gpxtpx:hr>
          </gpxtpx:TrackPointExtension>
        </extensions>
      </trkpt>
      <trkpt lat="22.645220586900244" lon="107.6056346490908">
        <ele>96.40811366774142</ele>
        <time>2023-07-11T01:42:38Z</time>
        <extensions>
          <gpxtpx:TrackPointExtension>
            <gpxtpx:hr>93</gpxtpx:hr>
          </gpxtpx:TrackPointExtension>
        </extensions>
      </trkpt>
      <trkpt lat="22.6452297741913" lon="107.60563438403018">
        <ele>96.44167245272547</ele>
        <time>2023-07-11T01:42:39Z</time>
        <extensions>
          <gpxtpx:TrackPointExtension>
            <gpxtpx:hr>93</gpxtpx:hr>
          </gpxtpx:TrackPointExtension>
        </extensions>
      </trkpt>
      <trkpt lat="22.64523798093421" lon="107.60563442616895">
        <ele>96.48068621568382</ele>
        <time>2023-07-11T01:42:40Z</time>
        <extensions>
          <gpxtpx:TrackPointExtension>
            <gpxtpx:hr>88</gpxtpx:hr>
          </gpxtpx:TrackPointExtension>
        </extensions>
      </trkpt>
      <trkpt lat="22.645244486579863" lon="107.60563400360664">
        <ele>96.49806813336909</ele>
        <time>2023-07-11T01:42:41Z</time>
        <extensions>
          <gpxtpx:TrackPointExtension>
            <gpxtpx:hr>88</gpxtpx:hr>
          </gpxtpx:TrackPointExtension>
        </extensions>
      </trkpt>
      <trkpt lat="22.645248652362824" lon="107.60563297943534">
        <ele>96.5107097523287</ele>
        <time>2023-07-11T01:42:42Z</time>
        <extensions>
          <gpxtpx:TrackPointExtension>
            <gpxtpx:hr>88</gpxtpx:hr>
          </gpxtpx:TrackPointExtension>
        </extensions>
      </trkpt>
      <trkpt lat="22.645251157848083" lon="107.60563217222851">
        <ele>96.50824787281454</ele>
        <time>2023-07-11T01:42:43Z</time>
        <extensions>
          <gpxtpx:TrackPointExtension>
            <gpxtpx:hr>88</gpxtpx:hr>
          </gpxtpx:TrackPointExtension>
        </extensions>
      </trkpt>
      <trkpt lat="22.64525312368992" lon="107.60563285974821">
        <ele>96.49851835891604</ele>
        <time>2023-07-11T01:42:44Z</time>
        <extensions>
          <gpxtpx:TrackPointExtension>
            <gpxtpx:hr>88</gpxtpx:hr>
          </gpxtpx:TrackPointExtension>
        </extensions>
      </trkpt>
      <trkpt lat="22.645254581256093" lon="107.60563530165996">
        <ele>96.48547188099474</ele>
        <time>2023-07-11T01:42:45Z</time>
        <extensions>
          <gpxtpx:TrackPointExtension>
            <gpxtpx:hr>91</gpxtpx:hr>
          </gpxtpx:TrackPointExtension>
        </extensions>
      </trkpt>
      <trkpt lat="22.645255704820023" lon="107.60563922768219">
        <ele>96.46603422705084</ele>
        <time>2023-07-11T01:42:46Z</time>
        <extensions>
          <gpxtpx:TrackPointExtension>
            <gpxtpx:hr>91</gpxtpx:hr>
          </gpxtpx:TrackPointExtension>
        </extensions>
      </trkpt>
      <trkpt lat="22.645256736979515" lon="107.60564450230248">
        <ele>96.43851568363607</ele>
        <time>2023-07-11T01:42:47Z</time>
        <extensions>
          <gpxtpx:TrackPointExtension>
            <gpxtpx:hr>91</gpxtpx:hr>
          </gpxtpx:TrackPointExtension>
        </extensions>
      </trkpt>
      <trkpt lat="22.64525786483556" lon="107.60565092849652">
        <ele>96.40407722257078</ele>
        <time>2023-07-11T01:42:48Z</time>
        <extensions>
          <gpxtpx:TrackPointExtension>
            <gpxtpx:hr>92</gpxtpx:hr>
          </gpxtpx:TrackPointExtension>
        </extensions>
      </trkpt>
      <trkpt lat="22.645259287023645" lon="107.60565833128652">
        <ele>96.36826425697654</ele>
        <time>2023-07-11T01:42:49Z</time>
        <extensions>
          <gpxtpx:TrackPointExtension>
            <gpxtpx:hr>92</gpxtpx:hr>
          </gpxtpx:TrackPointExtension>
        </extensions>
      </trkpt>
      <trkpt lat="22.645261262062537" lon="107.6056671208895">
        <ele>96.33179812133312</ele>
        <time>2023-07-11T01:42:50Z</time>
        <extensions>
          <gpxtpx:TrackPointExtension>
            <gpxtpx:hr>92</gpxtpx:hr>
          </gpxtpx:TrackPointExtension>
        </extensions>
      </trkpt>
      <trkpt lat="22.645263670279235" lon="107.60567741879072">
        <ele>96.2940123481676</ele>
        <time>2023-07-11T01:42:51Z</time>
        <extensions>
          <gpxtpx:TrackPointExtension>
            <gpxtpx:hr>92</gpxtpx:hr>
          </gpxtpx:TrackPointExtension>
        </extensions>
      </trkpt>
      <trkpt lat="22.64526605983195" lon="107.60568859282962">
        <ele>96.25903860107064</ele>
        <time>2023-07-11T01:42:52Z</time>
        <extensions>
          <gpxtpx:TrackPointExtension>
            <gpxtpx:hr>92</gpxtpx:hr>
          </gpxtpx:TrackPointExtension>
        </extensions>
      </trkpt>
      <trkpt lat="22.64526828225269" lon="107.60570070833901">
        <ele>96.2259333813563</ele>
        <time>2023-07-11T01:42:53Z</time>
        <extensions>
          <gpxtpx:TrackPointExtension>
            <gpxtpx:hr>93</gpxtpx:hr>
          </gpxtpx:TrackPointExtension>
        </extensions>
      </trkpt>
      <trkpt lat="22.64527047570939" lon="107.60571450593727">
        <ele>96.19143850915134</ele>
        <time>2023-07-11T01:42:54Z</time>
        <extensions>
          <gpxtpx:TrackPointExtension>
            <gpxtpx:hr>93</gpxtpx:hr>
          </gpxtpx:TrackPointExtension>
        </extensions>
      </trkpt>
      <trkpt lat="22.645272647001473" lon="107.60573057343086">
        <ele>96.15744320396334</ele>
        <time>2023-07-11T01:42:55Z</time>
        <extensions>
          <gpxtpx:TrackPointExtension>
            <gpxtpx:hr>93</gpxtpx:hr>
          </gpxtpx:TrackPointExtension>
        </extensions>
      </trkpt>
      <trkpt lat="22.6452745334888" lon="107.60574895717244">
        <ele>96.12610762845725</ele>
        <time>2023-07-11T01:42:56Z</time>
        <extensions>
          <gpxtpx:TrackPointExtension>
            <gpxtpx:hr>93</gpxtpx:hr>
          </gpxtpx:TrackPointExtension>
        </extensions>
      </trkpt>
      <trkpt lat="22.645275641618245" lon="107.60576788584866">
        <ele>96.09675915818661</ele>
        <time>2023-07-11T01:42:57Z</time>
        <extensions>
          <gpxtpx:TrackPointExtension>
            <gpxtpx:hr>93</gpxtpx:hr>
          </gpxtpx:TrackPointExtension>
        </extensions>
      </trkpt>
      <trkpt lat="22.645275634649916" lon="107.6057850138173">
        <ele>96.07267040386796</ele>
        <time>2023-07-11T01:42:58Z</time>
        <extensions>
          <gpxtpx:TrackPointExtension>
            <gpxtpx:hr>93</gpxtpx:hr>
          </gpxtpx:TrackPointExtension>
        </extensions>
      </trkpt>
      <trkpt lat="22.64527471907143" lon="107.60579979831132">
        <ele>96.04670299775898</ele>
        <time>2023-07-11T01:42:59Z</time>
        <extensions>
          <gpxtpx:TrackPointExtension>
            <gpxtpx:hr>94</gpxtpx:hr>
          </gpxtpx:TrackPointExtension>
        </extensions>
      </trkpt>
      <trkpt lat="22.6452733127006" lon="107.6058128655884">
        <ele>96.02296616416425</ele>
        <time>2023-07-11T01:43:00Z</time>
        <extensions>
          <gpxtpx:TrackPointExtension>
            <gpxtpx:hr>94</gpxtpx:hr>
          </gpxtpx:TrackPointExtension>
        </extensions>
      </trkpt>
      <trkpt lat="22.645271683704106" lon="107.60582476333656">
        <ele>95.99933570623398</ele>
        <time>2023-07-11T01:43:01Z</time>
        <extensions>
          <gpxtpx:TrackPointExtension>
            <gpxtpx:hr>94</gpxtpx:hr>
          </gpxtpx:TrackPointExtension>
        </extensions>
      </trkpt>
      <trkpt lat="22.645269975881863" lon="107.60583592875506">
        <ele>95.97754620108753</ele>
        <time>2023-07-11T01:43:02Z</time>
        <extensions>
          <gpxtpx:TrackPointExtension>
            <gpxtpx:hr>94</gpxtpx:hr>
          </gpxtpx:TrackPointExtension>
        </extensions>
      </trkpt>
      <trkpt lat="22.645268317905966" lon="107.60584646422075">
        <ele>95.95553378295153</ele>
        <time>2023-07-11T01:43:03Z</time>
        <extensions>
          <gpxtpx:TrackPointExtension>
            <gpxtpx:hr>94</gpxtpx:hr>
          </gpxtpx:TrackPointExtension>
        </extensions>
      </trkpt>
      <trkpt lat="22.645266736189026" lon="107.60585598555184">
        <ele>95.93380271550268</ele>
        <time>2023-07-11T01:43:04Z</time>
        <extensions>
          <gpxtpx:TrackPointExtension>
            <gpxtpx:hr>102</gpxtpx:hr>
          </gpxtpx:TrackPointExtension>
        </extensions>
      </trkpt>
      <trkpt lat="22.645264837481246" lon="107.60586576351932">
        <ele>95.91085144784302</ele>
        <time>2023-07-11T01:43:05Z</time>
        <extensions>
          <gpxtpx:TrackPointExtension>
            <gpxtpx:hr>102</gpxtpx:hr>
          </gpxtpx:TrackPointExtension>
        </extensions>
      </trkpt>
      <trkpt lat="22.6452622655237" lon="107.60587678456702">
        <ele>95.88651219103485</ele>
        <time>2023-07-11T01:43:06Z</time>
        <extensions>
          <gpxtpx:TrackPointExtension>
            <gpxtpx:hr>102</gpxtpx:hr>
          </gpxtpx:TrackPointExtension>
        </extensions>
      </trkpt>
      <trkpt lat="22.645259002844792" lon="107.60588854064339">
        <ele>95.86005358491093</ele>
        <time>2023-07-11T01:43:07Z</time>
        <extensions>
          <gpxtpx:TrackPointExtension>
            <gpxtpx:hr>102</gpxtpx:hr>
          </gpxtpx:TrackPointExtension>
        </extensions>
      </trkpt>
      <trkpt lat="22.645255074332006" lon="107.6059007301916">
        <ele>95.83215347677469</ele>
        <time>2023-07-11T01:43:08Z</time>
        <extensions>
          <gpxtpx:TrackPointExtension>
            <gpxtpx:hr>103</gpxtpx:hr>
          </gpxtpx:TrackPointExtension>
        </extensions>
      </trkpt>
      <trkpt lat="22.64525050394478" lon="107.60591338665276">
        <ele>95.80247428361326</ele>
        <time>2023-07-11T01:43:09Z</time>
        <extensions>
          <gpxtpx:TrackPointExtension>
            <gpxtpx:hr>103</gpxtpx:hr>
          </gpxtpx:TrackPointExtension>
        </extensions>
      </trkpt>
      <trkpt lat="22.645245542312097" lon="107.60592675071878">
        <ele>95.77151254471391</ele>
        <time>2023-07-11T01:43:10Z</time>
        <extensions>
          <gpxtpx:TrackPointExtension>
            <gpxtpx:hr>103</gpxtpx:hr>
          </gpxtpx:TrackPointExtension>
        </extensions>
      </trkpt>
      <trkpt lat="22.64524093419472" lon="107.6059401242651">
        <ele>95.7396184662357</ele>
        <time>2023-07-11T01:43:11Z</time>
        <extensions>
          <gpxtpx:TrackPointExtension>
            <gpxtpx:hr>103</gpxtpx:hr>
          </gpxtpx:TrackPointExtension>
        </extensions>
      </trkpt>
      <trkpt lat="22.64523735108358" lon="107.60595289152691">
        <ele>95.70712604280561</ele>
        <time>2023-07-11T01:43:12Z</time>
        <extensions>
          <gpxtpx:TrackPointExtension>
            <gpxtpx:hr>103</gpxtpx:hr>
          </gpxtpx:TrackPointExtension>
        </extensions>
      </trkpt>
      <trkpt lat="22.64523487273636" lon="107.60596519819347">
        <ele>95.67437543161213</ele>
        <time>2023-07-11T01:43:13Z</time>
        <extensions>
          <gpxtpx:TrackPointExtension>
            <gpxtpx:hr>106</gpxtpx:hr>
          </gpxtpx:TrackPointExtension>
        </extensions>
      </trkpt>
      <trkpt lat="22.645233282620982" lon="107.60597760089158">
        <ele>95.64175990130752</ele>
        <time>2023-07-11T01:43:14Z</time>
        <extensions>
          <gpxtpx:TrackPointExtension>
            <gpxtpx:hr>106</gpxtpx:hr>
          </gpxtpx:TrackPointExtension>
        </extensions>
      </trkpt>
      <trkpt lat="22.645232398300543" lon="107.60599065037059">
        <ele>95.6097941333428</ele>
        <time>2023-07-11T01:43:15Z</time>
        <extensions>
          <gpxtpx:TrackPointExtension>
            <gpxtpx:hr>106</gpxtpx:hr>
          </gpxtpx:TrackPointExtension>
        </extensions>
      </trkpt>
      <trkpt lat="22.645232053333913" lon="107.60600458348881">
        <ele>95.57907815370709</ele>
        <time>2023-07-11T01:43:16Z</time>
        <extensions>
          <gpxtpx:TrackPointExtension>
            <gpxtpx:hr>106</gpxtpx:hr>
          </gpxtpx:TrackPointExtension>
        </extensions>
      </trkpt>
      <trkpt lat="22.64523221029304" lon="107.60601851848931">
        <ele>95.5489877993241</ele>
        <time>2023-07-11T01:43:17Z</time>
        <extensions>
          <gpxtpx:TrackPointExtension>
            <gpxtpx:hr>106</gpxtpx:hr>
          </gpxtpx:TrackPointExtension>
        </extensions>
      </trkpt>
      <trkpt lat="22.645232580146807" lon="107.60603133280186">
        <ele>95.52055473811924</ele>
        <time>2023-07-11T01:43:18Z</time>
        <extensions>
          <gpxtpx:TrackPointExtension>
            <gpxtpx:hr>106</gpxtpx:hr>
          </gpxtpx:TrackPointExtension>
        </extensions>
      </trkpt>
      <trkpt lat="22.645232961191855" lon="107.60604223857483">
        <ele>95.49479844048619</ele>
        <time>2023-07-11T01:43:19Z</time>
        <extensions>
          <gpxtpx:TrackPointExtension>
            <gpxtpx:hr>104</gpxtpx:hr>
          </gpxtpx:TrackPointExtension>
        </extensions>
      </trkpt>
      <trkpt lat="22.645233493632933" lon="107.60605053722735">
        <ele>95.47059315256774</ele>
        <time>2023-07-11T01:43:20Z</time>
        <extensions>
          <gpxtpx:TrackPointExtension>
            <gpxtpx:hr>104</gpxtpx:hr>
          </gpxtpx:TrackPointExtension>
        </extensions>
      </trkpt>
      <trkpt lat="22.645234106330072" lon="107.6060560727591">
        <ele>95.44840924441814</ele>
        <time>2023-07-11T01:43:21Z</time>
        <extensions>
          <gpxtpx:TrackPointExtension>
            <gpxtpx:hr>104</gpxtpx:hr>
          </gpxtpx:TrackPointExtension>
        </extensions>
      </trkpt>
      <trkpt lat="22.645234923849507" lon="107.60605908616444">
        <ele>95.42972550727427</ele>
        <time>2023-07-11T01:43:22Z</time>
        <extensions>
          <gpxtpx:TrackPointExtension>
            <gpxtpx:hr>104</gpxtpx:hr>
          </gpxtpx:TrackPointExtension>
        </extensions>
      </trkpt>
      <trkpt lat="22.64523608395691" lon="107.60605989094883">
        <ele>95.41450764704496</ele>
        <time>2023-07-11T01:43:23Z</time>
        <extensions>
          <gpxtpx:TrackPointExtension>
            <gpxtpx:hr>100</gpxtpx:hr>
          </gpxtpx:TrackPointExtension>
        </extensions>
      </trkpt>
      <trkpt lat="22.645237696668552" lon="107.60605868246469">
        <ele>95.40213668998331</ele>
        <time>2023-07-11T01:43:24Z</time>
        <extensions>
          <gpxtpx:TrackPointExtension>
            <gpxtpx:hr>100</gpxtpx:hr>
          </gpxtpx:TrackPointExtension>
        </extensions>
      </trkpt>
      <trkpt lat="22.645239952107126" lon="107.60605552933882">
        <ele>95.391964786686</ele>
        <time>2023-07-11T01:43:25Z</time>
        <extensions>
          <gpxtpx:TrackPointExtension>
            <gpxtpx:hr>100</gpxtpx:hr>
          </gpxtpx:TrackPointExtension>
        </extensions>
      </trkpt>
      <trkpt lat="22.645243001904145" lon="107.60605040200136">
        <ele>95.38412445411086</ele>
        <time>2023-07-11T01:43:26Z</time>
        <extensions>
          <gpxtpx:TrackPointExtension>
            <gpxtpx:hr>100</gpxtpx:hr>
          </gpxtpx:TrackPointExtension>
        </extensions>
      </trkpt>
      <trkpt lat="22.64524700284811" lon="107.60604330475238">
        <ele>95.37886453140527</ele>
        <time>2023-07-11T01:43:27Z</time>
        <extensions>
          <gpxtpx:TrackPointExtension>
            <gpxtpx:hr>100</gpxtpx:hr>
          </gpxtpx:TrackPointExtension>
        </extensions>
      </trkpt>
      <trkpt lat="22.64525139692137" lon="107.60603520583994">
        <ele>95.37609184719622</ele>
        <time>2023-07-11T01:43:28Z</time>
        <extensions>
          <gpxtpx:TrackPointExtension>
            <gpxtpx:hr>100</gpxtpx:hr>
          </gpxtpx:TrackPointExtension>
        </extensions>
      </trkpt>
      <trkpt lat="22.6452552230836" lon="107.60602770833938">
        <ele>95.37495072931051</ele>
        <time>2023-07-11T01:43:29Z</time>
        <extensions>
          <gpxtpx:TrackPointExtension>
            <gpxtpx:hr>100</gpxtpx:hr>
          </gpxtpx:TrackPointExtension>
        </extensions>
      </trkpt>
      <trkpt lat="22.64525777782028" lon="107.60602191812559">
        <ele>95.37372376769781</ele>
        <time>2023-07-11T01:43:30Z</time>
        <extensions>
          <gpxtpx:TrackPointExtension>
            <gpxtpx:hr>100</gpxtpx:hr>
          </gpxtpx:TrackPointExtension>
        </extensions>
      </trkpt>
      <trkpt lat="22.64525930088022" lon="107.60601755082779">
        <ele>95.37216005660594</ele>
        <time>2023-07-11T01:43:31Z</time>
        <extensions>
          <gpxtpx:TrackPointExtension>
            <gpxtpx:hr>100</gpxtpx:hr>
          </gpxtpx:TrackPointExtension>
        </extensions>
      </trkpt>
      <trkpt lat="22.645260278697904" lon="107.60601375457837">
        <ele>95.37205384671688</ele>
        <time>2023-07-11T01:43:32Z</time>
        <extensions>
          <gpxtpx:TrackPointExtension>
            <gpxtpx:hr>99</gpxtpx:hr>
          </gpxtpx:TrackPointExtension>
        </extensions>
      </trkpt>
      <trkpt lat="22.645261124716676" lon="107.60601003433538">
        <ele>95.37196783814579</ele>
        <time>2023-07-11T01:43:33Z</time>
        <extensions>
          <gpxtpx:TrackPointExtension>
            <gpxtpx:hr>99</gpxtpx:hr>
          </gpxtpx:TrackPointExtension>
        </extensions>
      </trkpt>
      <trkpt lat="22.64526194106695" lon="107.60600602051396">
        <ele>95.3722130022943</ele>
        <time>2023-07-11T01:43:34Z</time>
        <extensions>
          <gpxtpx:TrackPointExtension>
            <gpxtpx:hr>99</gpxtpx:hr>
          </gpxtpx:TrackPointExtension>
        </extensions>
      </trkpt>
      <trkpt lat="22.645262918648783" lon="107.60600188363085">
        <ele>95.37285286467522</ele>
        <time>2023-07-11T01:43:35Z</time>
        <extensions>
          <gpxtpx:TrackPointExtension>
            <gpxtpx:hr>99</gpxtpx:hr>
          </gpxtpx:TrackPointExtension>
        </extensions>
      </trkpt>
      <trkpt lat="22.645264316604813" lon="107.60599776861262">
        <ele>95.37467595841736</ele>
        <time>2023-07-11T01:43:36Z</time>
        <extensions>
          <gpxtpx:TrackPointExtension>
            <gpxtpx:hr>99</gpxtpx:hr>
          </gpxtpx:TrackPointExtension>
        </extensions>
      </trkpt>
      <trkpt lat="22.64526589366984" lon="107.60599337790227">
        <ele>95.37838250026107</ele>
        <time>2023-07-11T01:43:37Z</time>
        <extensions>
          <gpxtpx:TrackPointExtension>
            <gpxtpx:hr>102</gpxtpx:hr>
          </gpxtpx:TrackPointExtension>
        </extensions>
      </trkpt>
      <trkpt lat="22.64526786663453" lon="107.60598839542348">
        <ele>95.3838873738423</ele>
        <time>2023-07-11T01:43:38Z</time>
        <extensions>
          <gpxtpx:TrackPointExtension>
            <gpxtpx:hr>102</gpxtpx:hr>
          </gpxtpx:TrackPointExtension>
        </extensions>
      </trkpt>
      <trkpt lat="22.645270321888045" lon="107.60598274758786">
        <ele>95.39242670685053</ele>
        <time>2023-07-11T01:43:39Z</time>
        <extensions>
          <gpxtpx:TrackPointExtension>
            <gpxtpx:hr>102</gpxtpx:hr>
          </gpxtpx:TrackPointExtension>
        </extensions>
      </trkpt>
      <trkpt lat="22.645272690108282" lon="107.6059759676479">
        <ele>95.40404293034226</ele>
        <time>2023-07-11T01:43:40Z</time>
        <extensions>
          <gpxtpx:TrackPointExtension>
            <gpxtpx:hr>102</gpxtpx:hr>
          </gpxtpx:TrackPointExtension>
        </extensions>
      </trkpt>
      <trkpt lat="22.64527442873813" lon="107.60596806832972">
        <ele>95.41851705405861</ele>
        <time>2023-07-11T01:43:41Z</time>
        <extensions>
          <gpxtpx:TrackPointExtension>
            <gpxtpx:hr>102</gpxtpx:hr>
          </gpxtpx:TrackPointExtension>
        </extensions>
      </trkpt>
      <trkpt lat="22.64527486943751" lon="107.60595912897203">
        <ele>95.43637784197927</ele>
        <time>2023-07-11T01:43:42Z</time>
        <extensions>
          <gpxtpx:TrackPointExtension>
            <gpxtpx:hr>102</gpxtpx:hr>
          </gpxtpx:TrackPointExtension>
        </extensions>
      </trkpt>
      <trkpt lat="22.645272913738477" lon="107.6059495165207">
        <ele>95.45650047250092</ele>
        <time>2023-07-11T01:43:43Z</time>
        <extensions>
          <gpxtpx:TrackPointExtension>
            <gpxtpx:hr>102</gpxtpx:hr>
          </gpxtpx:TrackPointExtension>
        </extensions>
      </trkpt>
      <trkpt lat="22.645268552757322" lon="107.60594068750416">
        <ele>95.47825251985341</ele>
        <time>2023-07-11T01:43:44Z</time>
        <extensions>
          <gpxtpx:TrackPointExtension>
            <gpxtpx:hr>97</gpxtpx:hr>
          </gpxtpx:TrackPointExtension>
        </extensions>
      </trkpt>
      <trkpt lat="22.645261921849524" lon="107.60593334902651">
        <ele>95.50024218205363</ele>
        <time>2023-07-11T01:43:45Z</time>
        <extensions>
          <gpxtpx:TrackPointExtension>
            <gpxtpx:hr>97</gpxtpx:hr>
          </gpxtpx:TrackPointExtension>
        </extensions>
      </trkpt>
      <trkpt lat="22.645253174296993" lon="107.60592735842617">
        <ele>95.52206254284829</ele>
        <time>2023-07-11T01:43:46Z</time>
        <extensions>
          <gpxtpx:TrackPointExtension>
            <gpxtpx:hr>97</gpxtpx:hr>
          </gpxtpx:TrackPointExtension>
        </extensions>
      </trkpt>
      <trkpt lat="22.645243395388594" lon="107.6059238301373">
        <ele>95.54254932887852</ele>
        <time>2023-07-11T01:43:47Z</time>
        <extensions>
          <gpxtpx:TrackPointExtension>
            <gpxtpx:hr>97</gpxtpx:hr>
          </gpxtpx:TrackPointExtension>
        </extensions>
      </trkpt>
      <trkpt lat="22.645234281079578" lon="107.60592393286295">
        <ele>95.55985852703452</ele>
        <time>2023-07-11T01:43:48Z</time>
        <extensions>
          <gpxtpx:TrackPointExtension>
            <gpxtpx:hr>97</gpxtpx:hr>
          </gpxtpx:TrackPointExtension>
        </extensions>
      </trkpt>
      <trkpt lat="22.645226727989563" lon="107.60592849078857">
        <ele>95.57230101898313</ele>
        <time>2023-07-11T01:43:49Z</time>
        <extensions>
          <gpxtpx:TrackPointExtension>
            <gpxtpx:hr>97</gpxtpx:hr>
          </gpxtpx:TrackPointExtension>
        </extensions>
      </trkpt>
      <trkpt lat="22.645220755354273" lon="107.60593760649857">
        <ele>95.5811981735751</ele>
        <time>2023-07-11T01:43:50Z</time>
        <extensions>
          <gpxtpx:TrackPointExtension>
            <gpxtpx:hr>97</gpxtpx:hr>
          </gpxtpx:TrackPointExtension>
        </extensions>
      </trkpt>
      <trkpt lat="22.64521642399542" lon="107.60595113601497">
        <ele>95.58067963365465</ele>
        <time>2023-07-11T01:43:51Z</time>
        <extensions>
          <gpxtpx:TrackPointExtension>
            <gpxtpx:hr>97</gpxtpx:hr>
          </gpxtpx:TrackPointExtension>
        </extensions>
      </trkpt>
      <trkpt lat="22.645213739335556" lon="107.6059673963202">
        <ele>95.5741497091949</ele>
        <time>2023-07-11T01:43:52Z</time>
        <extensions>
          <gpxtpx:TrackPointExtension>
            <gpxtpx:hr>97</gpxtpx:hr>
          </gpxtpx:TrackPointExtension>
        </extensions>
      </trkpt>
      <trkpt lat="22.645212691035784" lon="107.60598435750212">
        <ele>95.56644056551158</ele>
        <time>2023-07-11T01:43:53Z</time>
        <extensions>
          <gpxtpx:TrackPointExtension>
            <gpxtpx:hr>87</gpxtpx:hr>
          </gpxtpx:TrackPointExtension>
        </extensions>
      </trkpt>
      <trkpt lat="22.645213035761355" lon="107.60600128523706">
        <ele>95.55194642394781</ele>
        <time>2023-07-11T01:43:54Z</time>
        <extensions>
          <gpxtpx:TrackPointExtension>
            <gpxtpx:hr>87</gpxtpx:hr>
          </gpxtpx:TrackPointExtension>
        </extensions>
      </trkpt>
      <trkpt lat="22.645214011317094" lon="107.60601632705257">
        <ele>95.53611757513136</ele>
        <time>2023-07-11T01:43:55Z</time>
        <extensions>
          <gpxtpx:TrackPointExtension>
            <gpxtpx:hr>87</gpxtpx:hr>
          </gpxtpx:TrackPointExtension>
        </extensions>
      </trkpt>
      <trkpt lat="22.64521461530507" lon="107.60602802236434">
        <ele>95.5168230868876</ele>
        <time>2023-07-11T01:43:56Z</time>
        <extensions>
          <gpxtpx:TrackPointExtension>
            <gpxtpx:hr>87</gpxtpx:hr>
          </gpxtpx:TrackPointExtension>
        </extensions>
      </trkpt>
      <trkpt lat="22.64521421110201" lon="107.60603660283138">
        <ele>95.49402790050954</ele>
        <time>2023-07-11T01:43:57Z</time>
        <extensions>
          <gpxtpx:TrackPointExtension>
            <gpxtpx:hr>87</gpxtpx:hr>
          </gpxtpx:TrackPointExtension>
        </extensions>
      </trkpt>
      <trkpt lat="22.645212596504575" lon="107.60604253376161">
        <ele>95.4657721221447</ele>
        <time>2023-07-11T01:43:58Z</time>
        <extensions>
          <gpxtpx:TrackPointExtension>
            <gpxtpx:hr>87</gpxtpx:hr>
          </gpxtpx:TrackPointExtension>
        </extensions>
      </trkpt>
      <trkpt lat="22.645210239851323" lon="107.60604640021364">
        <ele>95.43525851238519</ele>
        <time>2023-07-11T01:43:59Z</time>
        <extensions>
          <gpxtpx:TrackPointExtension>
            <gpxtpx:hr>84</gpxtpx:hr>
          </gpxtpx:TrackPointExtension>
        </extensions>
      </trkpt>
      <trkpt lat="22.645207375799135" lon="107.60604856434018">
        <ele>95.40304366592318</ele>
        <time>2023-07-11T01:44:00Z</time>
        <extensions>
          <gpxtpx:TrackPointExtension>
            <gpxtpx:hr>84</gpxtpx:hr>
          </gpxtpx:TrackPointExtension>
        </extensions>
      </trkpt>
      <trkpt lat="22.645204875282516" lon="107.6060504646172">
        <ele>95.37062701024115</ele>
        <time>2023-07-11T01:44:01Z</time>
        <extensions>
          <gpxtpx:TrackPointExtension>
            <gpxtpx:hr>84</gpxtpx:hr>
          </gpxtpx:TrackPointExtension>
        </extensions>
      </trkpt>
      <trkpt lat="22.64520300704879" lon="107.60605278494099">
        <ele>95.33828754257411</ele>
        <time>2023-07-11T01:44:02Z</time>
        <extensions>
          <gpxtpx:TrackPointExtension>
            <gpxtpx:hr>84</gpxtpx:hr>
          </gpxtpx:TrackPointExtension>
        </extensions>
      </trkpt>
      <trkpt lat="22.645202288974133" lon="107.60605702459974">
        <ele>95.30511684063822</ele>
        <time>2023-07-11T01:44:03Z</time>
        <extensions>
          <gpxtpx:TrackPointExtension>
            <gpxtpx:hr>84</gpxtpx:hr>
          </gpxtpx:TrackPointExtension>
        </extensions>
      </trkpt>
      <trkpt lat="22.6452033563414" lon="107.60606443611299">
        <ele>95.27262048888952</ele>
        <time>2023-07-11T01:44:04Z</time>
        <extensions>
          <gpxtpx:TrackPointExtension>
            <gpxtpx:hr>90</gpxtpx:hr>
          </gpxtpx:TrackPointExtension>
        </extensions>
      </trkpt>
      <trkpt lat="22.64520627422179" lon="107.6060755620109">
        <ele>95.24069142434746</ele>
        <time>2023-07-11T01:44:05Z</time>
        <extensions>
          <gpxtpx:TrackPointExtension>
            <gpxtpx:hr>90</gpxtpx:hr>
          </gpxtpx:TrackPointExtension>
        </extensions>
      </trkpt>
      <trkpt lat="22.645210758209732" lon="107.60609035600865">
        <ele>95.20949213113636</ele>
        <time>2023-07-11T01:44:06Z</time>
        <extensions>
          <gpxtpx:TrackPointExtension>
            <gpxtpx:hr>90</gpxtpx:hr>
          </gpxtpx:TrackPointExtension>
        </extensions>
      </trkpt>
      <trkpt lat="22.645216589253327" lon="107.60610860891884">
        <ele>95.17851211875677</ele>
        <time>2023-07-11T01:44:07Z</time>
        <extensions>
          <gpxtpx:TrackPointExtension>
            <gpxtpx:hr>90</gpxtpx:hr>
          </gpxtpx:TrackPointExtension>
        </extensions>
      </trkpt>
      <trkpt lat="22.64522280208367" lon="107.60612993320429">
        <ele>95.14756073616445</ele>
        <time>2023-07-11T01:44:08Z</time>
        <extensions>
          <gpxtpx:TrackPointExtension>
            <gpxtpx:hr>91</gpxtpx:hr>
          </gpxtpx:TrackPointExtension>
        </extensions>
      </trkpt>
      <trkpt lat="22.645227476991163" lon="107.60615117304569">
        <ele>95.11998733598739</ele>
        <time>2023-07-11T01:44:09Z</time>
        <extensions>
          <gpxtpx:TrackPointExtension>
            <gpxtpx:hr>91</gpxtpx:hr>
          </gpxtpx:TrackPointExtension>
        </extensions>
      </trkpt>
      <trkpt lat="22.645229570334415" lon="107.60617027894199">
        <ele>95.09452880825847</ele>
        <time>2023-07-11T01:44:10Z</time>
        <extensions>
          <gpxtpx:TrackPointExtension>
            <gpxtpx:hr>91</gpxtpx:hr>
          </gpxtpx:TrackPointExtension>
        </extensions>
      </trkpt>
      <trkpt lat="22.645229226026885" lon="107.60618437200534">
        <ele>95.07028816267848</ele>
        <time>2023-07-11T01:44:11Z</time>
        <extensions>
          <gpxtpx:TrackPointExtension>
            <gpxtpx:hr>91</gpxtpx:hr>
          </gpxtpx:TrackPointExtension>
        </extensions>
      </trkpt>
      <trkpt lat="22.645226611940352" lon="107.60619375181227">
        <ele>95.04764093458652</ele>
        <time>2023-07-11T01:44:12Z</time>
        <extensions>
          <gpxtpx:TrackPointExtension>
            <gpxtpx:hr>91</gpxtpx:hr>
          </gpxtpx:TrackPointExtension>
        </extensions>
      </trkpt>
      <trkpt lat="22.645222199201037" lon="107.60620205668906">
        <ele>95.02683504484594</ele>
        <time>2023-07-11T01:44:13Z</time>
        <extensions>
          <gpxtpx:TrackPointExtension>
            <gpxtpx:hr>98</gpxtpx:hr>
          </gpxtpx:TrackPointExtension>
        </extensions>
      </trkpt>
      <trkpt lat="22.64521716551812" lon="107.606208561366">
        <ele>95.00795631483197</ele>
        <time>2023-07-11T01:44:14Z</time>
        <extensions>
          <gpxtpx:TrackPointExtension>
            <gpxtpx:hr>98</gpxtpx:hr>
          </gpxtpx:TrackPointExtension>
        </extensions>
      </trkpt>
      <trkpt lat="22.645212641326484" lon="107.60621168689555">
        <ele>94.99093473143876</ele>
        <time>2023-07-11T01:44:15Z</time>
        <extensions>
          <gpxtpx:TrackPointExtension>
            <gpxtpx:hr>98</gpxtpx:hr>
          </gpxtpx:TrackPointExtension>
        </extensions>
      </trkpt>
      <trkpt lat="22.645208740237116" lon="107.60621136917425">
        <ele>94.97210782114416</ele>
        <time>2023-07-11T01:44:16Z</time>
        <extensions>
          <gpxtpx:TrackPointExtension>
            <gpxtpx:hr>98</gpxtpx:hr>
          </gpxtpx:TrackPointExtension>
        </extensions>
      </trkpt>
      <trkpt lat="22.64520517818675" lon="107.60620837480059">
        <ele>94.96224326360971</ele>
        <time>2023-07-11T01:44:17Z</time>
        <extensions>
          <gpxtpx:TrackPointExtension>
            <gpxtpx:hr>98</gpxtpx:hr>
          </gpxtpx:TrackPointExtension>
        </extensions>
      </trkpt>
      <trkpt lat="22.645201508721374" lon="107.60620361151214">
        <ele>94.95455452613533</ele>
        <time>2023-07-11T01:44:18Z</time>
        <extensions>
          <gpxtpx:TrackPointExtension>
            <gpxtpx:hr>98</gpxtpx:hr>
          </gpxtpx:TrackPointExtension>
        </extensions>
      </trkpt>
      <trkpt lat="22.645197628226253" lon="107.60619761992275">
        <ele>94.95156155340374</ele>
        <time>2023-07-11T01:44:19Z</time>
        <extensions>
          <gpxtpx:TrackPointExtension>
            <gpxtpx:hr>99</gpxtpx:hr>
          </gpxtpx:TrackPointExtension>
        </extensions>
      </trkpt>
      <trkpt lat="22.64519315464317" lon="107.60618986242044">
        <ele>94.95001431647688</ele>
        <time>2023-07-11T01:44:20Z</time>
        <extensions>
          <gpxtpx:TrackPointExtension>
            <gpxtpx:hr>99</gpxtpx:hr>
          </gpxtpx:TrackPointExtension>
        </extensions>
      </trkpt>
      <trkpt lat="22.645188172316697" lon="107.60618060835505">
        <ele>94.9502012450248</ele>
        <time>2023-07-11T01:44:21Z</time>
        <extensions>
          <gpxtpx:TrackPointExtension>
            <gpxtpx:hr>99</gpxtpx:hr>
          </gpxtpx:TrackPointExtension>
        </extensions>
      </trkpt>
      <trkpt lat="22.645183568144464" lon="107.60617093772218">
        <ele>94.95137587469071</ele>
        <time>2023-07-11T01:44:22Z</time>
        <extensions>
          <gpxtpx:TrackPointExtension>
            <gpxtpx:hr>101</gpxtpx:hr>
          </gpxtpx:TrackPointExtension>
        </extensions>
      </trkpt>
      <trkpt lat="22.6451799736927" lon="107.60616105340824">
        <ele>94.95285046380013</ele>
        <time>2023-07-11T01:44:23Z</time>
        <extensions>
          <gpxtpx:TrackPointExtension>
            <gpxtpx:hr>101</gpxtpx:hr>
          </gpxtpx:TrackPointExtension>
        </extensions>
      </trkpt>
      <trkpt lat="22.64517770480754" lon="107.60615059531713">
        <ele>94.95771285705268</ele>
        <time>2023-07-11T01:44:24Z</time>
        <extensions>
          <gpxtpx:TrackPointExtension>
            <gpxtpx:hr>101</gpxtpx:hr>
          </gpxtpx:TrackPointExtension>
        </extensions>
      </trkpt>
      <trkpt lat="22.645176826188706" lon="107.60613895111472">
        <ele>94.96603509690613</ele>
        <time>2023-07-11T01:44:25Z</time>
        <extensions>
          <gpxtpx:TrackPointExtension>
            <gpxtpx:hr>101</gpxtpx:hr>
          </gpxtpx:TrackPointExtension>
        </extensions>
      </trkpt>
      <trkpt lat="22.64517740167618" lon="107.60612606379244">
        <ele>94.97502568457276</ele>
        <time>2023-07-11T01:44:26Z</time>
        <extensions>
          <gpxtpx:TrackPointExtension>
            <gpxtpx:hr>99</gpxtpx:hr>
          </gpxtpx:TrackPointExtension>
        </extensions>
      </trkpt>
      <trkpt lat="22.64517922957372" lon="107.60611270061183">
        <ele>94.989301902242</ele>
        <time>2023-07-11T01:44:27Z</time>
        <extensions>
          <gpxtpx:TrackPointExtension>
            <gpxtpx:hr>99</gpxtpx:hr>
          </gpxtpx:TrackPointExtension>
        </extensions>
      </trkpt>
      <trkpt lat="22.645181510145363" lon="107.60609978617227">
        <ele>95.00652137771249</ele>
        <time>2023-07-11T01:44:28Z</time>
        <extensions>
          <gpxtpx:TrackPointExtension>
            <gpxtpx:hr>99</gpxtpx:hr>
          </gpxtpx:TrackPointExtension>
        </extensions>
      </trkpt>
      <trkpt lat="22.645182870449553" lon="107.60608742555426">
        <ele>95.02305792830884</ele>
        <time>2023-07-11T01:44:29Z</time>
        <extensions>
          <gpxtpx:TrackPointExtension>
            <gpxtpx:hr>99</gpxtpx:hr>
          </gpxtpx:TrackPointExtension>
        </extensions>
      </trkpt>
      <trkpt lat="22.645182619885695" lon="107.60607568503582">
        <ele>95.04182107746601</ele>
        <time>2023-07-11T01:44:30Z</time>
        <extensions>
          <gpxtpx:TrackPointExtension>
            <gpxtpx:hr>99</gpxtpx:hr>
          </gpxtpx:TrackPointExtension>
        </extensions>
      </trkpt>
      <trkpt lat="22.64518069747748" lon="107.6060647630627">
        <ele>95.06108557898551</ele>
        <time>2023-07-11T01:44:31Z</time>
        <extensions>
          <gpxtpx:TrackPointExtension>
            <gpxtpx:hr>98</gpxtpx:hr>
          </gpxtpx:TrackPointExtension>
        </extensions>
      </trkpt>
      <trkpt lat="22.645177519084047" lon="107.60605529366671">
        <ele>95.07792363036424</ele>
        <time>2023-07-11T01:44:32Z</time>
        <extensions>
          <gpxtpx:TrackPointExtension>
            <gpxtpx:hr>98</gpxtpx:hr>
          </gpxtpx:TrackPointExtension>
        </extensions>
      </trkpt>
      <trkpt lat="22.645174249373383" lon="107.606048268842">
        <ele>95.09540767222643</ele>
        <time>2023-07-11T01:44:33Z</time>
        <extensions>
          <gpxtpx:TrackPointExtension>
            <gpxtpx:hr>98</gpxtpx:hr>
          </gpxtpx:TrackPointExtension>
        </extensions>
      </trkpt>
      <trkpt lat="22.645172122521767" lon="107.60604421792785">
        <ele>95.10965019557625</ele>
        <time>2023-07-11T01:44:34Z</time>
        <extensions>
          <gpxtpx:TrackPointExtension>
            <gpxtpx:hr>98</gpxtpx:hr>
          </gpxtpx:TrackPointExtension>
        </extensions>
      </trkpt>
      <trkpt lat="22.645172029711997" lon="107.60604336111228">
        <ele>95.12063468713313</ele>
        <time>2023-07-11T01:44:35Z</time>
        <extensions>
          <gpxtpx:TrackPointExtension>
            <gpxtpx:hr>98</gpxtpx:hr>
          </gpxtpx:TrackPointExtension>
        </extensions>
      </trkpt>
      <trkpt lat="22.64517460991015" lon="107.6060454245302">
        <ele>95.13135496154428</ele>
        <time>2023-07-11T01:44:36Z</time>
        <extensions>
          <gpxtpx:TrackPointExtension>
            <gpxtpx:hr>98</gpxtpx:hr>
          </gpxtpx:TrackPointExtension>
        </extensions>
      </trkpt>
      <trkpt lat="22.645180080141238" lon="107.60604945667478">
        <ele>95.1380993835628</ele>
        <time>2023-07-11T01:44:37Z</time>
        <extensions>
          <gpxtpx:TrackPointExtension>
            <gpxtpx:hr>98</gpxtpx:hr>
          </gpxtpx:TrackPointExtension>
        </extensions>
      </trkpt>
      <trkpt lat="22.645187797705947" lon="107.60605408970228">
        <ele>95.14124516304582</ele>
        <time>2023-07-11T01:44:38Z</time>
        <extensions>
          <gpxtpx:TrackPointExtension>
            <gpxtpx:hr>87</gpxtpx:hr>
          </gpxtpx:TrackPointExtension>
        </extensions>
      </trkpt>
      <trkpt lat="22.645196688085612" lon="107.60605846624455">
        <ele>95.14292226359248</ele>
        <time>2023-07-11T01:44:39Z</time>
        <extensions>
          <gpxtpx:TrackPointExtension>
            <gpxtpx:hr>87</gpxtpx:hr>
          </gpxtpx:TrackPointExtension>
        </extensions>
      </trkpt>
      <trkpt lat="22.64520532506882" lon="107.60606217281489">
        <ele>95.14194660820067</ele>
        <time>2023-07-11T01:44:40Z</time>
        <extensions>
          <gpxtpx:TrackPointExtension>
            <gpxtpx:hr>87</gpxtpx:hr>
          </gpxtpx:TrackPointExtension>
        </extensions>
      </trkpt>
      <trkpt lat="22.64521205399146" lon="107.60606476984549">
        <ele>95.13855004683137</ele>
        <time>2023-07-11T01:44:41Z</time>
        <extensions>
          <gpxtpx:TrackPointExtension>
            <gpxtpx:hr>87</gpxtpx:hr>
          </gpxtpx:TrackPointExtension>
        </extensions>
      </trkpt>
      <trkpt lat="22.64521589660351" lon="107.60606599597288">
        <ele>95.13109297584742</ele>
        <time>2023-07-11T01:44:42Z</time>
        <extensions>
          <gpxtpx:TrackPointExtension>
            <gpxtpx:hr>87</gpxtpx:hr>
          </gpxtpx:TrackPointExtension>
        </extensions>
      </trkpt>
      <trkpt lat="22.645216666346204" lon="107.6060658783013">
        <ele>95.12629071436822</ele>
        <time>2023-07-11T01:44:43Z</time>
        <extensions>
          <gpxtpx:TrackPointExtension>
            <gpxtpx:hr>87</gpxtpx:hr>
          </gpxtpx:TrackPointExtension>
        </extensions>
      </trkpt>
      <trkpt lat="22.64521461645808" lon="107.60606461147776">
        <ele>95.12017686571926</ele>
        <time>2023-07-11T01:44:44Z</time>
        <extensions>
          <gpxtpx:TrackPointExtension>
            <gpxtpx:hr>87</gpxtpx:hr>
          </gpxtpx:TrackPointExtension>
        </extensions>
      </trkpt>
      <trkpt lat="22.645210313724753" lon="107.60606246474792">
        <ele>95.1147385649383</ele>
        <time>2023-07-11T01:44:45Z</time>
        <extensions>
          <gpxtpx:TrackPointExtension>
            <gpxtpx:hr>87</gpxtpx:hr>
          </gpxtpx:TrackPointExtension>
        </extensions>
      </trkpt>
      <trkpt lat="22.64520456222396" lon="107.6060597216223">
        <ele>95.10959312040359</ele>
        <time>2023-07-11T01:44:46Z</time>
        <extensions>
          <gpxtpx:TrackPointExtension>
            <gpxtpx:hr>87</gpxtpx:hr>
          </gpxtpx:TrackPointExtension>
        </extensions>
      </trkpt>
      <trkpt lat="22.64519825586825" lon="107.60605660554097">
        <ele>95.1094355545938</ele>
        <time>2023-07-11T01:44:47Z</time>
        <extensions>
          <gpxtpx:TrackPointExtension>
            <gpxtpx:hr>87</gpxtpx:hr>
          </gpxtpx:TrackPointExtension>
        </extensions>
      </trkpt>
      <trkpt lat="22.645192140059788" lon="107.60605317614335">
        <ele>95.10983849130571</ele>
        <time>2023-07-11T01:44:48Z</time>
        <extensions>
          <gpxtpx:TrackPointExtension>
            <gpxtpx:hr>96</gpxtpx:hr>
          </gpxtpx:TrackPointExtension>
        </extensions>
      </trkpt>
      <trkpt lat="22.645186666472352" lon="107.6060493168623">
        <ele>95.11088550556451</ele>
        <time>2023-07-11T01:44:49Z</time>
        <extensions>
          <gpxtpx:TrackPointExtension>
            <gpxtpx:hr>96</gpxtpx:hr>
          </gpxtpx:TrackPointExtension>
        </extensions>
      </trkpt>
      <trkpt lat="22.64518202737385" lon="107.60604484201309">
        <ele>95.10995212569833</ele>
        <time>2023-07-11T01:44:50Z</time>
        <extensions>
          <gpxtpx:TrackPointExtension>
            <gpxtpx:hr>96</gpxtpx:hr>
          </gpxtpx:TrackPointExtension>
        </extensions>
      </trkpt>
      <trkpt lat="22.64517803142588" lon="107.60603930638787">
        <ele>95.1112962057814</ele>
        <time>2023-07-11T01:44:51Z</time>
        <extensions>
          <gpxtpx:TrackPointExtension>
            <gpxtpx:hr>96</gpxtpx:hr>
          </gpxtpx:TrackPointExtension>
        </extensions>
      </trkpt>
      <trkpt lat="22.64517466017355" lon="107.60603219702527">
        <ele>95.11948464438319</ele>
        <time>2023-07-11T01:44:52Z</time>
        <extensions>
          <gpxtpx:TrackPointExtension>
            <gpxtpx:hr>96</gpxtpx:hr>
          </gpxtpx:TrackPointExtension>
        </extensions>
      </trkpt>
      <trkpt lat="22.645172390215006" lon="107.60602367721621">
        <ele>95.12859384063631</ele>
        <time>2023-07-11T01:44:53Z</time>
        <extensions>
          <gpxtpx:TrackPointExtension>
            <gpxtpx:hr>96</gpxtpx:hr>
          </gpxtpx:TrackPointExtension>
        </extensions>
      </trkpt>
      <trkpt lat="22.64517153189451" lon="107.6060146453895">
        <ele>95.13922261074185</ele>
        <time>2023-07-11T01:44:54Z</time>
        <extensions>
          <gpxtpx:TrackPointExtension>
            <gpxtpx:hr>96</gpxtpx:hr>
          </gpxtpx:TrackPointExtension>
        </extensions>
      </trkpt>
      <trkpt lat="22.64517201986518" lon="107.60600623234912">
        <ele>95.15022043511271</ele>
        <time>2023-07-11T01:44:55Z</time>
        <extensions>
          <gpxtpx:TrackPointExtension>
            <gpxtpx:hr>96</gpxtpx:hr>
          </gpxtpx:TrackPointExtension>
        </extensions>
      </trkpt>
      <trkpt lat="22.645173517856662" lon="107.60599952852453">
        <ele>95.16611950006336</ele>
        <time>2023-07-11T01:44:56Z</time>
        <extensions>
          <gpxtpx:TrackPointExtension>
            <gpxtpx:hr>96</gpxtpx:hr>
          </gpxtpx:TrackPointExtension>
        </extensions>
      </trkpt>
      <trkpt lat="22.645175766932137" lon="107.60599536828308">
        <ele>95.18259423784912</ele>
        <time>2023-07-11T01:44:57Z</time>
        <extensions>
          <gpxtpx:TrackPointExtension>
            <gpxtpx:hr>96</gpxtpx:hr>
          </gpxtpx:TrackPointExtension>
        </extensions>
      </trkpt>
      <trkpt lat="22.64517893626453" lon="107.60599390696403">
        <ele>95.20050265174359</ele>
        <time>2023-07-11T01:44:58Z</time>
        <extensions>
          <gpxtpx:TrackPointExtension>
            <gpxtpx:hr>96</gpxtpx:hr>
          </gpxtpx:TrackPointExtension>
        </extensions>
      </trkpt>
      <trkpt lat="22.645183348663835" lon="107.60599479520323">
        <ele>95.2153969462961</ele>
        <time>2023-07-11T01:44:59Z</time>
        <extensions>
          <gpxtpx:TrackPointExtension>
            <gpxtpx:hr>96</gpxtpx:hr>
          </gpxtpx:TrackPointExtension>
        </extensions>
      </trkpt>
      <trkpt lat="22.645189122518303" lon="107.6059976206735">
        <ele>95.23012480698526</ele>
        <time>2023-07-11T01:45:00Z</time>
        <extensions>
          <gpxtpx:TrackPointExtension>
            <gpxtpx:hr>96</gpxtpx:hr>
          </gpxtpx:TrackPointExtension>
        </extensions>
      </trkpt>
      <trkpt lat="22.645196547751084" lon="107.60600208533542">
        <ele>95.24465370737016</ele>
        <time>2023-07-11T01:45:01Z</time>
        <extensions>
          <gpxtpx:TrackPointExtension>
            <gpxtpx:hr>96</gpxtpx:hr>
          </gpxtpx:TrackPointExtension>
        </extensions>
      </trkpt>
      <trkpt lat="22.645205511985708" lon="107.60600748683017">
        <ele>95.25699007790536</ele>
        <time>2023-07-11T01:45:02Z</time>
        <extensions>
          <gpxtpx:TrackPointExtension>
            <gpxtpx:hr>96</gpxtpx:hr>
          </gpxtpx:TrackPointExtension>
        </extensions>
      </trkpt>
      <trkpt lat="22.64521486509701" lon="107.60601252273959">
        <ele>95.26924325618893</ele>
        <time>2023-07-11T01:45:03Z</time>
        <extensions>
          <gpxtpx:TrackPointExtension>
            <gpxtpx:hr>96</gpxtpx:hr>
          </gpxtpx:TrackPointExtension>
        </extensions>
      </trkpt>
      <trkpt lat="22.645223751751637" lon="107.60601642344308">
        <ele>95.28526225686073</ele>
        <time>2023-07-11T01:45:04Z</time>
        <extensions>
          <gpxtpx:TrackPointExtension>
            <gpxtpx:hr>96</gpxtpx:hr>
          </gpxtpx:TrackPointExtension>
        </extensions>
      </trkpt>
      <trkpt lat="22.64523172449071" lon="107.60601885447778">
        <ele>95.29545974545181</ele>
        <time>2023-07-11T01:45:05Z</time>
        <extensions>
          <gpxtpx:TrackPointExtension>
            <gpxtpx:hr>96</gpxtpx:hr>
          </gpxtpx:TrackPointExtension>
        </extensions>
      </trkpt>
      <trkpt lat="22.645238164721054" lon="107.60601930229576">
        <ele>95.30593519844115</ele>
        <time>2023-07-11T01:45:06Z</time>
        <extensions>
          <gpxtpx:TrackPointExtension>
            <gpxtpx:hr>96</gpxtpx:hr>
          </gpxtpx:TrackPointExtension>
        </extensions>
      </trkpt>
      <trkpt lat="22.645242623704114" lon="107.60601739736431">
        <ele>95.31865540053695</ele>
        <time>2023-07-11T01:45:07Z</time>
        <extensions>
          <gpxtpx:TrackPointExtension>
            <gpxtpx:hr>96</gpxtpx:hr>
          </gpxtpx:TrackPointExtension>
        </extensions>
      </trkpt>
      <trkpt lat="22.645244909737567" lon="107.60601309697257">
        <ele>95.33056186232716</ele>
        <time>2023-07-11T01:45:08Z</time>
        <extensions>
          <gpxtpx:TrackPointExtension>
            <gpxtpx:hr>93</gpxtpx:hr>
          </gpxtpx:TrackPointExtension>
        </extensions>
      </trkpt>
      <trkpt lat="22.645245347183995" lon="107.60600671064523">
        <ele>95.34277921449393</ele>
        <time>2023-07-11T01:45:09Z</time>
        <extensions>
          <gpxtpx:TrackPointExtension>
            <gpxtpx:hr>93</gpxtpx:hr>
          </gpxtpx:TrackPointExtension>
        </extensions>
      </trkpt>
      <trkpt lat="22.64524475833801" lon="107.60599870784334">
        <ele>95.35622857417911</ele>
        <time>2023-07-11T01:45:10Z</time>
        <extensions>
          <gpxtpx:TrackPointExtension>
            <gpxtpx:hr>93</gpxtpx:hr>
          </gpxtpx:TrackPointExtension>
        </extensions>
      </trkpt>
      <trkpt lat="22.64524387181295" lon="107.60598975638322">
        <ele>95.37121974676847</ele>
        <time>2023-07-11T01:45:11Z</time>
        <extensions>
          <gpxtpx:TrackPointExtension>
            <gpxtpx:hr>93</gpxtpx:hr>
          </gpxtpx:TrackPointExtension>
        </extensions>
      </trkpt>
      <trkpt lat="22.645243202596415" lon="107.60598070697695">
        <ele>95.38901415094733</ele>
        <time>2023-07-11T01:45:12Z</time>
        <extensions>
          <gpxtpx:TrackPointExtension>
            <gpxtpx:hr>93</gpxtpx:hr>
          </gpxtpx:TrackPointExtension>
        </extensions>
      </trkpt>
      <trkpt lat="22.64524307230442" lon="107.60597170630514">
        <ele>95.41009250283241</ele>
        <time>2023-07-11T01:45:13Z</time>
        <extensions>
          <gpxtpx:TrackPointExtension>
            <gpxtpx:hr>93</gpxtpx:hr>
          </gpxtpx:TrackPointExtension>
        </extensions>
      </trkpt>
      <trkpt lat="22.645243689768453" lon="107.60596227149843">
        <ele>95.43136003892869</ele>
        <time>2023-07-11T01:45:14Z</time>
        <extensions>
          <gpxtpx:TrackPointExtension>
            <gpxtpx:hr>93</gpxtpx:hr>
          </gpxtpx:TrackPointExtension>
        </extensions>
      </trkpt>
      <trkpt lat="22.64524502567444" lon="107.6059526115723">
        <ele>95.45700664725155</ele>
        <time>2023-07-11T01:45:15Z</time>
        <extensions>
          <gpxtpx:TrackPointExtension>
            <gpxtpx:hr>93</gpxtpx:hr>
          </gpxtpx:TrackPointExtension>
        </extensions>
      </trkpt>
      <trkpt lat="22.645247018952517" lon="107.60594322870725">
        <ele>95.48920319415629</ele>
        <time>2023-07-11T01:45:16Z</time>
        <extensions>
          <gpxtpx:TrackPointExtension>
            <gpxtpx:hr>99</gpxtpx:hr>
          </gpxtpx:TrackPointExtension>
        </extensions>
      </trkpt>
      <trkpt lat="22.645249498593266" lon="107.60593438641494">
        <ele>95.52460264321417</ele>
        <time>2023-07-11T01:45:17Z</time>
        <extensions>
          <gpxtpx:TrackPointExtension>
            <gpxtpx:hr>99</gpxtpx:hr>
          </gpxtpx:TrackPointExtension>
        </extensions>
      </trkpt>
      <trkpt lat="22.645252233873098" lon="107.60592591851754">
        <ele>95.56726848799735</ele>
        <time>2023-07-11T01:45:18Z</time>
        <extensions>
          <gpxtpx:TrackPointExtension>
            <gpxtpx:hr>99</gpxtpx:hr>
          </gpxtpx:TrackPointExtension>
        </extensions>
      </trkpt>
      <trkpt lat="22.645254902258817" lon="107.60591707135325">
        <ele>95.61361072771251</ele>
        <time>2023-07-11T01:45:19Z</time>
        <extensions>
          <gpxtpx:TrackPointExtension>
            <gpxtpx:hr>99</gpxtpx:hr>
          </gpxtpx:TrackPointExtension>
        </extensions>
      </trkpt>
      <trkpt lat="22.64525751019775" lon="107.60590736363628">
        <ele>95.66909105051309</ele>
        <time>2023-07-11T01:45:20Z</time>
        <extensions>
          <gpxtpx:TrackPointExtension>
            <gpxtpx:hr>99</gpxtpx:hr>
          </gpxtpx:TrackPointExtension>
        </extensions>
      </trkpt>
      <trkpt lat="22.645260788404244" lon="107.60589690173956">
        <ele>95.72812535427511</ele>
        <time>2023-07-11T01:45:21Z</time>
        <extensions>
          <gpxtpx:TrackPointExtension>
            <gpxtpx:hr>99</gpxtpx:hr>
          </gpxtpx:TrackPointExtension>
        </extensions>
      </trkpt>
      <trkpt lat="22.645265427956897" lon="107.60588582707038">
        <ele>95.79018565732986</ele>
        <time>2023-07-11T01:45:22Z</time>
        <extensions>
          <gpxtpx:TrackPointExtension>
            <gpxtpx:hr>99</gpxtpx:hr>
          </gpxtpx:TrackPointExtension>
        </extensions>
      </trkpt>
      <trkpt lat="22.64527116373973" lon="107.60587340493677">
        <ele>95.84156859852374</ele>
        <time>2023-07-11T01:45:23Z</time>
        <extensions>
          <gpxtpx:TrackPointExtension>
            <gpxtpx:hr>90</gpxtpx:hr>
          </gpxtpx:TrackPointExtension>
        </extensions>
      </trkpt>
      <trkpt lat="22.645276791611085" lon="107.60585893825575">
        <ele>95.89039292279631</ele>
        <time>2023-07-11T01:45:24Z</time>
        <extensions>
          <gpxtpx:TrackPointExtension>
            <gpxtpx:hr>90</gpxtpx:hr>
          </gpxtpx:TrackPointExtension>
        </extensions>
      </trkpt>
      <trkpt lat="22.645281032361982" lon="107.60584215428868">
        <ele>95.9367115907371</ele>
        <time>2023-07-11T01:45:25Z</time>
        <extensions>
          <gpxtpx:TrackPointExtension>
            <gpxtpx:hr>90</gpxtpx:hr>
          </gpxtpx:TrackPointExtension>
        </extensions>
      </trkpt>
      <trkpt lat="22.64528314032712" lon="107.6058227563188">
        <ele>95.98344011604786</ele>
        <time>2023-07-11T01:45:26Z</time>
        <extensions>
          <gpxtpx:TrackPointExtension>
            <gpxtpx:hr>90</gpxtpx:hr>
          </gpxtpx:TrackPointExtension>
        </extensions>
      </trkpt>
      <trkpt lat="22.6452833476785" lon="107.6058022551634">
        <ele>96.02882310282439</ele>
        <time>2023-07-11T01:45:27Z</time>
        <extensions>
          <gpxtpx:TrackPointExtension>
            <gpxtpx:hr>90</gpxtpx:hr>
          </gpxtpx:TrackPointExtension>
        </extensions>
      </trkpt>
      <trkpt lat="22.6452825616735" lon="107.60578287783784">
        <ele>96.07052705902606</ele>
        <time>2023-07-11T01:45:28Z</time>
        <extensions>
          <gpxtpx:TrackPointExtension>
            <gpxtpx:hr>89</gpxtpx:hr>
          </gpxtpx:TrackPointExtension>
        </extensions>
      </trkpt>
      <trkpt lat="22.645281474863737" lon="107.60576566355661">
        <ele>96.10786651168019</ele>
        <time>2023-07-11T01:45:29Z</time>
        <extensions>
          <gpxtpx:TrackPointExtension>
            <gpxtpx:hr>89</gpxtpx:hr>
          </gpxtpx:TrackPointExtension>
        </extensions>
      </trkpt>
      <trkpt lat="22.645280500377467" lon="107.60575053638235">
        <ele>96.11556807346642</ele>
        <time>2023-07-11T01:45:30Z</time>
        <extensions>
          <gpxtpx:TrackPointExtension>
            <gpxtpx:hr>89</gpxtpx:hr>
          </gpxtpx:TrackPointExtension>
        </extensions>
      </trkpt>
      <trkpt lat="22.645280006630973" lon="107.6057381326028">
        <ele>96.12187619693577</ele>
        <time>2023-07-11T01:45:31Z</time>
        <extensions>
          <gpxtpx:TrackPointExtension>
            <gpxtpx:hr>89</gpxtpx:hr>
          </gpxtpx:TrackPointExtension>
        </extensions>
      </trkpt>
      <trkpt lat="22.645280137036686" lon="107.60572877454214">
        <ele>96.11756848078221</ele>
        <time>2023-07-11T01:45:32Z</time>
        <extensions>
          <gpxtpx:TrackPointExtension>
            <gpxtpx:hr>89</gpxtpx:hr>
          </gpxtpx:TrackPointExtension>
        </extensions>
      </trkpt>
      <trkpt lat="22.645280738435147" lon="107.60572114388754">
        <ele>96.1052320767194</ele>
        <time>2023-07-11T01:45:33Z</time>
        <extensions>
          <gpxtpx:TrackPointExtension>
            <gpxtpx:hr>100</gpxtpx:hr>
          </gpxtpx:TrackPointExtension>
        </extensions>
      </trkpt>
      <trkpt lat="22.64528160107731" lon="107.60571460307472">
        <ele>96.0944194002077</ele>
        <time>2023-07-11T01:45:34Z</time>
        <extensions>
          <gpxtpx:TrackPointExtension>
            <gpxtpx:hr>100</gpxtpx:hr>
          </gpxtpx:TrackPointExtension>
        </extensions>
      </trkpt>
      <trkpt lat="22.64528266872425" lon="107.60570850675563">
        <ele>96.07880032248795</ele>
        <time>2023-07-11T01:45:35Z</time>
        <extensions>
          <gpxtpx:TrackPointExtension>
            <gpxtpx:hr>100</gpxtpx:hr>
          </gpxtpx:TrackPointExtension>
        </extensions>
      </trkpt>
      <trkpt lat="22.64528383409581" lon="107.60570283094235">
        <ele>96.05398761294782</ele>
        <time>2023-07-11T01:45:36Z</time>
        <extensions>
          <gpxtpx:TrackPointExtension>
            <gpxtpx:hr>100</gpxtpx:hr>
          </gpxtpx:TrackPointExtension>
        </extensions>
      </trkpt>
      <trkpt lat="22.64528481803501" lon="107.60569834772261">
        <ele>96.02516831178218</ele>
        <time>2023-07-11T01:45:37Z</time>
        <extensions>
          <gpxtpx:TrackPointExtension>
            <gpxtpx:hr>100</gpxtpx:hr>
          </gpxtpx:TrackPointExtension>
        </extensions>
      </trkpt>
      <trkpt lat="22.645285424928662" lon="107.60569499816035">
        <ele>95.99314622022212</ele>
        <time>2023-07-11T01:45:38Z</time>
        <extensions>
          <gpxtpx:TrackPointExtension>
            <gpxtpx:hr>100</gpxtpx:hr>
          </gpxtpx:TrackPointExtension>
        </extensions>
      </trkpt>
      <trkpt lat="22.6452856992188" lon="107.60569197552032">
        <ele>95.95887829177082</ele>
        <time>2023-07-11T01:45:39Z</time>
        <extensions>
          <gpxtpx:TrackPointExtension>
            <gpxtpx:hr>107</gpxtpx:hr>
          </gpxtpx:TrackPointExtension>
        </extensions>
      </trkpt>
      <trkpt lat="22.645285731722602" lon="107.6056887280167">
        <ele>95.92351962532848</ele>
        <time>2023-07-11T01:45:40Z</time>
        <extensions>
          <gpxtpx:TrackPointExtension>
            <gpxtpx:hr>107</gpxtpx:hr>
          </gpxtpx:TrackPointExtension>
        </extensions>
      </trkpt>
      <trkpt lat="22.6452855521264" lon="107.60568567493861">
        <ele>95.88827028498054</ele>
        <time>2023-07-11T01:45:41Z</time>
        <extensions>
          <gpxtpx:TrackPointExtension>
            <gpxtpx:hr>107</gpxtpx:hr>
          </gpxtpx:TrackPointExtension>
        </extensions>
      </trkpt>
      <trkpt lat="22.645285170373132" lon="107.60568365575118">
        <ele>95.85407879389822</ele>
        <time>2023-07-11T01:45:42Z</time>
        <extensions>
          <gpxtpx:TrackPointExtension>
            <gpxtpx:hr>107</gpxtpx:hr>
          </gpxtpx:TrackPointExtension>
        </extensions>
      </trkpt>
      <trkpt lat="22.645284642595687" lon="107.60568280142621">
        <ele>95.82158490177244</ele>
        <time>2023-07-11T01:45:43Z</time>
        <extensions>
          <gpxtpx:TrackPointExtension>
            <gpxtpx:hr>107</gpxtpx:hr>
          </gpxtpx:TrackPointExtension>
        </extensions>
      </trkpt>
      <trkpt lat="22.645284012666558" lon="107.6056826878424">
        <ele>95.79116072040051</ele>
        <time>2023-07-11T01:45:44Z</time>
        <extensions>
          <gpxtpx:TrackPointExtension>
            <gpxtpx:hr>103</gpxtpx:hr>
          </gpxtpx:TrackPointExtension>
        </extensions>
      </trkpt>
      <trkpt lat="22.645283231705555" lon="107.60568296307969">
        <ele>95.76297006290406</ele>
        <time>2023-07-11T01:45:45Z</time>
        <extensions>
          <gpxtpx:TrackPointExtension>
            <gpxtpx:hr>103</gpxtpx:hr>
          </gpxtpx:TrackPointExtension>
        </extensions>
      </trkpt>
      <trkpt lat="22.645282352404877" lon="107.60568341746249">
        <ele>95.73712314665318</ele>
        <time>2023-07-11T01:45:46Z</time>
        <extensions>
          <gpxtpx:TrackPointExtension>
            <gpxtpx:hr>103</gpxtpx:hr>
          </gpxtpx:TrackPointExtension>
        </extensions>
      </trkpt>
      <trkpt lat="22.64528155927298" lon="107.60568387754869">
        <ele>95.7137320516631</ele>
        <time>2023-07-11T01:45:47Z</time>
        <extensions>
          <gpxtpx:TrackPointExtension>
            <gpxtpx:hr>103</gpxtpx:hr>
          </gpxtpx:TrackPointExtension>
        </extensions>
      </trkpt>
      <trkpt lat="22.645280938311043" lon="107.6056842572268">
        <ele>95.6928489068523</ele>
        <time>2023-07-11T01:45:48Z</time>
        <extensions>
          <gpxtpx:TrackPointExtension>
            <gpxtpx:hr>103</gpxtpx:hr>
          </gpxtpx:TrackPointExtension>
        </extensions>
      </trkpt>
      <trkpt lat="22.645280486658052" lon="107.60568454205085">
        <ele>95.67443716991693</ele>
        <time>2023-07-11T01:45:49Z</time>
        <extensions>
          <gpxtpx:TrackPointExtension>
            <gpxtpx:hr>102</gpxtpx:hr>
          </gpxtpx:TrackPointExtension>
        </extensions>
      </trkpt>
      <trkpt lat="22.64528017408153" lon="107.60568474330717">
        <ele>95.65841018222272</ele>
        <time>2023-07-11T01:45:50Z</time>
        <extensions>
          <gpxtpx:TrackPointExtension>
            <gpxtpx:hr>102</gpxtpx:hr>
          </gpxtpx:TrackPointExtension>
        </extensions>
      </trkpt>
      <trkpt lat="22.64527996698896" lon="107.60568487869858">
        <ele>95.64464278426021</ele>
        <time>2023-07-11T01:45:51Z</time>
        <extensions>
          <gpxtpx:TrackPointExtension>
            <gpxtpx:hr>102</gpxtpx:hr>
          </gpxtpx:TrackPointExtension>
        </extensions>
      </trkpt>
      <trkpt lat="22.645279834117698" lon="107.60568496663066">
        <ele>95.63297931756824</ele>
        <time>2023-07-11T01:45:52Z</time>
        <extensions>
          <gpxtpx:TrackPointExtension>
            <gpxtpx:hr>102</gpxtpx:hr>
          </gpxtpx:TrackPointExtension>
        </extensions>
      </trkpt>
      <trkpt lat="22.645279749807617" lon="107.60568502299144">
        <ele>95.62324470002204</ele>
        <time>2023-07-11T01:45:53Z</time>
        <extensions>
          <gpxtpx:TrackPointExtension>
            <gpxtpx:hr>102</gpxtpx:hr>
          </gpxtpx:TrackPointExtension>
        </extensions>
      </trkpt>
      <trkpt lat="22.645279697019433" lon="107.60568505858296">
        <ele>95.61525163799524</ele>
        <time>2023-07-11T01:45:54Z</time>
        <extensions>
          <gpxtpx:TrackPointExtension>
            <gpxtpx:hr>102</gpxtpx:hr>
          </gpxtpx:TrackPointExtension>
        </extensions>
      </trkpt>
      <trkpt lat="22.64527944151369" lon="107.60568516707339">
        <ele>95.62496750801802</ele>
        <time>2023-07-11T01:45:55Z</time>
        <extensions>
          <gpxtpx:TrackPointExtension>
            <gpxtpx:hr>102</gpxtpx:hr>
          </gpxtpx:TrackPointExtension>
        </extensions>
      </trkpt>
      <trkpt lat="22.645279280442665" lon="107.60568524254622">
        <ele>95.64305475819856</ele>
        <time>2023-07-11T01:45:56Z</time>
        <extensions>
          <gpxtpx:TrackPointExtension>
            <gpxtpx:hr>102</gpxtpx:hr>
          </gpxtpx:TrackPointExtension>
        </extensions>
      </trkpt>
      <trkpt lat="22.64527909747928" lon="107.60568530267938">
        <ele>95.66892910655588</ele>
        <time>2023-07-11T01:45:57Z</time>
        <extensions>
          <gpxtpx:TrackPointExtension>
            <gpxtpx:hr>102</gpxtpx:hr>
          </gpxtpx:TrackPointExtension>
        </extensions>
      </trkpt>
      <trkpt lat="22.645278888215387" lon="107.6056853718678">
        <ele>95.69921291060746</ele>
        <time>2023-07-11T01:45:58Z</time>
        <extensions>
          <gpxtpx:TrackPointExtension>
            <gpxtpx:hr>102</gpxtpx:hr>
          </gpxtpx:TrackPointExtension>
        </extensions>
      </trkpt>
      <trkpt lat="22.64527859507963" lon="107.60568546826788">
        <ele>95.73185681272298</ele>
        <time>2023-07-11T01:45:59Z</time>
        <extensions>
          <gpxtpx:TrackPointExtension>
            <gpxtpx:hr>102</gpxtpx:hr>
          </gpxtpx:TrackPointExtension>
        </extensions>
      </trkpt>
      <trkpt lat="22.645278181809985" lon="107.60568560131226">
        <ele>95.77611963823438</ele>
        <time>2023-07-11T01:46:00Z</time>
        <extensions>
          <gpxtpx:TrackPointExtension>
            <gpxtpx:hr>102</gpxtpx:hr>
          </gpxtpx:TrackPointExtension>
        </extensions>
      </trkpt>
      <trkpt lat="22.645277625852426" lon="107.60568574442163">
        <ele>95.81462759431452</ele>
        <time>2023-07-11T01:46:01Z</time>
        <extensions>
          <gpxtpx:TrackPointExtension>
            <gpxtpx:hr>99</gpxtpx:hr>
          </gpxtpx:TrackPointExtension>
        </extensions>
      </trkpt>
      <trkpt lat="22.645276782396024" lon="107.60568590449247">
        <ele>95.86393295228481</ele>
        <time>2023-07-11T01:46:02Z</time>
        <extensions>
          <gpxtpx:TrackPointExtension>
            <gpxtpx:hr>99</gpxtpx:hr>
          </gpxtpx:TrackPointExtension>
        </extensions>
      </trkpt>
      <trkpt lat="22.64527564591319" lon="107.60568596232997">
        <ele>95.90881834644824</ele>
        <time>2023-07-11T01:46:03Z</time>
        <extensions>
          <gpxtpx:TrackPointExtension>
            <gpxtpx:hr>99</gpxtpx:hr>
          </gpxtpx:TrackPointExtension>
        </extensions>
      </trkpt>
      <trkpt lat="22.64527458177642" lon="107.60568571225211">
        <ele>95.95116407983005</ele>
        <time>2023-07-11T01:46:04Z</time>
        <extensions>
          <gpxtpx:TrackPointExtension>
            <gpxtpx:hr>99</gpxtpx:hr>
          </gpxtpx:TrackPointExtension>
        </extensions>
      </trkpt>
      <trkpt lat="22.645274264538116" lon="107.60568473464055">
        <ele>95.99221563525498</ele>
        <time>2023-07-11T01:46:05Z</time>
        <extensions>
          <gpxtpx:TrackPointExtension>
            <gpxtpx:hr>99</gpxtpx:hr>
          </gpxtpx:TrackPointExtension>
        </extensions>
      </trkpt>
      <trkpt lat="22.645275339631702" lon="107.605682911731">
        <ele>96.0365492887795</ele>
        <time>2023-07-11T01:46:06Z</time>
        <extensions>
          <gpxtpx:TrackPointExtension>
            <gpxtpx:hr>99</gpxtpx:hr>
          </gpxtpx:TrackPointExtension>
        </extensions>
      </trkpt>
      <trkpt lat="22.645277324559967" lon="107.60568103286022">
        <ele>96.08079140074551</ele>
        <time>2023-07-11T01:46:07Z</time>
        <extensions>
          <gpxtpx:TrackPointExtension>
            <gpxtpx:hr>100</gpxtpx:hr>
          </gpxtpx:TrackPointExtension>
        </extensions>
      </trkpt>
      <trkpt lat="22.645279416036335" lon="107.60567964919923">
        <ele>96.11723516043276</ele>
        <time>2023-07-11T01:46:08Z</time>
        <extensions>
          <gpxtpx:TrackPointExtension>
            <gpxtpx:hr>100</gpxtpx:hr>
          </gpxtpx:TrackPointExtension>
        </extensions>
      </trkpt>
      <trkpt lat="22.645281457657873" lon="107.60567870629843">
        <ele>96.15680120512843</ele>
        <time>2023-07-11T01:46:09Z</time>
        <extensions>
          <gpxtpx:TrackPointExtension>
            <gpxtpx:hr>100</gpxtpx:hr>
          </gpxtpx:TrackPointExtension>
        </extensions>
      </trkpt>
      <trkpt lat="22.64528359732944" lon="107.6056783820166">
        <ele>96.18873252347112</ele>
        <time>2023-07-11T01:46:10Z</time>
        <extensions>
          <gpxtpx:TrackPointExtension>
            <gpxtpx:hr>100</gpxtpx:hr>
          </gpxtpx:TrackPointExtension>
        </extensions>
      </trkpt>
      <trkpt lat="22.64528600058217" lon="107.6056789935531">
        <ele>96.20982759911567</ele>
        <time>2023-07-11T01:46:11Z</time>
        <extensions>
          <gpxtpx:TrackPointExtension>
            <gpxtpx:hr>100</gpxtpx:hr>
          </gpxtpx:TrackPointExtension>
        </extensions>
      </trkpt>
      <trkpt lat="22.645288903259765" lon="107.60568065596391">
        <ele>96.22276918124408</ele>
        <time>2023-07-11T01:46:12Z</time>
        <extensions>
          <gpxtpx:TrackPointExtension>
            <gpxtpx:hr>100</gpxtpx:hr>
          </gpxtpx:TrackPointExtension>
        </extensions>
      </trkpt>
      <trkpt lat="22.64529257666757" lon="107.605683250633">
        <ele>96.23692389018834</ele>
        <time>2023-07-11T01:46:13Z</time>
        <extensions>
          <gpxtpx:TrackPointExtension>
            <gpxtpx:hr>92</gpxtpx:hr>
          </gpxtpx:TrackPointExtension>
        </extensions>
      </trkpt>
      <trkpt lat="22.645296709457956" lon="107.60568673552703">
        <ele>96.23694858606905</ele>
        <time>2023-07-11T01:46:14Z</time>
        <extensions>
          <gpxtpx:TrackPointExtension>
            <gpxtpx:hr>92</gpxtpx:hr>
          </gpxtpx:TrackPointExtension>
        </extensions>
      </trkpt>
      <trkpt lat="22.645300694717275" lon="107.60569117209896">
        <ele>96.23244725447148</ele>
        <time>2023-07-11T01:46:15Z</time>
        <extensions>
          <gpxtpx:TrackPointExtension>
            <gpxtpx:hr>92</gpxtpx:hr>
          </gpxtpx:TrackPointExtension>
        </extensions>
      </trkpt>
      <trkpt lat="22.645304260593665" lon="107.60569707318166">
        <ele>96.2232872005552</ele>
        <time>2023-07-11T01:46:16Z</time>
        <extensions>
          <gpxtpx:TrackPointExtension>
            <gpxtpx:hr>92</gpxtpx:hr>
          </gpxtpx:TrackPointExtension>
        </extensions>
      </trkpt>
      <trkpt lat="22.645307357544862" lon="107.60570485835774">
        <ele>96.2142861764878</ele>
        <time>2023-07-11T01:46:17Z</time>
        <extensions>
          <gpxtpx:TrackPointExtension>
            <gpxtpx:hr>93</gpxtpx:hr>
          </gpxtpx:TrackPointExtension>
        </extensions>
      </trkpt>
      <trkpt lat="22.64531058696585" lon="107.60571441978216">
        <ele>96.19710911810398</ele>
        <time>2023-07-11T01:46:18Z</time>
        <extensions>
          <gpxtpx:TrackPointExtension>
            <gpxtpx:hr>93</gpxtpx:hr>
          </gpxtpx:TrackPointExtension>
        </extensions>
      </trkpt>
      <trkpt lat="22.645314581416518" lon="107.60572520915704">
        <ele>96.18049960024655</ele>
        <time>2023-07-11T01:46:19Z</time>
        <extensions>
          <gpxtpx:TrackPointExtension>
            <gpxtpx:hr>93</gpxtpx:hr>
          </gpxtpx:TrackPointExtension>
        </extensions>
      </trkpt>
      <trkpt lat="22.64531927961262" lon="107.60573661328652">
        <ele>96.16211277805269</ele>
        <time>2023-07-11T01:46:20Z</time>
        <extensions>
          <gpxtpx:TrackPointExtension>
            <gpxtpx:hr>93</gpxtpx:hr>
          </gpxtpx:TrackPointExtension>
        </extensions>
      </trkpt>
      <trkpt lat="22.645324766932966" lon="107.6057489029118">
        <ele>96.13448380678892</ele>
        <time>2023-07-11T01:46:21Z</time>
        <extensions>
          <gpxtpx:TrackPointExtension>
            <gpxtpx:hr>93</gpxtpx:hr>
          </gpxtpx:TrackPointExtension>
        </extensions>
      </trkpt>
      <trkpt lat="22.645331518724614" lon="107.60576328605485">
        <ele>96.11294571030885</ele>
        <time>2023-07-11T01:46:22Z</time>
        <extensions>
          <gpxtpx:TrackPointExtension>
            <gpxtpx:hr>93</gpxtpx:hr>
          </gpxtpx:TrackPointExtension>
        </extensions>
      </trkpt>
      <trkpt lat="22.64533942522495" lon="107.60577968511986">
        <ele>96.08478290587664</ele>
        <time>2023-07-11T01:46:23Z</time>
        <extensions>
          <gpxtpx:TrackPointExtension>
            <gpxtpx:hr>85</gpxtpx:hr>
          </gpxtpx:TrackPointExtension>
        </extensions>
      </trkpt>
      <trkpt lat="22.645347554079024" lon="107.60579660673686">
        <ele>96.05580491945148</ele>
        <time>2023-07-11T01:46:24Z</time>
        <extensions>
          <gpxtpx:TrackPointExtension>
            <gpxtpx:hr>85</gpxtpx:hr>
          </gpxtpx:TrackPointExtension>
        </extensions>
      </trkpt>
      <trkpt lat="22.64535566081352" lon="107.60581361049317">
        <ele>96.0269253719598</ele>
        <time>2023-07-11T01:46:25Z</time>
        <extensions>
          <gpxtpx:TrackPointExtension>
            <gpxtpx:hr>85</gpxtpx:hr>
          </gpxtpx:TrackPointExtension>
        </extensions>
      </trkpt>
      <trkpt lat="22.645363867089767" lon="107.60583038693288">
        <ele>95.99856278859079</ele>
        <time>2023-07-11T01:46:26Z</time>
        <extensions>
          <gpxtpx:TrackPointExtension>
            <gpxtpx:hr>85</gpxtpx:hr>
          </gpxtpx:TrackPointExtension>
        </extensions>
      </trkpt>
      <trkpt lat="22.645372173051477" lon="107.60584591273955">
        <ele>95.97105563338846</ele>
        <time>2023-07-11T01:46:27Z</time>
        <extensions>
          <gpxtpx:TrackPointExtension>
            <gpxtpx:hr>85</gpxtpx:hr>
          </gpxtpx:TrackPointExtension>
        </extensions>
      </trkpt>
      <trkpt lat="22.645380492432512" lon="107.60585908526447">
        <ele>95.94462931063026</ele>
        <time>2023-07-11T01:46:28Z</time>
        <extensions>
          <gpxtpx:TrackPointExtension>
            <gpxtpx:hr>85</gpxtpx:hr>
          </gpxtpx:TrackPointExtension>
        </extensions>
      </trkpt>
      <trkpt lat="22.645389092725136" lon="107.6058698357903">
        <ele>95.91944893542677</ele>
        <time>2023-07-11T01:46:29Z</time>
        <extensions>
          <gpxtpx:TrackPointExtension>
            <gpxtpx:hr>85</gpxtpx:hr>
          </gpxtpx:TrackPointExtension>
        </extensions>
      </trkpt>
      <trkpt lat="22.64539840251758" lon="107.60587901615878">
        <ele>95.89561756327748</ele>
        <time>2023-07-11T01:46:30Z</time>
        <extensions>
          <gpxtpx:TrackPointExtension>
            <gpxtpx:hr>85</gpxtpx:hr>
          </gpxtpx:TrackPointExtension>
        </extensions>
      </trkpt>
      <trkpt lat="22.645408287895137" lon="107.6058871415411">
        <ele>95.87324380874634</ele>
        <time>2023-07-11T01:46:31Z</time>
        <extensions>
          <gpxtpx:TrackPointExtension>
            <gpxtpx:hr>85</gpxtpx:hr>
          </gpxtpx:TrackPointExtension>
        </extensions>
      </trkpt>
      <trkpt lat="22.645418471762394" lon="107.60589449932462">
        <ele>95.85321765299886</ele>
        <time>2023-07-11T01:46:32Z</time>
        <extensions>
          <gpxtpx:TrackPointExtension>
            <gpxtpx:hr>85</gpxtpx:hr>
          </gpxtpx:TrackPointExtension>
        </extensions>
      </trkpt>
      <trkpt lat="22.645427835694466" lon="107.60590078465964">
        <ele>95.82485774625093</ele>
        <time>2023-07-11T01:46:33Z</time>
        <extensions>
          <gpxtpx:TrackPointExtension>
            <gpxtpx:hr>91</gpxtpx:hr>
          </gpxtpx:TrackPointExtension>
        </extensions>
      </trkpt>
      <trkpt lat="22.645435604917648" lon="107.6059056871007">
        <ele>95.80738171655685</ele>
        <time>2023-07-11T01:46:34Z</time>
        <extensions>
          <gpxtpx:TrackPointExtension>
            <gpxtpx:hr>91</gpxtpx:hr>
          </gpxtpx:TrackPointExtension>
        </extensions>
      </trkpt>
      <trkpt lat="22.6454417439354" lon="107.60590931527943">
        <ele>95.78462435957044</ele>
        <time>2023-07-11T01:46:35Z</time>
        <extensions>
          <gpxtpx:TrackPointExtension>
            <gpxtpx:hr>91</gpxtpx:hr>
          </gpxtpx:TrackPointExtension>
        </extensions>
      </trkpt>
      <trkpt lat="22.645446739084637" lon="107.60591205999809">
        <ele>95.76336112990975</ele>
        <time>2023-07-11T01:46:36Z</time>
        <extensions>
          <gpxtpx:TrackPointExtension>
            <gpxtpx:hr>91</gpxtpx:hr>
          </gpxtpx:TrackPointExtension>
        </extensions>
      </trkpt>
      <trkpt lat="22.645451592873854" lon="107.60591468647834">
        <ele>95.74210575036705</ele>
        <time>2023-07-11T01:46:37Z</time>
        <extensions>
          <gpxtpx:TrackPointExtension>
            <gpxtpx:hr>91</gpxtpx:hr>
          </gpxtpx:TrackPointExtension>
        </extensions>
      </trkpt>
      <trkpt lat="22.645457088579487" lon="107.6059175999643">
        <ele>95.72140040062368</ele>
        <time>2023-07-11T01:46:38Z</time>
        <extensions>
          <gpxtpx:TrackPointExtension>
            <gpxtpx:hr>91</gpxtpx:hr>
          </gpxtpx:TrackPointExtension>
        </extensions>
      </trkpt>
      <trkpt lat="22.645464041578066" lon="107.60592139264932">
        <ele>95.70118224993348</ele>
        <time>2023-07-11T01:46:39Z</time>
        <extensions>
          <gpxtpx:TrackPointExtension>
            <gpxtpx:hr>93</gpxtpx:hr>
          </gpxtpx:TrackPointExtension>
        </extensions>
      </trkpt>
      <trkpt lat="22.645473104601418" lon="107.60592664912134">
        <ele>95.68141325190663</ele>
        <time>2023-07-11T01:46:40Z</time>
        <extensions>
          <gpxtpx:TrackPointExtension>
            <gpxtpx:hr>93</gpxtpx:hr>
          </gpxtpx:TrackPointExtension>
        </extensions>
      </trkpt>
      <trkpt lat="22.645484788417782" lon="107.60593407792092">
        <ele>95.66210293397307</ele>
        <time>2023-07-11T01:46:41Z</time>
        <extensions>
          <gpxtpx:TrackPointExtension>
            <gpxtpx:hr>93</gpxtpx:hr>
          </gpxtpx:TrackPointExtension>
        </extensions>
      </trkpt>
      <trkpt lat="22.64549898948391" lon="107.60594443770219">
        <ele>95.64332308992743</ele>
        <time>2023-07-11T01:46:42Z</time>
        <extensions>
          <gpxtpx:TrackPointExtension>
            <gpxtpx:hr>93</gpxtpx:hr>
          </gpxtpx:TrackPointExtension>
        </extensions>
      </trkpt>
      <trkpt lat="22.64551433858146" lon="107.60595780796925">
        <ele>95.62524995487183</ele>
        <time>2023-07-11T01:46:43Z</time>
        <extensions>
          <gpxtpx:TrackPointExtension>
            <gpxtpx:hr>93</gpxtpx:hr>
          </gpxtpx:TrackPointExtension>
        </extensions>
      </trkpt>
      <trkpt lat="22.645528748279855" lon="107.6059729064722">
        <ele>95.60807311628014</ele>
        <time>2023-07-11T01:46:44Z</time>
        <extensions>
          <gpxtpx:TrackPointExtension>
            <gpxtpx:hr>96</gpxtpx:hr>
          </gpxtpx:TrackPointExtension>
        </extensions>
      </trkpt>
      <trkpt lat="22.645540940301583" lon="107.60598782206857">
        <ele>95.59192550368607</ele>
        <time>2023-07-11T01:46:45Z</time>
        <extensions>
          <gpxtpx:TrackPointExtension>
            <gpxtpx:hr>96</gpxtpx:hr>
          </gpxtpx:TrackPointExtension>
        </extensions>
      </trkpt>
      <trkpt lat="22.645550295790418" lon="107.60600054177362">
        <ele>95.5769565301016</ele>
        <time>2023-07-11T01:46:46Z</time>
        <extensions>
          <gpxtpx:TrackPointExtension>
            <gpxtpx:hr>96</gpxtpx:hr>
          </gpxtpx:TrackPointExtension>
        </extensions>
      </trkpt>
      <trkpt lat="22.64555633631077" lon="107.606009291617">
        <ele>95.56331584043801</ele>
        <time>2023-07-11T01:46:47Z</time>
        <extensions>
          <gpxtpx:TrackPointExtension>
            <gpxtpx:hr>96</gpxtpx:hr>
          </gpxtpx:TrackPointExtension>
        </extensions>
      </trkpt>
      <trkpt lat="22.64555969035554" lon="107.60601435087113">
        <ele>95.55111292749643</ele>
        <time>2023-07-11T01:46:48Z</time>
        <extensions>
          <gpxtpx:TrackPointExtension>
            <gpxtpx:hr>97</gpxtpx:hr>
          </gpxtpx:TrackPointExtension>
        </extensions>
      </trkpt>
      <trkpt lat="22.645561507975454" lon="107.60601722576641">
        <ele>95.54035822954029</ele>
        <time>2023-07-11T01:46:49Z</time>
        <extensions>
          <gpxtpx:TrackPointExtension>
            <gpxtpx:hr>97</gpxtpx:hr>
          </gpxtpx:TrackPointExtension>
        </extensions>
      </trkpt>
      <trkpt lat="22.645562454713417" lon="107.60601881392523">
        <ele>95.53103053569794</ele>
        <time>2023-07-11T01:46:50Z</time>
        <extensions>
          <gpxtpx:TrackPointExtension>
            <gpxtpx:hr>97</gpxtpx:hr>
          </gpxtpx:TrackPointExtension>
        </extensions>
      </trkpt>
      <trkpt lat="22.645562768456823" lon="107.606019480856">
        <ele>95.51809983700514</ele>
        <time>2023-07-11T01:46:51Z</time>
        <extensions>
          <gpxtpx:TrackPointExtension>
            <gpxtpx:hr>97</gpxtpx:hr>
          </gpxtpx:TrackPointExtension>
        </extensions>
      </trkpt>
      <trkpt lat="22.645562768130905" lon="107.60601973632056">
        <ele>95.50410516280681</ele>
        <time>2023-07-11T01:46:52Z</time>
        <extensions>
          <gpxtpx:TrackPointExtension>
            <gpxtpx:hr>97</gpxtpx:hr>
          </gpxtpx:TrackPointExtension>
        </extensions>
      </trkpt>
      <trkpt lat="22.645562582542464" lon="107.60601973453215">
        <ele>95.48885843344033</ele>
        <time>2023-07-11T01:46:53Z</time>
        <extensions>
          <gpxtpx:TrackPointExtension>
            <gpxtpx:hr>103</gpxtpx:hr>
          </gpxtpx:TrackPointExtension>
        </extensions>
      </trkpt>
      <trkpt lat="22.64556224969078" lon="107.60601962771584">
        <ele>95.47436104808003</ele>
        <time>2023-07-11T01:46:54Z</time>
        <extensions>
          <gpxtpx:TrackPointExtension>
            <gpxtpx:hr>103</gpxtpx:hr>
          </gpxtpx:TrackPointExtension>
        </extensions>
      </trkpt>
      <trkpt lat="22.645561806527326" lon="107.60601936157856">
        <ele>95.46137311030179</ele>
        <time>2023-07-11T01:46:55Z</time>
        <extensions>
          <gpxtpx:TrackPointExtension>
            <gpxtpx:hr>103</gpxtpx:hr>
          </gpxtpx:TrackPointExtension>
        </extensions>
      </trkpt>
      <trkpt lat="22.64556114549228" lon="107.60601899592727">
        <ele>95.4519753716886</ele>
        <time>2023-07-11T01:46:56Z</time>
        <extensions>
          <gpxtpx:TrackPointExtension>
            <gpxtpx:hr>103</gpxtpx:hr>
          </gpxtpx:TrackPointExtension>
        </extensions>
      </trkpt>
      <trkpt lat="22.645560172099206" lon="107.60601846475578">
        <ele>95.44225113000721</ele>
        <time>2023-07-11T01:46:57Z</time>
        <extensions>
          <gpxtpx:TrackPointExtension>
            <gpxtpx:hr>103</gpxtpx:hr>
          </gpxtpx:TrackPointExtension>
        </extensions>
      </trkpt>
      <trkpt lat="22.6455585552722" lon="107.60601761636322">
        <ele>95.43237168435007</ele>
        <time>2023-07-11T01:46:58Z</time>
        <extensions>
          <gpxtpx:TrackPointExtension>
            <gpxtpx:hr>104</gpxtpx:hr>
          </gpxtpx:TrackPointExtension>
        </extensions>
      </trkpt>
      <trkpt lat="22.645556158168027" lon="107.60601640089278">
        <ele>95.4220325043425</ele>
        <time>2023-07-11T01:46:59Z</time>
        <extensions>
          <gpxtpx:TrackPointExtension>
            <gpxtpx:hr>104</gpxtpx:hr>
          </gpxtpx:TrackPointExtension>
        </extensions>
      </trkpt>
      <trkpt lat="22.64555322747721" lon="107.60601500142887">
        <ele>95.41456046700478</ele>
        <time>2023-07-11T01:47:00Z</time>
        <extensions>
          <gpxtpx:TrackPointExtension>
            <gpxtpx:hr>104</gpxtpx:hr>
          </gpxtpx:TrackPointExtension>
        </extensions>
      </trkpt>
      <trkpt lat="22.645550037890505" lon="107.60601381694465">
        <ele>95.40780457947403</ele>
        <time>2023-07-11T01:47:01Z</time>
        <extensions>
          <gpxtpx:TrackPointExtension>
            <gpxtpx:hr>104</gpxtpx:hr>
          </gpxtpx:TrackPointExtension>
        </extensions>
      </trkpt>
      <trkpt lat="22.645547058002084" lon="107.60601319941115">
        <ele>95.39772219024599</ele>
        <time>2023-07-11T01:47:02Z</time>
        <extensions>
          <gpxtpx:TrackPointExtension>
            <gpxtpx:hr>101</gpxtpx:hr>
          </gpxtpx:TrackPointExtension>
        </extensions>
      </trkpt>
      <trkpt lat="22.645544611348814" lon="107.60601311123544">
        <ele>95.40053585916758</ele>
        <time>2023-07-11T01:47:03Z</time>
        <extensions>
          <gpxtpx:TrackPointExtension>
            <gpxtpx:hr>101</gpxtpx:hr>
          </gpxtpx:TrackPointExtension>
        </extensions>
      </trkpt>
      <trkpt lat="22.645542853006383" lon="107.60601344654506">
        <ele>95.39625408593565</ele>
        <time>2023-07-11T01:47:04Z</time>
        <extensions>
          <gpxtpx:TrackPointExtension>
            <gpxtpx:hr>101</gpxtpx:hr>
          </gpxtpx:TrackPointExtension>
        </extensions>
      </trkpt>
      <trkpt lat="22.64554188114655" lon="107.60601412067327">
        <ele>95.3925274387002</ele>
        <time>2023-07-11T01:47:05Z</time>
        <extensions>
          <gpxtpx:TrackPointExtension>
            <gpxtpx:hr>101</gpxtpx:hr>
          </gpxtpx:TrackPointExtension>
        </extensions>
      </trkpt>
      <trkpt lat="22.64554219126012" lon="107.60601511216251">
        <ele>95.38848409149796</ele>
        <time>2023-07-11T01:47:06Z</time>
        <extensions>
          <gpxtpx:TrackPointExtension>
            <gpxtpx:hr>101</gpxtpx:hr>
          </gpxtpx:TrackPointExtension>
        </extensions>
      </trkpt>
      <trkpt lat="22.645544242231058" lon="107.60601611317162">
        <ele>95.38340845890343</ele>
        <time>2023-07-11T01:47:07Z</time>
        <extensions>
          <gpxtpx:TrackPointExtension>
            <gpxtpx:hr>104</gpxtpx:hr>
          </gpxtpx:TrackPointExtension>
        </extensions>
      </trkpt>
      <trkpt lat="22.64554840744786" lon="107.60601649060112">
        <ele>95.3770556198433</ele>
        <time>2023-07-11T01:47:08Z</time>
        <extensions>
          <gpxtpx:TrackPointExtension>
            <gpxtpx:hr>104</gpxtpx:hr>
          </gpxtpx:TrackPointExtension>
        </extensions>
      </trkpt>
      <trkpt lat="22.645554953856557" lon="107.6060162116005">
        <ele>95.36935819406062</ele>
        <time>2023-07-11T01:47:09Z</time>
        <extensions>
          <gpxtpx:TrackPointExtension>
            <gpxtpx:hr>104</gpxtpx:hr>
          </gpxtpx:TrackPointExtension>
        </extensions>
      </trkpt>
      <trkpt lat="22.645563699410342" lon="107.60601582329444">
        <ele>95.3602908635512</ele>
        <time>2023-07-11T01:47:10Z</time>
        <extensions>
          <gpxtpx:TrackPointExtension>
            <gpxtpx:hr>104</gpxtpx:hr>
          </gpxtpx:TrackPointExtension>
        </extensions>
      </trkpt>
      <trkpt lat="22.645573912959374" lon="107.60601567548548">
        <ele>95.34998713620007</ele>
        <time>2023-07-11T01:47:11Z</time>
        <extensions>
          <gpxtpx:TrackPointExtension>
            <gpxtpx:hr>101</gpxtpx:hr>
          </gpxtpx:TrackPointExtension>
        </extensions>
      </trkpt>
      <trkpt lat="22.64558481770002" lon="107.60601593844967">
        <ele>95.33861074130982</ele>
        <time>2023-07-11T01:47:12Z</time>
        <extensions>
          <gpxtpx:TrackPointExtension>
            <gpxtpx:hr>101</gpxtpx:hr>
          </gpxtpx:TrackPointExtension>
        </extensions>
      </trkpt>
      <trkpt lat="22.64559590802589" lon="107.6060166376175">
        <ele>95.3264984600246</ele>
        <time>2023-07-11T01:47:13Z</time>
        <extensions>
          <gpxtpx:TrackPointExtension>
            <gpxtpx:hr>101</gpxtpx:hr>
          </gpxtpx:TrackPointExtension>
        </extensions>
      </trkpt>
    </trkseg>
  </trk>
</gpx>