<?xml version="1.0" encoding="UTF-8"?>
<gpx xmlns="http://www.topografix.com/GPX/1/1" xmlns:gpxtpx="http://www.garmin.com/xmlschemas/TrackPointExtension/v1" xmlns:xsi="http://www.w3.org/2001/XMLSchema-instance" xsi:schemaLocation="http://www.topografix.com/GPX/1/1 http://www.topografix.com/GPX/1/1/gpx.xsd" version="1.1" creator="gpx.py -- https://github.com/tkrajina/gpxpy">
  <trk>
    <name>gpx from keep</name>
    <type>Walk</type>
    <trkseg>
      <trkpt lat="22.65095090226261" lon="107.60356245976408">
        <ele>97.77115184720606</ele>
        <time>2023-10-20T01:13:08Z</time>
        <extensions>
          <gpxtpx:TrackPointExtension>
            <gpxtpx:hr>92</gpxtpx:hr>
          </gpxtpx:TrackPointExtension>
        </extensions>
      </trkpt>
      <trkpt lat="22.650959379850722" lon="107.60356049973872">
        <ele>97.74878858216107</ele>
        <time>2023-10-20T01:13:09Z</time>
        <extensions>
          <gpxtpx:TrackPointExtension>
            <gpxtpx:hr>92</gpxtpx:hr>
          </gpxtpx:TrackPointExtension>
        </extensions>
      </trkpt>
      <trkpt lat="22.65096820831482" lon="107.60355920852658">
        <ele>97.72090783901513</ele>
        <time>2023-10-20T01:13:10Z</time>
        <extensions>
          <gpxtpx:TrackPointExtension>
            <gpxtpx:hr>92</gpxtpx:hr>
          </gpxtpx:TrackPointExtension>
        </extensions>
      </trkpt>
      <trkpt lat="22.650977071308215" lon="107.60355818652633">
        <ele>97.69137035869062</ele>
        <time>2023-10-20T01:13:11Z</time>
        <extensions>
          <gpxtpx:TrackPointExtension>
            <gpxtpx:hr>98</gpxtpx:hr>
          </gpxtpx:TrackPointExtension>
        </extensions>
      </trkpt>
      <trkpt lat="22.650986199347766" lon="107.60355713101362">
        <ele>97.66171124018729</ele>
        <time>2023-10-20T01:13:12Z</time>
        <extensions>
          <gpxtpx:TrackPointExtension>
            <gpxtpx:hr>98</gpxtpx:hr>
          </gpxtpx:TrackPointExtension>
        </extensions>
      </trkpt>
      <trkpt lat="22.650995437892664" lon="107.60355553188751">
        <ele>97.63135281670839</ele>
        <time>2023-10-20T01:13:13Z</time>
        <extensions>
          <gpxtpx:TrackPointExtension>
            <gpxtpx:hr>98</gpxtpx:hr>
          </gpxtpx:TrackPointExtension>
        </extensions>
      </trkpt>
      <trkpt lat="22.651004561286978" lon="107.60355320982997">
        <ele>97.59974229335785</ele>
        <time>2023-10-20T01:13:14Z</time>
        <extensions>
          <gpxtpx:TrackPointExtension>
            <gpxtpx:hr>98</gpxtpx:hr>
          </gpxtpx:TrackPointExtension>
        </extensions>
      </trkpt>
      <trkpt lat="22.651013569382936" lon="107.60355103339161">
        <ele>97.5680060731247</ele>
        <time>2023-10-20T01:13:15Z</time>
        <extensions>
          <gpxtpx:TrackPointExtension>
            <gpxtpx:hr>98</gpxtpx:hr>
          </gpxtpx:TrackPointExtension>
        </extensions>
      </trkpt>
      <trkpt lat="22.651022263192356" lon="107.60354888175708">
        <ele>97.53679034579545</ele>
        <time>2023-10-20T01:13:16Z</time>
        <extensions>
          <gpxtpx:TrackPointExtension>
            <gpxtpx:hr>98</gpxtpx:hr>
          </gpxtpx:TrackPointExtension>
        </extensions>
      </trkpt>
      <trkpt lat="22.651030618256712" lon="107.6035461268181">
        <ele>97.50694493204355</ele>
        <time>2023-10-20T01:13:17Z</time>
        <extensions>
          <gpxtpx:TrackPointExtension>
            <gpxtpx:hr>100</gpxtpx:hr>
          </gpxtpx:TrackPointExtension>
        </extensions>
      </trkpt>
      <trkpt lat="22.65103857579074" lon="107.60354327529306">
        <ele>97.47709116153419</ele>
        <time>2023-10-20T01:13:18Z</time>
        <extensions>
          <gpxtpx:TrackPointExtension>
            <gpxtpx:hr>100</gpxtpx:hr>
          </gpxtpx:TrackPointExtension>
        </extensions>
      </trkpt>
      <trkpt lat="22.651046419396966" lon="107.60354044491187">
        <ele>97.44954720698297</ele>
        <time>2023-10-20T01:13:19Z</time>
        <extensions>
          <gpxtpx:TrackPointExtension>
            <gpxtpx:hr>100</gpxtpx:hr>
          </gpxtpx:TrackPointExtension>
        </extensions>
      </trkpt>
      <trkpt lat="22.65105441232323" lon="107.6035379236004">
        <ele>97.42490519583225</ele>
        <time>2023-10-20T01:13:20Z</time>
        <extensions>
          <gpxtpx:TrackPointExtension>
            <gpxtpx:hr>101</gpxtpx:hr>
          </gpxtpx:TrackPointExtension>
        </extensions>
      </trkpt>
      <trkpt lat="22.651062479422652" lon="107.60353558998064">
        <ele>97.40049811080098</ele>
        <time>2023-10-20T01:13:21Z</time>
        <extensions>
          <gpxtpx:TrackPointExtension>
            <gpxtpx:hr>101</gpxtpx:hr>
          </gpxtpx:TrackPointExtension>
        </extensions>
      </trkpt>
      <trkpt lat="22.65107055909302" lon="107.6035324881507">
        <ele>97.37802029587328</ele>
        <time>2023-10-20T01:13:22Z</time>
        <extensions>
          <gpxtpx:TrackPointExtension>
            <gpxtpx:hr>101</gpxtpx:hr>
          </gpxtpx:TrackPointExtension>
        </extensions>
      </trkpt>
      <trkpt lat="22.65107828436078" lon="107.60352742172377">
        <ele>97.35812575928867</ele>
        <time>2023-10-20T01:13:23Z</time>
        <extensions>
          <gpxtpx:TrackPointExtension>
            <gpxtpx:hr>101</gpxtpx:hr>
          </gpxtpx:TrackPointExtension>
        </extensions>
      </trkpt>
      <trkpt lat="22.651085150349353" lon="107.60352038233502">
        <ele>97.3408412085846</ele>
        <time>2023-10-20T01:13:24Z</time>
        <extensions>
          <gpxtpx:TrackPointExtension>
            <gpxtpx:hr>104</gpxtpx:hr>
          </gpxtpx:TrackPointExtension>
        </extensions>
      </trkpt>
      <trkpt lat="22.651091608745002" lon="107.60351271379199">
        <ele>97.32631697785109</ele>
        <time>2023-10-20T01:13:25Z</time>
        <extensions>
          <gpxtpx:TrackPointExtension>
            <gpxtpx:hr>104</gpxtpx:hr>
          </gpxtpx:TrackPointExtension>
        </extensions>
      </trkpt>
      <trkpt lat="22.651097832233393" lon="107.60350463368614">
        <ele>97.3121400885284</ele>
        <time>2023-10-20T01:13:26Z</time>
        <extensions>
          <gpxtpx:TrackPointExtension>
            <gpxtpx:hr>104</gpxtpx:hr>
          </gpxtpx:TrackPointExtension>
        </extensions>
      </trkpt>
      <trkpt lat="22.651103369473574" lon="107.60349600475773">
        <ele>97.2997119249776</ele>
        <time>2023-10-20T01:13:27Z</time>
        <extensions>
          <gpxtpx:TrackPointExtension>
            <gpxtpx:hr>104</gpxtpx:hr>
          </gpxtpx:TrackPointExtension>
        </extensions>
      </trkpt>
      <trkpt lat="22.651108198919502" lon="107.60348691490934">
        <ele>97.28910455666482</ele>
        <time>2023-10-20T01:13:28Z</time>
        <extensions>
          <gpxtpx:TrackPointExtension>
            <gpxtpx:hr>104</gpxtpx:hr>
          </gpxtpx:TrackPointExtension>
        </extensions>
      </trkpt>
      <trkpt lat="22.65111224916359" lon="107.60347736483358">
        <ele>97.28086933773011</ele>
        <time>2023-10-20T01:13:29Z</time>
        <extensions>
          <gpxtpx:TrackPointExtension>
            <gpxtpx:hr>103</gpxtpx:hr>
          </gpxtpx:TrackPointExtension>
        </extensions>
      </trkpt>
      <trkpt lat="22.65111655901728" lon="107.60346803982254">
        <ele>97.27516261860728</ele>
        <time>2023-10-20T01:13:30Z</time>
        <extensions>
          <gpxtpx:TrackPointExtension>
            <gpxtpx:hr>103</gpxtpx:hr>
          </gpxtpx:TrackPointExtension>
        </extensions>
      </trkpt>
      <trkpt lat="22.651122042226145" lon="107.60346010860408">
        <ele>97.28784391004592</ele>
        <time>2023-10-20T01:13:31Z</time>
        <extensions>
          <gpxtpx:TrackPointExtension>
            <gpxtpx:hr>103</gpxtpx:hr>
          </gpxtpx:TrackPointExtension>
        </extensions>
      </trkpt>
      <trkpt lat="22.651128009216684" lon="107.60345268138364">
        <ele>97.29813864827156</ele>
        <time>2023-10-20T01:13:32Z</time>
        <extensions>
          <gpxtpx:TrackPointExtension>
            <gpxtpx:hr>103</gpxtpx:hr>
          </gpxtpx:TrackPointExtension>
        </extensions>
      </trkpt>
      <trkpt lat="22.651134034892383" lon="107.60344520000424">
        <ele>97.31522526871413</ele>
        <time>2023-10-20T01:13:33Z</time>
        <extensions>
          <gpxtpx:TrackPointExtension>
            <gpxtpx:hr>103</gpxtpx:hr>
          </gpxtpx:TrackPointExtension>
        </extensions>
      </trkpt>
      <trkpt lat="22.651140147943764" lon="107.60343759548117">
        <ele>97.32392394077033</ele>
        <time>2023-10-20T01:13:34Z</time>
        <extensions>
          <gpxtpx:TrackPointExtension>
            <gpxtpx:hr>103</gpxtpx:hr>
          </gpxtpx:TrackPointExtension>
        </extensions>
      </trkpt>
      <trkpt lat="22.651147249454265" lon="107.60343067834721">
        <ele>97.32426451612264</ele>
        <time>2023-10-20T01:13:35Z</time>
        <extensions>
          <gpxtpx:TrackPointExtension>
            <gpxtpx:hr>108</gpxtpx:hr>
          </gpxtpx:TrackPointExtension>
        </extensions>
      </trkpt>
      <trkpt lat="22.651155500195276" lon="107.60342474656595">
        <ele>97.3269063634798</ele>
        <time>2023-10-20T01:13:36Z</time>
        <extensions>
          <gpxtpx:TrackPointExtension>
            <gpxtpx:hr>108</gpxtpx:hr>
          </gpxtpx:TrackPointExtension>
        </extensions>
      </trkpt>
      <trkpt lat="22.651164542817163" lon="107.60341957507164">
        <ele>97.33978146873415</ele>
        <time>2023-10-20T01:13:37Z</time>
        <extensions>
          <gpxtpx:TrackPointExtension>
            <gpxtpx:hr>108</gpxtpx:hr>
          </gpxtpx:TrackPointExtension>
        </extensions>
      </trkpt>
      <trkpt lat="22.65117421894994" lon="107.6034154990521">
        <ele>97.35559012275189</ele>
        <time>2023-10-20T01:13:38Z</time>
        <extensions>
          <gpxtpx:TrackPointExtension>
            <gpxtpx:hr>108</gpxtpx:hr>
          </gpxtpx:TrackPointExtension>
        </extensions>
      </trkpt>
      <trkpt lat="22.651184411316382" lon="107.60341301807635">
        <ele>97.37981273792684</ele>
        <time>2023-10-20T01:13:39Z</time>
        <extensions>
          <gpxtpx:TrackPointExtension>
            <gpxtpx:hr>108</gpxtpx:hr>
          </gpxtpx:TrackPointExtension>
        </extensions>
      </trkpt>
      <trkpt lat="22.65119470070676" lon="107.60341148041002">
        <ele>97.39007411431521</ele>
        <time>2023-10-20T01:13:40Z</time>
        <extensions>
          <gpxtpx:TrackPointExtension>
            <gpxtpx:hr>108</gpxtpx:hr>
          </gpxtpx:TrackPointExtension>
        </extensions>
      </trkpt>
      <trkpt lat="22.65120454230498" lon="107.60341532267967">
        <ele>97.40352348703891</ele>
        <time>2023-10-20T01:13:41Z</time>
        <extensions>
          <gpxtpx:TrackPointExtension>
            <gpxtpx:hr>110</gpxtpx:hr>
          </gpxtpx:TrackPointExtension>
        </extensions>
      </trkpt>
      <trkpt lat="22.651213068171366" lon="107.60342711325627">
        <ele>97.41006002854556</ele>
        <time>2023-10-20T01:13:42Z</time>
        <extensions>
          <gpxtpx:TrackPointExtension>
            <gpxtpx:hr>110</gpxtpx:hr>
          </gpxtpx:TrackPointExtension>
        </extensions>
      </trkpt>
      <trkpt lat="22.65121943544138" lon="107.603442343371">
        <ele>97.42197468318045</ele>
        <time>2023-10-20T01:13:43Z</time>
        <extensions>
          <gpxtpx:TrackPointExtension>
            <gpxtpx:hr>110</gpxtpx:hr>
          </gpxtpx:TrackPointExtension>
        </extensions>
      </trkpt>
      <trkpt lat="22.651223693039277" lon="107.60345799635087">
        <ele>97.4224229650572</ele>
        <time>2023-10-20T01:13:44Z</time>
        <extensions>
          <gpxtpx:TrackPointExtension>
            <gpxtpx:hr>110</gpxtpx:hr>
          </gpxtpx:TrackPointExtension>
        </extensions>
      </trkpt>
      <trkpt lat="22.651226382140763" lon="107.60347314499701">
        <ele>97.43701625615358</ele>
        <time>2023-10-20T01:13:45Z</time>
        <extensions>
          <gpxtpx:TrackPointExtension>
            <gpxtpx:hr>110</gpxtpx:hr>
          </gpxtpx:TrackPointExtension>
        </extensions>
      </trkpt>
      <trkpt lat="22.65122811717891" lon="107.60348791925018">
        <ele>97.43545881938189</ele>
        <time>2023-10-20T01:13:46Z</time>
        <extensions>
          <gpxtpx:TrackPointExtension>
            <gpxtpx:hr>111</gpxtpx:hr>
          </gpxtpx:TrackPointExtension>
        </extensions>
      </trkpt>
      <trkpt lat="22.651229454535862" lon="107.60350168942854">
        <ele>97.42094422504306</ele>
        <time>2023-10-20T01:13:47Z</time>
        <extensions>
          <gpxtpx:TrackPointExtension>
            <gpxtpx:hr>111</gpxtpx:hr>
          </gpxtpx:TrackPointExtension>
        </extensions>
      </trkpt>
      <trkpt lat="22.651230791852825" lon="107.6035146678417">
        <ele>97.41085517313331</ele>
        <time>2023-10-20T01:13:49Z</time>
        <extensions>
          <gpxtpx:TrackPointExtension>
            <gpxtpx:hr>111</gpxtpx:hr>
          </gpxtpx:TrackPointExtension>
        </extensions>
      </trkpt>
      <trkpt lat="22.651232215305892" lon="107.60352777100466">
        <ele>97.38074461836368</ele>
        <time>2023-10-20T01:13:50Z</time>
        <extensions>
          <gpxtpx:TrackPointExtension>
            <gpxtpx:hr>111</gpxtpx:hr>
          </gpxtpx:TrackPointExtension>
        </extensions>
      </trkpt>
      <trkpt lat="22.651233656441836" lon="107.60354085041175">
        <ele>97.33712301589549</ele>
        <time>2023-10-20T01:13:51Z</time>
        <extensions>
          <gpxtpx:TrackPointExtension>
            <gpxtpx:hr>111</gpxtpx:hr>
          </gpxtpx:TrackPointExtension>
        </extensions>
      </trkpt>
      <trkpt lat="22.651235032058768" lon="107.60355368422981">
        <ele>97.27985274419188</ele>
        <time>2023-10-20T01:13:52Z</time>
        <extensions>
          <gpxtpx:TrackPointExtension>
            <gpxtpx:hr>111</gpxtpx:hr>
          </gpxtpx:TrackPointExtension>
        </extensions>
      </trkpt>
      <trkpt lat="22.651236333071246" lon="107.60356606519339">
        <ele>97.23926807194948</ele>
        <time>2023-10-20T01:13:53Z</time>
        <extensions>
          <gpxtpx:TrackPointExtension>
            <gpxtpx:hr>111</gpxtpx:hr>
          </gpxtpx:TrackPointExtension>
        </extensions>
      </trkpt>
      <trkpt lat="22.651237309704783" lon="107.60357802002008">
        <ele>97.20221096556634</ele>
        <time>2023-10-20T01:13:54Z</time>
        <extensions>
          <gpxtpx:TrackPointExtension>
            <gpxtpx:hr>111</gpxtpx:hr>
          </gpxtpx:TrackPointExtension>
        </extensions>
      </trkpt>
      <trkpt lat="22.65123778197343" lon="107.6035901932204">
        <ele>97.16395261697471</ele>
        <time>2023-10-20T01:13:55Z</time>
        <extensions>
          <gpxtpx:TrackPointExtension>
            <gpxtpx:hr>111</gpxtpx:hr>
          </gpxtpx:TrackPointExtension>
        </extensions>
      </trkpt>
      <trkpt lat="22.651238096586944" lon="107.60360306876197">
        <ele>97.13730057515204</ele>
        <time>2023-10-20T01:13:56Z</time>
        <extensions>
          <gpxtpx:TrackPointExtension>
            <gpxtpx:hr>111</gpxtpx:hr>
          </gpxtpx:TrackPointExtension>
        </extensions>
      </trkpt>
      <trkpt lat="22.651238535853796" lon="107.60361593565496">
        <ele>97.11884447932243</ele>
        <time>2023-10-20T01:13:57Z</time>
        <extensions>
          <gpxtpx:TrackPointExtension>
            <gpxtpx:hr>111</gpxtpx:hr>
          </gpxtpx:TrackPointExtension>
        </extensions>
      </trkpt>
      <trkpt lat="22.6512382742747" lon="107.60362888416364">
        <ele>97.10179728269577</ele>
        <time>2023-10-20T01:13:58Z</time>
        <extensions>
          <gpxtpx:TrackPointExtension>
            <gpxtpx:hr>111</gpxtpx:hr>
          </gpxtpx:TrackPointExtension>
        </extensions>
      </trkpt>
      <trkpt lat="22.651236715349413" lon="107.60364184311373">
        <ele>97.0933523485437</ele>
        <time>2023-10-20T01:13:59Z</time>
        <extensions>
          <gpxtpx:TrackPointExtension>
            <gpxtpx:hr>111</gpxtpx:hr>
          </gpxtpx:TrackPointExtension>
        </extensions>
      </trkpt>
      <trkpt lat="22.651234116098173" lon="107.6036543429879">
        <ele>97.0771721219644</ele>
        <time>2023-10-20T01:14:00Z</time>
        <extensions>
          <gpxtpx:TrackPointExtension>
            <gpxtpx:hr>110</gpxtpx:hr>
          </gpxtpx:TrackPointExtension>
        </extensions>
      </trkpt>
      <trkpt lat="22.651230910274464" lon="107.60366635948111">
        <ele>97.0609937813133</ele>
        <time>2023-10-20T01:14:01Z</time>
        <extensions>
          <gpxtpx:TrackPointExtension>
            <gpxtpx:hr>110</gpxtpx:hr>
          </gpxtpx:TrackPointExtension>
        </extensions>
      </trkpt>
      <trkpt lat="22.651227495504536" lon="107.60367786205866">
        <ele>97.05905595049262</ele>
        <time>2023-10-20T01:14:02Z</time>
        <extensions>
          <gpxtpx:TrackPointExtension>
            <gpxtpx:hr>110</gpxtpx:hr>
          </gpxtpx:TrackPointExtension>
        </extensions>
      </trkpt>
      <trkpt lat="22.65122358064468" lon="107.60368932769016">
        <ele>97.06328812148422</ele>
        <time>2023-10-20T01:14:03Z</time>
        <extensions>
          <gpxtpx:TrackPointExtension>
            <gpxtpx:hr>110</gpxtpx:hr>
          </gpxtpx:TrackPointExtension>
        </extensions>
      </trkpt>
      <trkpt lat="22.65121887662453" lon="107.60370018943182">
        <ele>97.06778902560472</ele>
        <time>2023-10-20T01:14:04Z</time>
        <extensions>
          <gpxtpx:TrackPointExtension>
            <gpxtpx:hr>110</gpxtpx:hr>
          </gpxtpx:TrackPointExtension>
        </extensions>
      </trkpt>
      <trkpt lat="22.651213130763317" lon="107.6037101929661">
        <ele>97.08006642851979</ele>
        <time>2023-10-20T01:14:05Z</time>
        <extensions>
          <gpxtpx:TrackPointExtension>
            <gpxtpx:hr>111</gpxtpx:hr>
          </gpxtpx:TrackPointExtension>
        </extensions>
      </trkpt>
      <trkpt lat="22.651206180393633" lon="107.60371953522346">
        <ele>97.09071751218289</ele>
        <time>2023-10-20T01:14:06Z</time>
        <extensions>
          <gpxtpx:TrackPointExtension>
            <gpxtpx:hr>111</gpxtpx:hr>
          </gpxtpx:TrackPointExtension>
        </extensions>
      </trkpt>
      <trkpt lat="22.651198230084226" lon="107.60372793291711">
        <ele>97.0990569172427</ele>
        <time>2023-10-20T01:14:07Z</time>
        <extensions>
          <gpxtpx:TrackPointExtension>
            <gpxtpx:hr>111</gpxtpx:hr>
          </gpxtpx:TrackPointExtension>
        </extensions>
      </trkpt>
      <trkpt lat="22.651189759130855" lon="107.60373523925364">
        <ele>97.10672041028738</ele>
        <time>2023-10-20T01:14:08Z</time>
        <extensions>
          <gpxtpx:TrackPointExtension>
            <gpxtpx:hr>111</gpxtpx:hr>
          </gpxtpx:TrackPointExtension>
        </extensions>
      </trkpt>
      <trkpt lat="22.651181297665907" lon="107.60374145018422">
        <ele>97.11055645160377</ele>
        <time>2023-10-20T01:14:09Z</time>
        <extensions>
          <gpxtpx:TrackPointExtension>
            <gpxtpx:hr>111</gpxtpx:hr>
          </gpxtpx:TrackPointExtension>
        </extensions>
      </trkpt>
      <trkpt lat="22.65117300257132" lon="107.60374649419816">
        <ele>97.12079186551273</ele>
        <time>2023-10-20T01:14:10Z</time>
        <extensions>
          <gpxtpx:TrackPointExtension>
            <gpxtpx:hr>111</gpxtpx:hr>
          </gpxtpx:TrackPointExtension>
        </extensions>
      </trkpt>
      <trkpt lat="22.65116437478031" lon="107.60375097271098">
        <ele>97.12920036166906</ele>
        <time>2023-10-20T01:14:11Z</time>
        <extensions>
          <gpxtpx:TrackPointExtension>
            <gpxtpx:hr>110</gpxtpx:hr>
          </gpxtpx:TrackPointExtension>
        </extensions>
      </trkpt>
      <trkpt lat="22.651155154408897" lon="107.60375552155996">
        <ele>97.15634404681623</ele>
        <time>2023-10-20T01:14:12Z</time>
        <extensions>
          <gpxtpx:TrackPointExtension>
            <gpxtpx:hr>110</gpxtpx:hr>
          </gpxtpx:TrackPointExtension>
        </extensions>
      </trkpt>
      <trkpt lat="22.65114553703762" lon="107.60376003607458">
        <ele>97.17935422249138</ele>
        <time>2023-10-20T01:14:13Z</time>
        <extensions>
          <gpxtpx:TrackPointExtension>
            <gpxtpx:hr>110</gpxtpx:hr>
          </gpxtpx:TrackPointExtension>
        </extensions>
      </trkpt>
      <trkpt lat="22.6511357977968" lon="107.60376421266537">
        <ele>97.20434278715402</ele>
        <time>2023-10-20T01:14:14Z</time>
        <extensions>
          <gpxtpx:TrackPointExtension>
            <gpxtpx:hr>110</gpxtpx:hr>
          </gpxtpx:TrackPointExtension>
        </extensions>
      </trkpt>
      <trkpt lat="22.651126279811155" lon="107.60376787085373">
        <ele>97.23156856186688</ele>
        <time>2023-10-20T01:14:15Z</time>
        <extensions>
          <gpxtpx:TrackPointExtension>
            <gpxtpx:hr>108</gpxtpx:hr>
          </gpxtpx:TrackPointExtension>
        </extensions>
      </trkpt>
      <trkpt lat="22.651116902262096" lon="107.60377087777111">
        <ele>97.26206534449011</ele>
        <time>2023-10-20T01:14:16Z</time>
        <extensions>
          <gpxtpx:TrackPointExtension>
            <gpxtpx:hr>108</gpxtpx:hr>
          </gpxtpx:TrackPointExtension>
        </extensions>
      </trkpt>
      <trkpt lat="22.651107497378515" lon="107.6037732334587">
        <ele>97.29766573570669</ele>
        <time>2023-10-20T01:14:17Z</time>
        <extensions>
          <gpxtpx:TrackPointExtension>
            <gpxtpx:hr>108</gpxtpx:hr>
          </gpxtpx:TrackPointExtension>
        </extensions>
      </trkpt>
      <trkpt lat="22.651097606624376" lon="107.60377521719444">
        <ele>97.33311290293932</ele>
        <time>2023-10-20T01:14:18Z</time>
        <extensions>
          <gpxtpx:TrackPointExtension>
            <gpxtpx:hr>108</gpxtpx:hr>
          </gpxtpx:TrackPointExtension>
        </extensions>
      </trkpt>
      <trkpt lat="22.65108685996457" lon="107.60377713479036">
        <ele>97.3590125925839</ele>
        <time>2023-10-20T01:14:19Z</time>
        <extensions>
          <gpxtpx:TrackPointExtension>
            <gpxtpx:hr>108</gpxtpx:hr>
          </gpxtpx:TrackPointExtension>
        </extensions>
      </trkpt>
      <trkpt lat="22.651075697990795" lon="107.60377897263888">
        <ele>97.38650334533304</ele>
        <time>2023-10-20T01:14:20Z</time>
        <extensions>
          <gpxtpx:TrackPointExtension>
            <gpxtpx:hr>108</gpxtpx:hr>
          </gpxtpx:TrackPointExtension>
        </extensions>
      </trkpt>
      <trkpt lat="22.65106448450674" lon="107.6037806581691">
        <ele>97.41181811783463</ele>
        <time>2023-10-20T01:14:21Z</time>
        <extensions>
          <gpxtpx:TrackPointExtension>
            <gpxtpx:hr>109</gpxtpx:hr>
          </gpxtpx:TrackPointExtension>
        </extensions>
      </trkpt>
      <trkpt lat="22.651053385724733" lon="107.60378267120682">
        <ele>97.44396834075451</ele>
        <time>2023-10-20T01:14:22Z</time>
        <extensions>
          <gpxtpx:TrackPointExtension>
            <gpxtpx:hr>109</gpxtpx:hr>
          </gpxtpx:TrackPointExtension>
        </extensions>
      </trkpt>
      <trkpt lat="22.651042627143575" lon="107.60378561762755">
        <ele>97.47072794102132</ele>
        <time>2023-10-20T01:14:23Z</time>
        <extensions>
          <gpxtpx:TrackPointExtension>
            <gpxtpx:hr>109</gpxtpx:hr>
          </gpxtpx:TrackPointExtension>
        </extensions>
      </trkpt>
      <trkpt lat="22.651032302750423" lon="107.60378952763214">
        <ele>97.48844301793724</ele>
        <time>2023-10-20T01:14:24Z</time>
        <extensions>
          <gpxtpx:TrackPointExtension>
            <gpxtpx:hr>109</gpxtpx:hr>
          </gpxtpx:TrackPointExtension>
        </extensions>
      </trkpt>
      <trkpt lat="22.65102219710282" lon="107.60379398727828">
        <ele>97.51026275008917</ele>
        <time>2023-10-20T01:14:25Z</time>
        <extensions>
          <gpxtpx:TrackPointExtension>
            <gpxtpx:hr>108</gpxtpx:hr>
          </gpxtpx:TrackPointExtension>
        </extensions>
      </trkpt>
      <trkpt lat="22.651012135092977" lon="107.60379868511255">
        <ele>97.5354809788987</ele>
        <time>2023-10-20T01:14:26Z</time>
        <extensions>
          <gpxtpx:TrackPointExtension>
            <gpxtpx:hr>108</gpxtpx:hr>
          </gpxtpx:TrackPointExtension>
        </extensions>
      </trkpt>
      <trkpt lat="22.6510020924151" lon="107.60380300920177">
        <ele>97.56562930904329</ele>
        <time>2023-10-20T01:14:27Z</time>
        <extensions>
          <gpxtpx:TrackPointExtension>
            <gpxtpx:hr>108</gpxtpx:hr>
          </gpxtpx:TrackPointExtension>
        </extensions>
      </trkpt>
      <trkpt lat="22.650991927050153" lon="107.60380630752637">
        <ele>97.59698651824147</ele>
        <time>2023-10-20T01:14:28Z</time>
        <extensions>
          <gpxtpx:TrackPointExtension>
            <gpxtpx:hr>108</gpxtpx:hr>
          </gpxtpx:TrackPointExtension>
        </extensions>
      </trkpt>
      <trkpt lat="22.65098160112677" lon="107.60380897602005">
        <ele>97.61746472585946</ele>
        <time>2023-10-20T01:14:29Z</time>
        <extensions>
          <gpxtpx:TrackPointExtension>
            <gpxtpx:hr>108</gpxtpx:hr>
          </gpxtpx:TrackPointExtension>
        </extensions>
      </trkpt>
      <trkpt lat="22.65097130160749" lon="107.60381179705014">
        <ele>97.63331352639943</ele>
        <time>2023-10-20T01:14:30Z</time>
        <extensions>
          <gpxtpx:TrackPointExtension>
            <gpxtpx:hr>108</gpxtpx:hr>
          </gpxtpx:TrackPointExtension>
        </extensions>
      </trkpt>
      <trkpt lat="22.65096093540128" lon="107.60381491728182">
        <ele>97.65411823242903</ele>
        <time>2023-10-20T01:14:31Z</time>
        <extensions>
          <gpxtpx:TrackPointExtension>
            <gpxtpx:hr>111</gpxtpx:hr>
          </gpxtpx:TrackPointExtension>
        </extensions>
      </trkpt>
      <trkpt lat="22.650950316553462" lon="107.60381819827859">
        <ele>97.66351315192878</ele>
        <time>2023-10-20T01:14:32Z</time>
        <extensions>
          <gpxtpx:TrackPointExtension>
            <gpxtpx:hr>111</gpxtpx:hr>
          </gpxtpx:TrackPointExtension>
        </extensions>
      </trkpt>
      <trkpt lat="22.650939854412048" lon="107.60382148264648">
        <ele>97.67306468635798</ele>
        <time>2023-10-20T01:14:33Z</time>
        <extensions>
          <gpxtpx:TrackPointExtension>
            <gpxtpx:hr>111</gpxtpx:hr>
          </gpxtpx:TrackPointExtension>
        </extensions>
      </trkpt>
      <trkpt lat="22.650929910832417" lon="107.60382470745301">
        <ele>97.67256867047399</ele>
        <time>2023-10-20T01:14:34Z</time>
        <extensions>
          <gpxtpx:TrackPointExtension>
            <gpxtpx:hr>111</gpxtpx:hr>
          </gpxtpx:TrackPointExtension>
        </extensions>
      </trkpt>
      <trkpt lat="22.65092046876633" lon="107.6038278488065">
        <ele>97.66441636532545</ele>
        <time>2023-10-20T01:14:35Z</time>
        <extensions>
          <gpxtpx:TrackPointExtension>
            <gpxtpx:hr>111</gpxtpx:hr>
          </gpxtpx:TrackPointExtension>
        </extensions>
      </trkpt>
      <trkpt lat="22.650911092619975" lon="107.60383096538789">
        <ele>97.64416198339313</ele>
        <time>2023-10-20T01:14:36Z</time>
        <extensions>
          <gpxtpx:TrackPointExtension>
            <gpxtpx:hr>110</gpxtpx:hr>
          </gpxtpx:TrackPointExtension>
        </extensions>
      </trkpt>
      <trkpt lat="22.65090134138048" lon="107.60383417499303">
        <ele>97.60134113486856</ele>
        <time>2023-10-20T01:14:37Z</time>
        <extensions>
          <gpxtpx:TrackPointExtension>
            <gpxtpx:hr>110</gpxtpx:hr>
          </gpxtpx:TrackPointExtension>
        </extensions>
      </trkpt>
      <trkpt lat="22.650891275402024" lon="107.60383724753082">
        <ele>97.56403047032654</ele>
        <time>2023-10-20T01:14:38Z</time>
        <extensions>
          <gpxtpx:TrackPointExtension>
            <gpxtpx:hr>110</gpxtpx:hr>
          </gpxtpx:TrackPointExtension>
        </extensions>
      </trkpt>
      <trkpt lat="22.65088096193122" lon="107.60383988786886">
        <ele>97.54384024161845</ele>
        <time>2023-10-20T01:14:39Z</time>
        <extensions>
          <gpxtpx:TrackPointExtension>
            <gpxtpx:hr>108</gpxtpx:hr>
          </gpxtpx:TrackPointExtension>
        </extensions>
      </trkpt>
      <trkpt lat="22.650870569818917" lon="107.60384226704281">
        <ele>97.5059430859983</ele>
        <time>2023-10-20T01:14:40Z</time>
        <extensions>
          <gpxtpx:TrackPointExtension>
            <gpxtpx:hr>108</gpxtpx:hr>
          </gpxtpx:TrackPointExtension>
        </extensions>
      </trkpt>
      <trkpt lat="22.650860272332682" lon="107.60384477993813">
        <ele>97.46825180575252</ele>
        <time>2023-10-20T01:14:41Z</time>
        <extensions>
          <gpxtpx:TrackPointExtension>
            <gpxtpx:hr>108</gpxtpx:hr>
          </gpxtpx:TrackPointExtension>
        </extensions>
      </trkpt>
      <trkpt lat="22.650850283278047" lon="107.60384732374396">
        <ele>97.46014292910695</ele>
        <time>2023-10-20T01:14:42Z</time>
        <extensions>
          <gpxtpx:TrackPointExtension>
            <gpxtpx:hr>108</gpxtpx:hr>
          </gpxtpx:TrackPointExtension>
        </extensions>
      </trkpt>
      <trkpt lat="22.650840566081698" lon="107.60384947077671">
        <ele>97.42017047293484</ele>
        <time>2023-10-20T01:14:43Z</time>
        <extensions>
          <gpxtpx:TrackPointExtension>
            <gpxtpx:hr>108</gpxtpx:hr>
          </gpxtpx:TrackPointExtension>
        </extensions>
      </trkpt>
      <trkpt lat="22.650831008511574" lon="107.60385156912122">
        <ele>97.39098798204213</ele>
        <time>2023-10-20T01:14:44Z</time>
        <extensions>
          <gpxtpx:TrackPointExtension>
            <gpxtpx:hr>108</gpxtpx:hr>
          </gpxtpx:TrackPointExtension>
        </extensions>
      </trkpt>
      <trkpt lat="22.650822176094152" lon="107.6038544990584">
        <ele>97.36723676789552</ele>
        <time>2023-10-20T01:14:45Z</time>
        <extensions>
          <gpxtpx:TrackPointExtension>
            <gpxtpx:hr>108</gpxtpx:hr>
          </gpxtpx:TrackPointExtension>
        </extensions>
      </trkpt>
      <trkpt lat="22.65081477127736" lon="107.60385874707396">
        <ele>97.32197443302721</ele>
        <time>2023-10-20T01:14:46Z</time>
        <extensions>
          <gpxtpx:TrackPointExtension>
            <gpxtpx:hr>108</gpxtpx:hr>
          </gpxtpx:TrackPointExtension>
        </extensions>
      </trkpt>
      <trkpt lat="22.650807903506134" lon="107.60386438904503">
        <ele>97.2524689687416</ele>
        <time>2023-10-20T01:14:47Z</time>
        <extensions>
          <gpxtpx:TrackPointExtension>
            <gpxtpx:hr>108</gpxtpx:hr>
          </gpxtpx:TrackPointExtension>
        </extensions>
      </trkpt>
      <trkpt lat="22.650800888221255" lon="107.60387106999421">
        <ele>97.204067485407</ele>
        <time>2023-10-20T01:14:48Z</time>
        <extensions>
          <gpxtpx:TrackPointExtension>
            <gpxtpx:hr>108</gpxtpx:hr>
          </gpxtpx:TrackPointExtension>
        </extensions>
      </trkpt>
      <trkpt lat="22.650794649169498" lon="107.60387807016852">
        <ele>97.17106519360095</ele>
        <time>2023-10-20T01:14:49Z</time>
        <extensions>
          <gpxtpx:TrackPointExtension>
            <gpxtpx:hr>108</gpxtpx:hr>
          </gpxtpx:TrackPointExtension>
        </extensions>
      </trkpt>
      <trkpt lat="22.65078953765808" lon="107.60388500264534">
        <ele>97.12932304851711</ele>
        <time>2023-10-20T01:14:50Z</time>
        <extensions>
          <gpxtpx:TrackPointExtension>
            <gpxtpx:hr>108</gpxtpx:hr>
          </gpxtpx:TrackPointExtension>
        </extensions>
      </trkpt>
      <trkpt lat="22.65078555384438" lon="107.60389197025746">
        <ele>97.098547344096</ele>
        <time>2023-10-20T01:14:51Z</time>
        <extensions>
          <gpxtpx:TrackPointExtension>
            <gpxtpx:hr>106</gpxtpx:hr>
          </gpxtpx:TrackPointExtension>
        </extensions>
      </trkpt>
      <trkpt lat="22.650782822796618" lon="107.60389930551673">
        <ele>97.05689659714699</ele>
        <time>2023-10-20T01:14:52Z</time>
        <extensions>
          <gpxtpx:TrackPointExtension>
            <gpxtpx:hr>106</gpxtpx:hr>
          </gpxtpx:TrackPointExtension>
        </extensions>
      </trkpt>
      <trkpt lat="22.65078101573335" lon="107.60390758899297">
        <ele>97.0209231339395</ele>
        <time>2023-10-20T01:14:53Z</time>
        <extensions>
          <gpxtpx:TrackPointExtension>
            <gpxtpx:hr>106</gpxtpx:hr>
          </gpxtpx:TrackPointExtension>
        </extensions>
      </trkpt>
      <trkpt lat="22.65077975960338" lon="107.60391687080757">
        <ele>96.9771743863821</ele>
        <time>2023-10-20T01:14:54Z</time>
        <extensions>
          <gpxtpx:TrackPointExtension>
            <gpxtpx:hr>106</gpxtpx:hr>
          </gpxtpx:TrackPointExtension>
        </extensions>
      </trkpt>
      <trkpt lat="22.650778950858705" lon="107.60392664644536">
        <ele>96.94228334631771</ele>
        <time>2023-10-20T01:14:55Z</time>
        <extensions>
          <gpxtpx:TrackPointExtension>
            <gpxtpx:hr>106</gpxtpx:hr>
          </gpxtpx:TrackPointExtension>
        </extensions>
      </trkpt>
      <trkpt lat="22.650778195670775" lon="107.60393684705501">
        <ele>96.90547379758209</ele>
        <time>2023-10-20T01:14:56Z</time>
        <extensions>
          <gpxtpx:TrackPointExtension>
            <gpxtpx:hr>106</gpxtpx:hr>
          </gpxtpx:TrackPointExtension>
        </extensions>
      </trkpt>
      <trkpt lat="22.65077752294644" lon="107.60394794196162">
        <ele>96.85712523572147</ele>
        <time>2023-10-20T01:14:57Z</time>
        <extensions>
          <gpxtpx:TrackPointExtension>
            <gpxtpx:hr>106</gpxtpx:hr>
          </gpxtpx:TrackPointExtension>
        </extensions>
      </trkpt>
      <trkpt lat="22.650777081674814" lon="107.60396044523691">
        <ele>96.8071555448696</ele>
        <time>2023-10-20T01:14:58Z</time>
        <extensions>
          <gpxtpx:TrackPointExtension>
            <gpxtpx:hr>107</gpxtpx:hr>
          </gpxtpx:TrackPointExtension>
        </extensions>
      </trkpt>
      <trkpt lat="22.65077700483498" lon="107.6039740878004">
        <ele>96.74240252189338</ele>
        <time>2023-10-20T01:14:59Z</time>
        <extensions>
          <gpxtpx:TrackPointExtension>
            <gpxtpx:hr>107</gpxtpx:hr>
          </gpxtpx:TrackPointExtension>
        </extensions>
      </trkpt>
      <trkpt lat="22.65077768916391" lon="107.60398769832294">
        <ele>96.674889029935</ele>
        <time>2023-10-20T01:15:00Z</time>
        <extensions>
          <gpxtpx:TrackPointExtension>
            <gpxtpx:hr>107</gpxtpx:hr>
          </gpxtpx:TrackPointExtension>
        </extensions>
      </trkpt>
      <trkpt lat="22.650779536157124" lon="107.60400099098321">
        <ele>96.6099300403148</ele>
        <time>2023-10-20T01:15:01Z</time>
        <extensions>
          <gpxtpx:TrackPointExtension>
            <gpxtpx:hr>107</gpxtpx:hr>
          </gpxtpx:TrackPointExtension>
        </extensions>
      </trkpt>
      <trkpt lat="22.65078188373482" lon="107.60401393492836">
        <ele>96.56001405790448</ele>
        <time>2023-10-20T01:15:02Z</time>
        <extensions>
          <gpxtpx:TrackPointExtension>
            <gpxtpx:hr>107</gpxtpx:hr>
          </gpxtpx:TrackPointExtension>
        </extensions>
      </trkpt>
      <trkpt lat="22.65078402023961" lon="107.60402626492427">
        <ele>96.50809093378484</ele>
        <time>2023-10-20T01:15:03Z</time>
        <extensions>
          <gpxtpx:TrackPointExtension>
            <gpxtpx:hr>107</gpxtpx:hr>
          </gpxtpx:TrackPointExtension>
        </extensions>
      </trkpt>
      <trkpt lat="22.65078622989246" lon="107.60403808288285">
        <ele>96.46245190594345</ele>
        <time>2023-10-20T01:15:04Z</time>
        <extensions>
          <gpxtpx:TrackPointExtension>
            <gpxtpx:hr>107</gpxtpx:hr>
          </gpxtpx:TrackPointExtension>
        </extensions>
      </trkpt>
      <trkpt lat="22.650788731683715" lon="107.60404995135181">
        <ele>96.41290844418108</ele>
        <time>2023-10-20T01:15:05Z</time>
        <extensions>
          <gpxtpx:TrackPointExtension>
            <gpxtpx:hr>104</gpxtpx:hr>
          </gpxtpx:TrackPointExtension>
        </extensions>
      </trkpt>
      <trkpt lat="22.65079102705383" lon="107.60406249387052">
        <ele>96.3566035469994</ele>
        <time>2023-10-20T01:15:06Z</time>
        <extensions>
          <gpxtpx:TrackPointExtension>
            <gpxtpx:hr>104</gpxtpx:hr>
          </gpxtpx:TrackPointExtension>
        </extensions>
      </trkpt>
      <trkpt lat="22.650792841958012" lon="107.60407582715352">
        <ele>96.30145557690412</ele>
        <time>2023-10-20T01:15:07Z</time>
        <extensions>
          <gpxtpx:TrackPointExtension>
            <gpxtpx:hr>104</gpxtpx:hr>
          </gpxtpx:TrackPointExtension>
        </extensions>
      </trkpt>
      <trkpt lat="22.650794404033316" lon="107.60408924314547">
        <ele>96.24449763353914</ele>
        <time>2023-10-20T01:15:08Z</time>
        <extensions>
          <gpxtpx:TrackPointExtension>
            <gpxtpx:hr>104</gpxtpx:hr>
          </gpxtpx:TrackPointExtension>
        </extensions>
      </trkpt>
      <trkpt lat="22.650795752012705" lon="107.60410173276546">
        <ele>96.18347394187003</ele>
        <time>2023-10-20T01:15:09Z</time>
        <extensions>
          <gpxtpx:TrackPointExtension>
            <gpxtpx:hr>104</gpxtpx:hr>
          </gpxtpx:TrackPointExtension>
        </extensions>
      </trkpt>
      <trkpt lat="22.650796914452407" lon="107.60411287734325">
        <ele>96.138238995336</ele>
        <time>2023-10-20T01:15:10Z</time>
        <extensions>
          <gpxtpx:TrackPointExtension>
            <gpxtpx:hr>106</gpxtpx:hr>
          </gpxtpx:TrackPointExtension>
        </extensions>
      </trkpt>
      <trkpt lat="22.650798309107085" lon="107.60412364889748">
        <ele>96.08475192449987</ele>
        <time>2023-10-20T01:15:11Z</time>
        <extensions>
          <gpxtpx:TrackPointExtension>
            <gpxtpx:hr>106</gpxtpx:hr>
          </gpxtpx:TrackPointExtension>
        </extensions>
      </trkpt>
      <trkpt lat="22.650799860414477" lon="107.60413465150847">
        <ele>96.03364996612072</ele>
        <time>2023-10-20T01:15:12Z</time>
        <extensions>
          <gpxtpx:TrackPointExtension>
            <gpxtpx:hr>106</gpxtpx:hr>
          </gpxtpx:TrackPointExtension>
        </extensions>
      </trkpt>
      <trkpt lat="22.650801057257105" lon="107.60414495885901">
        <ele>95.97947998065501</ele>
        <time>2023-10-20T01:15:13Z</time>
        <extensions>
          <gpxtpx:TrackPointExtension>
            <gpxtpx:hr>106</gpxtpx:hr>
          </gpxtpx:TrackPointExtension>
        </extensions>
      </trkpt>
      <trkpt lat="22.650801949555163" lon="107.60415464122593">
        <ele>95.91433072835207</ele>
        <time>2023-10-20T01:15:14Z</time>
        <extensions>
          <gpxtpx:TrackPointExtension>
            <gpxtpx:hr>106</gpxtpx:hr>
          </gpxtpx:TrackPointExtension>
        </extensions>
      </trkpt>
      <trkpt lat="22.650802805164666" lon="107.60416416588498">
        <ele>95.85369161702693</ele>
        <time>2023-10-20T01:15:15Z</time>
        <extensions>
          <gpxtpx:TrackPointExtension>
            <gpxtpx:hr>106</gpxtpx:hr>
          </gpxtpx:TrackPointExtension>
        </extensions>
      </trkpt>
      <trkpt lat="22.650804254979064" lon="107.60417445211365">
        <ele>95.79011412058026</ele>
        <time>2023-10-20T01:15:16Z</time>
        <extensions>
          <gpxtpx:TrackPointExtension>
            <gpxtpx:hr>106</gpxtpx:hr>
          </gpxtpx:TrackPointExtension>
        </extensions>
      </trkpt>
      <trkpt lat="22.650806391781952" lon="107.60418606610399">
        <ele>95.72873466368765</ele>
        <time>2023-10-20T01:15:17Z</time>
        <extensions>
          <gpxtpx:TrackPointExtension>
            <gpxtpx:hr>106</gpxtpx:hr>
          </gpxtpx:TrackPointExtension>
        </extensions>
      </trkpt>
      <trkpt lat="22.650808497528217" lon="107.60419801317052">
        <ele>95.67859790939838</ele>
        <time>2023-10-20T01:15:18Z</time>
        <extensions>
          <gpxtpx:TrackPointExtension>
            <gpxtpx:hr>106</gpxtpx:hr>
          </gpxtpx:TrackPointExtension>
        </extensions>
      </trkpt>
      <trkpt lat="22.650809606701813" lon="107.6042094966409">
        <ele>95.64515135157853</ele>
        <time>2023-10-20T01:15:19Z</time>
        <extensions>
          <gpxtpx:TrackPointExtension>
            <gpxtpx:hr>106</gpxtpx:hr>
          </gpxtpx:TrackPointExtension>
        </extensions>
      </trkpt>
      <trkpt lat="22.650809847532308" lon="107.60421979754827">
        <ele>95.63317367155105</ele>
        <time>2023-10-20T01:15:20Z</time>
        <extensions>
          <gpxtpx:TrackPointExtension>
            <gpxtpx:hr>106</gpxtpx:hr>
          </gpxtpx:TrackPointExtension>
        </extensions>
      </trkpt>
      <trkpt lat="22.65080992852752" lon="107.60422900297812">
        <ele>95.6549747241661</ele>
        <time>2023-10-20T01:15:21Z</time>
        <extensions>
          <gpxtpx:TrackPointExtension>
            <gpxtpx:hr>106</gpxtpx:hr>
          </gpxtpx:TrackPointExtension>
        </extensions>
      </trkpt>
      <trkpt lat="22.650810193920144" lon="107.60423821561547">
        <ele>95.70352723821998</ele>
        <time>2023-10-20T01:15:22Z</time>
        <extensions>
          <gpxtpx:TrackPointExtension>
            <gpxtpx:hr>108</gpxtpx:hr>
          </gpxtpx:TrackPointExtension>
        </extensions>
      </trkpt>
      <trkpt lat="22.650810783817764" lon="107.60424826495611">
        <ele>95.77121203485876</ele>
        <time>2023-10-20T01:15:23Z</time>
        <extensions>
          <gpxtpx:TrackPointExtension>
            <gpxtpx:hr>108</gpxtpx:hr>
          </gpxtpx:TrackPointExtension>
        </extensions>
      </trkpt>
      <trkpt lat="22.65081156446366" lon="107.60425905725286">
        <ele>95.84739521984011</ele>
        <time>2023-10-20T01:15:24Z</time>
        <extensions>
          <gpxtpx:TrackPointExtension>
            <gpxtpx:hr>108</gpxtpx:hr>
          </gpxtpx:TrackPointExtension>
        </extensions>
      </trkpt>
      <trkpt lat="22.650812228021557" lon="107.60426983718851">
        <ele>95.91879643313587</ele>
        <time>2023-10-20T01:15:25Z</time>
        <extensions>
          <gpxtpx:TrackPointExtension>
            <gpxtpx:hr>108</gpxtpx:hr>
          </gpxtpx:TrackPointExtension>
        </extensions>
      </trkpt>
      <trkpt lat="22.650812615694868" lon="107.60427968488028">
        <ele>96.01238388288766</ele>
        <time>2023-10-20T01:15:26Z</time>
        <extensions>
          <gpxtpx:TrackPointExtension>
            <gpxtpx:hr>108</gpxtpx:hr>
          </gpxtpx:TrackPointExtension>
        </extensions>
      </trkpt>
      <trkpt lat="22.65081261047784" lon="107.60428818911818">
        <ele>96.10850098263472</ele>
        <time>2023-10-20T01:15:27Z</time>
        <extensions>
          <gpxtpx:TrackPointExtension>
            <gpxtpx:hr>108</gpxtpx:hr>
          </gpxtpx:TrackPointExtension>
        </extensions>
      </trkpt>
      <trkpt lat="22.65081213293095" lon="107.6042954174941">
        <ele>96.2170513086021</ele>
        <time>2023-10-20T01:15:28Z</time>
        <extensions>
          <gpxtpx:TrackPointExtension>
            <gpxtpx:hr>108</gpxtpx:hr>
          </gpxtpx:TrackPointExtension>
        </extensions>
      </trkpt>
      <trkpt lat="22.650811453439854" lon="107.6043017305755">
        <ele>96.3250470943749</ele>
        <time>2023-10-20T01:15:29Z</time>
        <extensions>
          <gpxtpx:TrackPointExtension>
            <gpxtpx:hr>108</gpxtpx:hr>
          </gpxtpx:TrackPointExtension>
        </extensions>
      </trkpt>
      <trkpt lat="22.65081071106884" lon="107.60430699750084">
        <ele>96.41820118296891</ele>
        <time>2023-10-20T01:15:30Z</time>
        <extensions>
          <gpxtpx:TrackPointExtension>
            <gpxtpx:hr>109</gpxtpx:hr>
          </gpxtpx:TrackPointExtension>
        </extensions>
      </trkpt>
      <trkpt lat="22.65080986775879" lon="107.60431068826891">
        <ele>96.50931026227772</ele>
        <time>2023-10-20T01:15:31Z</time>
        <extensions>
          <gpxtpx:TrackPointExtension>
            <gpxtpx:hr>109</gpxtpx:hr>
          </gpxtpx:TrackPointExtension>
        </extensions>
      </trkpt>
      <trkpt lat="22.65080902752609" lon="107.60431318432724">
        <ele>96.58867613598704</ele>
        <time>2023-10-20T01:15:32Z</time>
        <extensions>
          <gpxtpx:TrackPointExtension>
            <gpxtpx:hr>109</gpxtpx:hr>
          </gpxtpx:TrackPointExtension>
        </extensions>
      </trkpt>
      <trkpt lat="22.650808216888475" lon="107.60431544431404">
        <ele>96.66018802858889</ele>
        <time>2023-10-20T01:15:33Z</time>
        <extensions>
          <gpxtpx:TrackPointExtension>
            <gpxtpx:hr>109</gpxtpx:hr>
          </gpxtpx:TrackPointExtension>
        </extensions>
      </trkpt>
      <trkpt lat="22.650807541922358" lon="107.6043171107381">
        <ele>96.71423335187137</ele>
        <time>2023-10-20T01:15:34Z</time>
        <extensions>
          <gpxtpx:TrackPointExtension>
            <gpxtpx:hr>109</gpxtpx:hr>
          </gpxtpx:TrackPointExtension>
        </extensions>
      </trkpt>
      <trkpt lat="22.650807182486744" lon="107.60431749279344">
        <ele>96.7581565529108</ele>
        <time>2023-10-20T01:15:35Z</time>
        <extensions>
          <gpxtpx:TrackPointExtension>
            <gpxtpx:hr>109</gpxtpx:hr>
          </gpxtpx:TrackPointExtension>
        </extensions>
      </trkpt>
      <trkpt lat="22.65080719764623" lon="107.60431682683581">
        <ele>96.78195880632848</ele>
        <time>2023-10-20T01:15:36Z</time>
        <extensions>
          <gpxtpx:TrackPointExtension>
            <gpxtpx:hr>108</gpxtpx:hr>
          </gpxtpx:TrackPointExtension>
        </extensions>
      </trkpt>
      <trkpt lat="22.650807525846915" lon="107.60431536336134">
        <ele>96.78576745837927</ele>
        <time>2023-10-20T01:15:37Z</time>
        <extensions>
          <gpxtpx:TrackPointExtension>
            <gpxtpx:hr>108</gpxtpx:hr>
          </gpxtpx:TrackPointExtension>
        </extensions>
      </trkpt>
      <trkpt lat="22.65080804037173" lon="107.6043132209208">
        <ele>96.76023013144732</ele>
        <time>2023-10-20T01:15:38Z</time>
        <extensions>
          <gpxtpx:TrackPointExtension>
            <gpxtpx:hr>108</gpxtpx:hr>
          </gpxtpx:TrackPointExtension>
        </extensions>
      </trkpt>
      <trkpt lat="22.650808667747956" lon="107.60431036975872">
        <ele>96.72314326185733</ele>
        <time>2023-10-20T01:15:39Z</time>
        <extensions>
          <gpxtpx:TrackPointExtension>
            <gpxtpx:hr>108</gpxtpx:hr>
          </gpxtpx:TrackPointExtension>
        </extensions>
      </trkpt>
      <trkpt lat="22.65080952174486" lon="107.6043065573832">
        <ele>96.65926073957235</ele>
        <time>2023-10-20T01:15:40Z</time>
        <extensions>
          <gpxtpx:TrackPointExtension>
            <gpxtpx:hr>108</gpxtpx:hr>
          </gpxtpx:TrackPointExtension>
        </extensions>
      </trkpt>
      <trkpt lat="22.65081094195729" lon="107.60430130196373">
        <ele>96.57465214282274</ele>
        <time>2023-10-20T01:15:41Z</time>
        <extensions>
          <gpxtpx:TrackPointExtension>
            <gpxtpx:hr>108</gpxtpx:hr>
          </gpxtpx:TrackPointExtension>
        </extensions>
      </trkpt>
      <trkpt lat="22.650813086705583" lon="107.60429443694213">
        <ele>96.48178355954587</ele>
        <time>2023-10-20T01:15:42Z</time>
        <extensions>
          <gpxtpx:TrackPointExtension>
            <gpxtpx:hr>109</gpxtpx:hr>
          </gpxtpx:TrackPointExtension>
        </extensions>
      </trkpt>
      <trkpt lat="22.65081548516041" lon="107.60428628418903">
        <ele>96.38363235630095</ele>
        <time>2023-10-20T01:15:43Z</time>
        <extensions>
          <gpxtpx:TrackPointExtension>
            <gpxtpx:hr>109</gpxtpx:hr>
          </gpxtpx:TrackPointExtension>
        </extensions>
      </trkpt>
      <trkpt lat="22.65081732872553" lon="107.60427731312244">
        <ele>96.28389119543135</ele>
        <time>2023-10-20T01:15:44Z</time>
        <extensions>
          <gpxtpx:TrackPointExtension>
            <gpxtpx:hr>109</gpxtpx:hr>
          </gpxtpx:TrackPointExtension>
        </extensions>
      </trkpt>
      <trkpt lat="22.650817699042598" lon="107.60426793030885">
        <ele>96.17830212879926</ele>
        <time>2023-10-20T01:15:45Z</time>
        <extensions>
          <gpxtpx:TrackPointExtension>
            <gpxtpx:hr>109</gpxtpx:hr>
          </gpxtpx:TrackPointExtension>
        </extensions>
      </trkpt>
      <trkpt lat="22.650815661921968" lon="107.60425805728227">
        <ele>96.07659805100411</ele>
        <time>2023-10-20T01:15:46Z</time>
        <extensions>
          <gpxtpx:TrackPointExtension>
            <gpxtpx:hr>109</gpxtpx:hr>
          </gpxtpx:TrackPointExtension>
        </extensions>
      </trkpt>
      <trkpt lat="22.6508105528953" lon="107.6042475526303">
        <ele>95.97354442067444</ele>
        <time>2023-10-20T01:15:47Z</time>
        <extensions>
          <gpxtpx:TrackPointExtension>
            <gpxtpx:hr>107</gpxtpx:hr>
          </gpxtpx:TrackPointExtension>
        </extensions>
      </trkpt>
      <trkpt lat="22.650802425494355" lon="107.60423708097065">
        <ele>95.87263010628521</ele>
        <time>2023-10-20T01:15:48Z</time>
        <extensions>
          <gpxtpx:TrackPointExtension>
            <gpxtpx:hr>107</gpxtpx:hr>
          </gpxtpx:TrackPointExtension>
        </extensions>
      </trkpt>
      <trkpt lat="22.65079200638293" lon="107.6042273352036">
        <ele>95.77377985976636</ele>
        <time>2023-10-20T01:15:49Z</time>
        <extensions>
          <gpxtpx:TrackPointExtension>
            <gpxtpx:hr>107</gpxtpx:hr>
          </gpxtpx:TrackPointExtension>
        </extensions>
      </trkpt>
      <trkpt lat="22.650780394428327" lon="107.60421853305678">
        <ele>95.6903837537393</ele>
        <time>2023-10-20T01:15:50Z</time>
        <extensions>
          <gpxtpx:TrackPointExtension>
            <gpxtpx:hr>107</gpxtpx:hr>
          </gpxtpx:TrackPointExtension>
        </extensions>
      </trkpt>
      <trkpt lat="22.65076892290334" lon="107.60421059133772">
        <ele>95.60204352997243</ele>
        <time>2023-10-20T01:15:51Z</time>
        <extensions>
          <gpxtpx:TrackPointExtension>
            <gpxtpx:hr>107</gpxtpx:hr>
          </gpxtpx:TrackPointExtension>
        </extensions>
      </trkpt>
      <trkpt lat="22.65075884178623" lon="107.60420345474293">
        <ele>95.53160127718002</ele>
        <time>2023-10-20T01:15:52Z</time>
        <extensions>
          <gpxtpx:TrackPointExtension>
            <gpxtpx:hr>107</gpxtpx:hr>
          </gpxtpx:TrackPointExtension>
        </extensions>
      </trkpt>
      <trkpt lat="22.650750927425488" lon="107.60419720094438">
        <ele>95.46510290913284</ele>
        <time>2023-10-20T01:15:53Z</time>
        <extensions>
          <gpxtpx:TrackPointExtension>
            <gpxtpx:hr>107</gpxtpx:hr>
          </gpxtpx:TrackPointExtension>
        </extensions>
      </trkpt>
      <trkpt lat="22.65074471262785" lon="107.60419117364603">
        <ele>95.40699056349695</ele>
        <time>2023-10-20T01:15:54Z</time>
        <extensions>
          <gpxtpx:TrackPointExtension>
            <gpxtpx:hr>107</gpxtpx:hr>
          </gpxtpx:TrackPointExtension>
        </extensions>
      </trkpt>
      <trkpt lat="22.650739518159003" lon="107.6041849449527">
        <ele>95.35355177056044</ele>
        <time>2023-10-20T01:15:55Z</time>
        <extensions>
          <gpxtpx:TrackPointExtension>
            <gpxtpx:hr>107</gpxtpx:hr>
          </gpxtpx:TrackPointExtension>
        </extensions>
      </trkpt>
      <trkpt lat="22.65073503465746" lon="107.60417867017162">
        <ele>95.3037610175088</ele>
        <time>2023-10-20T01:15:56Z</time>
        <extensions>
          <gpxtpx:TrackPointExtension>
            <gpxtpx:hr>106</gpxtpx:hr>
          </gpxtpx:TrackPointExtension>
        </extensions>
      </trkpt>
      <trkpt lat="22.650730701386667" lon="107.60417228429715">
        <ele>95.25954743847251</ele>
        <time>2023-10-20T01:15:57Z</time>
        <extensions>
          <gpxtpx:TrackPointExtension>
            <gpxtpx:hr>106</gpxtpx:hr>
          </gpxtpx:TrackPointExtension>
        </extensions>
      </trkpt>
      <trkpt lat="22.65072662444224" lon="107.60416606794273">
        <ele>95.22274434380233</ele>
        <time>2023-10-20T01:15:58Z</time>
        <extensions>
          <gpxtpx:TrackPointExtension>
            <gpxtpx:hr>106</gpxtpx:hr>
          </gpxtpx:TrackPointExtension>
        </extensions>
      </trkpt>
      <trkpt lat="22.65072311502034" lon="107.6041608574383">
        <ele>95.19153826404363</ele>
        <time>2023-10-20T01:15:59Z</time>
        <extensions>
          <gpxtpx:TrackPointExtension>
            <gpxtpx:hr>104</gpxtpx:hr>
          </gpxtpx:TrackPointExtension>
        </extensions>
      </trkpt>
      <trkpt lat="22.650719824682824" lon="107.60415751061558">
        <ele>95.16056782659143</ele>
        <time>2023-10-20T01:16:00Z</time>
        <extensions>
          <gpxtpx:TrackPointExtension>
            <gpxtpx:hr>104</gpxtpx:hr>
          </gpxtpx:TrackPointExtension>
        </extensions>
      </trkpt>
      <trkpt lat="22.65071648995181" lon="107.60415679911799">
        <ele>95.13939906284213</ele>
        <time>2023-10-20T01:16:01Z</time>
        <extensions>
          <gpxtpx:TrackPointExtension>
            <gpxtpx:hr>104</gpxtpx:hr>
          </gpxtpx:TrackPointExtension>
        </extensions>
      </trkpt>
      <trkpt lat="22.65071294845525" lon="107.60415904872498">
        <ele>95.11403062194586</ele>
        <time>2023-10-20T01:16:02Z</time>
        <extensions>
          <gpxtpx:TrackPointExtension>
            <gpxtpx:hr>104</gpxtpx:hr>
          </gpxtpx:TrackPointExtension>
        </extensions>
      </trkpt>
      <trkpt lat="22.650708866582946" lon="107.60416340962527">
        <ele>95.0797643205151</ele>
        <time>2023-10-20T01:16:03Z</time>
        <extensions>
          <gpxtpx:TrackPointExtension>
            <gpxtpx:hr>104</gpxtpx:hr>
          </gpxtpx:TrackPointExtension>
        </extensions>
      </trkpt>
      <trkpt lat="22.65070344526918" lon="107.60416911721533">
        <ele>95.05274473316967</ele>
        <time>2023-10-20T01:16:04Z</time>
        <extensions>
          <gpxtpx:TrackPointExtension>
            <gpxtpx:hr>104</gpxtpx:hr>
          </gpxtpx:TrackPointExtension>
        </extensions>
      </trkpt>
      <trkpt lat="22.65069600142316" lon="107.60417555012233">
        <ele>95.01018226798624</ele>
        <time>2023-10-20T01:16:05Z</time>
        <extensions>
          <gpxtpx:TrackPointExtension>
            <gpxtpx:hr>104</gpxtpx:hr>
          </gpxtpx:TrackPointExtension>
        </extensions>
      </trkpt>
      <trkpt lat="22.65068654498968" lon="107.60418154491603">
        <ele>94.96073154825717</ele>
        <time>2023-10-20T01:16:06Z</time>
        <extensions>
          <gpxtpx:TrackPointExtension>
            <gpxtpx:hr>104</gpxtpx:hr>
          </gpxtpx:TrackPointExtension>
        </extensions>
      </trkpt>
      <trkpt lat="22.650675086204444" lon="107.60418634500508">
        <ele>94.91616304405034</ele>
        <time>2023-10-20T01:16:07Z</time>
        <extensions>
          <gpxtpx:TrackPointExtension>
            <gpxtpx:hr>104</gpxtpx:hr>
          </gpxtpx:TrackPointExtension>
        </extensions>
      </trkpt>
      <trkpt lat="22.65066119605084" lon="107.60419001669779">
        <ele>94.86803872510791</ele>
        <time>2023-10-20T01:16:08Z</time>
        <extensions>
          <gpxtpx:TrackPointExtension>
            <gpxtpx:hr>104</gpxtpx:hr>
          </gpxtpx:TrackPointExtension>
        </extensions>
      </trkpt>
      <trkpt lat="22.650645211438782" lon="107.60419338215867">
        <ele>94.82621389720589</ele>
        <time>2023-10-20T01:16:09Z</time>
        <extensions>
          <gpxtpx:TrackPointExtension>
            <gpxtpx:hr>104</gpxtpx:hr>
          </gpxtpx:TrackPointExtension>
        </extensions>
      </trkpt>
      <trkpt lat="22.650628535588826" lon="107.60419729337363">
        <ele>94.78041840158403</ele>
        <time>2023-10-20T01:16:10Z</time>
        <extensions>
          <gpxtpx:TrackPointExtension>
            <gpxtpx:hr>104</gpxtpx:hr>
          </gpxtpx:TrackPointExtension>
        </extensions>
      </trkpt>
      <trkpt lat="22.650612709774805" lon="107.60420236271462">
        <ele>94.73171698488295</ele>
        <time>2023-10-20T01:16:11Z</time>
        <extensions>
          <gpxtpx:TrackPointExtension>
            <gpxtpx:hr>104</gpxtpx:hr>
          </gpxtpx:TrackPointExtension>
        </extensions>
      </trkpt>
      <trkpt lat="22.650599223722118" lon="107.6042088501192">
        <ele>94.68453660234809</ele>
        <time>2023-10-20T01:16:12Z</time>
        <extensions>
          <gpxtpx:TrackPointExtension>
            <gpxtpx:hr>104</gpxtpx:hr>
          </gpxtpx:TrackPointExtension>
        </extensions>
      </trkpt>
      <trkpt lat="22.650588716668686" lon="107.60421680056628">
        <ele>94.63725097849965</ele>
        <time>2023-10-20T01:16:13Z</time>
        <extensions>
          <gpxtpx:TrackPointExtension>
            <gpxtpx:hr>104</gpxtpx:hr>
          </gpxtpx:TrackPointExtension>
        </extensions>
      </trkpt>
      <trkpt lat="22.650580582495618" lon="107.60422610713358">
        <ele>94.58799947239459</ele>
        <time>2023-10-20T01:16:14Z</time>
        <extensions>
          <gpxtpx:TrackPointExtension>
            <gpxtpx:hr>104</gpxtpx:hr>
          </gpxtpx:TrackPointExtension>
        </extensions>
      </trkpt>
      <trkpt lat="22.650573533880596" lon="107.60423717017015">
        <ele>94.54137331619859</ele>
        <time>2023-10-20T01:16:15Z</time>
        <extensions>
          <gpxtpx:TrackPointExtension>
            <gpxtpx:hr>104</gpxtpx:hr>
          </gpxtpx:TrackPointExtension>
        </extensions>
      </trkpt>
      <trkpt lat="22.650566405779717" lon="107.60425006131256">
        <ele>94.49850345496088</ele>
        <time>2023-10-20T01:16:16Z</time>
        <extensions>
          <gpxtpx:TrackPointExtension>
            <gpxtpx:hr>104</gpxtpx:hr>
          </gpxtpx:TrackPointExtension>
        </extensions>
      </trkpt>
      <trkpt lat="22.6505584032088" lon="107.60426485072286">
        <ele>94.46633545681834</ele>
        <time>2023-10-20T01:16:17Z</time>
        <extensions>
          <gpxtpx:TrackPointExtension>
            <gpxtpx:hr>105</gpxtpx:hr>
          </gpxtpx:TrackPointExtension>
        </extensions>
      </trkpt>
      <trkpt lat="22.650548910938962" lon="107.60428183233277">
        <ele>94.44225614424795</ele>
        <time>2023-10-20T01:16:18Z</time>
        <extensions>
          <gpxtpx:TrackPointExtension>
            <gpxtpx:hr>105</gpxtpx:hr>
          </gpxtpx:TrackPointExtension>
        </extensions>
      </trkpt>
      <trkpt lat="22.650538335631396" lon="107.60429981390958">
        <ele>94.42152748722583</ele>
        <time>2023-10-20T01:16:19Z</time>
        <extensions>
          <gpxtpx:TrackPointExtension>
            <gpxtpx:hr>105</gpxtpx:hr>
          </gpxtpx:TrackPointExtension>
        </extensions>
      </trkpt>
      <trkpt lat="22.650527646071744" lon="107.6043180898481">
        <ele>94.40615921933204</ele>
        <time>2023-10-20T01:16:20Z</time>
        <extensions>
          <gpxtpx:TrackPointExtension>
            <gpxtpx:hr>105</gpxtpx:hr>
          </gpxtpx:TrackPointExtension>
        </extensions>
      </trkpt>
      <trkpt lat="22.65051750682035" lon="107.60433599757951">
        <ele>94.39401275385171</ele>
        <time>2023-10-20T01:16:21Z</time>
        <extensions>
          <gpxtpx:TrackPointExtension>
            <gpxtpx:hr>105</gpxtpx:hr>
          </gpxtpx:TrackPointExtension>
        </extensions>
      </trkpt>
      <trkpt lat="22.65050847477455" lon="107.6043520169854">
        <ele>94.3820551354438</ele>
        <time>2023-10-20T01:16:22Z</time>
        <extensions>
          <gpxtpx:TrackPointExtension>
            <gpxtpx:hr>105</gpxtpx:hr>
          </gpxtpx:TrackPointExtension>
        </extensions>
      </trkpt>
      <trkpt lat="22.650501112726825" lon="107.60436454006117">
        <ele>94.37257585208863</ele>
        <time>2023-10-20T01:16:23Z</time>
        <extensions>
          <gpxtpx:TrackPointExtension>
            <gpxtpx:hr>105</gpxtpx:hr>
          </gpxtpx:TrackPointExtension>
        </extensions>
      </trkpt>
      <trkpt lat="22.650494185938985" lon="107.60437579910815">
        <ele>94.36072991136461</ele>
        <time>2023-10-20T01:16:24Z</time>
        <extensions>
          <gpxtpx:TrackPointExtension>
            <gpxtpx:hr>105</gpxtpx:hr>
          </gpxtpx:TrackPointExtension>
        </extensions>
      </trkpt>
      <trkpt lat="22.650487052057077" lon="107.60438823305076">
        <ele>94.34672586619854</ele>
        <time>2023-10-20T01:16:25Z</time>
        <extensions>
          <gpxtpx:TrackPointExtension>
            <gpxtpx:hr>105</gpxtpx:hr>
          </gpxtpx:TrackPointExtension>
        </extensions>
      </trkpt>
      <trkpt lat="22.65048000503213" lon="107.60440242048877">
        <ele>94.3461859850213</ele>
        <time>2023-10-20T01:16:26Z</time>
        <extensions>
          <gpxtpx:TrackPointExtension>
            <gpxtpx:hr>106</gpxtpx:hr>
          </gpxtpx:TrackPointExtension>
        </extensions>
      </trkpt>
      <trkpt lat="22.65047370488485" lon="107.60441715396352">
        <ele>94.34977187402546</ele>
        <time>2023-10-20T01:16:27Z</time>
        <extensions>
          <gpxtpx:TrackPointExtension>
            <gpxtpx:hr>106</gpxtpx:hr>
          </gpxtpx:TrackPointExtension>
        </extensions>
      </trkpt>
      <trkpt lat="22.650469195851628" lon="107.60442872434544">
        <ele>94.35534030292183</ele>
        <time>2023-10-20T01:16:28Z</time>
        <extensions>
          <gpxtpx:TrackPointExtension>
            <gpxtpx:hr>106</gpxtpx:hr>
          </gpxtpx:TrackPointExtension>
        </extensions>
      </trkpt>
      <trkpt lat="22.650464967001373" lon="107.60443921684517">
        <ele>94.36224628333002</ele>
        <time>2023-10-20T01:16:29Z</time>
        <extensions>
          <gpxtpx:TrackPointExtension>
            <gpxtpx:hr>106</gpxtpx:hr>
          </gpxtpx:TrackPointExtension>
        </extensions>
      </trkpt>
      <trkpt lat="22.65045964231865" lon="107.6044506891747">
        <ele>94.36758048273623</ele>
        <time>2023-10-20T01:16:30Z</time>
        <extensions>
          <gpxtpx:TrackPointExtension>
            <gpxtpx:hr>106</gpxtpx:hr>
          </gpxtpx:TrackPointExtension>
        </extensions>
      </trkpt>
      <trkpt lat="22.650453713839152" lon="107.60446148253202">
        <ele>94.36953482963145</ele>
        <time>2023-10-20T01:16:31Z</time>
        <extensions>
          <gpxtpx:TrackPointExtension>
            <gpxtpx:hr>106</gpxtpx:hr>
          </gpxtpx:TrackPointExtension>
        </extensions>
      </trkpt>
      <trkpt lat="22.650447211591757" lon="107.60447090480224">
        <ele>94.36488720495254</ele>
        <time>2023-10-20T01:16:32Z</time>
        <extensions>
          <gpxtpx:TrackPointExtension>
            <gpxtpx:hr>107</gpxtpx:hr>
          </gpxtpx:TrackPointExtension>
        </extensions>
      </trkpt>
      <trkpt lat="22.650440321188928" lon="107.60447833374002">
        <ele>94.36783153563738</ele>
        <time>2023-10-20T01:16:33Z</time>
        <extensions>
          <gpxtpx:TrackPointExtension>
            <gpxtpx:hr>107</gpxtpx:hr>
          </gpxtpx:TrackPointExtension>
        </extensions>
      </trkpt>
      <trkpt lat="22.650434092331402" lon="107.60448341606177">
        <ele>94.36626906786114</ele>
        <time>2023-10-20T01:16:34Z</time>
        <extensions>
          <gpxtpx:TrackPointExtension>
            <gpxtpx:hr>107</gpxtpx:hr>
          </gpxtpx:TrackPointExtension>
        </extensions>
      </trkpt>
      <trkpt lat="22.65042902365725" lon="107.60448662333933">
        <ele>94.36165963765234</ele>
        <time>2023-10-20T01:16:35Z</time>
        <extensions>
          <gpxtpx:TrackPointExtension>
            <gpxtpx:hr>107</gpxtpx:hr>
          </gpxtpx:TrackPointExtension>
        </extensions>
      </trkpt>
      <trkpt lat="22.650424565420064" lon="107.60448951683975">
        <ele>94.35604321677238</ele>
        <time>2023-10-20T01:16:36Z</time>
        <extensions>
          <gpxtpx:TrackPointExtension>
            <gpxtpx:hr>110</gpxtpx:hr>
          </gpxtpx:TrackPointExtension>
        </extensions>
      </trkpt>
      <trkpt lat="22.65042106518096" lon="107.60449217620024">
        <ele>94.34891146700829</ele>
        <time>2023-10-20T01:16:37Z</time>
        <extensions>
          <gpxtpx:TrackPointExtension>
            <gpxtpx:hr>110</gpxtpx:hr>
          </gpxtpx:TrackPointExtension>
        </extensions>
      </trkpt>
      <trkpt lat="22.650418753379" lon="107.60449421860258">
        <ele>94.33987795002759</ele>
        <time>2023-10-20T01:16:38Z</time>
        <extensions>
          <gpxtpx:TrackPointExtension>
            <gpxtpx:hr>110</gpxtpx:hr>
          </gpxtpx:TrackPointExtension>
        </extensions>
      </trkpt>
      <trkpt lat="22.650417438590765" lon="107.60449581905114">
        <ele>94.32879037503153</ele>
        <time>2023-10-20T01:16:39Z</time>
        <extensions>
          <gpxtpx:TrackPointExtension>
            <gpxtpx:hr>110</gpxtpx:hr>
          </gpxtpx:TrackPointExtension>
        </extensions>
      </trkpt>
      <trkpt lat="22.650416765125733" lon="107.60449744055822">
        <ele>94.3157570362091</ele>
        <time>2023-10-20T01:16:40Z</time>
        <extensions>
          <gpxtpx:TrackPointExtension>
            <gpxtpx:hr>107</gpxtpx:hr>
          </gpxtpx:TrackPointExtension>
        </extensions>
      </trkpt>
      <trkpt lat="22.650416195878943" lon="107.60449964177454">
        <ele>94.30109304655343</ele>
        <time>2023-10-20T01:16:41Z</time>
        <extensions>
          <gpxtpx:TrackPointExtension>
            <gpxtpx:hr>107</gpxtpx:hr>
          </gpxtpx:TrackPointExtension>
        </extensions>
      </trkpt>
      <trkpt lat="22.65041507485669" lon="107.60450276792997">
        <ele>94.28529219608754</ele>
        <time>2023-10-20T01:16:42Z</time>
        <extensions>
          <gpxtpx:TrackPointExtension>
            <gpxtpx:hr>107</gpxtpx:hr>
          </gpxtpx:TrackPointExtension>
        </extensions>
      </trkpt>
      <trkpt lat="22.650413351746618" lon="107.60450644294899">
        <ele>94.26881541777402</ele>
        <time>2023-10-20T01:16:43Z</time>
        <extensions>
          <gpxtpx:TrackPointExtension>
            <gpxtpx:hr>107</gpxtpx:hr>
          </gpxtpx:TrackPointExtension>
        </extensions>
      </trkpt>
      <trkpt lat="22.650411856947837" lon="107.60450939113359">
        <ele>94.2520555742085</ele>
        <time>2023-10-20T01:16:44Z</time>
        <extensions>
          <gpxtpx:TrackPointExtension>
            <gpxtpx:hr>110</gpxtpx:hr>
          </gpxtpx:TrackPointExtension>
        </extensions>
      </trkpt>
      <trkpt lat="22.65041100033455" lon="107.60451135953778">
        <ele>94.24025025777519</ele>
        <time>2023-10-20T01:16:45Z</time>
        <extensions>
          <gpxtpx:TrackPointExtension>
            <gpxtpx:hr>110</gpxtpx:hr>
          </gpxtpx:TrackPointExtension>
        </extensions>
      </trkpt>
      <trkpt lat="22.650410378906074" lon="107.60451312032679">
        <ele>94.22963048703969</ele>
        <time>2023-10-20T01:16:46Z</time>
        <extensions>
          <gpxtpx:TrackPointExtension>
            <gpxtpx:hr>110</gpxtpx:hr>
          </gpxtpx:TrackPointExtension>
        </extensions>
      </trkpt>
      <trkpt lat="22.650410068467817" lon="107.60451466709698">
        <ele>94.22734781168401</ele>
        <time>2023-10-20T01:16:47Z</time>
        <extensions>
          <gpxtpx:TrackPointExtension>
            <gpxtpx:hr>110</gpxtpx:hr>
          </gpxtpx:TrackPointExtension>
        </extensions>
      </trkpt>
      <trkpt lat="22.650410195404998" lon="107.60451587840541">
        <ele>94.22833553608507</ele>
        <time>2023-10-20T01:16:48Z</time>
        <extensions>
          <gpxtpx:TrackPointExtension>
            <gpxtpx:hr>110</gpxtpx:hr>
          </gpxtpx:TrackPointExtension>
        </extensions>
      </trkpt>
      <trkpt lat="22.650410830994904" lon="107.60451678311314">
        <ele>94.23445011116564</ele>
        <time>2023-10-20T01:16:49Z</time>
        <extensions>
          <gpxtpx:TrackPointExtension>
            <gpxtpx:hr>103</gpxtpx:hr>
          </gpxtpx:TrackPointExtension>
        </extensions>
      </trkpt>
      <trkpt lat="22.650412124509337" lon="107.60451746760994">
        <ele>94.24228499829769</ele>
        <time>2023-10-20T01:16:50Z</time>
        <extensions>
          <gpxtpx:TrackPointExtension>
            <gpxtpx:hr>103</gpxtpx:hr>
          </gpxtpx:TrackPointExtension>
        </extensions>
      </trkpt>
      <trkpt lat="22.65041426665238" lon="107.60451801092326">
        <ele>94.25271012820303</ele>
        <time>2023-10-20T01:16:51Z</time>
        <extensions>
          <gpxtpx:TrackPointExtension>
            <gpxtpx:hr>103</gpxtpx:hr>
          </gpxtpx:TrackPointExtension>
        </extensions>
      </trkpt>
      <trkpt lat="22.650417470150447" lon="107.60451853490468">
        <ele>94.27074255701154</ele>
        <time>2023-10-20T01:16:52Z</time>
        <extensions>
          <gpxtpx:TrackPointExtension>
            <gpxtpx:hr>103</gpxtpx:hr>
          </gpxtpx:TrackPointExtension>
        </extensions>
      </trkpt>
      <trkpt lat="22.650421886351452" lon="107.60451915108945">
        <ele>94.29243371728808</ele>
        <time>2023-10-20T01:16:53Z</time>
        <extensions>
          <gpxtpx:TrackPointExtension>
            <gpxtpx:hr>103</gpxtpx:hr>
          </gpxtpx:TrackPointExtension>
        </extensions>
      </trkpt>
      <trkpt lat="22.65042735538691" lon="107.60452003750248">
        <ele>94.32077470328659</ele>
        <time>2023-10-20T01:16:54Z</time>
        <extensions>
          <gpxtpx:TrackPointExtension>
            <gpxtpx:hr>103</gpxtpx:hr>
          </gpxtpx:TrackPointExtension>
        </extensions>
      </trkpt>
      <trkpt lat="22.65043316505418" lon="107.60452130459818">
        <ele>94.3524767709896</ele>
        <time>2023-10-20T01:16:55Z</time>
        <extensions>
          <gpxtpx:TrackPointExtension>
            <gpxtpx:hr>103</gpxtpx:hr>
          </gpxtpx:TrackPointExtension>
        </extensions>
      </trkpt>
      <trkpt lat="22.650438203033676" lon="107.60452281205772">
        <ele>94.38689918629825</ele>
        <time>2023-10-20T01:16:56Z</time>
        <extensions>
          <gpxtpx:TrackPointExtension>
            <gpxtpx:hr>102</gpxtpx:hr>
          </gpxtpx:TrackPointExtension>
        </extensions>
      </trkpt>
      <trkpt lat="22.650441862713464" lon="107.60452434726952">
        <ele>94.42324723210186</ele>
        <time>2023-10-20T01:16:57Z</time>
        <extensions>
          <gpxtpx:TrackPointExtension>
            <gpxtpx:hr>102</gpxtpx:hr>
          </gpxtpx:TrackPointExtension>
        </extensions>
      </trkpt>
      <trkpt lat="22.650443872757272" lon="107.60452573031355">
        <ele>94.4574834825471</ele>
        <time>2023-10-20T01:16:58Z</time>
        <extensions>
          <gpxtpx:TrackPointExtension>
            <gpxtpx:hr>102</gpxtpx:hr>
          </gpxtpx:TrackPointExtension>
        </extensions>
      </trkpt>
      <trkpt lat="22.650444312049792" lon="107.60452686251217">
        <ele>94.4866387359798</ele>
        <time>2023-10-20T01:16:59Z</time>
        <extensions>
          <gpxtpx:TrackPointExtension>
            <gpxtpx:hr>102</gpxtpx:hr>
          </gpxtpx:TrackPointExtension>
        </extensions>
      </trkpt>
      <trkpt lat="22.65044361918981" lon="107.60452771267178">
        <ele>94.51418279204518</ele>
        <time>2023-10-20T01:17:00Z</time>
        <extensions>
          <gpxtpx:TrackPointExtension>
            <gpxtpx:hr>102</gpxtpx:hr>
          </gpxtpx:TrackPointExtension>
        </extensions>
      </trkpt>
      <trkpt lat="22.650442176048248" lon="107.60452844921386">
        <ele>94.53940151818097</ele>
        <time>2023-10-20T01:17:01Z</time>
        <extensions>
          <gpxtpx:TrackPointExtension>
            <gpxtpx:hr>102</gpxtpx:hr>
          </gpxtpx:TrackPointExtension>
        </extensions>
      </trkpt>
      <trkpt lat="22.65044017148945" lon="107.60452950884732">
        <ele>94.56171100679785</ele>
        <time>2023-10-20T01:17:02Z</time>
        <extensions>
          <gpxtpx:TrackPointExtension>
            <gpxtpx:hr>101</gpxtpx:hr>
          </gpxtpx:TrackPointExtension>
        </extensions>
      </trkpt>
      <trkpt lat="22.650437784970933" lon="107.60453113642954">
        <ele>94.58064848091453</ele>
        <time>2023-10-20T01:17:03Z</time>
        <extensions>
          <gpxtpx:TrackPointExtension>
            <gpxtpx:hr>101</gpxtpx:hr>
          </gpxtpx:TrackPointExtension>
        </extensions>
      </trkpt>
      <trkpt lat="22.650435450175344" lon="107.60453302578495">
        <ele>94.59575845208019</ele>
        <time>2023-10-20T01:17:04Z</time>
        <extensions>
          <gpxtpx:TrackPointExtension>
            <gpxtpx:hr>101</gpxtpx:hr>
          </gpxtpx:TrackPointExtension>
        </extensions>
      </trkpt>
      <trkpt lat="22.650433475990297" lon="107.60453479530031">
        <ele>94.60653235577047</ele>
        <time>2023-10-20T01:17:05Z</time>
        <extensions>
          <gpxtpx:TrackPointExtension>
            <gpxtpx:hr>101</gpxtpx:hr>
          </gpxtpx:TrackPointExtension>
        </extensions>
      </trkpt>
      <trkpt lat="22.650431970699636" lon="107.60453629940048">
        <ele>94.6126930937171</ele>
        <time>2023-10-20T01:17:06Z</time>
        <extensions>
          <gpxtpx:TrackPointExtension>
            <gpxtpx:hr>101</gpxtpx:hr>
          </gpxtpx:TrackPointExtension>
        </extensions>
      </trkpt>
      <trkpt lat="22.65043134322318" lon="107.60453726665179">
        <ele>94.61554506234825</ele>
        <time>2023-10-20T01:17:07Z</time>
        <extensions>
          <gpxtpx:TrackPointExtension>
            <gpxtpx:hr>105</gpxtpx:hr>
          </gpxtpx:TrackPointExtension>
        </extensions>
      </trkpt>
      <trkpt lat="22.65043181623953" lon="107.6045377244586">
        <ele>94.61831324361265</ele>
        <time>2023-10-20T01:17:08Z</time>
        <extensions>
          <gpxtpx:TrackPointExtension>
            <gpxtpx:hr>105</gpxtpx:hr>
          </gpxtpx:TrackPointExtension>
        </extensions>
      </trkpt>
      <trkpt lat="22.650433454540686" lon="107.60453767261596">
        <ele>94.61839201673865</ele>
        <time>2023-10-20T01:17:09Z</time>
        <extensions>
          <gpxtpx:TrackPointExtension>
            <gpxtpx:hr>105</gpxtpx:hr>
          </gpxtpx:TrackPointExtension>
        </extensions>
      </trkpt>
      <trkpt lat="22.65043608256639" lon="107.60453673929052">
        <ele>94.61657427810133</ele>
        <time>2023-10-20T01:17:10Z</time>
        <extensions>
          <gpxtpx:TrackPointExtension>
            <gpxtpx:hr>107</gpxtpx:hr>
          </gpxtpx:TrackPointExtension>
        </extensions>
      </trkpt>
      <trkpt lat="22.65043941364256" lon="107.60453430119124">
        <ele>94.61397468019277</ele>
        <time>2023-10-20T01:17:11Z</time>
        <extensions>
          <gpxtpx:TrackPointExtension>
            <gpxtpx:hr>107</gpxtpx:hr>
          </gpxtpx:TrackPointExtension>
        </extensions>
      </trkpt>
      <trkpt lat="22.650443319974038" lon="107.60452992166769">
        <ele>94.62080168817192</ele>
        <time>2023-10-20T01:17:12Z</time>
        <extensions>
          <gpxtpx:TrackPointExtension>
            <gpxtpx:hr>107</gpxtpx:hr>
          </gpxtpx:TrackPointExtension>
        </extensions>
      </trkpt>
      <trkpt lat="22.65044782716074" lon="107.60452333409152">
        <ele>94.6248399792239</ele>
        <time>2023-10-20T01:17:13Z</time>
        <extensions>
          <gpxtpx:TrackPointExtension>
            <gpxtpx:hr>107</gpxtpx:hr>
          </gpxtpx:TrackPointExtension>
        </extensions>
      </trkpt>
      <trkpt lat="22.650453073733146" lon="107.604514152905">
        <ele>94.63035449199378</ele>
        <time>2023-10-20T01:17:14Z</time>
        <extensions>
          <gpxtpx:TrackPointExtension>
            <gpxtpx:hr>107</gpxtpx:hr>
          </gpxtpx:TrackPointExtension>
        </extensions>
      </trkpt>
      <trkpt lat="22.650458784319586" lon="107.60450267860699">
        <ele>94.63748738449067</ele>
        <time>2023-10-20T01:17:15Z</time>
        <extensions>
          <gpxtpx:TrackPointExtension>
            <gpxtpx:hr>104</gpxtpx:hr>
          </gpxtpx:TrackPointExtension>
        </extensions>
      </trkpt>
      <trkpt lat="22.650464218161137" lon="107.60449037565125">
        <ele>94.64626725204289</ele>
        <time>2023-10-20T01:17:16Z</time>
        <extensions>
          <gpxtpx:TrackPointExtension>
            <gpxtpx:hr>104</gpxtpx:hr>
          </gpxtpx:TrackPointExtension>
        </extensions>
      </trkpt>
      <trkpt lat="22.650468460559505" lon="107.60447956909219">
        <ele>94.65149359498173</ele>
        <time>2023-10-20T01:17:17Z</time>
        <extensions>
          <gpxtpx:TrackPointExtension>
            <gpxtpx:hr>104</gpxtpx:hr>
          </gpxtpx:TrackPointExtension>
        </extensions>
      </trkpt>
      <trkpt lat="22.6504710049955" lon="107.60447191099638">
        <ele>94.6574675142765</ele>
        <time>2023-10-20T01:17:18Z</time>
        <extensions>
          <gpxtpx:TrackPointExtension>
            <gpxtpx:hr>104</gpxtpx:hr>
          </gpxtpx:TrackPointExtension>
        </extensions>
      </trkpt>
      <trkpt lat="22.650471721260644" lon="107.60446794995286">
        <ele>94.66361080110073</ele>
        <time>2023-10-20T01:17:19Z</time>
        <extensions>
          <gpxtpx:TrackPointExtension>
            <gpxtpx:hr>104</gpxtpx:hr>
          </gpxtpx:TrackPointExtension>
        </extensions>
      </trkpt>
      <trkpt lat="22.65047036869766" lon="107.60446796610705">
        <ele>94.66783123649657</ele>
        <time>2023-10-20T01:17:20Z</time>
        <extensions>
          <gpxtpx:TrackPointExtension>
            <gpxtpx:hr>104</gpxtpx:hr>
          </gpxtpx:TrackPointExtension>
        </extensions>
      </trkpt>
      <trkpt lat="22.650467113342255" lon="107.60447141928863">
        <ele>94.66644066944718</ele>
        <time>2023-10-20T01:17:21Z</time>
        <extensions>
          <gpxtpx:TrackPointExtension>
            <gpxtpx:hr>104</gpxtpx:hr>
          </gpxtpx:TrackPointExtension>
        </extensions>
      </trkpt>
      <trkpt lat="22.65046288706235" lon="107.60447660958609">
        <ele>94.65990831982344</ele>
        <time>2023-10-20T01:17:22Z</time>
        <extensions>
          <gpxtpx:TrackPointExtension>
            <gpxtpx:hr>104</gpxtpx:hr>
          </gpxtpx:TrackPointExtension>
        </extensions>
      </trkpt>
      <trkpt lat="22.650459160884246" lon="107.60448084470255">
        <ele>94.6613621097058</ele>
        <time>2023-10-20T01:17:23Z</time>
        <extensions>
          <gpxtpx:TrackPointExtension>
            <gpxtpx:hr>104</gpxtpx:hr>
          </gpxtpx:TrackPointExtension>
        </extensions>
      </trkpt>
      <trkpt lat="22.650455213519223" lon="107.60448391643621">
        <ele>94.65378365665674</ele>
        <time>2023-10-20T01:17:24Z</time>
        <extensions>
          <gpxtpx:TrackPointExtension>
            <gpxtpx:hr>104</gpxtpx:hr>
          </gpxtpx:TrackPointExtension>
        </extensions>
      </trkpt>
      <trkpt lat="22.65044975413699" lon="107.60448687500947">
        <ele>94.64584936294705</ele>
        <time>2023-10-20T01:17:25Z</time>
        <extensions>
          <gpxtpx:TrackPointExtension>
            <gpxtpx:hr>97</gpxtpx:hr>
          </gpxtpx:TrackPointExtension>
        </extensions>
      </trkpt>
      <trkpt lat="22.650442860150118" lon="107.60448939020652">
        <ele>94.63342681806535</ele>
        <time>2023-10-20T01:17:26Z</time>
        <extensions>
          <gpxtpx:TrackPointExtension>
            <gpxtpx:hr>97</gpxtpx:hr>
          </gpxtpx:TrackPointExtension>
        </extensions>
      </trkpt>
      <trkpt lat="22.650434702483118" lon="107.60449121810069">
        <ele>94.61447324045002</ele>
        <time>2023-10-20T01:17:27Z</time>
        <extensions>
          <gpxtpx:TrackPointExtension>
            <gpxtpx:hr>97</gpxtpx:hr>
          </gpxtpx:TrackPointExtension>
        </extensions>
      </trkpt>
      <trkpt lat="22.650426036244518" lon="107.6044919397827">
        <ele>94.581279495731</ele>
        <time>2023-10-20T01:17:28Z</time>
        <extensions>
          <gpxtpx:TrackPointExtension>
            <gpxtpx:hr>97</gpxtpx:hr>
          </gpxtpx:TrackPointExtension>
        </extensions>
      </trkpt>
      <trkpt lat="22.650417219948082" lon="107.60449124091438">
        <ele>94.5398812238127</ele>
        <time>2023-10-20T01:17:29Z</time>
        <extensions>
          <gpxtpx:TrackPointExtension>
            <gpxtpx:hr>97</gpxtpx:hr>
          </gpxtpx:TrackPointExtension>
        </extensions>
      </trkpt>
      <trkpt lat="22.650408142466944" lon="107.60448896259342">
        <ele>94.4983656173572</ele>
        <time>2023-10-20T01:17:30Z</time>
        <extensions>
          <gpxtpx:TrackPointExtension>
            <gpxtpx:hr>97</gpxtpx:hr>
          </gpxtpx:TrackPointExtension>
        </extensions>
      </trkpt>
      <trkpt lat="22.650399456693357" lon="107.60448510789406">
        <ele>94.4591658944264</ele>
        <time>2023-10-20T01:17:31Z</time>
        <extensions>
          <gpxtpx:TrackPointExtension>
            <gpxtpx:hr>97</gpxtpx:hr>
          </gpxtpx:TrackPointExtension>
        </extensions>
      </trkpt>
      <trkpt lat="22.650391747215515" lon="107.60448004109598">
        <ele>94.42151516489685</ele>
        <time>2023-10-20T01:17:32Z</time>
        <extensions>
          <gpxtpx:TrackPointExtension>
            <gpxtpx:hr>97</gpxtpx:hr>
          </gpxtpx:TrackPointExtension>
        </extensions>
      </trkpt>
      <trkpt lat="22.650385619268622" lon="107.60447441015289">
        <ele>94.38435226678848</ele>
        <time>2023-10-20T01:17:33Z</time>
        <extensions>
          <gpxtpx:TrackPointExtension>
            <gpxtpx:hr>97</gpxtpx:hr>
          </gpxtpx:TrackPointExtension>
        </extensions>
      </trkpt>
      <trkpt lat="22.650381712527732" lon="107.60446937496488">
        <ele>94.35058459825814</ele>
        <time>2023-10-20T01:17:34Z</time>
        <extensions>
          <gpxtpx:TrackPointExtension>
            <gpxtpx:hr>97</gpxtpx:hr>
          </gpxtpx:TrackPointExtension>
        </extensions>
      </trkpt>
      <trkpt lat="22.65037970044404" lon="107.60446606963377">
        <ele>94.31577881146222</ele>
        <time>2023-10-20T01:17:35Z</time>
        <extensions>
          <gpxtpx:TrackPointExtension>
            <gpxtpx:hr>97</gpxtpx:hr>
          </gpxtpx:TrackPointExtension>
        </extensions>
      </trkpt>
      <trkpt lat="22.65037886532656" lon="107.60446520243983">
        <ele>94.2838924555108</ele>
        <time>2023-10-20T01:17:36Z</time>
        <extensions>
          <gpxtpx:TrackPointExtension>
            <gpxtpx:hr>103</gpxtpx:hr>
          </gpxtpx:TrackPointExtension>
        </extensions>
      </trkpt>
      <trkpt lat="22.650378572099488" lon="107.60446683041448">
        <ele>94.25055464543402</ele>
        <time>2023-10-20T01:17:37Z</time>
        <extensions>
          <gpxtpx:TrackPointExtension>
            <gpxtpx:hr>103</gpxtpx:hr>
          </gpxtpx:TrackPointExtension>
        </extensions>
      </trkpt>
      <trkpt lat="22.65037817490776" lon="107.6044698655668">
        <ele>94.22137022949755</ele>
        <time>2023-10-20T01:17:38Z</time>
        <extensions>
          <gpxtpx:TrackPointExtension>
            <gpxtpx:hr>103</gpxtpx:hr>
          </gpxtpx:TrackPointExtension>
        </extensions>
      </trkpt>
      <trkpt lat="22.650377305686103" lon="107.60447258644594">
        <ele>94.1948713073507</ele>
        <time>2023-10-20T01:17:39Z</time>
        <extensions>
          <gpxtpx:TrackPointExtension>
            <gpxtpx:hr>103</gpxtpx:hr>
          </gpxtpx:TrackPointExtension>
        </extensions>
      </trkpt>
      <trkpt lat="22.650375879940725" lon="107.60447342681633">
        <ele>94.17725558299571</ele>
        <time>2023-10-20T01:17:39Z</time>
        <extensions>
          <gpxtpx:TrackPointExtension>
            <gpxtpx:hr>103</gpxtpx:hr>
          </gpxtpx:TrackPointExtension>
        </extensions>
      </trkpt>
      <trkpt lat="22.650374189964154" lon="107.60447176619437">
        <ele>94.15764060150832</ele>
        <time>2023-10-20T01:17:40Z</time>
        <extensions>
          <gpxtpx:TrackPointExtension>
            <gpxtpx:hr>103</gpxtpx:hr>
          </gpxtpx:TrackPointExtension>
        </extensions>
      </trkpt>
      <trkpt lat="22.650372651837245" lon="107.60446788883377">
        <ele>94.14623078051955</ele>
        <time>2023-10-20T01:17:41Z</time>
        <extensions>
          <gpxtpx:TrackPointExtension>
            <gpxtpx:hr>103</gpxtpx:hr>
          </gpxtpx:TrackPointExtension>
        </extensions>
      </trkpt>
      <trkpt lat="22.650371336382193" lon="107.60446240500704">
        <ele>94.14534880965948</ele>
        <time>2023-10-20T01:17:42Z</time>
        <extensions>
          <gpxtpx:TrackPointExtension>
            <gpxtpx:hr>103</gpxtpx:hr>
          </gpxtpx:TrackPointExtension>
        </extensions>
      </trkpt>
      <trkpt lat="22.65036995187848" lon="107.60445534906233">
        <ele>94.15031586773694</ele>
        <time>2023-10-20T01:17:43Z</time>
        <extensions>
          <gpxtpx:TrackPointExtension>
            <gpxtpx:hr>100</gpxtpx:hr>
          </gpxtpx:TrackPointExtension>
        </extensions>
      </trkpt>
      <trkpt lat="22.650368234552143" lon="107.60444668252953">
        <ele>94.16592042148113</ele>
        <time>2023-10-20T01:17:44Z</time>
        <extensions>
          <gpxtpx:TrackPointExtension>
            <gpxtpx:hr>100</gpxtpx:hr>
          </gpxtpx:TrackPointExtension>
        </extensions>
      </trkpt>
      <trkpt lat="22.650366129294746" lon="107.60443689979414">
        <ele>94.18917337339371</ele>
        <time>2023-10-20T01:17:45Z</time>
        <extensions>
          <gpxtpx:TrackPointExtension>
            <gpxtpx:hr>100</gpxtpx:hr>
          </gpxtpx:TrackPointExtension>
        </extensions>
      </trkpt>
      <trkpt lat="22.650363514551135" lon="107.60442637139047">
        <ele>94.2184594180435</ele>
        <time>2023-10-20T01:17:46Z</time>
        <extensions>
          <gpxtpx:TrackPointExtension>
            <gpxtpx:hr>100</gpxtpx:hr>
          </gpxtpx:TrackPointExtension>
        </extensions>
      </trkpt>
      <trkpt lat="22.65035987953944" lon="107.6044150754554">
        <ele>94.25497572682798</ele>
        <time>2023-10-20T01:17:47Z</time>
        <extensions>
          <gpxtpx:TrackPointExtension>
            <gpxtpx:hr>100</gpxtpx:hr>
          </gpxtpx:TrackPointExtension>
        </extensions>
      </trkpt>
      <trkpt lat="22.65035492510038" lon="107.60440353005892">
        <ele>94.29646862111986</ele>
        <time>2023-10-20T01:17:48Z</time>
        <extensions>
          <gpxtpx:TrackPointExtension>
            <gpxtpx:hr>100</gpxtpx:hr>
          </gpxtpx:TrackPointExtension>
        </extensions>
      </trkpt>
      <trkpt lat="22.65034905754001" lon="107.60439296059575">
        <ele>94.34133512340486</ele>
        <time>2023-10-20T01:17:49Z</time>
        <extensions>
          <gpxtpx:TrackPointExtension>
            <gpxtpx:hr>100</gpxtpx:hr>
          </gpxtpx:TrackPointExtension>
        </extensions>
      </trkpt>
      <trkpt lat="22.65034269945527" lon="107.60438417544249">
        <ele>94.38980105519295</ele>
        <time>2023-10-20T01:17:50Z</time>
        <extensions>
          <gpxtpx:TrackPointExtension>
            <gpxtpx:hr>103</gpxtpx:hr>
          </gpxtpx:TrackPointExtension>
        </extensions>
      </trkpt>
      <trkpt lat="22.65033592226661" lon="107.60437753886522">
        <ele>94.44082414358854</ele>
        <time>2023-10-20T01:17:51Z</time>
        <extensions>
          <gpxtpx:TrackPointExtension>
            <gpxtpx:hr>103</gpxtpx:hr>
          </gpxtpx:TrackPointExtension>
        </extensions>
      </trkpt>
      <trkpt lat="22.650328885670064" lon="107.60437328295187">
        <ele>94.48641347140074</ele>
        <time>2023-10-20T01:17:52Z</time>
        <extensions>
          <gpxtpx:TrackPointExtension>
            <gpxtpx:hr>103</gpxtpx:hr>
          </gpxtpx:TrackPointExtension>
        </extensions>
      </trkpt>
      <trkpt lat="22.650321758625424" lon="107.60437105917383">
        <ele>94.53094471991062</ele>
        <time>2023-10-20T01:17:53Z</time>
        <extensions>
          <gpxtpx:TrackPointExtension>
            <gpxtpx:hr>103</gpxtpx:hr>
          </gpxtpx:TrackPointExtension>
        </extensions>
      </trkpt>
      <trkpt lat="22.65031469076648" lon="107.60436985669249">
        <ele>94.57846179418266</ele>
        <time>2023-10-20T01:17:54Z</time>
        <extensions>
          <gpxtpx:TrackPointExtension>
            <gpxtpx:hr>103</gpxtpx:hr>
          </gpxtpx:TrackPointExtension>
        </extensions>
      </trkpt>
      <trkpt lat="22.650307845126388" lon="107.60436798012309">
        <ele>94.61670950055122</ele>
        <time>2023-10-20T01:17:55Z</time>
        <extensions>
          <gpxtpx:TrackPointExtension>
            <gpxtpx:hr>103</gpxtpx:hr>
          </gpxtpx:TrackPointExtension>
        </extensions>
      </trkpt>
      <trkpt lat="22.650301481019522" lon="107.60436434973003">
        <ele>94.65581523720175</ele>
        <time>2023-10-20T01:17:56Z</time>
        <extensions>
          <gpxtpx:TrackPointExtension>
            <gpxtpx:hr>103</gpxtpx:hr>
          </gpxtpx:TrackPointExtension>
        </extensions>
      </trkpt>
      <trkpt lat="22.65029626502506" lon="107.60435945378482">
        <ele>94.69641548674554</ele>
        <time>2023-10-20T01:17:57Z</time>
        <extensions>
          <gpxtpx:TrackPointExtension>
            <gpxtpx:hr>103</gpxtpx:hr>
          </gpxtpx:TrackPointExtension>
        </extensions>
      </trkpt>
      <trkpt lat="22.650292558494662" lon="107.60435410808891">
        <ele>94.74052534811199</ele>
        <time>2023-10-20T01:17:58Z</time>
        <extensions>
          <gpxtpx:TrackPointExtension>
            <gpxtpx:hr>103</gpxtpx:hr>
          </gpxtpx:TrackPointExtension>
        </extensions>
      </trkpt>
      <trkpt lat="22.650290130224057" lon="107.60434880567924">
        <ele>94.77897795382887</ele>
        <time>2023-10-20T01:17:59Z</time>
        <extensions>
          <gpxtpx:TrackPointExtension>
            <gpxtpx:hr>102</gpxtpx:hr>
          </gpxtpx:TrackPointExtension>
        </extensions>
      </trkpt>
      <trkpt lat="22.65028840037755" lon="107.60434385631618">
        <ele>94.81495627295226</ele>
        <time>2023-10-20T01:18:00Z</time>
        <extensions>
          <gpxtpx:TrackPointExtension>
            <gpxtpx:hr>102</gpxtpx:hr>
          </gpxtpx:TrackPointExtension>
        </extensions>
      </trkpt>
      <trkpt lat="22.650286557610467" lon="107.60433927900561">
        <ele>94.8518649423495</ele>
        <time>2023-10-20T01:18:01Z</time>
        <extensions>
          <gpxtpx:TrackPointExtension>
            <gpxtpx:hr>102</gpxtpx:hr>
          </gpxtpx:TrackPointExtension>
        </extensions>
      </trkpt>
      <trkpt lat="22.650283772169093" lon="107.60433513661744">
        <ele>94.88491035532206</ele>
        <time>2023-10-20T01:18:02Z</time>
        <extensions>
          <gpxtpx:TrackPointExtension>
            <gpxtpx:hr>102</gpxtpx:hr>
          </gpxtpx:TrackPointExtension>
        </extensions>
      </trkpt>
      <trkpt lat="22.650279332950532" lon="107.6043318317445">
        <ele>94.92641392815858</ele>
        <time>2023-10-20T01:18:03Z</time>
        <extensions>
          <gpxtpx:TrackPointExtension>
            <gpxtpx:hr>102</gpxtpx:hr>
          </gpxtpx:TrackPointExtension>
        </extensions>
      </trkpt>
      <trkpt lat="22.650273010733976" lon="107.60432961758077">
        <ele>94.97483169659972</ele>
        <time>2023-10-20T01:18:04Z</time>
        <extensions>
          <gpxtpx:TrackPointExtension>
            <gpxtpx:hr>102</gpxtpx:hr>
          </gpxtpx:TrackPointExtension>
        </extensions>
      </trkpt>
      <trkpt lat="22.65026504891272" lon="107.6043282540312">
        <ele>95.02955513074994</ele>
        <time>2023-10-20T01:18:05Z</time>
        <extensions>
          <gpxtpx:TrackPointExtension>
            <gpxtpx:hr>102</gpxtpx:hr>
          </gpxtpx:TrackPointExtension>
        </extensions>
      </trkpt>
      <trkpt lat="22.650256200723476" lon="107.60432737901223">
        <ele>95.08643617294729</ele>
        <time>2023-10-20T01:18:06Z</time>
        <extensions>
          <gpxtpx:TrackPointExtension>
            <gpxtpx:hr>100</gpxtpx:hr>
          </gpxtpx:TrackPointExtension>
        </extensions>
      </trkpt>
      <trkpt lat="22.65024755879776" lon="107.60432610076032">
        <ele>95.14165098313242</ele>
        <time>2023-10-20T01:18:07Z</time>
        <extensions>
          <gpxtpx:TrackPointExtension>
            <gpxtpx:hr>100</gpxtpx:hr>
          </gpxtpx:TrackPointExtension>
        </extensions>
      </trkpt>
      <trkpt lat="22.6502400113872" lon="107.60432342497872">
        <ele>95.19783612992615</ele>
        <time>2023-10-20T01:18:08Z</time>
        <extensions>
          <gpxtpx:TrackPointExtension>
            <gpxtpx:hr>100</gpxtpx:hr>
          </gpxtpx:TrackPointExtension>
        </extensions>
      </trkpt>
      <trkpt lat="22.650233502319686" lon="107.6043189363198">
        <ele>95.24870073515922</ele>
        <time>2023-10-20T01:18:09Z</time>
        <extensions>
          <gpxtpx:TrackPointExtension>
            <gpxtpx:hr>100</gpxtpx:hr>
          </gpxtpx:TrackPointExtension>
        </extensions>
      </trkpt>
      <trkpt lat="22.650227496965964" lon="107.60431263754049">
        <ele>95.299735291861</ele>
        <time>2023-10-20T01:18:10Z</time>
        <extensions>
          <gpxtpx:TrackPointExtension>
            <gpxtpx:hr>100</gpxtpx:hr>
          </gpxtpx:TrackPointExtension>
        </extensions>
      </trkpt>
      <trkpt lat="22.650221963825707" lon="107.60430482102285">
        <ele>95.35474697966129</ele>
        <time>2023-10-20T01:18:11Z</time>
        <extensions>
          <gpxtpx:TrackPointExtension>
            <gpxtpx:hr>100</gpxtpx:hr>
          </gpxtpx:TrackPointExtension>
        </extensions>
      </trkpt>
      <trkpt lat="22.65021715970774" lon="107.60429595527461">
        <ele>95.41158280987293</ele>
        <time>2023-10-20T01:18:13Z</time>
        <extensions>
          <gpxtpx:TrackPointExtension>
            <gpxtpx:hr>100</gpxtpx:hr>
          </gpxtpx:TrackPointExtension>
        </extensions>
      </trkpt>
      <trkpt lat="22.65021279126478" lon="107.60428684037292">
        <ele>95.47244845423847</ele>
        <time>2023-10-20T01:18:14Z</time>
        <extensions>
          <gpxtpx:TrackPointExtension>
            <gpxtpx:hr>100</gpxtpx:hr>
          </gpxtpx:TrackPointExtension>
        </extensions>
      </trkpt>
      <trkpt lat="22.650208238883618" lon="107.60427870439752">
        <ele>95.52484251186252</ele>
        <time>2023-10-20T01:18:15Z</time>
        <extensions>
          <gpxtpx:TrackPointExtension>
            <gpxtpx:hr>100</gpxtpx:hr>
          </gpxtpx:TrackPointExtension>
        </extensions>
      </trkpt>
      <trkpt lat="22.650203310084642" lon="107.6042719285616">
        <ele>95.57043566461653</ele>
        <time>2023-10-20T01:18:16Z</time>
        <extensions>
          <gpxtpx:TrackPointExtension>
            <gpxtpx:hr>100</gpxtpx:hr>
          </gpxtpx:TrackPointExtension>
        </extensions>
      </trkpt>
      <trkpt lat="22.65019767259653" lon="107.60426604615951">
        <ele>95.62553973030299</ele>
        <time>2023-10-20T01:18:17Z</time>
        <extensions>
          <gpxtpx:TrackPointExtension>
            <gpxtpx:hr>102</gpxtpx:hr>
          </gpxtpx:TrackPointExtension>
        </extensions>
      </trkpt>
      <trkpt lat="22.650191110524425" lon="107.60426088251677">
        <ele>95.67823482863605</ele>
        <time>2023-10-20T01:18:18Z</time>
        <extensions>
          <gpxtpx:TrackPointExtension>
            <gpxtpx:hr>102</gpxtpx:hr>
          </gpxtpx:TrackPointExtension>
        </extensions>
      </trkpt>
      <trkpt lat="22.650183967054733" lon="107.60425600835273">
        <ele>95.72300144471228</ele>
        <time>2023-10-20T01:18:19Z</time>
        <extensions>
          <gpxtpx:TrackPointExtension>
            <gpxtpx:hr>102</gpxtpx:hr>
          </gpxtpx:TrackPointExtension>
        </extensions>
      </trkpt>
      <trkpt lat="22.650176708424308" lon="107.60425066654932">
        <ele>95.76365435868502</ele>
        <time>2023-10-20T01:18:20Z</time>
        <extensions>
          <gpxtpx:TrackPointExtension>
            <gpxtpx:hr>102</gpxtpx:hr>
          </gpxtpx:TrackPointExtension>
        </extensions>
      </trkpt>
      <trkpt lat="22.650169436648472" lon="107.60424448825054">
        <ele>95.80885024834424</ele>
        <time>2023-10-20T01:18:21Z</time>
        <extensions>
          <gpxtpx:TrackPointExtension>
            <gpxtpx:hr>102</gpxtpx:hr>
          </gpxtpx:TrackPointExtension>
        </extensions>
      </trkpt>
      <trkpt lat="22.650161911717156" lon="107.60423800458875">
        <ele>95.85702979750931</ele>
        <time>2023-10-20T01:18:22Z</time>
        <extensions>
          <gpxtpx:TrackPointExtension>
            <gpxtpx:hr>102</gpxtpx:hr>
          </gpxtpx:TrackPointExtension>
        </extensions>
      </trkpt>
      <trkpt lat="22.650153960176823" lon="107.60423167235696">
        <ele>95.90562334097922</ele>
        <time>2023-10-20T01:18:23Z</time>
        <extensions>
          <gpxtpx:TrackPointExtension>
            <gpxtpx:hr>101</gpxtpx:hr>
          </gpxtpx:TrackPointExtension>
        </extensions>
      </trkpt>
      <trkpt lat="22.650145350986328" lon="107.60422587380923">
        <ele>95.95620993897319</ele>
        <time>2023-10-20T01:18:24Z</time>
        <extensions>
          <gpxtpx:TrackPointExtension>
            <gpxtpx:hr>101</gpxtpx:hr>
          </gpxtpx:TrackPointExtension>
        </extensions>
      </trkpt>
      <trkpt lat="22.65013587348049" lon="107.60422170113308">
        <ele>96.00172707159072</ele>
        <time>2023-10-20T01:18:25Z</time>
        <extensions>
          <gpxtpx:TrackPointExtension>
            <gpxtpx:hr>101</gpxtpx:hr>
          </gpxtpx:TrackPointExtension>
        </extensions>
      </trkpt>
      <trkpt lat="22.650125829020684" lon="107.60421985199325">
        <ele>96.05116169620305</ele>
        <time>2023-10-20T01:18:26Z</time>
        <extensions>
          <gpxtpx:TrackPointExtension>
            <gpxtpx:hr>101</gpxtpx:hr>
          </gpxtpx:TrackPointExtension>
        </extensions>
      </trkpt>
      <trkpt lat="22.650115265122427" lon="107.60422026501786">
        <ele>96.09822084382176</ele>
        <time>2023-10-20T01:18:27Z</time>
        <extensions>
          <gpxtpx:TrackPointExtension>
            <gpxtpx:hr>101</gpxtpx:hr>
          </gpxtpx:TrackPointExtension>
        </extensions>
      </trkpt>
      <trkpt lat="22.650103701306925" lon="107.6042225752559">
        <ele>96.15180186741054</ele>
        <time>2023-10-20T01:18:28Z</time>
        <extensions>
          <gpxtpx:TrackPointExtension>
            <gpxtpx:hr>100</gpxtpx:hr>
          </gpxtpx:TrackPointExtension>
        </extensions>
      </trkpt>
      <trkpt lat="22.65009073616958" lon="107.60422610000637">
        <ele>96.20557196158916</ele>
        <time>2023-10-20T01:18:29Z</time>
        <extensions>
          <gpxtpx:TrackPointExtension>
            <gpxtpx:hr>100</gpxtpx:hr>
          </gpxtpx:TrackPointExtension>
        </extensions>
      </trkpt>
      <trkpt lat="22.650076209730212" lon="107.60422987488049">
        <ele>96.26302595250309</ele>
        <time>2023-10-20T01:18:30Z</time>
        <extensions>
          <gpxtpx:TrackPointExtension>
            <gpxtpx:hr>100</gpxtpx:hr>
          </gpxtpx:TrackPointExtension>
        </extensions>
      </trkpt>
      <trkpt lat="22.650060261948354" lon="107.60423301096343">
        <ele>96.31443641055375</ele>
        <time>2023-10-20T01:18:31Z</time>
        <extensions>
          <gpxtpx:TrackPointExtension>
            <gpxtpx:hr>101</gpxtpx:hr>
          </gpxtpx:TrackPointExtension>
        </extensions>
      </trkpt>
      <trkpt lat="22.650043230869734" lon="107.60423489756955">
        <ele>96.36370153725147</ele>
        <time>2023-10-20T01:18:32Z</time>
        <extensions>
          <gpxtpx:TrackPointExtension>
            <gpxtpx:hr>101</gpxtpx:hr>
          </gpxtpx:TrackPointExtension>
        </extensions>
      </trkpt>
      <trkpt lat="22.650026324044077" lon="107.60423569088924">
        <ele>96.41357697825879</ele>
        <time>2023-10-20T01:18:33Z</time>
        <extensions>
          <gpxtpx:TrackPointExtension>
            <gpxtpx:hr>101</gpxtpx:hr>
          </gpxtpx:TrackPointExtension>
        </extensions>
      </trkpt>
      <trkpt lat="22.650010574216786" lon="107.60423613134898">
        <ele>96.46309052500874</ele>
        <time>2023-10-20T01:18:34Z</time>
        <extensions>
          <gpxtpx:TrackPointExtension>
            <gpxtpx:hr>101</gpxtpx:hr>
          </gpxtpx:TrackPointExtension>
        </extensions>
      </trkpt>
      <trkpt lat="22.649996468310224" lon="107.60423667982032">
        <ele>96.51291929651052</ele>
        <time>2023-10-20T01:18:35Z</time>
        <extensions>
          <gpxtpx:TrackPointExtension>
            <gpxtpx:hr>100</gpxtpx:hr>
          </gpxtpx:TrackPointExtension>
        </extensions>
      </trkpt>
      <trkpt lat="22.64998428247001" lon="107.60423711363596">
        <ele>96.5617208275944</ele>
        <time>2023-10-20T01:18:36Z</time>
        <extensions>
          <gpxtpx:TrackPointExtension>
            <gpxtpx:hr>100</gpxtpx:hr>
          </gpxtpx:TrackPointExtension>
        </extensions>
      </trkpt>
      <trkpt lat="22.649973890051786" lon="107.60423709123808">
        <ele>96.60829785931855</ele>
        <time>2023-10-20T01:18:37Z</time>
        <extensions>
          <gpxtpx:TrackPointExtension>
            <gpxtpx:hr>100</gpxtpx:hr>
          </gpxtpx:TrackPointExtension>
        </extensions>
      </trkpt>
      <trkpt lat="22.6499653167232" lon="107.6042363446849">
        <ele>96.65341126453131</ele>
        <time>2023-10-20T01:18:38Z</time>
        <extensions>
          <gpxtpx:TrackPointExtension>
            <gpxtpx:hr>100</gpxtpx:hr>
          </gpxtpx:TrackPointExtension>
        </extensions>
      </trkpt>
      <trkpt lat="22.64995889937155" lon="107.60423454430428">
        <ele>96.6982189565897</ele>
        <time>2023-10-20T01:18:39Z</time>
        <extensions>
          <gpxtpx:TrackPointExtension>
            <gpxtpx:hr>100</gpxtpx:hr>
          </gpxtpx:TrackPointExtension>
        </extensions>
      </trkpt>
      <trkpt lat="22.6499545006774" lon="107.60423182279959">
        <ele>96.74475722201169</ele>
        <time>2023-10-20T01:18:40Z</time>
        <extensions>
          <gpxtpx:TrackPointExtension>
            <gpxtpx:hr>100</gpxtpx:hr>
          </gpxtpx:TrackPointExtension>
        </extensions>
      </trkpt>
      <trkpt lat="22.64995136655171" lon="107.60422884981755">
        <ele>96.79428671207279</ele>
        <time>2023-10-20T01:18:41Z</time>
        <extensions>
          <gpxtpx:TrackPointExtension>
            <gpxtpx:hr>100</gpxtpx:hr>
          </gpxtpx:TrackPointExtension>
        </extensions>
      </trkpt>
      <trkpt lat="22.649948986031493" lon="107.6042264533509">
        <ele>96.84729406889528</ele>
        <time>2023-10-20T01:18:42Z</time>
        <extensions>
          <gpxtpx:TrackPointExtension>
            <gpxtpx:hr>100</gpxtpx:hr>
          </gpxtpx:TrackPointExtension>
        </extensions>
      </trkpt>
      <trkpt lat="22.649946431181736" lon="107.60422474114192">
        <ele>96.90807628445327</ele>
        <time>2023-10-20T01:18:43Z</time>
        <extensions>
          <gpxtpx:TrackPointExtension>
            <gpxtpx:hr>100</gpxtpx:hr>
          </gpxtpx:TrackPointExtension>
        </extensions>
      </trkpt>
      <trkpt lat="22.649943526346288" lon="107.60422293179478">
        <ele>96.96604927349836</ele>
        <time>2023-10-20T01:18:44Z</time>
        <extensions>
          <gpxtpx:TrackPointExtension>
            <gpxtpx:hr>100</gpxtpx:hr>
          </gpxtpx:TrackPointExtension>
        </extensions>
      </trkpt>
      <trkpt lat="22.64994105648667" lon="107.60422047882712">
        <ele>97.02743447199464</ele>
        <time>2023-10-20T01:18:45Z</time>
        <extensions>
          <gpxtpx:TrackPointExtension>
            <gpxtpx:hr>100</gpxtpx:hr>
          </gpxtpx:TrackPointExtension>
        </extensions>
      </trkpt>
      <trkpt lat="22.649938589130556" lon="107.60421742799248">
        <ele>97.08797060884535</ele>
        <time>2023-10-20T01:18:46Z</time>
        <extensions>
          <gpxtpx:TrackPointExtension>
            <gpxtpx:hr>101</gpxtpx:hr>
          </gpxtpx:TrackPointExtension>
        </extensions>
      </trkpt>
      <trkpt lat="22.64993539575001" lon="107.60421427707959">
        <ele>97.14902254100889</ele>
        <time>2023-10-20T01:18:47Z</time>
        <extensions>
          <gpxtpx:TrackPointExtension>
            <gpxtpx:hr>101</gpxtpx:hr>
          </gpxtpx:TrackPointExtension>
        </extensions>
      </trkpt>
      <trkpt lat="22.649930434166873" lon="107.60421209229725">
        <ele>97.21022940892726</ele>
        <time>2023-10-20T01:18:48Z</time>
        <extensions>
          <gpxtpx:TrackPointExtension>
            <gpxtpx:hr>101</gpxtpx:hr>
          </gpxtpx:TrackPointExtension>
        </extensions>
      </trkpt>
      <trkpt lat="22.64992308359331" lon="107.60421191836116">
        <ele>97.27109105698764</ele>
        <time>2023-10-20T01:18:49Z</time>
        <extensions>
          <gpxtpx:TrackPointExtension>
            <gpxtpx:hr>101</gpxtpx:hr>
          </gpxtpx:TrackPointExtension>
        </extensions>
      </trkpt>
      <trkpt lat="22.64991399489413" lon="107.60421428819862">
        <ele>97.33091845177114</ele>
        <time>2023-10-20T01:18:50Z</time>
        <extensions>
          <gpxtpx:TrackPointExtension>
            <gpxtpx:hr>101</gpxtpx:hr>
          </gpxtpx:TrackPointExtension>
        </extensions>
      </trkpt>
      <trkpt lat="22.649904850943432" lon="107.60421932611061">
        <ele>97.38844684604555</ele>
        <time>2023-10-20T01:18:51Z</time>
        <extensions>
          <gpxtpx:TrackPointExtension>
            <gpxtpx:hr>101</gpxtpx:hr>
          </gpxtpx:TrackPointExtension>
        </extensions>
      </trkpt>
      <trkpt lat="22.649896902887022" lon="107.60422626217535">
        <ele>97.44219845440239</ele>
        <time>2023-10-20T01:18:52Z</time>
        <extensions>
          <gpxtpx:TrackPointExtension>
            <gpxtpx:hr>101</gpxtpx:hr>
          </gpxtpx:TrackPointExtension>
        </extensions>
      </trkpt>
      <trkpt lat="22.649890684483093" lon="107.60423436241219">
        <ele>97.48903568275273</ele>
        <time>2023-10-20T01:18:53Z</time>
        <extensions>
          <gpxtpx:TrackPointExtension>
            <gpxtpx:hr>101</gpxtpx:hr>
          </gpxtpx:TrackPointExtension>
        </extensions>
      </trkpt>
      <trkpt lat="22.649886133450792" lon="107.60424268381021">
        <ele>97.53369968850166</ele>
        <time>2023-10-20T01:18:54Z</time>
        <extensions>
          <gpxtpx:TrackPointExtension>
            <gpxtpx:hr>101</gpxtpx:hr>
          </gpxtpx:TrackPointExtension>
        </extensions>
      </trkpt>
      <trkpt lat="22.649883283207988" lon="107.6042501159298">
        <ele>97.57613239623606</ele>
        <time>2023-10-20T01:18:55Z</time>
        <extensions>
          <gpxtpx:TrackPointExtension>
            <gpxtpx:hr>101</gpxtpx:hr>
          </gpxtpx:TrackPointExtension>
        </extensions>
      </trkpt>
      <trkpt lat="22.649882303745756" lon="107.60425515155502">
        <ele>97.61259143613279</ele>
        <time>2023-10-20T01:18:56Z</time>
        <extensions>
          <gpxtpx:TrackPointExtension>
            <gpxtpx:hr>100</gpxtpx:hr>
          </gpxtpx:TrackPointExtension>
        </extensions>
      </trkpt>
      <trkpt lat="22.649882685689462" lon="107.60425799361451">
        <ele>97.64516900014132</ele>
        <time>2023-10-20T01:18:57Z</time>
        <extensions>
          <gpxtpx:TrackPointExtension>
            <gpxtpx:hr>100</gpxtpx:hr>
          </gpxtpx:TrackPointExtension>
        </extensions>
      </trkpt>
      <trkpt lat="22.649883782926604" lon="107.6042601320304">
        <ele>97.67414118908346</ele>
        <time>2023-10-20T01:18:58Z</time>
        <extensions>
          <gpxtpx:TrackPointExtension>
            <gpxtpx:hr>100</gpxtpx:hr>
          </gpxtpx:TrackPointExtension>
        </extensions>
      </trkpt>
      <trkpt lat="22.64988548027054" lon="107.60426228617133">
        <ele>97.70142352487892</ele>
        <time>2023-10-20T01:18:59Z</time>
        <extensions>
          <gpxtpx:TrackPointExtension>
            <gpxtpx:hr>100</gpxtpx:hr>
          </gpxtpx:TrackPointExtension>
        </extensions>
      </trkpt>
      <trkpt lat="22.649887611659093" lon="107.60426464491312">
        <ele>97.729024162516</ele>
        <time>2023-10-20T01:19:00Z</time>
        <extensions>
          <gpxtpx:TrackPointExtension>
            <gpxtpx:hr>100</gpxtpx:hr>
          </gpxtpx:TrackPointExtension>
        </extensions>
      </trkpt>
      <trkpt lat="22.649889743192897" lon="107.60426734441893">
        <ele>97.75234781950712</ele>
        <time>2023-10-20T01:19:01Z</time>
        <extensions>
          <gpxtpx:TrackPointExtension>
            <gpxtpx:hr>97</gpxtpx:hr>
          </gpxtpx:TrackPointExtension>
        </extensions>
      </trkpt>
      <trkpt lat="22.649890937059656" lon="107.60426979226065">
        <ele>97.77173746563494</ele>
        <time>2023-10-20T01:19:02Z</time>
        <extensions>
          <gpxtpx:TrackPointExtension>
            <gpxtpx:hr>97</gpxtpx:hr>
          </gpxtpx:TrackPointExtension>
        </extensions>
      </trkpt>
      <trkpt lat="22.649890019843784" lon="107.60427098646048">
        <ele>97.7824341962114</ele>
        <time>2023-10-20T01:19:03Z</time>
        <extensions>
          <gpxtpx:TrackPointExtension>
            <gpxtpx:hr>97</gpxtpx:hr>
          </gpxtpx:TrackPointExtension>
        </extensions>
      </trkpt>
      <trkpt lat="22.64988664736637" lon="107.60427068843956">
        <ele>97.79209721274674</ele>
        <time>2023-10-20T01:19:04Z</time>
        <extensions>
          <gpxtpx:TrackPointExtension>
            <gpxtpx:hr>97</gpxtpx:hr>
          </gpxtpx:TrackPointExtension>
        </extensions>
      </trkpt>
      <trkpt lat="22.649881165037748" lon="107.60426873946946">
        <ele>97.80483553465456</ele>
        <time>2023-10-20T01:19:05Z</time>
        <extensions>
          <gpxtpx:TrackPointExtension>
            <gpxtpx:hr>98</gpxtpx:hr>
          </gpxtpx:TrackPointExtension>
        </extensions>
      </trkpt>
      <trkpt lat="22.64987440026225" lon="107.60426528982327">
        <ele>97.81297243852168</ele>
        <time>2023-10-20T01:19:06Z</time>
        <extensions>
          <gpxtpx:TrackPointExtension>
            <gpxtpx:hr>98</gpxtpx:hr>
          </gpxtpx:TrackPointExtension>
        </extensions>
      </trkpt>
      <trkpt lat="22.64986711407102" lon="107.6042611127145">
        <ele>97.81450143549591</ele>
        <time>2023-10-20T01:19:07Z</time>
        <extensions>
          <gpxtpx:TrackPointExtension>
            <gpxtpx:hr>98</gpxtpx:hr>
          </gpxtpx:TrackPointExtension>
        </extensions>
      </trkpt>
      <trkpt lat="22.649859567063825" lon="107.60425710951833">
        <ele>97.81741232890636</ele>
        <time>2023-10-20T01:19:08Z</time>
        <extensions>
          <gpxtpx:TrackPointExtension>
            <gpxtpx:hr>98</gpxtpx:hr>
          </gpxtpx:TrackPointExtension>
        </extensions>
      </trkpt>
      <trkpt lat="22.649851296185396" lon="107.60425400012794">
        <ele>97.82362746633589</ele>
        <time>2023-10-20T01:19:09Z</time>
        <extensions>
          <gpxtpx:TrackPointExtension>
            <gpxtpx:hr>98</gpxtpx:hr>
          </gpxtpx:TrackPointExtension>
        </extensions>
      </trkpt>
      <trkpt lat="22.649841659054648" lon="107.60425233547295">
        <ele>97.83384990133345</ele>
        <time>2023-10-20T01:19:10Z</time>
        <extensions>
          <gpxtpx:TrackPointExtension>
            <gpxtpx:hr>98</gpxtpx:hr>
          </gpxtpx:TrackPointExtension>
        </extensions>
      </trkpt>
      <trkpt lat="22.649830979875098" lon="107.60425246553523">
        <ele>97.84528198372573</ele>
        <time>2023-10-20T01:19:11Z</time>
        <extensions>
          <gpxtpx:TrackPointExtension>
            <gpxtpx:hr>90</gpxtpx:hr>
          </gpxtpx:TrackPointExtension>
        </extensions>
      </trkpt>
      <trkpt lat="22.649819959300395" lon="107.6042542801539">
        <ele>97.85741658136249</ele>
        <time>2023-10-20T01:19:12Z</time>
        <extensions>
          <gpxtpx:TrackPointExtension>
            <gpxtpx:hr>90</gpxtpx:hr>
          </gpxtpx:TrackPointExtension>
        </extensions>
      </trkpt>
      <trkpt lat="22.64980878093161" lon="107.60425775034203">
        <ele>97.86688571888953</ele>
        <time>2023-10-20T01:19:13Z</time>
        <extensions>
          <gpxtpx:TrackPointExtension>
            <gpxtpx:hr>90</gpxtpx:hr>
          </gpxtpx:TrackPointExtension>
        </extensions>
      </trkpt>
      <trkpt lat="22.649797388188798" lon="107.60426315190229">
        <ele>97.87709041405469</ele>
        <time>2023-10-20T01:19:14Z</time>
        <extensions>
          <gpxtpx:TrackPointExtension>
            <gpxtpx:hr>90</gpxtpx:hr>
          </gpxtpx:TrackPointExtension>
        </extensions>
      </trkpt>
      <trkpt lat="22.649785694205235" lon="107.60427055961514">
        <ele>97.88825920317322</ele>
        <time>2023-10-20T01:19:15Z</time>
        <extensions>
          <gpxtpx:TrackPointExtension>
            <gpxtpx:hr>90</gpxtpx:hr>
          </gpxtpx:TrackPointExtension>
        </extensions>
      </trkpt>
      <trkpt lat="22.649773713743425" lon="107.60427971171214">
        <ele>97.90047089010477</ele>
        <time>2023-10-20T01:19:16Z</time>
        <extensions>
          <gpxtpx:TrackPointExtension>
            <gpxtpx:hr>91</gpxtpx:hr>
          </gpxtpx:TrackPointExtension>
        </extensions>
      </trkpt>
      <trkpt lat="22.649761807175253" lon="107.60428960155078">
        <ele>97.91372476145625</ele>
        <time>2023-10-20T01:19:17Z</time>
        <extensions>
          <gpxtpx:TrackPointExtension>
            <gpxtpx:hr>91</gpxtpx:hr>
          </gpxtpx:TrackPointExtension>
        </extensions>
      </trkpt>
      <trkpt lat="22.649750537932587" lon="107.60429911612842">
        <ele>97.92786779347807</ele>
        <time>2023-10-20T01:19:18Z</time>
        <extensions>
          <gpxtpx:TrackPointExtension>
            <gpxtpx:hr>91</gpxtpx:hr>
          </gpxtpx:TrackPointExtension>
        </extensions>
      </trkpt>
      <trkpt lat="22.649740342391958" lon="107.60430758975765">
        <ele>97.94248253013939</ele>
        <time>2023-10-20T01:19:19Z</time>
        <extensions>
          <gpxtpx:TrackPointExtension>
            <gpxtpx:hr>91</gpxtpx:hr>
          </gpxtpx:TrackPointExtension>
        </extensions>
      </trkpt>
      <trkpt lat="22.649731975275532" lon="107.60431432965521">
        <ele>97.95693924929947</ele>
        <time>2023-10-20T01:19:20Z</time>
        <extensions>
          <gpxtpx:TrackPointExtension>
            <gpxtpx:hr>95</gpxtpx:hr>
          </gpxtpx:TrackPointExtension>
        </extensions>
      </trkpt>
      <trkpt lat="22.649726014565772" lon="107.60431893733148">
        <ele>97.97062545269728</ele>
        <time>2023-10-20T01:19:21Z</time>
        <extensions>
          <gpxtpx:TrackPointExtension>
            <gpxtpx:hr>95</gpxtpx:hr>
          </gpxtpx:TrackPointExtension>
        </extensions>
      </trkpt>
      <trkpt lat="22.64972168647562" lon="107.60432192322808">
        <ele>97.98312289174646</ele>
        <time>2023-10-20T01:19:22Z</time>
        <extensions>
          <gpxtpx:TrackPointExtension>
            <gpxtpx:hr>95</gpxtpx:hr>
          </gpxtpx:TrackPointExtension>
        </extensions>
      </trkpt>
      <trkpt lat="22.649717616438807" lon="107.6043242825352">
        <ele>97.99422300048172</ele>
        <time>2023-10-20T01:19:23Z</time>
        <extensions>
          <gpxtpx:TrackPointExtension>
            <gpxtpx:hr>95</gpxtpx:hr>
          </gpxtpx:TrackPointExtension>
        </extensions>
      </trkpt>
      <trkpt lat="22.649713762692375" lon="107.60432642719144">
        <ele>98.00221483036876</ele>
        <time>2023-10-20T01:19:24Z</time>
        <extensions>
          <gpxtpx:TrackPointExtension>
            <gpxtpx:hr>95</gpxtpx:hr>
          </gpxtpx:TrackPointExtension>
        </extensions>
      </trkpt>
      <trkpt lat="22.64971062799914" lon="107.6043282236281">
        <ele>98.00820968206972</ele>
        <time>2023-10-20T01:19:25Z</time>
        <extensions>
          <gpxtpx:TrackPointExtension>
            <gpxtpx:hr>95</gpxtpx:hr>
          </gpxtpx:TrackPointExtension>
        </extensions>
      </trkpt>
      <trkpt lat="22.649708255981448" lon="107.60432975323398">
        <ele>98.00620444957167</ele>
        <time>2023-10-20T01:19:26Z</time>
        <extensions>
          <gpxtpx:TrackPointExtension>
            <gpxtpx:hr>95</gpxtpx:hr>
          </gpxtpx:TrackPointExtension>
        </extensions>
      </trkpt>
      <trkpt lat="22.64970650604173" lon="107.60433121933487">
        <ele>98.0020061135292</ele>
        <time>2023-10-20T01:19:27Z</time>
        <extensions>
          <gpxtpx:TrackPointExtension>
            <gpxtpx:hr>95</gpxtpx:hr>
          </gpxtpx:TrackPointExtension>
        </extensions>
      </trkpt>
      <trkpt lat="22.649705130454674" lon="107.6043328183198">
        <ele>97.99150789063424</ele>
        <time>2023-10-20T01:19:28Z</time>
        <extensions>
          <gpxtpx:TrackPointExtension>
            <gpxtpx:hr>95</gpxtpx:hr>
          </gpxtpx:TrackPointExtension>
        </extensions>
      </trkpt>
      <trkpt lat="22.649703868758216" lon="107.60433486168442">
        <ele>97.9800426280126</ele>
        <time>2023-10-20T01:19:29Z</time>
        <extensions>
          <gpxtpx:TrackPointExtension>
            <gpxtpx:hr>95</gpxtpx:hr>
          </gpxtpx:TrackPointExtension>
        </extensions>
      </trkpt>
      <trkpt lat="22.64970242885658" lon="107.60433767466851">
        <ele>97.96461664512753</ele>
        <time>2023-10-20T01:19:30Z</time>
        <extensions>
          <gpxtpx:TrackPointExtension>
            <gpxtpx:hr>95</gpxtpx:hr>
          </gpxtpx:TrackPointExtension>
        </extensions>
      </trkpt>
      <trkpt lat="22.649700485801898" lon="107.6043416129348">
        <ele>97.94386841636151</ele>
        <time>2023-10-20T01:19:31Z</time>
        <extensions>
          <gpxtpx:TrackPointExtension>
            <gpxtpx:hr>98</gpxtpx:hr>
          </gpxtpx:TrackPointExtension>
        </extensions>
      </trkpt>
      <trkpt lat="22.649697601859344" lon="107.60434692395611">
        <ele>97.92657756432891</ele>
        <time>2023-10-20T01:19:32Z</time>
        <extensions>
          <gpxtpx:TrackPointExtension>
            <gpxtpx:hr>98</gpxtpx:hr>
          </gpxtpx:TrackPointExtension>
        </extensions>
      </trkpt>
      <trkpt lat="22.649693255811375" lon="107.60435363923371">
        <ele>97.90603574272245</ele>
        <time>2023-10-20T01:19:33Z</time>
        <extensions>
          <gpxtpx:TrackPointExtension>
            <gpxtpx:hr>98</gpxtpx:hr>
          </gpxtpx:TrackPointExtension>
        </extensions>
      </trkpt>
      <trkpt lat="22.649686542656227" lon="107.6043614760948">
        <ele>97.88586366176605</ele>
        <time>2023-10-20T01:19:34Z</time>
        <extensions>
          <gpxtpx:TrackPointExtension>
            <gpxtpx:hr>98</gpxtpx:hr>
          </gpxtpx:TrackPointExtension>
        </extensions>
      </trkpt>
      <trkpt lat="22.64967750808433" lon="107.60436849265818">
        <ele>97.87034735642374</ele>
        <time>2023-10-20T01:19:35Z</time>
        <extensions>
          <gpxtpx:TrackPointExtension>
            <gpxtpx:hr>98</gpxtpx:hr>
          </gpxtpx:TrackPointExtension>
        </extensions>
      </trkpt>
      <trkpt lat="22.649667208249912" lon="107.60437225909284">
        <ele>97.85674375575036</ele>
        <time>2023-10-20T01:19:36Z</time>
        <extensions>
          <gpxtpx:TrackPointExtension>
            <gpxtpx:hr>98</gpxtpx:hr>
          </gpxtpx:TrackPointExtension>
        </extensions>
      </trkpt>
      <trkpt lat="22.64965620560942" lon="107.60437160391588">
        <ele>97.84967067558318</ele>
        <time>2023-10-20T01:19:37Z</time>
        <extensions>
          <gpxtpx:TrackPointExtension>
            <gpxtpx:hr>98</gpxtpx:hr>
          </gpxtpx:TrackPointExtension>
        </extensions>
      </trkpt>
      <trkpt lat="22.649644782153974" lon="107.60436657073065">
        <ele>97.84502239339054</ele>
        <time>2023-10-20T01:19:38Z</time>
        <extensions>
          <gpxtpx:TrackPointExtension>
            <gpxtpx:hr>98</gpxtpx:hr>
          </gpxtpx:TrackPointExtension>
        </extensions>
      </trkpt>
      <trkpt lat="22.649633810422888" lon="107.60435832287865">
        <ele>97.84211103618145</ele>
        <time>2023-10-20T01:19:39Z</time>
        <extensions>
          <gpxtpx:TrackPointExtension>
            <gpxtpx:hr>101</gpxtpx:hr>
          </gpxtpx:TrackPointExtension>
        </extensions>
      </trkpt>
      <trkpt lat="22.6496244199979" lon="107.60434844011284">
        <ele>97.8487086603418</ele>
        <time>2023-10-20T01:19:40Z</time>
        <extensions>
          <gpxtpx:TrackPointExtension>
            <gpxtpx:hr>101</gpxtpx:hr>
          </gpxtpx:TrackPointExtension>
        </extensions>
      </trkpt>
      <trkpt lat="22.649617040515412" lon="107.6043381278322">
        <ele>97.85769518557936</ele>
        <time>2023-10-20T01:19:41Z</time>
        <extensions>
          <gpxtpx:TrackPointExtension>
            <gpxtpx:hr>101</gpxtpx:hr>
          </gpxtpx:TrackPointExtension>
        </extensions>
      </trkpt>
      <trkpt lat="22.649611741058337" lon="107.60432825054188">
        <ele>97.86752598080784</ele>
        <time>2023-10-20T01:19:42Z</time>
        <extensions>
          <gpxtpx:TrackPointExtension>
            <gpxtpx:hr>101</gpxtpx:hr>
          </gpxtpx:TrackPointExtension>
        </extensions>
      </trkpt>
      <trkpt lat="22.649608390803554" lon="107.60431957865768">
        <ele>97.88062908593565</ele>
        <time>2023-10-20T01:19:43Z</time>
        <extensions>
          <gpxtpx:TrackPointExtension>
            <gpxtpx:hr>101</gpxtpx:hr>
          </gpxtpx:TrackPointExtension>
        </extensions>
      </trkpt>
      <trkpt lat="22.64960692719846" lon="107.60431237152024">
        <ele>97.89017886761576</ele>
        <time>2023-10-20T01:19:44Z</time>
        <extensions>
          <gpxtpx:TrackPointExtension>
            <gpxtpx:hr>101</gpxtpx:hr>
          </gpxtpx:TrackPointExtension>
        </extensions>
      </trkpt>
      <trkpt lat="22.649607731271143" lon="107.60430700654365">
        <ele>97.89682502113283</ele>
        <time>2023-10-20T01:19:45Z</time>
        <extensions>
          <gpxtpx:TrackPointExtension>
            <gpxtpx:hr>101</gpxtpx:hr>
          </gpxtpx:TrackPointExtension>
        </extensions>
      </trkpt>
      <trkpt lat="22.64961105561933" lon="107.60430385230997">
        <ele>97.90430601034313</ele>
        <time>2023-10-20T01:19:46Z</time>
        <extensions>
          <gpxtpx:TrackPointExtension>
            <gpxtpx:hr>92</gpxtpx:hr>
          </gpxtpx:TrackPointExtension>
        </extensions>
      </trkpt>
      <trkpt lat="22.64961666778193" lon="107.60430309105986">
        <ele>97.90707322116941</ele>
        <time>2023-10-20T01:19:47Z</time>
        <extensions>
          <gpxtpx:TrackPointExtension>
            <gpxtpx:hr>92</gpxtpx:hr>
          </gpxtpx:TrackPointExtension>
        </extensions>
      </trkpt>
      <trkpt lat="22.649624535454937" lon="107.604304556749">
        <ele>97.90897603984922</ele>
        <time>2023-10-20T01:19:48Z</time>
        <extensions>
          <gpxtpx:TrackPointExtension>
            <gpxtpx:hr>92</gpxtpx:hr>
          </gpxtpx:TrackPointExtension>
        </extensions>
      </trkpt>
      <trkpt lat="22.649634532910902" lon="107.60430775321554">
        <ele>97.89921526424587</ele>
        <time>2023-10-20T01:19:49Z</time>
        <extensions>
          <gpxtpx:TrackPointExtension>
            <gpxtpx:hr>92</gpxtpx:hr>
          </gpxtpx:TrackPointExtension>
        </extensions>
      </trkpt>
      <trkpt lat="22.649645936596254" lon="107.60431186436303">
        <ele>97.887740124017</ele>
        <time>2023-10-20T01:19:50Z</time>
        <extensions>
          <gpxtpx:TrackPointExtension>
            <gpxtpx:hr>92</gpxtpx:hr>
          </gpxtpx:TrackPointExtension>
        </extensions>
      </trkpt>
      <trkpt lat="22.649657752563233" lon="107.60431600877224">
        <ele>97.87687106244266</ele>
        <time>2023-10-20T01:19:51Z</time>
        <extensions>
          <gpxtpx:TrackPointExtension>
            <gpxtpx:hr>92</gpxtpx:hr>
          </gpxtpx:TrackPointExtension>
        </extensions>
      </trkpt>
      <trkpt lat="22.649669748677518" lon="107.6043194069694">
        <ele>97.86591965705156</ele>
        <time>2023-10-20T01:19:52Z</time>
        <extensions>
          <gpxtpx:TrackPointExtension>
            <gpxtpx:hr>92</gpxtpx:hr>
          </gpxtpx:TrackPointExtension>
        </extensions>
      </trkpt>
      <trkpt lat="22.64968167162287" lon="107.60432147910578">
        <ele>97.8571917321533</ele>
        <time>2023-10-20T01:19:53Z</time>
        <extensions>
          <gpxtpx:TrackPointExtension>
            <gpxtpx:hr>96</gpxtpx:hr>
          </gpxtpx:TrackPointExtension>
        </extensions>
      </trkpt>
      <trkpt lat="22.649693157177104" lon="107.60432228736202">
        <ele>97.84285014215857</ele>
        <time>2023-10-20T01:19:54Z</time>
        <extensions>
          <gpxtpx:TrackPointExtension>
            <gpxtpx:hr>96</gpxtpx:hr>
          </gpxtpx:TrackPointExtension>
        </extensions>
      </trkpt>
      <trkpt lat="22.649703819786374" lon="107.60432217010145">
        <ele>97.82543686777353</ele>
        <time>2023-10-20T01:19:55Z</time>
        <extensions>
          <gpxtpx:TrackPointExtension>
            <gpxtpx:hr>96</gpxtpx:hr>
          </gpxtpx:TrackPointExtension>
        </extensions>
      </trkpt>
      <trkpt lat="22.649713141415702" lon="107.60432117345081">
        <ele>97.81138398684561</ele>
        <time>2023-10-20T01:19:56Z</time>
        <extensions>
          <gpxtpx:TrackPointExtension>
            <gpxtpx:hr>96</gpxtpx:hr>
          </gpxtpx:TrackPointExtension>
        </extensions>
      </trkpt>
      <trkpt lat="22.6497205582502" lon="107.60431935397915">
        <ele>97.8017400065437</ele>
        <time>2023-10-20T01:19:57Z</time>
        <extensions>
          <gpxtpx:TrackPointExtension>
            <gpxtpx:hr>96</gpxtpx:hr>
          </gpxtpx:TrackPointExtension>
        </extensions>
      </trkpt>
      <trkpt lat="22.649725947616208" lon="107.60431688943116">
        <ele>97.79138271138072</ele>
        <time>2023-10-20T01:19:58Z</time>
        <extensions>
          <gpxtpx:TrackPointExtension>
            <gpxtpx:hr>99</gpxtpx:hr>
          </gpxtpx:TrackPointExtension>
        </extensions>
      </trkpt>
      <trkpt lat="22.64972989020966" lon="107.60431419843866">
        <ele>97.78294177725911</ele>
        <time>2023-10-20T01:19:59Z</time>
        <extensions>
          <gpxtpx:TrackPointExtension>
            <gpxtpx:hr>99</gpxtpx:hr>
          </gpxtpx:TrackPointExtension>
        </extensions>
      </trkpt>
      <trkpt lat="22.649732766164863" lon="107.60431197668878">
        <ele>97.77225591242313</ele>
        <time>2023-10-20T01:20:00Z</time>
        <extensions>
          <gpxtpx:TrackPointExtension>
            <gpxtpx:hr>99</gpxtpx:hr>
          </gpxtpx:TrackPointExtension>
        </extensions>
      </trkpt>
      <trkpt lat="22.6497345024171" lon="107.60431124631658">
        <ele>97.76170006860048</ele>
        <time>2023-10-20T01:20:01Z</time>
        <extensions>
          <gpxtpx:TrackPointExtension>
            <gpxtpx:hr>99</gpxtpx:hr>
          </gpxtpx:TrackPointExtension>
        </extensions>
      </trkpt>
      <trkpt lat="22.649734509012976" lon="107.60431293671607">
        <ele>97.74881404265761</ele>
        <time>2023-10-20T01:20:02Z</time>
        <extensions>
          <gpxtpx:TrackPointExtension>
            <gpxtpx:hr>99</gpxtpx:hr>
          </gpxtpx:TrackPointExtension>
        </extensions>
      </trkpt>
      <trkpt lat="22.649732314580024" lon="107.60431722232853">
        <ele>97.7476499332115</ele>
        <time>2023-10-20T01:20:03Z</time>
        <extensions>
          <gpxtpx:TrackPointExtension>
            <gpxtpx:hr>100</gpxtpx:hr>
          </gpxtpx:TrackPointExtension>
        </extensions>
      </trkpt>
      <trkpt lat="22.649728155159604" lon="107.6043231436762">
        <ele>97.7410994740203</ele>
        <time>2023-10-20T01:20:04Z</time>
        <extensions>
          <gpxtpx:TrackPointExtension>
            <gpxtpx:hr>100</gpxtpx:hr>
          </gpxtpx:TrackPointExtension>
        </extensions>
      </trkpt>
      <trkpt lat="22.649722618850895" lon="107.60432894999185">
        <ele>97.73900499008596</ele>
        <time>2023-10-20T01:20:05Z</time>
        <extensions>
          <gpxtpx:TrackPointExtension>
            <gpxtpx:hr>100</gpxtpx:hr>
          </gpxtpx:TrackPointExtension>
        </extensions>
      </trkpt>
      <trkpt lat="22.6497161071416" lon="107.60433305566964">
        <ele>97.74181678611785</ele>
        <time>2023-10-20T01:20:06Z</time>
        <extensions>
          <gpxtpx:TrackPointExtension>
            <gpxtpx:hr>101</gpxtpx:hr>
          </gpxtpx:TrackPointExtension>
        </extensions>
      </trkpt>
      <trkpt lat="22.649708898774858" lon="107.60433471474806">
        <ele>97.74242903292179</ele>
        <time>2023-10-20T01:20:07Z</time>
        <extensions>
          <gpxtpx:TrackPointExtension>
            <gpxtpx:hr>101</gpxtpx:hr>
          </gpxtpx:TrackPointExtension>
        </extensions>
      </trkpt>
      <trkpt lat="22.6497010143704" lon="107.60433423553735">
        <ele>97.74269963335246</ele>
        <time>2023-10-20T01:20:08Z</time>
        <extensions>
          <gpxtpx:TrackPointExtension>
            <gpxtpx:hr>101</gpxtpx:hr>
          </gpxtpx:TrackPointExtension>
        </extensions>
      </trkpt>
      <trkpt lat="22.649692226627728" lon="107.6043326365255">
        <ele>97.75181924551725</ele>
        <time>2023-10-20T01:20:09Z</time>
        <extensions>
          <gpxtpx:TrackPointExtension>
            <gpxtpx:hr>106</gpxtpx:hr>
          </gpxtpx:TrackPointExtension>
        </extensions>
      </trkpt>
      <trkpt lat="22.649682331403866" lon="107.60433106900669">
        <ele>97.76263545360416</ele>
        <time>2023-10-20T01:20:10Z</time>
        <extensions>
          <gpxtpx:TrackPointExtension>
            <gpxtpx:hr>106</gpxtpx:hr>
          </gpxtpx:TrackPointExtension>
        </extensions>
      </trkpt>
      <trkpt lat="22.64967085261519" lon="107.6043309849966">
        <ele>97.77610763628036</ele>
        <time>2023-10-20T01:20:11Z</time>
        <extensions>
          <gpxtpx:TrackPointExtension>
            <gpxtpx:hr>106</gpxtpx:hr>
          </gpxtpx:TrackPointExtension>
        </extensions>
      </trkpt>
      <trkpt lat="22.649657356805626" lon="107.60433361273262">
        <ele>97.79965824633837</ele>
        <time>2023-10-20T01:20:12Z</time>
        <extensions>
          <gpxtpx:TrackPointExtension>
            <gpxtpx:hr>106</gpxtpx:hr>
          </gpxtpx:TrackPointExtension>
        </extensions>
      </trkpt>
      <trkpt lat="22.649642480748348" lon="107.60433914687287">
        <ele>97.83659723307937</ele>
        <time>2023-10-20T01:20:13Z</time>
        <extensions>
          <gpxtpx:TrackPointExtension>
            <gpxtpx:hr>106</gpxtpx:hr>
          </gpxtpx:TrackPointExtension>
        </extensions>
      </trkpt>
      <trkpt lat="22.649626943066956" lon="107.6043468328143">
        <ele>97.8791098408401</ele>
        <time>2023-10-20T01:20:14Z</time>
        <extensions>
          <gpxtpx:TrackPointExtension>
            <gpxtpx:hr>106</gpxtpx:hr>
          </gpxtpx:TrackPointExtension>
        </extensions>
      </trkpt>
      <trkpt lat="22.649610976148963" lon="107.6043554205994">
        <ele>97.92974238283932</ele>
        <time>2023-10-20T01:20:15Z</time>
        <extensions>
          <gpxtpx:TrackPointExtension>
            <gpxtpx:hr>106</gpxtpx:hr>
          </gpxtpx:TrackPointExtension>
        </extensions>
      </trkpt>
      <trkpt lat="22.6495944125395" lon="107.60436369549096">
        <ele>97.98601442296058</ele>
        <time>2023-10-20T01:20:16Z</time>
        <extensions>
          <gpxtpx:TrackPointExtension>
            <gpxtpx:hr>106</gpxtpx:hr>
          </gpxtpx:TrackPointExtension>
        </extensions>
      </trkpt>
      <trkpt lat="22.64957613519026" lon="107.6043710585033">
        <ele>98.05180684942752</ele>
        <time>2023-10-20T01:20:17Z</time>
        <extensions>
          <gpxtpx:TrackPointExtension>
            <gpxtpx:hr>106</gpxtpx:hr>
          </gpxtpx:TrackPointExtension>
        </extensions>
      </trkpt>
      <trkpt lat="22.64955566245594" lon="107.60437691065843">
        <ele>98.12537586409599</ele>
        <time>2023-10-20T01:20:18Z</time>
        <extensions>
          <gpxtpx:TrackPointExtension>
            <gpxtpx:hr>106</gpxtpx:hr>
          </gpxtpx:TrackPointExtension>
        </extensions>
      </trkpt>
      <trkpt lat="22.649533909476062" lon="107.60438089412997">
        <ele>98.20250320900232</ele>
        <time>2023-10-20T01:20:19Z</time>
        <extensions>
          <gpxtpx:TrackPointExtension>
            <gpxtpx:hr>106</gpxtpx:hr>
          </gpxtpx:TrackPointExtension>
        </extensions>
      </trkpt>
      <trkpt lat="22.649511979639133" lon="107.60438325261656">
        <ele>98.28683329746127</ele>
        <time>2023-10-20T01:20:20Z</time>
        <extensions>
          <gpxtpx:TrackPointExtension>
            <gpxtpx:hr>106</gpxtpx:hr>
          </gpxtpx:TrackPointExtension>
        </extensions>
      </trkpt>
      <trkpt lat="22.6494914084732" lon="107.60438413883861">
        <ele>98.3714562067762</ele>
        <time>2023-10-20T01:20:21Z</time>
        <extensions>
          <gpxtpx:TrackPointExtension>
            <gpxtpx:hr>106</gpxtpx:hr>
          </gpxtpx:TrackPointExtension>
        </extensions>
      </trkpt>
      <trkpt lat="22.649474745104293" lon="107.60438433237013">
        <ele>98.45682532526553</ele>
        <time>2023-10-20T01:20:22Z</time>
        <extensions>
          <gpxtpx:TrackPointExtension>
            <gpxtpx:hr>104</gpxtpx:hr>
          </gpxtpx:TrackPointExtension>
        </extensions>
      </trkpt>
      <trkpt lat="22.64946074168249" lon="107.60438423875048">
        <ele>98.54398515820503</ele>
        <time>2023-10-20T01:20:23Z</time>
        <extensions>
          <gpxtpx:TrackPointExtension>
            <gpxtpx:hr>104</gpxtpx:hr>
          </gpxtpx:TrackPointExtension>
        </extensions>
      </trkpt>
      <trkpt lat="22.649447215956926" lon="107.60438331077091">
        <ele>98.64101322647184</ele>
        <time>2023-10-20T01:20:24Z</time>
        <extensions>
          <gpxtpx:TrackPointExtension>
            <gpxtpx:hr>104</gpxtpx:hr>
          </gpxtpx:TrackPointExtension>
        </extensions>
      </trkpt>
      <trkpt lat="22.6494350439656" lon="107.60438121698091">
        <ele>98.73586013633758</ele>
        <time>2023-10-20T01:20:25Z</time>
        <extensions>
          <gpxtpx:TrackPointExtension>
            <gpxtpx:hr>103</gpxtpx:hr>
          </gpxtpx:TrackPointExtension>
        </extensions>
      </trkpt>
      <trkpt lat="22.64942406319543" lon="107.60437743550857">
        <ele>98.83048812299967</ele>
        <time>2023-10-20T01:20:26Z</time>
        <extensions>
          <gpxtpx:TrackPointExtension>
            <gpxtpx:hr>103</gpxtpx:hr>
          </gpxtpx:TrackPointExtension>
        </extensions>
      </trkpt>
      <trkpt lat="22.649413445221324" lon="107.60437158282005">
        <ele>98.92990724369884</ele>
        <time>2023-10-20T01:20:27Z</time>
        <extensions>
          <gpxtpx:TrackPointExtension>
            <gpxtpx:hr>103</gpxtpx:hr>
          </gpxtpx:TrackPointExtension>
        </extensions>
      </trkpt>
      <trkpt lat="22.64940324772847" lon="107.60436372975133">
        <ele>99.0426854332909</ele>
        <time>2023-10-20T01:20:28Z</time>
        <extensions>
          <gpxtpx:TrackPointExtension>
            <gpxtpx:hr>103</gpxtpx:hr>
          </gpxtpx:TrackPointExtension>
        </extensions>
      </trkpt>
      <trkpt lat="22.649394213494794" lon="107.60435435999459">
        <ele>99.15109056048095</ele>
        <time>2023-10-20T01:20:29Z</time>
        <extensions>
          <gpxtpx:TrackPointExtension>
            <gpxtpx:hr>103</gpxtpx:hr>
          </gpxtpx:TrackPointExtension>
        </extensions>
      </trkpt>
      <trkpt lat="22.649386141332048" lon="107.60434489458885">
        <ele>99.25035633333027</ele>
        <time>2023-10-20T01:20:30Z</time>
        <extensions>
          <gpxtpx:TrackPointExtension>
            <gpxtpx:hr>103</gpxtpx:hr>
          </gpxtpx:TrackPointExtension>
        </extensions>
      </trkpt>
      <trkpt lat="22.64937844237196" lon="107.60433599511285">
        <ele>99.3534848280251</ele>
        <time>2023-10-20T01:20:31Z</time>
        <extensions>
          <gpxtpx:TrackPointExtension>
            <gpxtpx:hr>105</gpxtpx:hr>
          </gpxtpx:TrackPointExtension>
        </extensions>
      </trkpt>
      <trkpt lat="22.649370881319065" lon="107.60432837317094">
        <ele>99.44929720275104</ele>
        <time>2023-10-20T01:20:32Z</time>
        <extensions>
          <gpxtpx:TrackPointExtension>
            <gpxtpx:hr>105</gpxtpx:hr>
          </gpxtpx:TrackPointExtension>
        </extensions>
      </trkpt>
      <trkpt lat="22.64936345935014" lon="107.60432348981703">
        <ele>99.53987315762788</ele>
        <time>2023-10-20T01:20:33Z</time>
        <extensions>
          <gpxtpx:TrackPointExtension>
            <gpxtpx:hr>105</gpxtpx:hr>
          </gpxtpx:TrackPointExtension>
        </extensions>
      </trkpt>
      <trkpt lat="22.649354956780964" lon="107.60432153954126">
        <ele>99.62602204270661</ele>
        <time>2023-10-20T01:20:34Z</time>
        <extensions>
          <gpxtpx:TrackPointExtension>
            <gpxtpx:hr>105</gpxtpx:hr>
          </gpxtpx:TrackPointExtension>
        </extensions>
      </trkpt>
      <trkpt lat="22.64934430690146" lon="107.60432237635739">
        <ele>99.69847149867564</ele>
        <time>2023-10-20T01:20:35Z</time>
        <extensions>
          <gpxtpx:TrackPointExtension>
            <gpxtpx:hr>105</gpxtpx:hr>
          </gpxtpx:TrackPointExtension>
        </extensions>
      </trkpt>
      <trkpt lat="22.649332320982502" lon="107.6043245883104">
        <ele>99.75950194802135</ele>
        <time>2023-10-20T01:20:36Z</time>
        <extensions>
          <gpxtpx:TrackPointExtension>
            <gpxtpx:hr>105</gpxtpx:hr>
          </gpxtpx:TrackPointExtension>
        </extensions>
      </trkpt>
      <trkpt lat="22.649319775346104" lon="107.60432675768635">
        <ele>99.80319211725146</ele>
        <time>2023-10-20T01:20:37Z</time>
        <extensions>
          <gpxtpx:TrackPointExtension>
            <gpxtpx:hr>102</gpxtpx:hr>
          </gpxtpx:TrackPointExtension>
        </extensions>
      </trkpt>
      <trkpt lat="22.64930755638128" lon="107.60432735329374">
        <ele>99.8355577159673</ele>
        <time>2023-10-20T01:20:38Z</time>
        <extensions>
          <gpxtpx:TrackPointExtension>
            <gpxtpx:hr>102</gpxtpx:hr>
          </gpxtpx:TrackPointExtension>
        </extensions>
      </trkpt>
      <trkpt lat="22.64929654995187" lon="107.60432512983665">
        <ele>99.85742442123592</ele>
        <time>2023-10-20T01:20:39Z</time>
        <extensions>
          <gpxtpx:TrackPointExtension>
            <gpxtpx:hr>102</gpxtpx:hr>
          </gpxtpx:TrackPointExtension>
        </extensions>
      </trkpt>
      <trkpt lat="22.649286434964193" lon="107.60432008508394">
        <ele>99.86771201901138</ele>
        <time>2023-10-20T01:20:40Z</time>
        <extensions>
          <gpxtpx:TrackPointExtension>
            <gpxtpx:hr>102</gpxtpx:hr>
          </gpxtpx:TrackPointExtension>
        </extensions>
      </trkpt>
      <trkpt lat="22.64927601668375" lon="107.60431246213405">
        <ele>99.87087593693286</ele>
        <time>2023-10-20T01:20:41Z</time>
        <extensions>
          <gpxtpx:TrackPointExtension>
            <gpxtpx:hr>104</gpxtpx:hr>
          </gpxtpx:TrackPointExtension>
        </extensions>
      </trkpt>
      <trkpt lat="22.64926576208539" lon="107.60430327915117">
        <ele>99.866400022991</ele>
        <time>2023-10-20T01:20:42Z</time>
        <extensions>
          <gpxtpx:TrackPointExtension>
            <gpxtpx:hr>104</gpxtpx:hr>
          </gpxtpx:TrackPointExtension>
        </extensions>
      </trkpt>
      <trkpt lat="22.649256473182504" lon="107.60429643237218">
        <ele>99.85377796273679</ele>
        <time>2023-10-20T01:20:43Z</time>
        <extensions>
          <gpxtpx:TrackPointExtension>
            <gpxtpx:hr>104</gpxtpx:hr>
          </gpxtpx:TrackPointExtension>
        </extensions>
      </trkpt>
      <trkpt lat="22.64924858895611" lon="107.60429566420969">
        <ele>99.83447536081076</ele>
        <time>2023-10-20T01:20:44Z</time>
        <extensions>
          <gpxtpx:TrackPointExtension>
            <gpxtpx:hr>104</gpxtpx:hr>
          </gpxtpx:TrackPointExtension>
        </extensions>
      </trkpt>
      <trkpt lat="22.649241329318052" lon="107.60430093664557">
        <ele>99.81009133998305</ele>
        <time>2023-10-20T01:20:45Z</time>
        <extensions>
          <gpxtpx:TrackPointExtension>
            <gpxtpx:hr>104</gpxtpx:hr>
          </gpxtpx:TrackPointExtension>
        </extensions>
      </trkpt>
      <trkpt lat="22.649233920690833" lon="107.60430968634063">
        <ele>99.78256958071142</ele>
        <time>2023-10-20T01:20:46Z</time>
        <extensions>
          <gpxtpx:TrackPointExtension>
            <gpxtpx:hr>106</gpxtpx:hr>
          </gpxtpx:TrackPointExtension>
        </extensions>
      </trkpt>
      <trkpt lat="22.649227206514674" lon="107.60431978637695">
        <ele>99.75376820657402</ele>
        <time>2023-10-20T01:20:47Z</time>
        <extensions>
          <gpxtpx:TrackPointExtension>
            <gpxtpx:hr>106</gpxtpx:hr>
          </gpxtpx:TrackPointExtension>
        </extensions>
      </trkpt>
      <trkpt lat="22.649221207379693" lon="107.60433000479246">
        <ele>99.72536406293511</ele>
        <time>2023-10-20T01:20:48Z</time>
        <extensions>
          <gpxtpx:TrackPointExtension>
            <gpxtpx:hr>106</gpxtpx:hr>
          </gpxtpx:TrackPointExtension>
        </extensions>
      </trkpt>
      <trkpt lat="22.64921585932957" lon="107.60433959505521">
        <ele>99.69863499794155</ele>
        <time>2023-10-20T01:20:49Z</time>
        <extensions>
          <gpxtpx:TrackPointExtension>
            <gpxtpx:hr>106</gpxtpx:hr>
          </gpxtpx:TrackPointExtension>
        </extensions>
      </trkpt>
      <trkpt lat="22.649210722747647" lon="107.60434923033509">
        <ele>99.66129518859088</ele>
        <time>2023-10-20T01:20:50Z</time>
        <extensions>
          <gpxtpx:TrackPointExtension>
            <gpxtpx:hr>106</gpxtpx:hr>
          </gpxtpx:TrackPointExtension>
        </extensions>
      </trkpt>
      <trkpt lat="22.64920567150648" lon="107.60435838465314">
        <ele>99.6204588599503</ele>
        <time>2023-10-20T01:20:51Z</time>
        <extensions>
          <gpxtpx:TrackPointExtension>
            <gpxtpx:hr>106</gpxtpx:hr>
          </gpxtpx:TrackPointExtension>
        </extensions>
      </trkpt>
      <trkpt lat="22.649201427215505" lon="107.60436599726103">
        <ele>99.57627084571868</ele>
        <time>2023-10-20T01:20:52Z</time>
        <extensions>
          <gpxtpx:TrackPointExtension>
            <gpxtpx:hr>107</gpxtpx:hr>
          </gpxtpx:TrackPointExtension>
        </extensions>
      </trkpt>
      <trkpt lat="22.649198557055687" lon="107.60437151158769">
        <ele>99.53165639191866</ele>
        <time>2023-10-20T01:20:53Z</time>
        <extensions>
          <gpxtpx:TrackPointExtension>
            <gpxtpx:hr>107</gpxtpx:hr>
          </gpxtpx:TrackPointExtension>
        </extensions>
      </trkpt>
      <trkpt lat="22.649196622878424" lon="107.60437596202642">
        <ele>99.4850944019854</ele>
        <time>2023-10-20T01:20:54Z</time>
        <extensions>
          <gpxtpx:TrackPointExtension>
            <gpxtpx:hr>107</gpxtpx:hr>
          </gpxtpx:TrackPointExtension>
        </extensions>
      </trkpt>
      <trkpt lat="22.649195127400233" lon="107.60438029816204">
        <ele>99.44068607501686</ele>
        <time>2023-10-20T01:20:55Z</time>
        <extensions>
          <gpxtpx:TrackPointExtension>
            <gpxtpx:hr>107</gpxtpx:hr>
          </gpxtpx:TrackPointExtension>
        </extensions>
      </trkpt>
      <trkpt lat="22.649193862297196" lon="107.60438519761044">
        <ele>99.39860596321523</ele>
        <time>2023-10-20T01:20:56Z</time>
        <extensions>
          <gpxtpx:TrackPointExtension>
            <gpxtpx:hr>108</gpxtpx:hr>
          </gpxtpx:TrackPointExtension>
        </extensions>
      </trkpt>
      <trkpt lat="22.649192605335955" lon="107.60439157549358">
        <ele>99.35494092013687</ele>
        <time>2023-10-20T01:20:57Z</time>
        <extensions>
          <gpxtpx:TrackPointExtension>
            <gpxtpx:hr>108</gpxtpx:hr>
          </gpxtpx:TrackPointExtension>
        </extensions>
      </trkpt>
      <trkpt lat="22.649191053161758" lon="107.60440179435923">
        <ele>99.30682327412069</ele>
        <time>2023-10-20T01:20:58Z</time>
        <extensions>
          <gpxtpx:TrackPointExtension>
            <gpxtpx:hr>108</gpxtpx:hr>
          </gpxtpx:TrackPointExtension>
        </extensions>
      </trkpt>
      <trkpt lat="22.649189138057267" lon="107.60441700478351">
        <ele>99.26155541650951</ele>
        <time>2023-10-20T01:20:59Z</time>
        <extensions>
          <gpxtpx:TrackPointExtension>
            <gpxtpx:hr>108</gpxtpx:hr>
          </gpxtpx:TrackPointExtension>
        </extensions>
      </trkpt>
      <trkpt lat="22.64918704511987" lon="107.60443618845721">
        <ele>99.21079301834106</ele>
        <time>2023-10-20T01:21:00Z</time>
        <extensions>
          <gpxtpx:TrackPointExtension>
            <gpxtpx:hr>109</gpxtpx:hr>
          </gpxtpx:TrackPointExtension>
        </extensions>
      </trkpt>
      <trkpt lat="22.64918514329321" lon="107.60445774328939">
        <ele>99.15505566634238</ele>
        <time>2023-10-20T01:21:01Z</time>
        <extensions>
          <gpxtpx:TrackPointExtension>
            <gpxtpx:hr>109</gpxtpx:hr>
          </gpxtpx:TrackPointExtension>
        </extensions>
      </trkpt>
      <trkpt lat="22.649183571252404" lon="107.60448027652893">
        <ele>99.0985391009599</ele>
        <time>2023-10-20T01:21:02Z</time>
        <extensions>
          <gpxtpx:TrackPointExtension>
            <gpxtpx:hr>109</gpxtpx:hr>
          </gpxtpx:TrackPointExtension>
        </extensions>
      </trkpt>
      <trkpt lat="22.649181996926462" lon="107.6045030498261">
        <ele>99.04965969640762</ele>
        <time>2023-10-20T01:21:03Z</time>
        <extensions>
          <gpxtpx:TrackPointExtension>
            <gpxtpx:hr>109</gpxtpx:hr>
          </gpxtpx:TrackPointExtension>
        </extensions>
      </trkpt>
      <trkpt lat="22.64917959529368" lon="107.60452676498716">
        <ele>98.99648614507169</ele>
        <time>2023-10-20T01:21:04Z</time>
        <extensions>
          <gpxtpx:TrackPointExtension>
            <gpxtpx:hr>111</gpxtpx:hr>
          </gpxtpx:TrackPointExtension>
        </extensions>
      </trkpt>
      <trkpt lat="22.64917560901835" lon="107.6045519565164">
        <ele>98.93833532556891</ele>
        <time>2023-10-20T01:21:05Z</time>
        <extensions>
          <gpxtpx:TrackPointExtension>
            <gpxtpx:hr>111</gpxtpx:hr>
          </gpxtpx:TrackPointExtension>
        </extensions>
      </trkpt>
      <trkpt lat="22.649169951455963" lon="107.60457765063158">
        <ele>98.88024336472154</ele>
        <time>2023-10-20T01:21:06Z</time>
        <extensions>
          <gpxtpx:TrackPointExtension>
            <gpxtpx:hr>111</gpxtpx:hr>
          </gpxtpx:TrackPointExtension>
        </extensions>
      </trkpt>
      <trkpt lat="22.64916295338417" lon="107.60460332495113">
        <ele>98.8171192612499</ele>
        <time>2023-10-20T01:21:07Z</time>
        <extensions>
          <gpxtpx:TrackPointExtension>
            <gpxtpx:hr>111</gpxtpx:hr>
          </gpxtpx:TrackPointExtension>
        </extensions>
      </trkpt>
      <trkpt lat="22.649154750278097" lon="107.60462848284563">
        <ele>98.75291591882706</ele>
        <time>2023-10-20T01:21:08Z</time>
        <extensions>
          <gpxtpx:TrackPointExtension>
            <gpxtpx:hr>111</gpxtpx:hr>
          </gpxtpx:TrackPointExtension>
        </extensions>
      </trkpt>
      <trkpt lat="22.649145384013096" lon="107.60465258747938">
        <ele>98.68553307466209</ele>
        <time>2023-10-20T01:21:09Z</time>
        <extensions>
          <gpxtpx:TrackPointExtension>
            <gpxtpx:hr>107</gpxtpx:hr>
          </gpxtpx:TrackPointExtension>
        </extensions>
      </trkpt>
      <trkpt lat="22.64913565783051" lon="107.6046754398819">
        <ele>98.61425788141787</ele>
        <time>2023-10-20T01:21:10Z</time>
        <extensions>
          <gpxtpx:TrackPointExtension>
            <gpxtpx:hr>107</gpxtpx:hr>
          </gpxtpx:TrackPointExtension>
        </extensions>
      </trkpt>
      <trkpt lat="22.64912626489659" lon="107.60469629861653">
        <ele>98.54042854346335</ele>
        <time>2023-10-20T01:21:11Z</time>
        <extensions>
          <gpxtpx:TrackPointExtension>
            <gpxtpx:hr>107</gpxtpx:hr>
          </gpxtpx:TrackPointExtension>
        </extensions>
      </trkpt>
      <trkpt lat="22.64911681546986" lon="107.60471421070419">
        <ele>98.46002896688879</ele>
        <time>2023-10-20T01:21:12Z</time>
        <extensions>
          <gpxtpx:TrackPointExtension>
            <gpxtpx:hr>107</gpxtpx:hr>
          </gpxtpx:TrackPointExtension>
        </extensions>
      </trkpt>
      <trkpt lat="22.64910644607032" lon="107.60472854711162">
        <ele>98.38210576679558</ele>
        <time>2023-10-20T01:21:13Z</time>
        <extensions>
          <gpxtpx:TrackPointExtension>
            <gpxtpx:hr>107</gpxtpx:hr>
          </gpxtpx:TrackPointExtension>
        </extensions>
      </trkpt>
      <trkpt lat="22.649094851572002" lon="107.60473901219608">
        <ele>98.30118618067354</ele>
        <time>2023-10-20T01:21:14Z</time>
        <extensions>
          <gpxtpx:TrackPointExtension>
            <gpxtpx:hr>107</gpxtpx:hr>
          </gpxtpx:TrackPointExtension>
        </extensions>
      </trkpt>
      <trkpt lat="22.64908257782666" lon="107.60474590655623">
        <ele>98.22057633846998</ele>
        <time>2023-10-20T01:21:15Z</time>
        <extensions>
          <gpxtpx:TrackPointExtension>
            <gpxtpx:hr>99</gpxtpx:hr>
          </gpxtpx:TrackPointExtension>
        </extensions>
      </trkpt>
      <trkpt lat="22.64907066075401" lon="107.60475012412017">
        <ele>98.145583037287</ele>
        <time>2023-10-20T01:21:16Z</time>
        <extensions>
          <gpxtpx:TrackPointExtension>
            <gpxtpx:hr>99</gpxtpx:hr>
          </gpxtpx:TrackPointExtension>
        </extensions>
      </trkpt>
      <trkpt lat="22.649060771769634" lon="107.60475247133279">
        <ele>98.07600693032146</ele>
        <time>2023-10-20T01:21:17Z</time>
        <extensions>
          <gpxtpx:TrackPointExtension>
            <gpxtpx:hr>99</gpxtpx:hr>
          </gpxtpx:TrackPointExtension>
        </extensions>
      </trkpt>
      <trkpt lat="22.64905430559238" lon="107.60475313119989">
        <ele>98.00868777465075</ele>
        <time>2023-10-20T01:21:18Z</time>
        <extensions>
          <gpxtpx:TrackPointExtension>
            <gpxtpx:hr>99</gpxtpx:hr>
          </gpxtpx:TrackPointExtension>
        </extensions>
      </trkpt>
      <trkpt lat="22.649051601142574" lon="107.60475220139438">
        <ele>97.94542820844799</ele>
        <time>2023-10-20T01:21:19Z</time>
        <extensions>
          <gpxtpx:TrackPointExtension>
            <gpxtpx:hr>99</gpxtpx:hr>
          </gpxtpx:TrackPointExtension>
        </extensions>
      </trkpt>
      <trkpt lat="22.649052205555027" lon="107.60474994814085">
        <ele>97.89125345647335</ele>
        <time>2023-10-20T01:21:20Z</time>
        <extensions>
          <gpxtpx:TrackPointExtension>
            <gpxtpx:hr>99</gpxtpx:hr>
          </gpxtpx:TrackPointExtension>
        </extensions>
      </trkpt>
      <trkpt lat="22.649054999623623" lon="107.604746695511">
        <ele>97.84532129392028</ele>
        <time>2023-10-20T01:21:21Z</time>
        <extensions>
          <gpxtpx:TrackPointExtension>
            <gpxtpx:hr>99</gpxtpx:hr>
          </gpxtpx:TrackPointExtension>
        </extensions>
      </trkpt>
      <trkpt lat="22.649059230315064" lon="107.6047425883881">
        <ele>97.80495333578438</ele>
        <time>2023-10-20T01:21:22Z</time>
        <extensions>
          <gpxtpx:TrackPointExtension>
            <gpxtpx:hr>89</gpxtpx:hr>
          </gpxtpx:TrackPointExtension>
        </extensions>
      </trkpt>
      <trkpt lat="22.649064518866016" lon="107.6047374548678">
        <ele>97.77287276089191</ele>
        <time>2023-10-20T01:21:23Z</time>
        <extensions>
          <gpxtpx:TrackPointExtension>
            <gpxtpx:hr>89</gpxtpx:hr>
          </gpxtpx:TrackPointExtension>
        </extensions>
      </trkpt>
      <trkpt lat="22.649070419700763" lon="107.60473114976651">
        <ele>97.7436646129936</ele>
        <time>2023-10-20T01:21:24Z</time>
        <extensions>
          <gpxtpx:TrackPointExtension>
            <gpxtpx:hr>89</gpxtpx:hr>
          </gpxtpx:TrackPointExtension>
        </extensions>
      </trkpt>
      <trkpt lat="22.649076046904163" lon="107.60472380109601">
        <ele>97.73375448025763</ele>
        <time>2023-10-20T01:21:25Z</time>
        <extensions>
          <gpxtpx:TrackPointExtension>
            <gpxtpx:hr>89</gpxtpx:hr>
          </gpxtpx:TrackPointExtension>
        </extensions>
      </trkpt>
      <trkpt lat="22.649080174057666" lon="107.60471563664213">
        <ele>97.72655741218477</ele>
        <time>2023-10-20T01:21:26Z</time>
        <extensions>
          <gpxtpx:TrackPointExtension>
            <gpxtpx:hr>89</gpxtpx:hr>
          </gpxtpx:TrackPointExtension>
        </extensions>
      </trkpt>
      <trkpt lat="22.64908216956233" lon="107.60470690458774">
        <ele>97.72942837886512</ele>
        <time>2023-10-20T01:21:27Z</time>
        <extensions>
          <gpxtpx:TrackPointExtension>
            <gpxtpx:hr>89</gpxtpx:hr>
          </gpxtpx:TrackPointExtension>
        </extensions>
      </trkpt>
      <trkpt lat="22.649081721153436" lon="107.60469847775079">
        <ele>97.73853642866015</ele>
        <time>2023-10-20T01:21:28Z</time>
        <extensions>
          <gpxtpx:TrackPointExtension>
            <gpxtpx:hr>93</gpxtpx:hr>
          </gpxtpx:TrackPointExtension>
        </extensions>
      </trkpt>
      <trkpt lat="22.649078953057618" lon="107.60469119335174">
        <ele>97.7532687401399</ele>
        <time>2023-10-20T01:21:29Z</time>
        <extensions>
          <gpxtpx:TrackPointExtension>
            <gpxtpx:hr>93</gpxtpx:hr>
          </gpxtpx:TrackPointExtension>
        </extensions>
      </trkpt>
      <trkpt lat="22.649074184447155" lon="107.60468473765327">
        <ele>97.77635486237705</ele>
        <time>2023-10-20T01:21:30Z</time>
        <extensions>
          <gpxtpx:TrackPointExtension>
            <gpxtpx:hr>93</gpxtpx:hr>
          </gpxtpx:TrackPointExtension>
        </extensions>
      </trkpt>
      <trkpt lat="22.6490678882678" lon="107.60467818619361">
        <ele>97.80370522104204</ele>
        <time>2023-10-20T01:21:31Z</time>
        <extensions>
          <gpxtpx:TrackPointExtension>
            <gpxtpx:hr>93</gpxtpx:hr>
          </gpxtpx:TrackPointExtension>
        </extensions>
      </trkpt>
      <trkpt lat="22.649060062226926" lon="107.60467075089495">
        <ele>97.83578127343208</ele>
        <time>2023-10-20T01:21:32Z</time>
        <extensions>
          <gpxtpx:TrackPointExtension>
            <gpxtpx:hr>95</gpxtpx:hr>
          </gpxtpx:TrackPointExtension>
        </extensions>
      </trkpt>
      <trkpt lat="22.649050257145937" lon="107.60466206387198">
        <ele>97.8671292392537</ele>
        <time>2023-10-20T01:21:33Z</time>
        <extensions>
          <gpxtpx:TrackPointExtension>
            <gpxtpx:hr>95</gpxtpx:hr>
          </gpxtpx:TrackPointExtension>
        </extensions>
      </trkpt>
      <trkpt lat="22.649038786947173" lon="107.60465232985159">
        <ele>97.89492758829147</ele>
        <time>2023-10-20T01:21:34Z</time>
        <extensions>
          <gpxtpx:TrackPointExtension>
            <gpxtpx:hr>95</gpxtpx:hr>
          </gpxtpx:TrackPointExtension>
        </extensions>
      </trkpt>
      <trkpt lat="22.649026414591024" lon="107.60464250038544">
        <ele>97.92013707198203</ele>
        <time>2023-10-20T01:21:35Z</time>
        <extensions>
          <gpxtpx:TrackPointExtension>
            <gpxtpx:hr>95</gpxtpx:hr>
          </gpxtpx:TrackPointExtension>
        </extensions>
      </trkpt>
      <trkpt lat="22.649014545964196" lon="107.60463366918981">
        <ele>97.93576673232019</ele>
        <time>2023-10-20T01:21:36Z</time>
        <extensions>
          <gpxtpx:TrackPointExtension>
            <gpxtpx:hr>96</gpxtpx:hr>
          </gpxtpx:TrackPointExtension>
        </extensions>
      </trkpt>
      <trkpt lat="22.649004794170658" lon="107.60462666232448">
        <ele>97.945087489672</ele>
        <time>2023-10-20T01:21:37Z</time>
        <extensions>
          <gpxtpx:TrackPointExtension>
            <gpxtpx:hr>96</gpxtpx:hr>
          </gpxtpx:TrackPointExtension>
        </extensions>
      </trkpt>
      <trkpt lat="22.648997464313865" lon="107.60462222370774">
        <ele>97.95708736218512</ele>
        <time>2023-10-20T01:21:38Z</time>
        <extensions>
          <gpxtpx:TrackPointExtension>
            <gpxtpx:hr>96</gpxtpx:hr>
          </gpxtpx:TrackPointExtension>
        </extensions>
      </trkpt>
      <trkpt lat="22.64899034827799" lon="107.60462015337346">
        <ele>97.96446382254362</ele>
        <time>2023-10-20T01:21:39Z</time>
        <extensions>
          <gpxtpx:TrackPointExtension>
            <gpxtpx:hr>96</gpxtpx:hr>
          </gpxtpx:TrackPointExtension>
        </extensions>
      </trkpt>
      <trkpt lat="22.648981580115525" lon="107.60461970895093">
        <ele>97.96720435936004</ele>
        <time>2023-10-20T01:21:40Z</time>
        <extensions>
          <gpxtpx:TrackPointExtension>
            <gpxtpx:hr>96</gpxtpx:hr>
          </gpxtpx:TrackPointExtension>
        </extensions>
      </trkpt>
      <trkpt lat="22.64897172553988" lon="107.60462136293425">
        <ele>97.96288577187806</ele>
        <time>2023-10-20T01:21:41Z</time>
        <extensions>
          <gpxtpx:TrackPointExtension>
            <gpxtpx:hr>96</gpxtpx:hr>
          </gpxtpx:TrackPointExtension>
        </extensions>
      </trkpt>
      <trkpt lat="22.64896207616356" lon="107.60462567007401">
        <ele>97.9471587492153</ele>
        <time>2023-10-20T01:21:42Z</time>
        <extensions>
          <gpxtpx:TrackPointExtension>
            <gpxtpx:hr>98</gpxtpx:hr>
          </gpxtpx:TrackPointExtension>
        </extensions>
      </trkpt>
      <trkpt lat="22.64895381863926" lon="107.60463300961845">
        <ele>97.92538016289473</ele>
        <time>2023-10-20T01:21:43Z</time>
        <extensions>
          <gpxtpx:TrackPointExtension>
            <gpxtpx:hr>98</gpxtpx:hr>
          </gpxtpx:TrackPointExtension>
        </extensions>
      </trkpt>
      <trkpt lat="22.648946900156556" lon="107.60464405956043">
        <ele>97.89174948539585</ele>
        <time>2023-10-20T01:21:44Z</time>
        <extensions>
          <gpxtpx:TrackPointExtension>
            <gpxtpx:hr>98</gpxtpx:hr>
          </gpxtpx:TrackPointExtension>
        </extensions>
      </trkpt>
      <trkpt lat="22.64894041192824" lon="107.60465923593678">
        <ele>97.85565140470862</ele>
        <time>2023-10-20T01:21:45Z</time>
        <extensions>
          <gpxtpx:TrackPointExtension>
            <gpxtpx:hr>98</gpxtpx:hr>
          </gpxtpx:TrackPointExtension>
        </extensions>
      </trkpt>
      <trkpt lat="22.648934112693123" lon="107.60467775129837">
        <ele>97.81511810515076</ele>
        <time>2023-10-20T01:21:46Z</time>
        <extensions>
          <gpxtpx:TrackPointExtension>
            <gpxtpx:hr>98</gpxtpx:hr>
          </gpxtpx:TrackPointExtension>
        </extensions>
      </trkpt>
      <trkpt lat="22.648927744881465" lon="107.60469814827589">
        <ele>97.76884707994759</ele>
        <time>2023-10-20T01:21:47Z</time>
        <extensions>
          <gpxtpx:TrackPointExtension>
            <gpxtpx:hr>98</gpxtpx:hr>
          </gpxtpx:TrackPointExtension>
        </extensions>
      </trkpt>
      <trkpt lat="22.64892160337759" lon="107.60471791013467">
        <ele>97.71999340411276</ele>
        <time>2023-10-20T01:21:48Z</time>
        <extensions>
          <gpxtpx:TrackPointExtension>
            <gpxtpx:hr>103</gpxtpx:hr>
          </gpxtpx:TrackPointExtension>
        </extensions>
      </trkpt>
      <trkpt lat="22.648916602529244" lon="107.60473340898717">
        <ele>97.66911518573761</ele>
        <time>2023-10-20T01:21:49Z</time>
        <extensions>
          <gpxtpx:TrackPointExtension>
            <gpxtpx:hr>103</gpxtpx:hr>
          </gpxtpx:TrackPointExtension>
        </extensions>
      </trkpt>
      <trkpt lat="22.648912539061232" lon="107.60474466886775">
        <ele>97.61683445423841</ele>
        <time>2023-10-20T01:21:50Z</time>
        <extensions>
          <gpxtpx:TrackPointExtension>
            <gpxtpx:hr>103</gpxtpx:hr>
          </gpxtpx:TrackPointExtension>
        </extensions>
      </trkpt>
      <trkpt lat="22.64890826470665" lon="107.6047541650864">
        <ele>97.56387291196734</ele>
        <time>2023-10-20T01:21:51Z</time>
        <extensions>
          <gpxtpx:TrackPointExtension>
            <gpxtpx:hr>103</gpxtpx:hr>
          </gpxtpx:TrackPointExtension>
        </extensions>
      </trkpt>
      <trkpt lat="22.648902889195075" lon="107.60476256502312">
        <ele>97.51469648163766</ele>
        <time>2023-10-20T01:21:52Z</time>
        <extensions>
          <gpxtpx:TrackPointExtension>
            <gpxtpx:hr>102</gpxtpx:hr>
          </gpxtpx:TrackPointExtension>
        </extensions>
      </trkpt>
      <trkpt lat="22.648895719553888" lon="107.60476920648121">
        <ele>97.4613474495709</ele>
        <time>2023-10-20T01:21:53Z</time>
        <extensions>
          <gpxtpx:TrackPointExtension>
            <gpxtpx:hr>102</gpxtpx:hr>
          </gpxtpx:TrackPointExtension>
        </extensions>
      </trkpt>
      <trkpt lat="22.648886467560637" lon="107.60477280921872">
        <ele>97.40731752011925</ele>
        <time>2023-10-20T01:21:54Z</time>
        <extensions>
          <gpxtpx:TrackPointExtension>
            <gpxtpx:hr>102</gpxtpx:hr>
          </gpxtpx:TrackPointExtension>
        </extensions>
      </trkpt>
      <trkpt lat="22.64887551839432" lon="107.60477314289722">
        <ele>97.35496083460748</ele>
        <time>2023-10-20T01:21:55Z</time>
        <extensions>
          <gpxtpx:TrackPointExtension>
            <gpxtpx:hr>102</gpxtpx:hr>
          </gpxtpx:TrackPointExtension>
        </extensions>
      </trkpt>
      <trkpt lat="22.648864419477515" lon="107.60477069288666">
        <ele>97.30470604542643</ele>
        <time>2023-10-20T01:21:56Z</time>
        <extensions>
          <gpxtpx:TrackPointExtension>
            <gpxtpx:hr>104</gpxtpx:hr>
          </gpxtpx:TrackPointExtension>
        </extensions>
      </trkpt>
      <trkpt lat="22.648855141135154" lon="107.60476647943646">
        <ele>97.2618546076119</ele>
        <time>2023-10-20T01:21:57Z</time>
        <extensions>
          <gpxtpx:TrackPointExtension>
            <gpxtpx:hr>104</gpxtpx:hr>
          </gpxtpx:TrackPointExtension>
        </extensions>
      </trkpt>
      <trkpt lat="22.648848256536642" lon="107.60476145140657">
        <ele>97.22427089791745</ele>
        <time>2023-10-20T01:21:58Z</time>
        <extensions>
          <gpxtpx:TrackPointExtension>
            <gpxtpx:hr>104</gpxtpx:hr>
          </gpxtpx:TrackPointExtension>
        </extensions>
      </trkpt>
      <trkpt lat="22.64884316936627" lon="107.60475593953839">
        <ele>97.19445970933884</ele>
        <time>2023-10-20T01:21:59Z</time>
        <extensions>
          <gpxtpx:TrackPointExtension>
            <gpxtpx:hr>104</gpxtpx:hr>
          </gpxtpx:TrackPointExtension>
        </extensions>
      </trkpt>
      <trkpt lat="22.64883937813878" lon="107.60474987994961">
        <ele>97.1706706918776</ele>
        <time>2023-10-20T01:22:00Z</time>
        <extensions>
          <gpxtpx:TrackPointExtension>
            <gpxtpx:hr>104</gpxtpx:hr>
          </gpxtpx:TrackPointExtension>
        </extensions>
      </trkpt>
      <trkpt lat="22.6488364426592" lon="107.60474294055271">
        <ele>97.15166495274752</ele>
        <time>2023-10-20T01:22:01Z</time>
        <extensions>
          <gpxtpx:TrackPointExtension>
            <gpxtpx:hr>104</gpxtpx:hr>
          </gpxtpx:TrackPointExtension>
        </extensions>
      </trkpt>
      <trkpt lat="22.648834260265758" lon="107.60473504412484">
        <ele>97.13515674229711</ele>
        <time>2023-10-20T01:22:02Z</time>
        <extensions>
          <gpxtpx:TrackPointExtension>
            <gpxtpx:hr>100</gpxtpx:hr>
          </gpxtpx:TrackPointExtension>
        </extensions>
      </trkpt>
      <trkpt lat="22.648832960174854" lon="107.60472680212246">
        <ele>97.12436363007873</ele>
        <time>2023-10-20T01:22:03Z</time>
        <extensions>
          <gpxtpx:TrackPointExtension>
            <gpxtpx:hr>100</gpxtpx:hr>
          </gpxtpx:TrackPointExtension>
        </extensions>
      </trkpt>
      <trkpt lat="22.64883256292156" lon="107.6047196004139">
        <ele>97.11874025780708</ele>
        <time>2023-10-20T01:22:03Z</time>
        <extensions>
          <gpxtpx:TrackPointExtension>
            <gpxtpx:hr>100</gpxtpx:hr>
          </gpxtpx:TrackPointExtension>
        </extensions>
      </trkpt>
      <trkpt lat="22.64883288132199" lon="107.60471416099577">
        <ele>97.12266170792282</ele>
        <time>2023-10-20T01:22:04Z</time>
        <extensions>
          <gpxtpx:TrackPointExtension>
            <gpxtpx:hr>100</gpxtpx:hr>
          </gpxtpx:TrackPointExtension>
        </extensions>
      </trkpt>
      <trkpt lat="22.648833576783257" lon="107.6047102058536">
        <ele>97.13220486883074</ele>
        <time>2023-10-20T01:22:05Z</time>
        <extensions>
          <gpxtpx:TrackPointExtension>
            <gpxtpx:hr>100</gpxtpx:hr>
          </gpxtpx:TrackPointExtension>
        </extensions>
      </trkpt>
      <trkpt lat="22.648834396961156" lon="107.6047066876277">
        <ele>97.1500919694081</ele>
        <time>2023-10-20T01:22:06Z</time>
        <extensions>
          <gpxtpx:TrackPointExtension>
            <gpxtpx:hr>100</gpxtpx:hr>
          </gpxtpx:TrackPointExtension>
        </extensions>
      </trkpt>
      <trkpt lat="22.648835235646818" lon="107.60470260056736">
        <ele>97.16963560227305</ele>
        <time>2023-10-20T01:22:07Z</time>
        <extensions>
          <gpxtpx:TrackPointExtension>
            <gpxtpx:hr>101</gpxtpx:hr>
          </gpxtpx:TrackPointExtension>
        </extensions>
      </trkpt>
      <trkpt lat="22.64883586867711" lon="107.60469752761128">
        <ele>97.19778592698276</ele>
        <time>2023-10-20T01:22:08Z</time>
        <extensions>
          <gpxtpx:TrackPointExtension>
            <gpxtpx:hr>101</gpxtpx:hr>
          </gpxtpx:TrackPointExtension>
        </extensions>
      </trkpt>
      <trkpt lat="22.64883584997114" lon="107.6046910457333">
        <ele>97.23660656623542</ele>
        <time>2023-10-20T01:22:09Z</time>
        <extensions>
          <gpxtpx:TrackPointExtension>
            <gpxtpx:hr>101</gpxtpx:hr>
          </gpxtpx:TrackPointExtension>
        </extensions>
      </trkpt>
      <trkpt lat="22.648834498874976" lon="107.60468316268243">
        <ele>97.28460292425007</ele>
        <time>2023-10-20T01:22:10Z</time>
        <extensions>
          <gpxtpx:TrackPointExtension>
            <gpxtpx:hr>101</gpxtpx:hr>
          </gpxtpx:TrackPointExtension>
        </extensions>
      </trkpt>
      <trkpt lat="22.648831053563118" lon="107.60467378132898">
        <ele>97.33864734135568</ele>
        <time>2023-10-20T01:22:11Z</time>
        <extensions>
          <gpxtpx:TrackPointExtension>
            <gpxtpx:hr>101</gpxtpx:hr>
          </gpxtpx:TrackPointExtension>
        </extensions>
      </trkpt>
      <trkpt lat="22.64882483994639" lon="107.60466283651198">
        <ele>97.39171168580651</ele>
        <time>2023-10-20T01:22:12Z</time>
        <extensions>
          <gpxtpx:TrackPointExtension>
            <gpxtpx:hr>101</gpxtpx:hr>
          </gpxtpx:TrackPointExtension>
        </extensions>
      </trkpt>
      <trkpt lat="22.64881643177577" lon="107.60465093307108">
        <ele>97.4503388311714</ele>
        <time>2023-10-20T01:22:13Z</time>
        <extensions>
          <gpxtpx:TrackPointExtension>
            <gpxtpx:hr>101</gpxtpx:hr>
          </gpxtpx:TrackPointExtension>
        </extensions>
      </trkpt>
      <trkpt lat="22.648807387138138" lon="107.60463983378692">
        <ele>97.50987897440791</ele>
        <time>2023-10-20T01:22:14Z</time>
        <extensions>
          <gpxtpx:TrackPointExtension>
            <gpxtpx:hr>101</gpxtpx:hr>
          </gpxtpx:TrackPointExtension>
        </extensions>
      </trkpt>
      <trkpt lat="22.648799180305083" lon="107.60463105872019">
        <ele>97.56530982349068</ele>
        <time>2023-10-20T01:22:15Z</time>
        <extensions>
          <gpxtpx:TrackPointExtension>
            <gpxtpx:hr>102</gpxtpx:hr>
          </gpxtpx:TrackPointExtension>
        </extensions>
      </trkpt>
      <trkpt lat="22.648792568830704" lon="107.60462526291728">
        <ele>97.61281666252762</ele>
        <time>2023-10-20T01:22:16Z</time>
        <extensions>
          <gpxtpx:TrackPointExtension>
            <gpxtpx:hr>102</gpxtpx:hr>
          </gpxtpx:TrackPointExtension>
        </extensions>
      </trkpt>
      <trkpt lat="22.64878733173552" lon="107.60462256513541">
        <ele>97.66194174066186</ele>
        <time>2023-10-20T01:22:17Z</time>
        <extensions>
          <gpxtpx:TrackPointExtension>
            <gpxtpx:hr>102</gpxtpx:hr>
          </gpxtpx:TrackPointExtension>
        </extensions>
      </trkpt>
      <trkpt lat="22.648783130893893" lon="107.60462295366641">
        <ele>97.7031239150092</ele>
        <time>2023-10-20T01:22:18Z</time>
        <extensions>
          <gpxtpx:TrackPointExtension>
            <gpxtpx:hr>102</gpxtpx:hr>
          </gpxtpx:TrackPointExtension>
        </extensions>
      </trkpt>
      <trkpt lat="22.6487800328345" lon="107.6046260005526">
        <ele>97.73414575308561</ele>
        <time>2023-10-20T01:22:19Z</time>
        <extensions>
          <gpxtpx:TrackPointExtension>
            <gpxtpx:hr>102</gpxtpx:hr>
          </gpxtpx:TrackPointExtension>
        </extensions>
      </trkpt>
      <trkpt lat="22.648777866758625" lon="107.60463116717825">
        <ele>97.75339195225388</ele>
        <time>2023-10-20T01:22:20Z</time>
        <extensions>
          <gpxtpx:TrackPointExtension>
            <gpxtpx:hr>99</gpxtpx:hr>
          </gpxtpx:TrackPointExtension>
        </extensions>
      </trkpt>
      <trkpt lat="22.648776426566776" lon="107.6046378095766">
        <ele>97.76844346616417</ele>
        <time>2023-10-20T01:22:21Z</time>
        <extensions>
          <gpxtpx:TrackPointExtension>
            <gpxtpx:hr>99</gpxtpx:hr>
          </gpxtpx:TrackPointExtension>
        </extensions>
      </trkpt>
      <trkpt lat="22.648775675287688" lon="107.60464477871751">
        <ele>97.7750570550561</ele>
        <time>2023-10-20T01:22:22Z</time>
        <extensions>
          <gpxtpx:TrackPointExtension>
            <gpxtpx:hr>99</gpxtpx:hr>
          </gpxtpx:TrackPointExtension>
        </extensions>
      </trkpt>
      <trkpt lat="22.648776021193978" lon="107.60465042958684">
        <ele>97.7702610231936</ele>
        <time>2023-10-20T01:22:23Z</time>
        <extensions>
          <gpxtpx:TrackPointExtension>
            <gpxtpx:hr>99</gpxtpx:hr>
          </gpxtpx:TrackPointExtension>
        </extensions>
      </trkpt>
      <trkpt lat="22.64877796106295" lon="107.60465338972573">
        <ele>97.7635069489479</ele>
        <time>2023-10-20T01:22:24Z</time>
        <extensions>
          <gpxtpx:TrackPointExtension>
            <gpxtpx:hr>99</gpxtpx:hr>
          </gpxtpx:TrackPointExtension>
        </extensions>
      </trkpt>
      <trkpt lat="22.648782076418637" lon="107.6046531964653">
        <ele>97.7557966876775</ele>
        <time>2023-10-20T01:22:25Z</time>
        <extensions>
          <gpxtpx:TrackPointExtension>
            <gpxtpx:hr>99</gpxtpx:hr>
          </gpxtpx:TrackPointExtension>
        </extensions>
      </trkpt>
      <trkpt lat="22.64878788115118" lon="107.60465077316545">
        <ele>97.74432027898729</ele>
        <time>2023-10-20T01:22:26Z</time>
        <extensions>
          <gpxtpx:TrackPointExtension>
            <gpxtpx:hr>99</gpxtpx:hr>
          </gpxtpx:TrackPointExtension>
        </extensions>
      </trkpt>
      <trkpt lat="22.64879366738673" lon="107.60464807661269">
        <ele>97.72080150898546</ele>
        <time>2023-10-20T01:22:27Z</time>
        <extensions>
          <gpxtpx:TrackPointExtension>
            <gpxtpx:hr>101</gpxtpx:hr>
          </gpxtpx:TrackPointExtension>
        </extensions>
      </trkpt>
      <trkpt lat="22.648797593942838" lon="107.60464710982936">
        <ele>97.69293425325304</ele>
        <time>2023-10-20T01:22:28Z</time>
        <extensions>
          <gpxtpx:TrackPointExtension>
            <gpxtpx:hr>101</gpxtpx:hr>
          </gpxtpx:TrackPointExtension>
        </extensions>
      </trkpt>
      <trkpt lat="22.64879826799632" lon="107.60464893348015">
        <ele>97.66290440037847</ele>
        <time>2023-10-20T01:22:29Z</time>
        <extensions>
          <gpxtpx:TrackPointExtension>
            <gpxtpx:hr>101</gpxtpx:hr>
          </gpxtpx:TrackPointExtension>
        </extensions>
      </trkpt>
      <trkpt lat="22.648795919773026" lon="107.60465321992007">
        <ele>97.63618949986994</ele>
        <time>2023-10-20T01:22:30Z</time>
        <extensions>
          <gpxtpx:TrackPointExtension>
            <gpxtpx:hr>101</gpxtpx:hr>
          </gpxtpx:TrackPointExtension>
        </extensions>
      </trkpt>
      <trkpt lat="22.648790746325574" lon="107.60465904711788">
        <ele>97.61015863157809</ele>
        <time>2023-10-20T01:22:31Z</time>
        <extensions>
          <gpxtpx:TrackPointExtension>
            <gpxtpx:hr>101</gpxtpx:hr>
          </gpxtpx:TrackPointExtension>
        </extensions>
      </trkpt>
      <trkpt lat="22.64878234624273" lon="107.60466578260117">
        <ele>97.5784598859027</ele>
        <time>2023-10-20T01:22:32Z</time>
        <extensions>
          <gpxtpx:TrackPointExtension>
            <gpxtpx:hr>101</gpxtpx:hr>
          </gpxtpx:TrackPointExtension>
        </extensions>
      </trkpt>
      <trkpt lat="22.648770941653783" lon="107.6046732338898">
        <ele>97.54288112651557</ele>
        <time>2023-10-20T01:22:33Z</time>
        <extensions>
          <gpxtpx:TrackPointExtension>
            <gpxtpx:hr>101</gpxtpx:hr>
          </gpxtpx:TrackPointExtension>
        </extensions>
      </trkpt>
      <trkpt lat="22.648756867981216" lon="107.60468167231613">
        <ele>97.5097482893616</ele>
        <time>2023-10-20T01:22:34Z</time>
        <extensions>
          <gpxtpx:TrackPointExtension>
            <gpxtpx:hr>101</gpxtpx:hr>
          </gpxtpx:TrackPointExtension>
        </extensions>
      </trkpt>
      <trkpt lat="22.648740942281776" lon="107.60469128873744">
        <ele>97.48186179529876</ele>
        <time>2023-10-20T01:22:35Z</time>
        <extensions>
          <gpxtpx:TrackPointExtension>
            <gpxtpx:hr>101</gpxtpx:hr>
          </gpxtpx:TrackPointExtension>
        </extensions>
      </trkpt>
      <trkpt lat="22.6487236538583" lon="107.60470173889715">
        <ele>97.45356842223555</ele>
        <time>2023-10-20T01:22:36Z</time>
        <extensions>
          <gpxtpx:TrackPointExtension>
            <gpxtpx:hr>101</gpxtpx:hr>
          </gpxtpx:TrackPointExtension>
        </extensions>
      </trkpt>
      <trkpt lat="22.6487059384957" lon="107.60471256645232">
        <ele>97.42315219342709</ele>
        <time>2023-10-20T01:22:37Z</time>
        <extensions>
          <gpxtpx:TrackPointExtension>
            <gpxtpx:hr>101</gpxtpx:hr>
          </gpxtpx:TrackPointExtension>
        </extensions>
      </trkpt>
      <trkpt lat="22.6486890976264" lon="107.6047237536192">
        <ele>97.39058533962816</ele>
        <time>2023-10-20T01:22:38Z</time>
        <extensions>
          <gpxtpx:TrackPointExtension>
            <gpxtpx:hr>101</gpxtpx:hr>
          </gpxtpx:TrackPointExtension>
        </extensions>
      </trkpt>
      <trkpt lat="22.64867302887668" lon="107.60473550647468">
        <ele>97.35799006186426</ele>
        <time>2023-10-20T01:22:39Z</time>
        <extensions>
          <gpxtpx:TrackPointExtension>
            <gpxtpx:hr>100</gpxtpx:hr>
          </gpxtpx:TrackPointExtension>
        </extensions>
      </trkpt>
      <trkpt lat="22.648658113900982" lon="107.60474725580214">
        <ele>97.32222697045654</ele>
        <time>2023-10-20T01:22:40Z</time>
        <extensions>
          <gpxtpx:TrackPointExtension>
            <gpxtpx:hr>100</gpxtpx:hr>
          </gpxtpx:TrackPointExtension>
        </extensions>
      </trkpt>
      <trkpt lat="22.648644949799277" lon="107.60475820093163">
        <ele>97.28636253532022</ele>
        <time>2023-10-20T01:22:41Z</time>
        <extensions>
          <gpxtpx:TrackPointExtension>
            <gpxtpx:hr>100</gpxtpx:hr>
          </gpxtpx:TrackPointExtension>
        </extensions>
      </trkpt>
      <trkpt lat="22.64863326792116" lon="107.60476811925253">
        <ele>97.2507243193686</ele>
        <time>2023-10-20T01:22:42Z</time>
        <extensions>
          <gpxtpx:TrackPointExtension>
            <gpxtpx:hr>100</gpxtpx:hr>
          </gpxtpx:TrackPointExtension>
        </extensions>
      </trkpt>
      <trkpt lat="22.648622739049813" lon="107.60477734929661">
        <ele>97.21562214381993</ele>
        <time>2023-10-20T01:22:43Z</time>
        <extensions>
          <gpxtpx:TrackPointExtension>
            <gpxtpx:hr>100</gpxtpx:hr>
          </gpxtpx:TrackPointExtension>
        </extensions>
      </trkpt>
      <trkpt lat="22.64861319426644" lon="107.6047862785027">
        <ele>97.1813183426857</ele>
        <time>2023-10-20T01:22:44Z</time>
        <extensions>
          <gpxtpx:TrackPointExtension>
            <gpxtpx:hr>100</gpxtpx:hr>
          </gpxtpx:TrackPointExtension>
        </extensions>
      </trkpt>
      <trkpt lat="22.648604701933447" lon="107.6047950030016">
        <ele>97.14789094496518</ele>
        <time>2023-10-20T01:22:45Z</time>
        <extensions>
          <gpxtpx:TrackPointExtension>
            <gpxtpx:hr>99</gpxtpx:hr>
          </gpxtpx:TrackPointExtension>
        </extensions>
      </trkpt>
      <trkpt lat="22.648597786055735" lon="107.6048030304678">
        <ele>97.11536049749702</ele>
        <time>2023-10-20T01:22:46Z</time>
        <extensions>
          <gpxtpx:TrackPointExtension>
            <gpxtpx:hr>99</gpxtpx:hr>
          </gpxtpx:TrackPointExtension>
        </extensions>
      </trkpt>
      <trkpt lat="22.648592729547794" lon="107.60480994458825">
        <ele>97.08385992236435</ele>
        <time>2023-10-20T01:22:47Z</time>
        <extensions>
          <gpxtpx:TrackPointExtension>
            <gpxtpx:hr>99</gpxtpx:hr>
          </gpxtpx:TrackPointExtension>
        </extensions>
      </trkpt>
      <trkpt lat="22.648589293476032" lon="107.60481555514325">
        <ele>97.05668172240257</ele>
        <time>2023-10-20T01:22:48Z</time>
        <extensions>
          <gpxtpx:TrackPointExtension>
            <gpxtpx:hr>99</gpxtpx:hr>
          </gpxtpx:TrackPointExtension>
        </extensions>
      </trkpt>
      <trkpt lat="22.64858750751219" lon="107.60481946202327">
        <ele>97.03322456404567</ele>
        <time>2023-10-20T01:22:49Z</time>
        <extensions>
          <gpxtpx:TrackPointExtension>
            <gpxtpx:hr>99</gpxtpx:hr>
          </gpxtpx:TrackPointExtension>
        </extensions>
      </trkpt>
      <trkpt lat="22.648586763637596" lon="107.6048221266695">
        <ele>97.01229555811733</ele>
        <time>2023-10-20T01:22:50Z</time>
        <extensions>
          <gpxtpx:TrackPointExtension>
            <gpxtpx:hr>100</gpxtpx:hr>
          </gpxtpx:TrackPointExtension>
        </extensions>
      </trkpt>
      <trkpt lat="22.648586360867867" lon="107.6048240890587">
        <ele>96.9943404905498</ele>
        <time>2023-10-20T01:22:51Z</time>
        <extensions>
          <gpxtpx:TrackPointExtension>
            <gpxtpx:hr>100</gpxtpx:hr>
          </gpxtpx:TrackPointExtension>
        </extensions>
      </trkpt>
      <trkpt lat="22.648585820708455" lon="107.60482565542166">
        <ele>96.98309390153736</ele>
        <time>2023-10-20T01:22:52Z</time>
        <extensions>
          <gpxtpx:TrackPointExtension>
            <gpxtpx:hr>100</gpxtpx:hr>
          </gpxtpx:TrackPointExtension>
        </extensions>
      </trkpt>
      <trkpt lat="22.648584751304682" lon="107.60482724932184">
        <ele>96.96969084721059</ele>
        <time>2023-10-20T01:22:53Z</time>
        <extensions>
          <gpxtpx:TrackPointExtension>
            <gpxtpx:hr>100</gpxtpx:hr>
          </gpxtpx:TrackPointExtension>
        </extensions>
      </trkpt>
      <trkpt lat="22.64858286990219" lon="107.60482919019623">
        <ele>96.95402909442782</ele>
        <time>2023-10-20T01:22:54Z</time>
        <extensions>
          <gpxtpx:TrackPointExtension>
            <gpxtpx:hr>100</gpxtpx:hr>
          </gpxtpx:TrackPointExtension>
        </extensions>
      </trkpt>
      <trkpt lat="22.648579877312315" lon="107.60483177618073">
        <ele>96.93601929023862</ele>
        <time>2023-10-20T01:22:55Z</time>
        <extensions>
          <gpxtpx:TrackPointExtension>
            <gpxtpx:hr>104</gpxtpx:hr>
          </gpxtpx:TrackPointExtension>
        </extensions>
      </trkpt>
      <trkpt lat="22.648575488431632" lon="107.60483532615751">
        <ele>96.91833351552486</ele>
        <time>2023-10-20T01:22:56Z</time>
        <extensions>
          <gpxtpx:TrackPointExtension>
            <gpxtpx:hr>104</gpxtpx:hr>
          </gpxtpx:TrackPointExtension>
        </extensions>
      </trkpt>
      <trkpt lat="22.64856953298574" lon="107.60484000091193">
        <ele>96.90017529018223</ele>
        <time>2023-10-20T01:22:57Z</time>
        <extensions>
          <gpxtpx:TrackPointExtension>
            <gpxtpx:hr>104</gpxtpx:hr>
          </gpxtpx:TrackPointExtension>
        </extensions>
      </trkpt>
      <trkpt lat="22.648562274195974" lon="107.60484559391102">
        <ele>96.88148595951498</ele>
        <time>2023-10-20T01:22:58Z</time>
        <extensions>
          <gpxtpx:TrackPointExtension>
            <gpxtpx:hr>104</gpxtpx:hr>
          </gpxtpx:TrackPointExtension>
        </extensions>
      </trkpt>
      <trkpt lat="22.648555149729525" lon="107.60485082880719">
        <ele>96.86182563193142</ele>
        <time>2023-10-20T01:22:59Z</time>
        <extensions>
          <gpxtpx:TrackPointExtension>
            <gpxtpx:hr>104</gpxtpx:hr>
          </gpxtpx:TrackPointExtension>
        </extensions>
      </trkpt>
      <trkpt lat="22.648549406329035" lon="107.60485450294995">
        <ele>96.84084023162723</ele>
        <time>2023-10-20T01:23:00Z</time>
        <extensions>
          <gpxtpx:TrackPointExtension>
            <gpxtpx:hr>104</gpxtpx:hr>
          </gpxtpx:TrackPointExtension>
        </extensions>
      </trkpt>
      <trkpt lat="22.648544834553103" lon="107.60485671784689">
        <ele>96.81834611110389</ele>
        <time>2023-10-20T01:23:01Z</time>
        <extensions>
          <gpxtpx:TrackPointExtension>
            <gpxtpx:hr>105</gpxtpx:hr>
          </gpxtpx:TrackPointExtension>
        </extensions>
      </trkpt>
      <trkpt lat="22.64854084054665" lon="107.60485801505018">
        <ele>96.794333063066</ele>
        <time>2023-10-20T01:23:02Z</time>
        <extensions>
          <gpxtpx:TrackPointExtension>
            <gpxtpx:hr>105</gpxtpx:hr>
          </gpxtpx:TrackPointExtension>
        </extensions>
      </trkpt>
      <trkpt lat="22.648537500168374" lon="107.6048587035146">
        <ele>96.76903506089002</ele>
        <time>2023-10-20T01:23:03Z</time>
        <extensions>
          <gpxtpx:TrackPointExtension>
            <gpxtpx:hr>105</gpxtpx:hr>
          </gpxtpx:TrackPointExtension>
        </extensions>
      </trkpt>
      <trkpt lat="22.648535236939157" lon="107.60485910150454">
        <ele>96.74295485205948</ele>
        <time>2023-10-20T01:23:04Z</time>
        <extensions>
          <gpxtpx:TrackPointExtension>
            <gpxtpx:hr>105</gpxtpx:hr>
          </gpxtpx:TrackPointExtension>
        </extensions>
      </trkpt>
      <trkpt lat="22.648534158709094" lon="107.60485966832024">
        <ele>96.71676391549408</ele>
        <time>2023-10-20T01:23:05Z</time>
        <extensions>
          <gpxtpx:TrackPointExtension>
            <gpxtpx:hr>105</gpxtpx:hr>
          </gpxtpx:TrackPointExtension>
        </extensions>
      </trkpt>
      <trkpt lat="22.64853426611716" lon="107.60486020557143">
        <ele>96.6838572062552</ele>
        <time>2023-10-20T01:23:06Z</time>
        <extensions>
          <gpxtpx:TrackPointExtension>
            <gpxtpx:hr>107</gpxtpx:hr>
          </gpxtpx:TrackPointExtension>
        </extensions>
      </trkpt>
      <trkpt lat="22.64853494061151" lon="107.60486062028026">
        <ele>96.65246968436986</ele>
        <time>2023-10-20T01:23:07Z</time>
        <extensions>
          <gpxtpx:TrackPointExtension>
            <gpxtpx:hr>107</gpxtpx:hr>
          </gpxtpx:TrackPointExtension>
        </extensions>
      </trkpt>
      <trkpt lat="22.648535723409896" lon="107.60486074382482">
        <ele>96.62089675106108</ele>
        <time>2023-10-20T01:23:08Z</time>
        <extensions>
          <gpxtpx:TrackPointExtension>
            <gpxtpx:hr>107</gpxtpx:hr>
          </gpxtpx:TrackPointExtension>
        </extensions>
      </trkpt>
      <trkpt lat="22.64853651730277" lon="107.60486063322836">
        <ele>96.58952772710472</ele>
        <time>2023-10-20T01:23:09Z</time>
        <extensions>
          <gpxtpx:TrackPointExtension>
            <gpxtpx:hr>107</gpxtpx:hr>
          </gpxtpx:TrackPointExtension>
        </extensions>
      </trkpt>
      <trkpt lat="22.64853741208198" lon="107.6048601619732">
        <ele>96.56165778823197</ele>
        <time>2023-10-20T01:23:10Z</time>
        <extensions>
          <gpxtpx:TrackPointExtension>
            <gpxtpx:hr>105</gpxtpx:hr>
          </gpxtpx:TrackPointExtension>
        </extensions>
      </trkpt>
      <trkpt lat="22.64853833409109" lon="107.60485921571015">
        <ele>96.53366185165942</ele>
        <time>2023-10-20T01:23:11Z</time>
        <extensions>
          <gpxtpx:TrackPointExtension>
            <gpxtpx:hr>105</gpxtpx:hr>
          </gpxtpx:TrackPointExtension>
        </extensions>
      </trkpt>
      <trkpt lat="22.64853954402939" lon="107.6048572027022">
        <ele>96.50639323890209</ele>
        <time>2023-10-20T01:23:12Z</time>
        <extensions>
          <gpxtpx:TrackPointExtension>
            <gpxtpx:hr>105</gpxtpx:hr>
          </gpxtpx:TrackPointExtension>
        </extensions>
      </trkpt>
      <trkpt lat="22.648541134382018" lon="107.60485356852546">
        <ele>96.4855112656951</ele>
        <time>2023-10-20T01:23:13Z</time>
        <extensions>
          <gpxtpx:TrackPointExtension>
            <gpxtpx:hr>106</gpxtpx:hr>
          </gpxtpx:TrackPointExtension>
        </extensions>
      </trkpt>
      <trkpt lat="22.648542956878764" lon="107.60484799507564">
        <ele>96.46720369625837</ele>
        <time>2023-10-20T01:23:14Z</time>
        <extensions>
          <gpxtpx:TrackPointExtension>
            <gpxtpx:hr>106</gpxtpx:hr>
          </gpxtpx:TrackPointExtension>
        </extensions>
      </trkpt>
      <trkpt lat="22.648544528098835" lon="107.60484019900912">
        <ele>96.44473567418754</ele>
        <time>2023-10-20T01:23:15Z</time>
        <extensions>
          <gpxtpx:TrackPointExtension>
            <gpxtpx:hr>106</gpxtpx:hr>
          </gpxtpx:TrackPointExtension>
        </extensions>
      </trkpt>
      <trkpt lat="22.64854495477946" lon="107.60483003373577">
        <ele>96.4250018177554</ele>
        <time>2023-10-20T01:23:16Z</time>
        <extensions>
          <gpxtpx:TrackPointExtension>
            <gpxtpx:hr>106</gpxtpx:hr>
          </gpxtpx:TrackPointExtension>
        </extensions>
      </trkpt>
      <trkpt lat="22.64854304865016" lon="107.60481796860306">
        <ele>96.40746117103845</ele>
        <time>2023-10-20T01:23:17Z</time>
        <extensions>
          <gpxtpx:TrackPointExtension>
            <gpxtpx:hr>106</gpxtpx:hr>
          </gpxtpx:TrackPointExtension>
        </extensions>
      </trkpt>
      <trkpt lat="22.648538124605267" lon="107.60480533081866">
        <ele>96.3951866608113</ele>
        <time>2023-10-20T01:23:18Z</time>
        <extensions>
          <gpxtpx:TrackPointExtension>
            <gpxtpx:hr>106</gpxtpx:hr>
          </gpxtpx:TrackPointExtension>
        </extensions>
      </trkpt>
      <trkpt lat="22.64853024515433" lon="107.60479393895643">
        <ele>96.38077117688954</ele>
        <time>2023-10-20T01:23:19Z</time>
        <extensions>
          <gpxtpx:TrackPointExtension>
            <gpxtpx:hr>103</gpxtpx:hr>
          </gpxtpx:TrackPointExtension>
        </extensions>
      </trkpt>
      <trkpt lat="22.648520189427757" lon="107.60478543707389">
        <ele>96.36848659347743</ele>
        <time>2023-10-20T01:23:20Z</time>
        <extensions>
          <gpxtpx:TrackPointExtension>
            <gpxtpx:hr>103</gpxtpx:hr>
          </gpxtpx:TrackPointExtension>
        </extensions>
      </trkpt>
      <trkpt lat="22.648509787361668" lon="107.60478014779241">
        <ele>96.35324870795012</ele>
        <time>2023-10-20T01:23:21Z</time>
        <extensions>
          <gpxtpx:TrackPointExtension>
            <gpxtpx:hr>103</gpxtpx:hr>
          </gpxtpx:TrackPointExtension>
        </extensions>
      </trkpt>
      <trkpt lat="22.648500621613945" lon="107.60477762970788">
        <ele>96.33932490926236</ele>
        <time>2023-10-20T01:23:22Z</time>
        <extensions>
          <gpxtpx:TrackPointExtension>
            <gpxtpx:hr>103</gpxtpx:hr>
          </gpxtpx:TrackPointExtension>
        </extensions>
      </trkpt>
      <trkpt lat="22.648493471086205" lon="107.60477726073448">
        <ele>96.31957863271236</ele>
        <time>2023-10-20T01:23:23Z</time>
        <extensions>
          <gpxtpx:TrackPointExtension>
            <gpxtpx:hr>103</gpxtpx:hr>
          </gpxtpx:TrackPointExtension>
        </extensions>
      </trkpt>
      <trkpt lat="22.648488773811984" lon="107.60477781887639">
        <ele>96.30300582479686</ele>
        <time>2023-10-20T01:23:24Z</time>
        <extensions>
          <gpxtpx:TrackPointExtension>
            <gpxtpx:hr>102</gpxtpx:hr>
          </gpxtpx:TrackPointExtension>
        </extensions>
      </trkpt>
      <trkpt lat="22.64848662773533" lon="107.60477830862524">
        <ele>96.28343342244625</ele>
        <time>2023-10-20T01:23:25Z</time>
        <extensions>
          <gpxtpx:TrackPointExtension>
            <gpxtpx:hr>102</gpxtpx:hr>
          </gpxtpx:TrackPointExtension>
        </extensions>
      </trkpt>
      <trkpt lat="22.648486946916826" lon="107.6047781144621">
        <ele>96.26564102433622</ele>
        <time>2023-10-20T01:23:26Z</time>
        <extensions>
          <gpxtpx:TrackPointExtension>
            <gpxtpx:hr>102</gpxtpx:hr>
          </gpxtpx:TrackPointExtension>
        </extensions>
      </trkpt>
      <trkpt lat="22.64848898543005" lon="107.60477723558056">
        <ele>96.24847408663481</ele>
        <time>2023-10-20T01:23:27Z</time>
        <extensions>
          <gpxtpx:TrackPointExtension>
            <gpxtpx:hr>102</gpxtpx:hr>
          </gpxtpx:TrackPointExtension>
        </extensions>
      </trkpt>
      <trkpt lat="22.64849164432456" lon="107.60477589422591">
        <ele>96.23554752022028</ele>
        <time>2023-10-20T01:23:28Z</time>
        <extensions>
          <gpxtpx:TrackPointExtension>
            <gpxtpx:hr>104</gpxtpx:hr>
          </gpxtpx:TrackPointExtension>
        </extensions>
      </trkpt>
      <trkpt lat="22.64849453596648" lon="107.60477387300365">
        <ele>96.22796877007931</ele>
        <time>2023-10-20T01:23:29Z</time>
        <extensions>
          <gpxtpx:TrackPointExtension>
            <gpxtpx:hr>104</gpxtpx:hr>
          </gpxtpx:TrackPointExtension>
        </extensions>
      </trkpt>
      <trkpt lat="22.64849803401129" lon="107.60477090105083">
        <ele>96.22940364666283</ele>
        <time>2023-10-20T01:23:30Z</time>
        <extensions>
          <gpxtpx:TrackPointExtension>
            <gpxtpx:hr>104</gpxtpx:hr>
          </gpxtpx:TrackPointExtension>
        </extensions>
      </trkpt>
      <trkpt lat="22.648502710829856" lon="107.6047666094231">
        <ele>96.23806432168931</ele>
        <time>2023-10-20T01:23:31Z</time>
        <extensions>
          <gpxtpx:TrackPointExtension>
            <gpxtpx:hr>104</gpxtpx:hr>
          </gpxtpx:TrackPointExtension>
        </extensions>
      </trkpt>
      <trkpt lat="22.64850870935645" lon="107.60476085556262">
        <ele>96.24905087798834</ele>
        <time>2023-10-20T01:23:32Z</time>
        <extensions>
          <gpxtpx:TrackPointExtension>
            <gpxtpx:hr>104</gpxtpx:hr>
          </gpxtpx:TrackPointExtension>
        </extensions>
      </trkpt>
      <trkpt lat="22.648515884463993" lon="107.60475330992037">
        <ele>96.26617593318224</ele>
        <time>2023-10-20T01:23:33Z</time>
        <extensions>
          <gpxtpx:TrackPointExtension>
            <gpxtpx:hr>104</gpxtpx:hr>
          </gpxtpx:TrackPointExtension>
        </extensions>
      </trkpt>
      <trkpt lat="22.648523663281843" lon="107.60474405341385">
        <ele>96.28987446893007</ele>
        <time>2023-10-20T01:23:34Z</time>
        <extensions>
          <gpxtpx:TrackPointExtension>
            <gpxtpx:hr>98</gpxtpx:hr>
          </gpxtpx:TrackPointExtension>
        </extensions>
      </trkpt>
      <trkpt lat="22.64853128954826" lon="107.60473364372072">
        <ele>96.31943764910102</ele>
        <time>2023-10-20T01:23:35Z</time>
        <extensions>
          <gpxtpx:TrackPointExtension>
            <gpxtpx:hr>98</gpxtpx:hr>
          </gpxtpx:TrackPointExtension>
        </extensions>
      </trkpt>
      <trkpt lat="22.64853789894242" lon="107.60472331720291">
        <ele>96.34897339716554</ele>
        <time>2023-10-20T01:23:36Z</time>
        <extensions>
          <gpxtpx:TrackPointExtension>
            <gpxtpx:hr>98</gpxtpx:hr>
          </gpxtpx:TrackPointExtension>
        </extensions>
      </trkpt>
      <trkpt lat="22.648542711588068" lon="107.60471484123316">
        <ele>96.38674629759043</ele>
        <time>2023-10-20T01:23:37Z</time>
        <extensions>
          <gpxtpx:TrackPointExtension>
            <gpxtpx:hr>98</gpxtpx:hr>
          </gpxtpx:TrackPointExtension>
        </extensions>
      </trkpt>
      <trkpt lat="22.648545241537665" lon="107.60470969151271">
        <ele>96.4257186325267</ele>
        <time>2023-10-20T01:23:38Z</time>
        <extensions>
          <gpxtpx:TrackPointExtension>
            <gpxtpx:hr>98</gpxtpx:hr>
          </gpxtpx:TrackPointExtension>
        </extensions>
      </trkpt>
      <trkpt lat="22.648545278610392" lon="107.60470828338933">
        <ele>96.46725492924452</ele>
        <time>2023-10-20T01:23:39Z</time>
        <extensions>
          <gpxtpx:TrackPointExtension>
            <gpxtpx:hr>98</gpxtpx:hr>
          </gpxtpx:TrackPointExtension>
        </extensions>
      </trkpt>
      <trkpt lat="22.648543091938443" lon="107.60470960112987">
        <ele>96.50774306152016</ele>
        <time>2023-10-20T01:23:40Z</time>
        <extensions>
          <gpxtpx:TrackPointExtension>
            <gpxtpx:hr>98</gpxtpx:hr>
          </gpxtpx:TrackPointExtension>
        </extensions>
      </trkpt>
      <trkpt lat="22.648539497132532" lon="107.60471217945583">
        <ele>96.55480514932424</ele>
        <time>2023-10-20T01:23:41Z</time>
        <extensions>
          <gpxtpx:TrackPointExtension>
            <gpxtpx:hr>88</gpxtpx:hr>
          </gpxtpx:TrackPointExtension>
        </extensions>
      </trkpt>
      <trkpt lat="22.648534973347424" lon="107.60471492340652">
        <ele>96.59817449748516</ele>
        <time>2023-10-20T01:23:42Z</time>
        <extensions>
          <gpxtpx:TrackPointExtension>
            <gpxtpx:hr>88</gpxtpx:hr>
          </gpxtpx:TrackPointExtension>
        </extensions>
      </trkpt>
      <trkpt lat="22.648531280289415" lon="107.60471607036722">
        <ele>96.637719607912</ele>
        <time>2023-10-20T01:23:43Z</time>
        <extensions>
          <gpxtpx:TrackPointExtension>
            <gpxtpx:hr>88</gpxtpx:hr>
          </gpxtpx:TrackPointExtension>
        </extensions>
      </trkpt>
      <trkpt lat="22.64852974175454" lon="107.60471433754384">
        <ele>96.67862537875772</ele>
        <time>2023-10-20T01:23:44Z</time>
        <extensions>
          <gpxtpx:TrackPointExtension>
            <gpxtpx:hr>88</gpxtpx:hr>
          </gpxtpx:TrackPointExtension>
        </extensions>
      </trkpt>
      <trkpt lat="22.648530034779004" lon="107.60471014279501">
        <ele>96.71308620274067</ele>
        <time>2023-10-20T01:23:45Z</time>
        <extensions>
          <gpxtpx:TrackPointExtension>
            <gpxtpx:hr>88</gpxtpx:hr>
          </gpxtpx:TrackPointExtension>
        </extensions>
      </trkpt>
      <trkpt lat="22.648531835196163" lon="107.60470394247284">
        <ele>96.74791558645666</ele>
        <time>2023-10-20T01:23:46Z</time>
        <extensions>
          <gpxtpx:TrackPointExtension>
            <gpxtpx:hr>88</gpxtpx:hr>
          </gpxtpx:TrackPointExtension>
        </extensions>
      </trkpt>
      <trkpt lat="22.64853452346772" lon="107.60469633185421">
        <ele>96.77612006664276</ele>
        <time>2023-10-20T01:23:47Z</time>
        <extensions>
          <gpxtpx:TrackPointExtension>
            <gpxtpx:hr>88</gpxtpx:hr>
          </gpxtpx:TrackPointExtension>
        </extensions>
      </trkpt>
      <trkpt lat="22.648537134749834" lon="107.60468796202271">
        <ele>96.8001338718459</ele>
        <time>2023-10-20T01:23:48Z</time>
        <extensions>
          <gpxtpx:TrackPointExtension>
            <gpxtpx:hr>88</gpxtpx:hr>
          </gpxtpx:TrackPointExtension>
        </extensions>
      </trkpt>
      <trkpt lat="22.64853837301583" lon="107.60467967670624">
        <ele>96.82265377510339</ele>
        <time>2023-10-20T01:23:49Z</time>
        <extensions>
          <gpxtpx:TrackPointExtension>
            <gpxtpx:hr>88</gpxtpx:hr>
          </gpxtpx:TrackPointExtension>
        </extensions>
      </trkpt>
      <trkpt lat="22.648536976780527" lon="107.60467285273222">
        <ele>96.84300304483622</ele>
        <time>2023-10-20T01:23:50Z</time>
        <extensions>
          <gpxtpx:TrackPointExtension>
            <gpxtpx:hr>98</gpxtpx:hr>
          </gpxtpx:TrackPointExtension>
        </extensions>
      </trkpt>
      <trkpt lat="22.648532323608883" lon="107.60466841598974">
        <ele>96.85888995975256</ele>
        <time>2023-10-20T01:23:51Z</time>
        <extensions>
          <gpxtpx:TrackPointExtension>
            <gpxtpx:hr>98</gpxtpx:hr>
          </gpxtpx:TrackPointExtension>
        </extensions>
      </trkpt>
      <trkpt lat="22.648525007065995" lon="107.60466667378678">
        <ele>96.8738974481821</ele>
        <time>2023-10-20T01:23:52Z</time>
        <extensions>
          <gpxtpx:TrackPointExtension>
            <gpxtpx:hr>98</gpxtpx:hr>
          </gpxtpx:TrackPointExtension>
        </extensions>
      </trkpt>
      <trkpt lat="22.648515818810605" lon="107.60466746872568">
        <ele>96.886952935718</ele>
        <time>2023-10-20T01:23:53Z</time>
        <extensions>
          <gpxtpx:TrackPointExtension>
            <gpxtpx:hr>98</gpxtpx:hr>
          </gpxtpx:TrackPointExtension>
        </extensions>
      </trkpt>
      <trkpt lat="22.648505613336386" lon="107.60467007799599">
        <ele>96.89704964589328</ele>
        <time>2023-10-20T01:23:54Z</time>
        <extensions>
          <gpxtpx:TrackPointExtension>
            <gpxtpx:hr>98</gpxtpx:hr>
          </gpxtpx:TrackPointExtension>
        </extensions>
      </trkpt>
      <trkpt lat="22.648495634813695" lon="107.60467402981774">
        <ele>96.90284457989037</ele>
        <time>2023-10-20T01:23:55Z</time>
        <extensions>
          <gpxtpx:TrackPointExtension>
            <gpxtpx:hr>98</gpxtpx:hr>
          </gpxtpx:TrackPointExtension>
        </extensions>
      </trkpt>
      <trkpt lat="22.64848595496869" lon="107.60467770116031">
        <ele>96.9064768999815</ele>
        <time>2023-10-20T01:23:56Z</time>
        <extensions>
          <gpxtpx:TrackPointExtension>
            <gpxtpx:hr>97</gpxtpx:hr>
          </gpxtpx:TrackPointExtension>
        </extensions>
      </trkpt>
      <trkpt lat="22.648476449210786" lon="107.60467890345859">
        <ele>96.90806850325316</ele>
        <time>2023-10-20T01:23:57Z</time>
        <extensions>
          <gpxtpx:TrackPointExtension>
            <gpxtpx:hr>97</gpxtpx:hr>
          </gpxtpx:TrackPointExtension>
        </extensions>
      </trkpt>
      <trkpt lat="22.648468211617327" lon="107.60467679167645">
        <ele>96.9081881120801</ele>
        <time>2023-10-20T01:23:58Z</time>
        <extensions>
          <gpxtpx:TrackPointExtension>
            <gpxtpx:hr>97</gpxtpx:hr>
          </gpxtpx:TrackPointExtension>
        </extensions>
      </trkpt>
      <trkpt lat="22.64846190642573" lon="107.60467170027599">
        <ele>96.90523902513087</ele>
        <time>2023-10-20T01:23:59Z</time>
        <extensions>
          <gpxtpx:TrackPointExtension>
            <gpxtpx:hr>97</gpxtpx:hr>
          </gpxtpx:TrackPointExtension>
        </extensions>
      </trkpt>
      <trkpt lat="22.648457487722638" lon="107.6046645887887">
        <ele>96.90252514090389</ele>
        <time>2023-10-20T01:24:00Z</time>
        <extensions>
          <gpxtpx:TrackPointExtension>
            <gpxtpx:hr>97</gpxtpx:hr>
          </gpxtpx:TrackPointExtension>
        </extensions>
      </trkpt>
      <trkpt lat="22.648454739322073" lon="107.60465667347356">
        <ele>96.89965584129095</ele>
        <time>2023-10-20T01:24:01Z</time>
        <extensions>
          <gpxtpx:TrackPointExtension>
            <gpxtpx:hr>96</gpxtpx:hr>
          </gpxtpx:TrackPointExtension>
        </extensions>
      </trkpt>
      <trkpt lat="22.648453095927856" lon="107.60464865456501">
        <ele>96.89621030539274</ele>
        <time>2023-10-20T01:24:02Z</time>
        <extensions>
          <gpxtpx:TrackPointExtension>
            <gpxtpx:hr>96</gpxtpx:hr>
          </gpxtpx:TrackPointExtension>
        </extensions>
      </trkpt>
      <trkpt lat="22.648452029094745" lon="107.60464069436578">
        <ele>96.89226348791271</ele>
        <time>2023-10-20T01:24:03Z</time>
        <extensions>
          <gpxtpx:TrackPointExtension>
            <gpxtpx:hr>96</gpxtpx:hr>
          </gpxtpx:TrackPointExtension>
        </extensions>
      </trkpt>
      <trkpt lat="22.648451380073173" lon="107.60463336729647">
        <ele>96.88792563602328</ele>
        <time>2023-10-20T01:24:04Z</time>
        <extensions>
          <gpxtpx:TrackPointExtension>
            <gpxtpx:hr>96</gpxtpx:hr>
          </gpxtpx:TrackPointExtension>
        </extensions>
      </trkpt>
      <trkpt lat="22.648450899153374" lon="107.60462669616008">
        <ele>96.8796835243702</ele>
        <time>2023-10-20T01:24:05Z</time>
        <extensions>
          <gpxtpx:TrackPointExtension>
            <gpxtpx:hr>96</gpxtpx:hr>
          </gpxtpx:TrackPointExtension>
        </extensions>
      </trkpt>
      <trkpt lat="22.648450512141146" lon="107.60462063153228">
        <ele>96.87261099927127</ele>
        <time>2023-10-20T01:24:06Z</time>
        <extensions>
          <gpxtpx:TrackPointExtension>
            <gpxtpx:hr>96</gpxtpx:hr>
          </gpxtpx:TrackPointExtension>
        </extensions>
      </trkpt>
      <trkpt lat="22.648450463758838" lon="107.60461498994263">
        <ele>96.87114143185318</ele>
        <time>2023-10-20T01:24:07Z</time>
        <extensions>
          <gpxtpx:TrackPointExtension>
            <gpxtpx:hr>97</gpxtpx:hr>
          </gpxtpx:TrackPointExtension>
        </extensions>
      </trkpt>
      <trkpt lat="22.648450684663825" lon="107.60460948486357">
        <ele>96.87378308642656</ele>
        <time>2023-10-20T01:24:08Z</time>
        <extensions>
          <gpxtpx:TrackPointExtension>
            <gpxtpx:hr>97</gpxtpx:hr>
          </gpxtpx:TrackPointExtension>
        </extensions>
      </trkpt>
      <trkpt lat="22.648450946837446" lon="107.60460417930618">
        <ele>96.87874379567802</ele>
        <time>2023-10-20T01:24:09Z</time>
        <extensions>
          <gpxtpx:TrackPointExtension>
            <gpxtpx:hr>97</gpxtpx:hr>
          </gpxtpx:TrackPointExtension>
        </extensions>
      </trkpt>
      <trkpt lat="22.64845122222665" lon="107.60459970052273">
        <ele>96.88642260152847</ele>
        <time>2023-10-20T01:24:10Z</time>
        <extensions>
          <gpxtpx:TrackPointExtension>
            <gpxtpx:hr>97</gpxtpx:hr>
          </gpxtpx:TrackPointExtension>
        </extensions>
      </trkpt>
      <trkpt lat="22.648451398896576" lon="107.60459628204389">
        <ele>96.89338858425617</ele>
        <time>2023-10-20T01:24:11Z</time>
        <extensions>
          <gpxtpx:TrackPointExtension>
            <gpxtpx:hr>97</gpxtpx:hr>
          </gpxtpx:TrackPointExtension>
        </extensions>
      </trkpt>
      <trkpt lat="22.648451361842085" lon="107.60459374568073">
        <ele>96.90196980815381</ele>
        <time>2023-10-20T01:24:12Z</time>
        <extensions>
          <gpxtpx:TrackPointExtension>
            <gpxtpx:hr>97</gpxtpx:hr>
          </gpxtpx:TrackPointExtension>
        </extensions>
      </trkpt>
      <trkpt lat="22.648450997332844" lon="107.60459198765517">
        <ele>96.9121031332761</ele>
        <time>2023-10-20T01:24:13Z</time>
        <extensions>
          <gpxtpx:TrackPointExtension>
            <gpxtpx:hr>100</gpxtpx:hr>
          </gpxtpx:TrackPointExtension>
        </extensions>
      </trkpt>
      <trkpt lat="22.64845022807792" lon="107.60459113937799">
        <ele>96.92365160305053</ele>
        <time>2023-10-20T01:24:14Z</time>
        <extensions>
          <gpxtpx:TrackPointExtension>
            <gpxtpx:hr>100</gpxtpx:hr>
          </gpxtpx:TrackPointExtension>
        </extensions>
      </trkpt>
      <trkpt lat="22.648449188387314" lon="107.6045916259915">
        <ele>96.93639890570194</ele>
        <time>2023-10-20T01:24:15Z</time>
        <extensions>
          <gpxtpx:TrackPointExtension>
            <gpxtpx:hr>100</gpxtpx:hr>
          </gpxtpx:TrackPointExtension>
        </extensions>
      </trkpt>
      <trkpt lat="22.648448582645074" lon="107.6045941019634">
        <ele>96.95013345777988</ele>
        <time>2023-10-20T01:24:16Z</time>
        <extensions>
          <gpxtpx:TrackPointExtension>
            <gpxtpx:hr>100</gpxtpx:hr>
          </gpxtpx:TrackPointExtension>
        </extensions>
      </trkpt>
      <trkpt lat="22.648449019533565" lon="107.604598441566">
        <ele>96.96426407527179</ele>
        <time>2023-10-20T01:24:17Z</time>
        <extensions>
          <gpxtpx:TrackPointExtension>
            <gpxtpx:hr>100</gpxtpx:hr>
          </gpxtpx:TrackPointExtension>
        </extensions>
      </trkpt>
      <trkpt lat="22.648450357508164" lon="107.60460418288469">
        <ele>96.97816235944629</ele>
        <time>2023-10-20T01:24:18Z</time>
        <extensions>
          <gpxtpx:TrackPointExtension>
            <gpxtpx:hr>100</gpxtpx:hr>
          </gpxtpx:TrackPointExtension>
        </extensions>
      </trkpt>
      <trkpt lat="22.648452221768743" lon="107.60461087041536">
        <ele>96.9911943115294</ele>
        <time>2023-10-20T01:24:19Z</time>
        <extensions>
          <gpxtpx:TrackPointExtension>
            <gpxtpx:hr>100</gpxtpx:hr>
          </gpxtpx:TrackPointExtension>
        </extensions>
      </trkpt>
      <trkpt lat="22.64845424976339" lon="107.60461790187712">
        <ele>97.0029716109857</ele>
        <time>2023-10-20T01:24:20Z</time>
        <extensions>
          <gpxtpx:TrackPointExtension>
            <gpxtpx:hr>96</gpxtpx:hr>
          </gpxtpx:TrackPointExtension>
        </extensions>
      </trkpt>
      <trkpt lat="22.64845538873813" lon="107.6046240674455">
        <ele>97.00878580659628</ele>
        <time>2023-10-20T01:24:21Z</time>
        <extensions>
          <gpxtpx:TrackPointExtension>
            <gpxtpx:hr>96</gpxtpx:hr>
          </gpxtpx:TrackPointExtension>
        </extensions>
      </trkpt>
      <trkpt lat="22.64845597221333" lon="107.60462851254675">
        <ele>97.00964123290032</ele>
        <time>2023-10-20T01:24:22Z</time>
        <extensions>
          <gpxtpx:TrackPointExtension>
            <gpxtpx:hr>96</gpxtpx:hr>
          </gpxtpx:TrackPointExtension>
        </extensions>
      </trkpt>
      <trkpt lat="22.648456054079645" lon="107.60463165380608">
        <ele>97.00377900432795</ele>
        <time>2023-10-20T01:24:23Z</time>
        <extensions>
          <gpxtpx:TrackPointExtension>
            <gpxtpx:hr>96</gpxtpx:hr>
          </gpxtpx:TrackPointExtension>
        </extensions>
      </trkpt>
      <trkpt lat="22.64845546237282" lon="107.60463400831213">
        <ele>96.9898414267227</ele>
        <time>2023-10-20T01:24:24Z</time>
        <extensions>
          <gpxtpx:TrackPointExtension>
            <gpxtpx:hr>96</gpxtpx:hr>
          </gpxtpx:TrackPointExtension>
        </extensions>
      </trkpt>
      <trkpt lat="22.648453939996305" lon="107.60463607039165">
        <ele>96.97235584352165</ele>
        <time>2023-10-20T01:24:25Z</time>
        <extensions>
          <gpxtpx:TrackPointExtension>
            <gpxtpx:hr>96</gpxtpx:hr>
          </gpxtpx:TrackPointExtension>
        </extensions>
      </trkpt>
      <trkpt lat="22.64845124612623" lon="107.60463813965288">
        <ele>96.94647100381553</ele>
        <time>2023-10-20T01:24:26Z</time>
        <extensions>
          <gpxtpx:TrackPointExtension>
            <gpxtpx:hr>96</gpxtpx:hr>
          </gpxtpx:TrackPointExtension>
        </extensions>
      </trkpt>
      <trkpt lat="22.648446528594626" lon="107.60464068824155">
        <ele>96.91406497173011</ele>
        <time>2023-10-20T01:24:27Z</time>
        <extensions>
          <gpxtpx:TrackPointExtension>
            <gpxtpx:hr>102</gpxtpx:hr>
          </gpxtpx:TrackPointExtension>
        </extensions>
      </trkpt>
      <trkpt lat="22.64843867631773" lon="107.60464446280909">
        <ele>96.87514621391892</ele>
        <time>2023-10-20T01:24:28Z</time>
        <extensions>
          <gpxtpx:TrackPointExtension>
            <gpxtpx:hr>102</gpxtpx:hr>
          </gpxtpx:TrackPointExtension>
        </extensions>
      </trkpt>
      <trkpt lat="22.64842742826409" lon="107.60464977839656">
        <ele>96.82914077769965</ele>
        <time>2023-10-20T01:24:29Z</time>
        <extensions>
          <gpxtpx:TrackPointExtension>
            <gpxtpx:hr>102</gpxtpx:hr>
          </gpxtpx:TrackPointExtension>
        </extensions>
      </trkpt>
      <trkpt lat="22.64841283869044" lon="107.60465702143533">
        <ele>96.77500882931054</ele>
        <time>2023-10-20T01:24:30Z</time>
        <extensions>
          <gpxtpx:TrackPointExtension>
            <gpxtpx:hr>102</gpxtpx:hr>
          </gpxtpx:TrackPointExtension>
        </extensions>
      </trkpt>
      <trkpt lat="22.648395924544403" lon="107.60466658425467">
        <ele>96.71809815056622</ele>
        <time>2023-10-20T01:24:31Z</time>
        <extensions>
          <gpxtpx:TrackPointExtension>
            <gpxtpx:hr>102</gpxtpx:hr>
          </gpxtpx:TrackPointExtension>
        </extensions>
      </trkpt>
      <trkpt lat="22.648378761304812" lon="107.60467832270376">
        <ele>96.655577567406</ele>
        <time>2023-10-20T01:24:33Z</time>
        <extensions>
          <gpxtpx:TrackPointExtension>
            <gpxtpx:hr>102</gpxtpx:hr>
          </gpxtpx:TrackPointExtension>
        </extensions>
      </trkpt>
      <trkpt lat="22.64836290607408" lon="107.60469122759561">
        <ele>96.5904780793935</ele>
        <time>2023-10-20T01:24:34Z</time>
        <extensions>
          <gpxtpx:TrackPointExtension>
            <gpxtpx:hr>102</gpxtpx:hr>
          </gpxtpx:TrackPointExtension>
        </extensions>
      </trkpt>
      <trkpt lat="22.648349313011174" lon="107.60470326939767">
        <ele>96.52657153550535</ele>
        <time>2023-10-20T01:24:35Z</time>
        <extensions>
          <gpxtpx:TrackPointExtension>
            <gpxtpx:hr>102</gpxtpx:hr>
          </gpxtpx:TrackPointExtension>
        </extensions>
      </trkpt>
      <trkpt lat="22.64833899849787" lon="107.6047125292674">
        <ele>96.465382383205</ele>
        <time>2023-10-20T01:24:36Z</time>
        <extensions>
          <gpxtpx:TrackPointExtension>
            <gpxtpx:hr>102</gpxtpx:hr>
          </gpxtpx:TrackPointExtension>
        </extensions>
      </trkpt>
      <trkpt lat="22.648332744135615" lon="107.60471872412955">
        <ele>96.4042817382142</ele>
        <time>2023-10-20T01:24:37Z</time>
        <extensions>
          <gpxtpx:TrackPointExtension>
            <gpxtpx:hr>104</gpxtpx:hr>
          </gpxtpx:TrackPointExtension>
        </extensions>
      </trkpt>
      <trkpt lat="22.648330860069343" lon="107.60472259728384">
        <ele>96.34010079037398</ele>
        <time>2023-10-20T01:24:38Z</time>
        <extensions>
          <gpxtpx:TrackPointExtension>
            <gpxtpx:hr>104</gpxtpx:hr>
          </gpxtpx:TrackPointExtension>
        </extensions>
      </trkpt>
      <trkpt lat="22.648332855789473" lon="107.60472526890206">
        <ele>96.27783686388284</ele>
        <time>2023-10-20T01:24:39Z</time>
        <extensions>
          <gpxtpx:TrackPointExtension>
            <gpxtpx:hr>104</gpxtpx:hr>
          </gpxtpx:TrackPointExtension>
        </extensions>
      </trkpt>
      <trkpt lat="22.648337813794488" lon="107.60472806007706">
        <ele>96.21869737282395</ele>
        <time>2023-10-20T01:24:40Z</time>
        <extensions>
          <gpxtpx:TrackPointExtension>
            <gpxtpx:hr>104</gpxtpx:hr>
          </gpxtpx:TrackPointExtension>
        </extensions>
      </trkpt>
      <trkpt lat="22.648344465768837" lon="107.60473237272096">
        <ele>96.1673684399575</ele>
        <time>2023-10-20T01:24:41Z</time>
        <extensions>
          <gpxtpx:TrackPointExtension>
            <gpxtpx:hr>104</gpxtpx:hr>
          </gpxtpx:TrackPointExtension>
        </extensions>
      </trkpt>
      <trkpt lat="22.648351475704242" lon="107.6047392821881">
        <ele>96.12191591598094</ele>
        <time>2023-10-20T01:24:42Z</time>
        <extensions>
          <gpxtpx:TrackPointExtension>
            <gpxtpx:hr>101</gpxtpx:hr>
          </gpxtpx:TrackPointExtension>
        </extensions>
      </trkpt>
      <trkpt lat="22.648358100904606" lon="107.60474939323569">
        <ele>96.08147115726024</ele>
        <time>2023-10-20T01:24:43Z</time>
        <extensions>
          <gpxtpx:TrackPointExtension>
            <gpxtpx:hr>101</gpxtpx:hr>
          </gpxtpx:TrackPointExtension>
        </extensions>
      </trkpt>
      <trkpt lat="22.648364320767133" lon="107.6047631351841">
        <ele>96.04651978239417</ele>
        <time>2023-10-20T01:24:44Z</time>
        <extensions>
          <gpxtpx:TrackPointExtension>
            <gpxtpx:hr>101</gpxtpx:hr>
          </gpxtpx:TrackPointExtension>
        </extensions>
      </trkpt>
      <trkpt lat="22.648370027669003" lon="107.60477959384878">
        <ele>96.02448720205575</ele>
        <time>2023-10-20T01:24:45Z</time>
        <extensions>
          <gpxtpx:TrackPointExtension>
            <gpxtpx:hr>101</gpxtpx:hr>
          </gpxtpx:TrackPointExtension>
        </extensions>
      </trkpt>
      <trkpt lat="22.64837461795707" lon="107.60479631738048">
        <ele>96.00429704599082</ele>
        <time>2023-10-20T01:24:46Z</time>
        <extensions>
          <gpxtpx:TrackPointExtension>
            <gpxtpx:hr>96</gpxtpx:hr>
          </gpxtpx:TrackPointExtension>
        </extensions>
      </trkpt>
      <trkpt lat="22.648377593001445" lon="107.60481076570706">
        <ele>95.99359882809222</ele>
        <time>2023-10-20T01:24:47Z</time>
        <extensions>
          <gpxtpx:TrackPointExtension>
            <gpxtpx:hr>96</gpxtpx:hr>
          </gpxtpx:TrackPointExtension>
        </extensions>
      </trkpt>
      <trkpt lat="22.648378678751623" lon="107.60482162679666">
        <ele>95.98664945177734</ele>
        <time>2023-10-20T01:24:48Z</time>
        <extensions>
          <gpxtpx:TrackPointExtension>
            <gpxtpx:hr>96</gpxtpx:hr>
          </gpxtpx:TrackPointExtension>
        </extensions>
      </trkpt>
      <trkpt lat="22.64837786947988" lon="107.60482905189178">
        <ele>95.98621013574302</ele>
        <time>2023-10-20T01:24:49Z</time>
        <extensions>
          <gpxtpx:TrackPointExtension>
            <gpxtpx:hr>96</gpxtpx:hr>
          </gpxtpx:TrackPointExtension>
        </extensions>
      </trkpt>
      <trkpt lat="22.64837528968152" lon="107.60483341614469">
        <ele>95.98372610006481</ele>
        <time>2023-10-20T01:24:50Z</time>
        <extensions>
          <gpxtpx:TrackPointExtension>
            <gpxtpx:hr>96</gpxtpx:hr>
          </gpxtpx:TrackPointExtension>
        </extensions>
      </trkpt>
      <trkpt lat="22.64837093982422" lon="107.60483549606658">
        <ele>95.98841404635459</ele>
        <time>2023-10-20T01:24:51Z</time>
        <extensions>
          <gpxtpx:TrackPointExtension>
            <gpxtpx:hr>96</gpxtpx:hr>
          </gpxtpx:TrackPointExtension>
        </extensions>
      </trkpt>
      <trkpt lat="22.64836488226944" lon="107.6048364289394">
        <ele>96.00148181803524</ele>
        <time>2023-10-20T01:24:52Z</time>
        <extensions>
          <gpxtpx:TrackPointExtension>
            <gpxtpx:hr>95</gpxtpx:hr>
          </gpxtpx:TrackPointExtension>
        </extensions>
      </trkpt>
      <trkpt lat="22.648357114649034" lon="107.60483705509901">
        <ele>96.01252090930939</ele>
        <time>2023-10-20T01:24:53Z</time>
        <extensions>
          <gpxtpx:TrackPointExtension>
            <gpxtpx:hr>95</gpxtpx:hr>
          </gpxtpx:TrackPointExtension>
        </extensions>
      </trkpt>
      <trkpt lat="22.64834715246801" lon="107.60483787756222">
        <ele>96.02419858798385</ele>
        <time>2023-10-20T01:24:54Z</time>
        <extensions>
          <gpxtpx:TrackPointExtension>
            <gpxtpx:hr>95</gpxtpx:hr>
          </gpxtpx:TrackPointExtension>
        </extensions>
      </trkpt>
      <trkpt lat="22.64833497311434" lon="107.60483894435502">
        <ele>96.03679974749684</ele>
        <time>2023-10-20T01:24:55Z</time>
        <extensions>
          <gpxtpx:TrackPointExtension>
            <gpxtpx:hr>95</gpxtpx:hr>
          </gpxtpx:TrackPointExtension>
        </extensions>
      </trkpt>
      <trkpt lat="22.648321428100026" lon="107.60484004168782">
        <ele>96.05088713392615</ele>
        <time>2023-10-20T01:24:56Z</time>
        <extensions>
          <gpxtpx:TrackPointExtension>
            <gpxtpx:hr>95</gpxtpx:hr>
          </gpxtpx:TrackPointExtension>
        </extensions>
      </trkpt>
      <trkpt lat="22.64830703282661" lon="107.60484064037989">
        <ele>96.06054930947721</ele>
        <time>2023-10-20T01:24:57Z</time>
        <extensions>
          <gpxtpx:TrackPointExtension>
            <gpxtpx:hr>100</gpxtpx:hr>
          </gpxtpx:TrackPointExtension>
        </extensions>
      </trkpt>
      <trkpt lat="22.64829153353028" lon="107.6048406487702">
        <ele>96.0669420864433</ele>
        <time>2023-10-20T01:24:58Z</time>
        <extensions>
          <gpxtpx:TrackPointExtension>
            <gpxtpx:hr>100</gpxtpx:hr>
          </gpxtpx:TrackPointExtension>
        </extensions>
      </trkpt>
      <trkpt lat="22.648274725699892" lon="107.60484055007333">
        <ele>96.07302158977836</ele>
        <time>2023-10-20T01:24:59Z</time>
        <extensions>
          <gpxtpx:TrackPointExtension>
            <gpxtpx:hr>100</gpxtpx:hr>
          </gpxtpx:TrackPointExtension>
        </extensions>
      </trkpt>
      <trkpt lat="22.648256903333678" lon="107.6048405753373">
        <ele>96.07858846895397</ele>
        <time>2023-10-20T01:25:00Z</time>
        <extensions>
          <gpxtpx:TrackPointExtension>
            <gpxtpx:hr>100</gpxtpx:hr>
          </gpxtpx:TrackPointExtension>
        </extensions>
      </trkpt>
      <trkpt lat="22.6482380748204" lon="107.60484074606764">
        <ele>96.08517154213041</ele>
        <time>2023-10-20T01:25:01Z</time>
        <extensions>
          <gpxtpx:TrackPointExtension>
            <gpxtpx:hr>101</gpxtpx:hr>
          </gpxtpx:TrackPointExtension>
        </extensions>
      </trkpt>
      <trkpt lat="22.648218312610798" lon="107.60484097122352">
        <ele>96.08532380405813</ele>
        <time>2023-10-20T01:25:02Z</time>
        <extensions>
          <gpxtpx:TrackPointExtension>
            <gpxtpx:hr>101</gpxtpx:hr>
          </gpxtpx:TrackPointExtension>
        </extensions>
      </trkpt>
      <trkpt lat="22.64819830591324" lon="107.60484160381733">
        <ele>96.0814186539501</ele>
        <time>2023-10-20T01:25:03Z</time>
        <extensions>
          <gpxtpx:TrackPointExtension>
            <gpxtpx:hr>101</gpxtpx:hr>
          </gpxtpx:TrackPointExtension>
        </extensions>
      </trkpt>
      <trkpt lat="22.648179094620055" lon="107.60484320308">
        <ele>96.07458183262497</ele>
        <time>2023-10-20T01:25:04Z</time>
        <extensions>
          <gpxtpx:TrackPointExtension>
            <gpxtpx:hr>99</gpxtpx:hr>
          </gpxtpx:TrackPointExtension>
        </extensions>
      </trkpt>
      <trkpt lat="22.648161154378013" lon="107.60484563897236">
        <ele>96.0543011976406</ele>
        <time>2023-10-20T01:25:05Z</time>
        <extensions>
          <gpxtpx:TrackPointExtension>
            <gpxtpx:hr>99</gpxtpx:hr>
          </gpxtpx:TrackPointExtension>
        </extensions>
      </trkpt>
      <trkpt lat="22.648145097042274" lon="107.60484830081951">
        <ele>96.0352793848142</ele>
        <time>2023-10-20T01:25:06Z</time>
        <extensions>
          <gpxtpx:TrackPointExtension>
            <gpxtpx:hr>99</gpxtpx:hr>
          </gpxtpx:TrackPointExtension>
        </extensions>
      </trkpt>
      <trkpt lat="22.6481311804251" lon="107.60484969856937">
        <ele>96.01094073615968</ele>
        <time>2023-10-20T01:25:07Z</time>
        <extensions>
          <gpxtpx:TrackPointExtension>
            <gpxtpx:hr>99</gpxtpx:hr>
          </gpxtpx:TrackPointExtension>
        </extensions>
      </trkpt>
      <trkpt lat="22.64811905212049" lon="107.60484854387744">
        <ele>95.9885811759159</ele>
        <time>2023-10-20T01:25:08Z</time>
        <extensions>
          <gpxtpx:TrackPointExtension>
            <gpxtpx:hr>99</gpxtpx:hr>
          </gpxtpx:TrackPointExtension>
        </extensions>
      </trkpt>
      <trkpt lat="22.648108354347034" lon="107.60484494775902">
        <ele>95.96805995050818</ele>
        <time>2023-10-20T01:25:09Z</time>
        <extensions>
          <gpxtpx:TrackPointExtension>
            <gpxtpx:hr>99</gpxtpx:hr>
          </gpxtpx:TrackPointExtension>
        </extensions>
      </trkpt>
      <trkpt lat="22.648096123832158" lon="107.60483962607836">
        <ele>95.94595071207732</ele>
        <time>2023-10-20T01:25:10Z</time>
        <extensions>
          <gpxtpx:TrackPointExtension>
            <gpxtpx:hr>100</gpxtpx:hr>
          </gpxtpx:TrackPointExtension>
        </extensions>
      </trkpt>
      <trkpt lat="22.648080547112862" lon="107.60483358018296">
        <ele>95.92212330456823</ele>
        <time>2023-10-20T01:25:11Z</time>
        <extensions>
          <gpxtpx:TrackPointExtension>
            <gpxtpx:hr>100</gpxtpx:hr>
          </gpxtpx:TrackPointExtension>
        </extensions>
      </trkpt>
      <trkpt lat="22.648063369138615" lon="107.60482712585129">
        <ele>95.90294586401433</ele>
        <time>2023-10-20T01:25:12Z</time>
        <extensions>
          <gpxtpx:TrackPointExtension>
            <gpxtpx:hr>100</gpxtpx:hr>
          </gpxtpx:TrackPointExtension>
        </extensions>
      </trkpt>
      <trkpt lat="22.64804619108736" lon="107.60481975460935">
        <ele>95.88439941778779</ele>
        <time>2023-10-20T01:25:13Z</time>
        <extensions>
          <gpxtpx:TrackPointExtension>
            <gpxtpx:hr>100</gpxtpx:hr>
          </gpxtpx:TrackPointExtension>
        </extensions>
      </trkpt>
      <trkpt lat="22.648030339728912" lon="107.6048112788815">
        <ele>95.87178600300103</ele>
        <time>2023-10-20T01:25:14Z</time>
        <extensions>
          <gpxtpx:TrackPointExtension>
            <gpxtpx:hr>100</gpxtpx:hr>
          </gpxtpx:TrackPointExtension>
        </extensions>
      </trkpt>
      <trkpt lat="22.648016485307277" lon="107.60480195390087">
        <ele>95.85174165852368</ele>
        <time>2023-10-20T01:25:15Z</time>
        <extensions>
          <gpxtpx:TrackPointExtension>
            <gpxtpx:hr>100</gpxtpx:hr>
          </gpxtpx:TrackPointExtension>
        </extensions>
      </trkpt>
      <trkpt lat="22.648004480364765" lon="107.60479241082048">
        <ele>95.83053124789149</ele>
        <time>2023-10-20T01:25:16Z</time>
        <extensions>
          <gpxtpx:TrackPointExtension>
            <gpxtpx:hr>100</gpxtpx:hr>
          </gpxtpx:TrackPointExtension>
        </extensions>
      </trkpt>
      <trkpt lat="22.647993992761787" lon="107.60478404513329">
        <ele>95.8148756576702</ele>
        <time>2023-10-20T01:25:17Z</time>
        <extensions>
          <gpxtpx:TrackPointExtension>
            <gpxtpx:hr>100</gpxtpx:hr>
          </gpxtpx:TrackPointExtension>
        </extensions>
      </trkpt>
      <trkpt lat="22.64798513583381" lon="107.6047787848412">
        <ele>95.80446558631957</ele>
        <time>2023-10-20T01:25:18Z</time>
        <extensions>
          <gpxtpx:TrackPointExtension>
            <gpxtpx:hr>100</gpxtpx:hr>
          </gpxtpx:TrackPointExtension>
        </extensions>
      </trkpt>
      <trkpt lat="22.647978591185662" lon="107.60477763795124">
        <ele>95.79150850512087</ele>
        <time>2023-10-20T01:25:19Z</time>
        <extensions>
          <gpxtpx:TrackPointExtension>
            <gpxtpx:hr>100</gpxtpx:hr>
          </gpxtpx:TrackPointExtension>
        </extensions>
      </trkpt>
      <trkpt lat="22.647974559545897" lon="107.60478018168101">
        <ele>95.76635663025081</ele>
        <time>2023-10-20T01:25:20Z</time>
        <extensions>
          <gpxtpx:TrackPointExtension>
            <gpxtpx:hr>102</gpxtpx:hr>
          </gpxtpx:TrackPointExtension>
        </extensions>
      </trkpt>
      <trkpt lat="22.647972366071524" lon="107.60478546750319">
        <ele>95.7423639902845</ele>
        <time>2023-10-20T01:25:21Z</time>
        <extensions>
          <gpxtpx:TrackPointExtension>
            <gpxtpx:hr>102</gpxtpx:hr>
          </gpxtpx:TrackPointExtension>
        </extensions>
      </trkpt>
      <trkpt lat="22.647971448555275" lon="107.60479272332464">
        <ele>95.71155620273203</ele>
        <time>2023-10-20T01:25:22Z</time>
        <extensions>
          <gpxtpx:TrackPointExtension>
            <gpxtpx:hr>102</gpxtpx:hr>
          </gpxtpx:TrackPointExtension>
        </extensions>
      </trkpt>
      <trkpt lat="22.647971023626177" lon="107.60480162139405">
        <ele>95.66635766346008</ele>
        <time>2023-10-20T01:25:23Z</time>
        <extensions>
          <gpxtpx:TrackPointExtension>
            <gpxtpx:hr>102</gpxtpx:hr>
          </gpxtpx:TrackPointExtension>
        </extensions>
      </trkpt>
      <trkpt lat="22.647969549541976" lon="107.60481210779513">
        <ele>95.5936459125951</ele>
        <time>2023-10-20T01:25:24Z</time>
        <extensions>
          <gpxtpx:TrackPointExtension>
            <gpxtpx:hr>102</gpxtpx:hr>
          </gpxtpx:TrackPointExtension>
        </extensions>
      </trkpt>
      <trkpt lat="22.647966349561322" lon="107.60482376086058">
        <ele>95.50636245217174</ele>
        <time>2023-10-20T01:25:25Z</time>
        <extensions>
          <gpxtpx:TrackPointExtension>
            <gpxtpx:hr>102</gpxtpx:hr>
          </gpxtpx:TrackPointExtension>
        </extensions>
      </trkpt>
      <trkpt lat="22.64796155735893" lon="107.60483603718662">
        <ele>95.417375292629</ele>
        <time>2023-10-20T01:25:26Z</time>
        <extensions>
          <gpxtpx:TrackPointExtension>
            <gpxtpx:hr>105</gpxtpx:hr>
          </gpxtpx:TrackPointExtension>
        </extensions>
      </trkpt>
      <trkpt lat="22.647955542558133" lon="107.60484929821652">
        <ele>95.32889098394662</ele>
        <time>2023-10-20T01:25:27Z</time>
        <extensions>
          <gpxtpx:TrackPointExtension>
            <gpxtpx:hr>105</gpxtpx:hr>
          </gpxtpx:TrackPointExtension>
        </extensions>
      </trkpt>
      <trkpt lat="22.647948460743997" lon="107.6048641646352">
        <ele>95.244320852682</ele>
        <time>2023-10-20T01:25:28Z</time>
        <extensions>
          <gpxtpx:TrackPointExtension>
            <gpxtpx:hr>105</gpxtpx:hr>
          </gpxtpx:TrackPointExtension>
        </extensions>
      </trkpt>
      <trkpt lat="22.647940813954083" lon="107.60488073561658">
        <ele>95.16534363850951</ele>
        <time>2023-10-20T01:25:29Z</time>
        <extensions>
          <gpxtpx:TrackPointExtension>
            <gpxtpx:hr>105</gpxtpx:hr>
          </gpxtpx:TrackPointExtension>
        </extensions>
      </trkpt>
      <trkpt lat="22.64793353657862" lon="107.60489719669775">
        <ele>95.0969952037558</ele>
        <time>2023-10-20T01:25:30Z</time>
        <extensions>
          <gpxtpx:TrackPointExtension>
            <gpxtpx:hr>106</gpxtpx:hr>
          </gpxtpx:TrackPointExtension>
        </extensions>
      </trkpt>
      <trkpt lat="22.647926521084102" lon="107.60491623902674">
        <ele>95.04026239272207</ele>
        <time>2023-10-20T01:25:31Z</time>
        <extensions>
          <gpxtpx:TrackPointExtension>
            <gpxtpx:hr>106</gpxtpx:hr>
          </gpxtpx:TrackPointExtension>
        </extensions>
      </trkpt>
      <trkpt lat="22.64791907947864" lon="107.60494018622174">
        <ele>94.99512629769742</ele>
        <time>2023-10-20T01:25:32Z</time>
        <extensions>
          <gpxtpx:TrackPointExtension>
            <gpxtpx:hr>106</gpxtpx:hr>
          </gpxtpx:TrackPointExtension>
        </extensions>
      </trkpt>
      <trkpt lat="22.647911087816993" lon="107.60496617998842">
        <ele>94.97090596705675</ele>
        <time>2023-10-20T01:25:33Z</time>
        <extensions>
          <gpxtpx:TrackPointExtension>
            <gpxtpx:hr>106</gpxtpx:hr>
          </gpxtpx:TrackPointExtension>
        </extensions>
      </trkpt>
      <trkpt lat="22.647902550832566" lon="107.60499271429123">
        <ele>94.96301270648837</ele>
        <time>2023-10-20T01:25:34Z</time>
        <extensions>
          <gpxtpx:TrackPointExtension>
            <gpxtpx:hr>104</gpxtpx:hr>
          </gpxtpx:TrackPointExtension>
        </extensions>
      </trkpt>
      <trkpt lat="22.647893870695704" lon="107.60501831964791">
        <ele>94.98290362861007</ele>
        <time>2023-10-20T01:25:35Z</time>
        <extensions>
          <gpxtpx:TrackPointExtension>
            <gpxtpx:hr>104</gpxtpx:hr>
          </gpxtpx:TrackPointExtension>
        </extensions>
      </trkpt>
      <trkpt lat="22.64788535636987" lon="107.6050422409276">
        <ele>95.02831327728927</ele>
        <time>2023-10-20T01:25:36Z</time>
        <extensions>
          <gpxtpx:TrackPointExtension>
            <gpxtpx:hr>104</gpxtpx:hr>
          </gpxtpx:TrackPointExtension>
        </extensions>
      </trkpt>
      <trkpt lat="22.647876914354846" lon="107.60506329981297">
        <ele>95.09239512961358</ele>
        <time>2023-10-20T01:25:37Z</time>
        <extensions>
          <gpxtpx:TrackPointExtension>
            <gpxtpx:hr>104</gpxtpx:hr>
          </gpxtpx:TrackPointExtension>
        </extensions>
      </trkpt>
      <trkpt lat="22.64786854210069" lon="107.60508150368852">
        <ele>95.1776247639209</ele>
        <time>2023-10-20T01:25:38Z</time>
        <extensions>
          <gpxtpx:TrackPointExtension>
            <gpxtpx:hr>104</gpxtpx:hr>
          </gpxtpx:TrackPointExtension>
        </extensions>
      </trkpt>
      <trkpt lat="22.647859463006217" lon="107.6050972448569">
        <ele>95.2781478445977</ele>
        <time>2023-10-20T01:25:39Z</time>
        <extensions>
          <gpxtpx:TrackPointExtension>
            <gpxtpx:hr>104</gpxtpx:hr>
          </gpxtpx:TrackPointExtension>
        </extensions>
      </trkpt>
      <trkpt lat="22.647849454008753" lon="107.60510892693036">
        <ele>95.38906459975988</ele>
        <time>2023-10-20T01:25:40Z</time>
        <extensions>
          <gpxtpx:TrackPointExtension>
            <gpxtpx:hr>104</gpxtpx:hr>
          </gpxtpx:TrackPointExtension>
        </extensions>
      </trkpt>
      <trkpt lat="22.647839895478267" lon="107.60511937343232">
        <ele>95.51335670985281</ele>
        <time>2023-10-20T01:25:41Z</time>
        <extensions>
          <gpxtpx:TrackPointExtension>
            <gpxtpx:hr>104</gpxtpx:hr>
          </gpxtpx:TrackPointExtension>
        </extensions>
      </trkpt>
      <trkpt lat="22.64783147251123" lon="107.60513056611248">
        <ele>95.63904972746968</ele>
        <time>2023-10-20T01:25:42Z</time>
        <extensions>
          <gpxtpx:TrackPointExtension>
            <gpxtpx:hr>104</gpxtpx:hr>
          </gpxtpx:TrackPointExtension>
        </extensions>
      </trkpt>
      <trkpt lat="22.647824022324638" lon="107.60514077934486">
        <ele>95.73726454377174</ele>
        <time>2023-10-20T01:25:43Z</time>
        <extensions>
          <gpxtpx:TrackPointExtension>
            <gpxtpx:hr>104</gpxtpx:hr>
          </gpxtpx:TrackPointExtension>
        </extensions>
      </trkpt>
      <trkpt lat="22.647817286115124" lon="107.60514975734787">
        <ele>95.8323635738343</ele>
        <time>2023-10-20T01:25:44Z</time>
        <extensions>
          <gpxtpx:TrackPointExtension>
            <gpxtpx:hr>104</gpxtpx:hr>
          </gpxtpx:TrackPointExtension>
        </extensions>
      </trkpt>
      <trkpt lat="22.647810549005285" lon="107.60515770547312">
        <ele>95.91977137792856</ele>
        <time>2023-10-20T01:25:45Z</time>
        <extensions>
          <gpxtpx:TrackPointExtension>
            <gpxtpx:hr>104</gpxtpx:hr>
          </gpxtpx:TrackPointExtension>
        </extensions>
      </trkpt>
      <trkpt lat="22.647803529145293" lon="107.60516452509333">
        <ele>95.98767940606922</ele>
        <time>2023-10-20T01:25:46Z</time>
        <extensions>
          <gpxtpx:TrackPointExtension>
            <gpxtpx:hr>104</gpxtpx:hr>
          </gpxtpx:TrackPointExtension>
        </extensions>
      </trkpt>
      <trkpt lat="22.647796279548526" lon="107.60516994712543">
        <ele>96.03074158914387</ele>
        <time>2023-10-20T01:25:47Z</time>
        <extensions>
          <gpxtpx:TrackPointExtension>
            <gpxtpx:hr>104</gpxtpx:hr>
          </gpxtpx:TrackPointExtension>
        </extensions>
      </trkpt>
      <trkpt lat="22.64778797879117" lon="107.60517446835155">
        <ele>96.05460239760578</ele>
        <time>2023-10-20T01:25:48Z</time>
        <extensions>
          <gpxtpx:TrackPointExtension>
            <gpxtpx:hr>104</gpxtpx:hr>
          </gpxtpx:TrackPointExtension>
        </extensions>
      </trkpt>
      <trkpt lat="22.647778977576657" lon="107.60517875336353">
        <ele>96.06451462674886</ele>
        <time>2023-10-20T01:25:49Z</time>
        <extensions>
          <gpxtpx:TrackPointExtension>
            <gpxtpx:hr>104</gpxtpx:hr>
          </gpxtpx:TrackPointExtension>
        </extensions>
      </trkpt>
      <trkpt lat="22.647770283000057" lon="107.60518281950553">
        <ele>96.0754198525101</ele>
        <time>2023-10-20T01:25:50Z</time>
        <extensions>
          <gpxtpx:TrackPointExtension>
            <gpxtpx:hr>104</gpxtpx:hr>
          </gpxtpx:TrackPointExtension>
        </extensions>
      </trkpt>
      <trkpt lat="22.647761859157296" lon="107.60518657331781">
        <ele>96.06246113963425</ele>
        <time>2023-10-20T01:25:51Z</time>
        <extensions>
          <gpxtpx:TrackPointExtension>
            <gpxtpx:hr>104</gpxtpx:hr>
          </gpxtpx:TrackPointExtension>
        </extensions>
      </trkpt>
      <trkpt lat="22.647753595625502" lon="107.60518993654208">
        <ele>96.0166490431875</ele>
        <time>2023-10-20T01:25:52Z</time>
        <extensions>
          <gpxtpx:TrackPointExtension>
            <gpxtpx:hr>104</gpxtpx:hr>
          </gpxtpx:TrackPointExtension>
        </extensions>
      </trkpt>
      <trkpt lat="22.64774545200207" lon="107.6051927267395">
        <ele>95.96103476081043</ele>
        <time>2023-10-20T01:25:53Z</time>
        <extensions>
          <gpxtpx:TrackPointExtension>
            <gpxtpx:hr>104</gpxtpx:hr>
          </gpxtpx:TrackPointExtension>
        </extensions>
      </trkpt>
      <trkpt lat="22.647737154547485" lon="107.60519510401858">
        <ele>95.88317459914833</ele>
        <time>2023-10-20T01:25:54Z</time>
        <extensions>
          <gpxtpx:TrackPointExtension>
            <gpxtpx:hr>105</gpxtpx:hr>
          </gpxtpx:TrackPointExtension>
        </extensions>
      </trkpt>
      <trkpt lat="22.647727990214246" lon="107.60519732360727">
        <ele>95.79871550481766</ele>
        <time>2023-10-20T01:25:55Z</time>
        <extensions>
          <gpxtpx:TrackPointExtension>
            <gpxtpx:hr>105</gpxtpx:hr>
          </gpxtpx:TrackPointExtension>
        </extensions>
      </trkpt>
      <trkpt lat="22.647717691731735" lon="107.60519899458049">
        <ele>95.69535186234862</ele>
        <time>2023-10-20T01:25:56Z</time>
        <extensions>
          <gpxtpx:TrackPointExtension>
            <gpxtpx:hr>105</gpxtpx:hr>
          </gpxtpx:TrackPointExtension>
        </extensions>
      </trkpt>
      <trkpt lat="22.647706835406797" lon="107.60519979385023">
        <ele>95.57932335976511</ele>
        <time>2023-10-20T01:25:57Z</time>
        <extensions>
          <gpxtpx:TrackPointExtension>
            <gpxtpx:hr>105</gpxtpx:hr>
          </gpxtpx:TrackPointExtension>
        </extensions>
      </trkpt>
      <trkpt lat="22.647696310635016" lon="107.60519985655591">
        <ele>95.46066963206977</ele>
        <time>2023-10-20T01:25:58Z</time>
        <extensions>
          <gpxtpx:TrackPointExtension>
            <gpxtpx:hr>105</gpxtpx:hr>
          </gpxtpx:TrackPointExtension>
        </extensions>
      </trkpt>
      <trkpt lat="22.647686602213444" lon="107.6051997621855">
        <ele>95.34650153107941</ele>
        <time>2023-10-20T01:25:59Z</time>
        <extensions>
          <gpxtpx:TrackPointExtension>
            <gpxtpx:hr>105</gpxtpx:hr>
          </gpxtpx:TrackPointExtension>
        </extensions>
      </trkpt>
      <trkpt lat="22.647676764586652" lon="107.60519969504116">
        <ele>95.24490883294493</ele>
        <time>2023-10-20T01:26:00Z</time>
        <extensions>
          <gpxtpx:TrackPointExtension>
            <gpxtpx:hr>105</gpxtpx:hr>
          </gpxtpx:TrackPointExtension>
        </extensions>
      </trkpt>
      <trkpt lat="22.647665929557956" lon="107.6051991833034">
        <ele>95.15947822853923</ele>
        <time>2023-10-20T01:26:01Z</time>
        <extensions>
          <gpxtpx:TrackPointExtension>
            <gpxtpx:hr>108</gpxtpx:hr>
          </gpxtpx:TrackPointExtension>
        </extensions>
      </trkpt>
      <trkpt lat="22.64765448003869" lon="107.60519796695864">
        <ele>95.07043360825628</ele>
        <time>2023-10-20T01:26:02Z</time>
        <extensions>
          <gpxtpx:TrackPointExtension>
            <gpxtpx:hr>108</gpxtpx:hr>
          </gpxtpx:TrackPointExtension>
        </extensions>
      </trkpt>
      <trkpt lat="22.647643185942492" lon="107.60519573991819">
        <ele>95.01301126368344</ele>
        <time>2023-10-20T01:26:03Z</time>
        <extensions>
          <gpxtpx:TrackPointExtension>
            <gpxtpx:hr>108</gpxtpx:hr>
          </gpxtpx:TrackPointExtension>
        </extensions>
      </trkpt>
      <trkpt lat="22.647632399802855" lon="107.60519220830263">
        <ele>94.9705260368064</ele>
        <time>2023-10-20T01:26:04Z</time>
        <extensions>
          <gpxtpx:TrackPointExtension>
            <gpxtpx:hr>108</gpxtpx:hr>
          </gpxtpx:TrackPointExtension>
        </extensions>
      </trkpt>
      <trkpt lat="22.64762216364963" lon="107.60518745114489">
        <ele>94.94484114274383</ele>
        <time>2023-10-20T01:26:05Z</time>
        <extensions>
          <gpxtpx:TrackPointExtension>
            <gpxtpx:hr>108</gpxtpx:hr>
          </gpxtpx:TrackPointExtension>
        </extensions>
      </trkpt>
      <trkpt lat="22.647613308400167" lon="107.60518153197424">
        <ele>94.93366754613817</ele>
        <time>2023-10-20T01:26:06Z</time>
        <extensions>
          <gpxtpx:TrackPointExtension>
            <gpxtpx:hr>107</gpxtpx:hr>
          </gpxtpx:TrackPointExtension>
        </extensions>
      </trkpt>
      <trkpt lat="22.64760622647132" lon="107.60517462367147">
        <ele>94.94425591081381</ele>
        <time>2023-10-20T01:26:07Z</time>
        <extensions>
          <gpxtpx:TrackPointExtension>
            <gpxtpx:hr>107</gpxtpx:hr>
          </gpxtpx:TrackPointExtension>
        </extensions>
      </trkpt>
      <trkpt lat="22.64760004941836" lon="107.60516717253067">
        <ele>94.95617080572993</ele>
        <time>2023-10-20T01:26:08Z</time>
        <extensions>
          <gpxtpx:TrackPointExtension>
            <gpxtpx:hr>107</gpxtpx:hr>
          </gpxtpx:TrackPointExtension>
        </extensions>
      </trkpt>
      <trkpt lat="22.647594080722094" lon="107.6051595224379">
        <ele>94.97549533564597</ele>
        <time>2023-10-20T01:26:09Z</time>
        <extensions>
          <gpxtpx:TrackPointExtension>
            <gpxtpx:hr>107</gpxtpx:hr>
          </gpxtpx:TrackPointExtension>
        </extensions>
      </trkpt>
      <trkpt lat="22.64758819815969" lon="107.60515195655705">
        <ele>95.0068240314722</ele>
        <time>2023-10-20T01:26:10Z</time>
        <extensions>
          <gpxtpx:TrackPointExtension>
            <gpxtpx:hr>106</gpxtpx:hr>
          </gpxtpx:TrackPointExtension>
        </extensions>
      </trkpt>
      <trkpt lat="22.64758252429108" lon="107.60514450705514">
        <ele>95.05474846065044</ele>
        <time>2023-10-20T01:26:11Z</time>
        <extensions>
          <gpxtpx:TrackPointExtension>
            <gpxtpx:hr>106</gpxtpx:hr>
          </gpxtpx:TrackPointExtension>
        </extensions>
      </trkpt>
      <trkpt lat="22.647577029760246" lon="107.60513678507787">
        <ele>95.12589686457068</ele>
        <time>2023-10-20T01:26:12Z</time>
        <extensions>
          <gpxtpx:TrackPointExtension>
            <gpxtpx:hr>106</gpxtpx:hr>
          </gpxtpx:TrackPointExtension>
        </extensions>
      </trkpt>
      <trkpt lat="22.647571440219828" lon="107.60512838961533">
        <ele>95.2381731690839</ele>
        <time>2023-10-20T01:26:13Z</time>
        <extensions>
          <gpxtpx:TrackPointExtension>
            <gpxtpx:hr>106</gpxtpx:hr>
          </gpxtpx:TrackPointExtension>
        </extensions>
      </trkpt>
      <trkpt lat="22.64756547494051" lon="107.60511909722267">
        <ele>95.3609918486327</ele>
        <time>2023-10-20T01:26:14Z</time>
        <extensions>
          <gpxtpx:TrackPointExtension>
            <gpxtpx:hr>106</gpxtpx:hr>
          </gpxtpx:TrackPointExtension>
        </extensions>
      </trkpt>
      <trkpt lat="22.64755888503459" lon="107.60510939590507">
        <ele>95.4807091569528</ele>
        <time>2023-10-20T01:26:15Z</time>
        <extensions>
          <gpxtpx:TrackPointExtension>
            <gpxtpx:hr>106</gpxtpx:hr>
          </gpxtpx:TrackPointExtension>
        </extensions>
      </trkpt>
      <trkpt lat="22.647551582925868" lon="107.60510026606515">
        <ele>95.5779213970527</ele>
        <time>2023-10-20T01:26:16Z</time>
        <extensions>
          <gpxtpx:TrackPointExtension>
            <gpxtpx:hr>102</gpxtpx:hr>
          </gpxtpx:TrackPointExtension>
        </extensions>
      </trkpt>
      <trkpt lat="22.647543270905945" lon="107.6050924247791">
        <ele>95.68208718765527</ele>
        <time>2023-10-20T01:26:17Z</time>
        <extensions>
          <gpxtpx:TrackPointExtension>
            <gpxtpx:hr>102</gpxtpx:hr>
          </gpxtpx:TrackPointExtension>
        </extensions>
      </trkpt>
      <trkpt lat="22.64753390164229" lon="107.60508622596718">
        <ele>95.78655832074583</ele>
        <time>2023-10-20T01:26:18Z</time>
        <extensions>
          <gpxtpx:TrackPointExtension>
            <gpxtpx:hr>102</gpxtpx:hr>
          </gpxtpx:TrackPointExtension>
        </extensions>
      </trkpt>
      <trkpt lat="22.647524014642336" lon="107.60508196176936">
        <ele>95.90045071300119</ele>
        <time>2023-10-20T01:26:19Z</time>
        <extensions>
          <gpxtpx:TrackPointExtension>
            <gpxtpx:hr>102</gpxtpx:hr>
          </gpxtpx:TrackPointExtension>
        </extensions>
      </trkpt>
      <trkpt lat="22.64751416811101" lon="107.6050796885789">
        <ele>96.00827987119555</ele>
        <time>2023-10-20T01:26:20Z</time>
        <extensions>
          <gpxtpx:TrackPointExtension>
            <gpxtpx:hr>102</gpxtpx:hr>
          </gpxtpx:TrackPointExtension>
        </extensions>
      </trkpt>
      <trkpt lat="22.647504410883425" lon="107.60507839431337">
        <ele>96.11029695533216</ele>
        <time>2023-10-20T01:26:21Z</time>
        <extensions>
          <gpxtpx:TrackPointExtension>
            <gpxtpx:hr>102</gpxtpx:hr>
          </gpxtpx:TrackPointExtension>
        </extensions>
      </trkpt>
      <trkpt lat="22.647494668169838" lon="107.60507646205215">
        <ele>96.21939121652395</ele>
        <time>2023-10-20T01:26:22Z</time>
        <extensions>
          <gpxtpx:TrackPointExtension>
            <gpxtpx:hr>102</gpxtpx:hr>
          </gpxtpx:TrackPointExtension>
        </extensions>
      </trkpt>
      <trkpt lat="22.647485379818292" lon="107.605072916013">
        <ele>96.33724363986403</ele>
        <time>2023-10-20T01:26:23Z</time>
        <extensions>
          <gpxtpx:TrackPointExtension>
            <gpxtpx:hr>102</gpxtpx:hr>
          </gpxtpx:TrackPointExtension>
        </extensions>
      </trkpt>
      <trkpt lat="22.64747615515917" lon="107.60506835759351">
        <ele>96.46038873586804</ele>
        <time>2023-10-20T01:26:24Z</time>
        <extensions>
          <gpxtpx:TrackPointExtension>
            <gpxtpx:hr>102</gpxtpx:hr>
          </gpxtpx:TrackPointExtension>
        </extensions>
      </trkpt>
      <trkpt lat="22.6474668707321" lon="107.60506406817291">
        <ele>96.60115513112396</ele>
        <time>2023-10-20T01:26:25Z</time>
        <extensions>
          <gpxtpx:TrackPointExtension>
            <gpxtpx:hr>104</gpxtpx:hr>
          </gpxtpx:TrackPointExtension>
        </extensions>
      </trkpt>
      <trkpt lat="22.647458166973493" lon="107.60506024432405">
        <ele>96.74072249233723</ele>
        <time>2023-10-20T01:26:26Z</time>
        <extensions>
          <gpxtpx:TrackPointExtension>
            <gpxtpx:hr>104</gpxtpx:hr>
          </gpxtpx:TrackPointExtension>
        </extensions>
      </trkpt>
      <trkpt lat="22.64744982274655" lon="107.60505638981346">
        <ele>96.86136228777468</ele>
        <time>2023-10-20T01:26:27Z</time>
        <extensions>
          <gpxtpx:TrackPointExtension>
            <gpxtpx:hr>104</gpxtpx:hr>
          </gpxtpx:TrackPointExtension>
        </extensions>
      </trkpt>
      <trkpt lat="22.64744155711334" lon="107.60505193926481">
        <ele>96.9685853458941</ele>
        <time>2023-10-20T01:26:28Z</time>
        <extensions>
          <gpxtpx:TrackPointExtension>
            <gpxtpx:hr>104</gpxtpx:hr>
          </gpxtpx:TrackPointExtension>
        </extensions>
      </trkpt>
      <trkpt lat="22.647433531391552" lon="107.60504684359412">
        <ele>97.0697507224977</ele>
        <time>2023-10-20T01:26:29Z</time>
        <extensions>
          <gpxtpx:TrackPointExtension>
            <gpxtpx:hr>104</gpxtpx:hr>
          </gpxtpx:TrackPointExtension>
        </extensions>
      </trkpt>
      <trkpt lat="22.64742632130333" lon="107.60504183351382">
        <ele>97.1863744277507</ele>
        <time>2023-10-20T01:26:30Z</time>
        <extensions>
          <gpxtpx:TrackPointExtension>
            <gpxtpx:hr>104</gpxtpx:hr>
          </gpxtpx:TrackPointExtension>
        </extensions>
      </trkpt>
      <trkpt lat="22.647420598290704" lon="107.60503765377825">
        <ele>97.30284781660885</ele>
        <time>2023-10-20T01:26:31Z</time>
        <extensions>
          <gpxtpx:TrackPointExtension>
            <gpxtpx:hr>106</gpxtpx:hr>
          </gpxtpx:TrackPointExtension>
        </extensions>
      </trkpt>
      <trkpt lat="22.647416275968805" lon="107.60503440946891">
        <ele>97.44565634522587</ele>
        <time>2023-10-20T01:26:32Z</time>
        <extensions>
          <gpxtpx:TrackPointExtension>
            <gpxtpx:hr>106</gpxtpx:hr>
          </gpxtpx:TrackPointExtension>
        </extensions>
      </trkpt>
      <trkpt lat="22.647412534030227" lon="107.60503145037981">
        <ele>97.58606700785458</ele>
        <time>2023-10-20T01:26:33Z</time>
        <extensions>
          <gpxtpx:TrackPointExtension>
            <gpxtpx:hr>106</gpxtpx:hr>
          </gpxtpx:TrackPointExtension>
        </extensions>
      </trkpt>
      <trkpt lat="22.647408656313047" lon="107.60502781000109">
        <ele>97.70537297800183</ele>
        <time>2023-10-20T01:26:34Z</time>
        <extensions>
          <gpxtpx:TrackPointExtension>
            <gpxtpx:hr>106</gpxtpx:hr>
          </gpxtpx:TrackPointExtension>
        </extensions>
      </trkpt>
      <trkpt lat="22.64740418735021" lon="107.60502305328093">
        <ele>97.77752119861543</ele>
        <time>2023-10-20T01:26:35Z</time>
        <extensions>
          <gpxtpx:TrackPointExtension>
            <gpxtpx:hr>106</gpxtpx:hr>
          </gpxtpx:TrackPointExtension>
        </extensions>
      </trkpt>
      <trkpt lat="22.64739903798046" lon="107.60501749438652">
        <ele>97.80948244500905</ele>
        <time>2023-10-20T01:26:36Z</time>
        <extensions>
          <gpxtpx:TrackPointExtension>
            <gpxtpx:hr>106</gpxtpx:hr>
          </gpxtpx:TrackPointExtension>
        </extensions>
      </trkpt>
      <trkpt lat="22.647393639039826" lon="107.60501198231253">
        <ele>97.81941592413932</ele>
        <time>2023-10-20T01:26:37Z</time>
        <extensions>
          <gpxtpx:TrackPointExtension>
            <gpxtpx:hr>103</gpxtpx:hr>
          </gpxtpx:TrackPointExtension>
        </extensions>
      </trkpt>
      <trkpt lat="22.647388752117973" lon="107.60500706416975">
        <ele>97.81735636852682</ele>
        <time>2023-10-20T01:26:38Z</time>
        <extensions>
          <gpxtpx:TrackPointExtension>
            <gpxtpx:hr>103</gpxtpx:hr>
          </gpxtpx:TrackPointExtension>
        </extensions>
      </trkpt>
      <trkpt lat="22.64738515089846" lon="107.60500323951241">
        <ele>97.81175854615867</ele>
        <time>2023-10-20T01:26:39Z</time>
        <extensions>
          <gpxtpx:TrackPointExtension>
            <gpxtpx:hr>103</gpxtpx:hr>
          </gpxtpx:TrackPointExtension>
        </extensions>
      </trkpt>
      <trkpt lat="22.64738303595503" lon="107.60500022839463">
        <ele>97.79677642975003</ele>
        <time>2023-10-20T01:26:40Z</time>
        <extensions>
          <gpxtpx:TrackPointExtension>
            <gpxtpx:hr>103</gpxtpx:hr>
          </gpxtpx:TrackPointExtension>
        </extensions>
      </trkpt>
      <trkpt lat="22.64738214569358" lon="107.60499695130386">
        <ele>97.7629379145801</ele>
        <time>2023-10-20T01:26:41Z</time>
        <extensions>
          <gpxtpx:TrackPointExtension>
            <gpxtpx:hr>101</gpxtpx:hr>
          </gpxtpx:TrackPointExtension>
        </extensions>
      </trkpt>
      <trkpt lat="22.647382257793208" lon="107.60499290044292">
        <ele>97.70844918861985</ele>
        <time>2023-10-20T01:26:42Z</time>
        <extensions>
          <gpxtpx:TrackPointExtension>
            <gpxtpx:hr>101</gpxtpx:hr>
          </gpxtpx:TrackPointExtension>
        </extensions>
      </trkpt>
      <trkpt lat="22.6473826774875" lon="107.60498828716796">
        <ele>97.63010781817138</ele>
        <time>2023-10-20T01:26:43Z</time>
        <extensions>
          <gpxtpx:TrackPointExtension>
            <gpxtpx:hr>101</gpxtpx:hr>
          </gpxtpx:TrackPointExtension>
        </extensions>
      </trkpt>
      <trkpt lat="22.647381780295177" lon="107.6049836603672">
        <ele>97.55247456021607</ele>
        <time>2023-10-20T01:26:44Z</time>
        <extensions>
          <gpxtpx:TrackPointExtension>
            <gpxtpx:hr>101</gpxtpx:hr>
          </gpxtpx:TrackPointExtension>
        </extensions>
      </trkpt>
      <trkpt lat="22.64737873594918" lon="107.604978488339">
        <ele>97.48492301721126</ele>
        <time>2023-10-20T01:26:45Z</time>
        <extensions>
          <gpxtpx:TrackPointExtension>
            <gpxtpx:hr>101</gpxtpx:hr>
          </gpxtpx:TrackPointExtension>
        </extensions>
      </trkpt>
      <trkpt lat="22.647373680258035" lon="107.60497237582636">
        <ele>97.4158068113029</ele>
        <time>2023-10-20T01:26:46Z</time>
        <extensions>
          <gpxtpx:TrackPointExtension>
            <gpxtpx:hr>101</gpxtpx:hr>
          </gpxtpx:TrackPointExtension>
        </extensions>
      </trkpt>
      <trkpt lat="22.647366617193427" lon="107.6049654254259">
        <ele>97.3641485190019</ele>
        <time>2023-10-20T01:26:47Z</time>
        <extensions>
          <gpxtpx:TrackPointExtension>
            <gpxtpx:hr>101</gpxtpx:hr>
          </gpxtpx:TrackPointExtension>
        </extensions>
      </trkpt>
      <trkpt lat="22.64735778564152" lon="107.60495790037994">
        <ele>97.33021314814687</ele>
        <time>2023-10-20T01:26:48Z</time>
        <extensions>
          <gpxtpx:TrackPointExtension>
            <gpxtpx:hr>101</gpxtpx:hr>
          </gpxtpx:TrackPointExtension>
        </extensions>
      </trkpt>
      <trkpt lat="22.647348757275104" lon="107.60495113208106">
        <ele>97.30480876937509</ele>
        <time>2023-10-20T01:26:49Z</time>
        <extensions>
          <gpxtpx:TrackPointExtension>
            <gpxtpx:hr>101</gpxtpx:hr>
          </gpxtpx:TrackPointExtension>
        </extensions>
      </trkpt>
      <trkpt lat="22.647341077443457" lon="107.60494612631553">
        <ele>97.30535176582634</ele>
        <time>2023-10-20T01:26:50Z</time>
        <extensions>
          <gpxtpx:TrackPointExtension>
            <gpxtpx:hr>101</gpxtpx:hr>
          </gpxtpx:TrackPointExtension>
        </extensions>
      </trkpt>
      <trkpt lat="22.64733474254079" lon="107.6049425457698">
        <ele>97.31144044920802</ele>
        <time>2023-10-20T01:26:51Z</time>
        <extensions>
          <gpxtpx:TrackPointExtension>
            <gpxtpx:hr>100</gpxtpx:hr>
          </gpxtpx:TrackPointExtension>
        </extensions>
      </trkpt>
      <trkpt lat="22.647328843930456" lon="107.60493895337495">
        <ele>97.31640110444278</ele>
        <time>2023-10-20T01:26:52Z</time>
        <extensions>
          <gpxtpx:TrackPointExtension>
            <gpxtpx:hr>100</gpxtpx:hr>
          </gpxtpx:TrackPointExtension>
        </extensions>
      </trkpt>
      <trkpt lat="22.647322593681785" lon="107.60493364608176">
        <ele>97.34240320976824</ele>
        <time>2023-10-20T01:26:53Z</time>
        <extensions>
          <gpxtpx:TrackPointExtension>
            <gpxtpx:hr>100</gpxtpx:hr>
          </gpxtpx:TrackPointExtension>
        </extensions>
      </trkpt>
      <trkpt lat="22.647316136646165" lon="107.60492615148168">
        <ele>97.42527306079865</ele>
        <time>2023-10-20T01:26:54Z</time>
        <extensions>
          <gpxtpx:TrackPointExtension>
            <gpxtpx:hr>100</gpxtpx:hr>
          </gpxtpx:TrackPointExtension>
        </extensions>
      </trkpt>
      <trkpt lat="22.647309638457447" lon="107.60491755502555">
        <ele>97.50410413555801</ele>
        <time>2023-10-20T01:26:55Z</time>
        <extensions>
          <gpxtpx:TrackPointExtension>
            <gpxtpx:hr>100</gpxtpx:hr>
          </gpxtpx:TrackPointExtension>
        </extensions>
      </trkpt>
      <trkpt lat="22.64730292308851" lon="107.60490922061857">
        <ele>97.59575703274459</ele>
        <time>2023-10-20T01:26:56Z</time>
        <extensions>
          <gpxtpx:TrackPointExtension>
            <gpxtpx:hr>102</gpxtpx:hr>
          </gpxtpx:TrackPointExtension>
        </extensions>
      </trkpt>
      <trkpt lat="22.647295883809807" lon="107.60490216016959">
        <ele>97.68054990563542</ele>
        <time>2023-10-20T01:26:57Z</time>
        <extensions>
          <gpxtpx:TrackPointExtension>
            <gpxtpx:hr>102</gpxtpx:hr>
          </gpxtpx:TrackPointExtension>
        </extensions>
      </trkpt>
      <trkpt lat="22.64728833286792" lon="107.6048964267811">
        <ele>97.7597969993949</ele>
        <time>2023-10-20T01:26:58Z</time>
        <extensions>
          <gpxtpx:TrackPointExtension>
            <gpxtpx:hr>102</gpxtpx:hr>
          </gpxtpx:TrackPointExtension>
        </extensions>
      </trkpt>
      <trkpt lat="22.647279752166096" lon="107.60489156599495">
        <ele>97.82796095777303</ele>
        <time>2023-10-20T01:26:59Z</time>
        <extensions>
          <gpxtpx:TrackPointExtension>
            <gpxtpx:hr>102</gpxtpx:hr>
          </gpxtpx:TrackPointExtension>
        </extensions>
      </trkpt>
      <trkpt lat="22.647269962069487" lon="107.60488748187518">
        <ele>97.88872517645359</ele>
        <time>2023-10-20T01:27:00Z</time>
        <extensions>
          <gpxtpx:TrackPointExtension>
            <gpxtpx:hr>102</gpxtpx:hr>
          </gpxtpx:TrackPointExtension>
        </extensions>
      </trkpt>
      <trkpt lat="22.647259006945546" lon="107.60488423052337">
        <ele>97.94584987871349</ele>
        <time>2023-10-20T01:27:01Z</time>
        <extensions>
          <gpxtpx:TrackPointExtension>
            <gpxtpx:hr>102</gpxtpx:hr>
          </gpxtpx:TrackPointExtension>
        </extensions>
      </trkpt>
      <trkpt lat="22.647247530389205" lon="107.60488194902658">
        <ele>97.99370902217925</ele>
        <time>2023-10-20T01:27:02Z</time>
        <extensions>
          <gpxtpx:TrackPointExtension>
            <gpxtpx:hr>102</gpxtpx:hr>
          </gpxtpx:TrackPointExtension>
        </extensions>
      </trkpt>
      <trkpt lat="22.64723679648929" lon="107.60488095389904">
        <ele>98.025321951136</ele>
        <time>2023-10-20T01:27:03Z</time>
        <extensions>
          <gpxtpx:TrackPointExtension>
            <gpxtpx:hr>102</gpxtpx:hr>
          </gpxtpx:TrackPointExtension>
        </extensions>
      </trkpt>
      <trkpt lat="22.64722787926201" lon="107.60488194848205">
        <ele>98.04149506613612</ele>
        <time>2023-10-20T01:27:04Z</time>
        <extensions>
          <gpxtpx:TrackPointExtension>
            <gpxtpx:hr>102</gpxtpx:hr>
          </gpxtpx:TrackPointExtension>
        </extensions>
      </trkpt>
      <trkpt lat="22.647219728924416" lon="107.60488441723632">
        <ele>98.03536620549858</ele>
        <time>2023-10-20T01:27:05Z</time>
        <extensions>
          <gpxtpx:TrackPointExtension>
            <gpxtpx:hr>101</gpxtpx:hr>
          </gpxtpx:TrackPointExtension>
        </extensions>
      </trkpt>
      <trkpt lat="22.647211210064437" lon="107.60488644767689">
        <ele>98.01661525480449</ele>
        <time>2023-10-20T01:27:06Z</time>
        <extensions>
          <gpxtpx:TrackPointExtension>
            <gpxtpx:hr>101</gpxtpx:hr>
          </gpxtpx:TrackPointExtension>
        </extensions>
      </trkpt>
      <trkpt lat="22.64720193964887" lon="107.60488732005886">
        <ele>97.97764382511377</ele>
        <time>2023-10-20T01:27:07Z</time>
        <extensions>
          <gpxtpx:TrackPointExtension>
            <gpxtpx:hr>101</gpxtpx:hr>
          </gpxtpx:TrackPointExtension>
        </extensions>
      </trkpt>
      <trkpt lat="22.6471909783759" lon="107.60488732819148">
        <ele>97.91349648684263</ele>
        <time>2023-10-20T01:27:08Z</time>
        <extensions>
          <gpxtpx:TrackPointExtension>
            <gpxtpx:hr>101</gpxtpx:hr>
          </gpxtpx:TrackPointExtension>
        </extensions>
      </trkpt>
      <trkpt lat="22.647178238966752" lon="107.60488667539781">
        <ele>97.83561979793012</ele>
        <time>2023-10-20T01:27:09Z</time>
        <extensions>
          <gpxtpx:TrackPointExtension>
            <gpxtpx:hr>101</gpxtpx:hr>
          </gpxtpx:TrackPointExtension>
        </extensions>
      </trkpt>
      <trkpt lat="22.647164182599834" lon="107.60488515486162">
        <ele>97.75971068069339</ele>
        <time>2023-10-20T01:27:10Z</time>
        <extensions>
          <gpxtpx:TrackPointExtension>
            <gpxtpx:hr>101</gpxtpx:hr>
          </gpxtpx:TrackPointExtension>
        </extensions>
      </trkpt>
      <trkpt lat="22.6471491260922" lon="107.60488246609157">
        <ele>97.69210815243423</ele>
        <time>2023-10-20T01:27:11Z</time>
        <extensions>
          <gpxtpx:TrackPointExtension>
            <gpxtpx:hr>102</gpxtpx:hr>
          </gpxtpx:TrackPointExtension>
        </extensions>
      </trkpt>
      <trkpt lat="22.647132875910913" lon="107.60487868506986">
        <ele>97.61861885804683</ele>
        <time>2023-10-20T01:27:12Z</time>
        <extensions>
          <gpxtpx:TrackPointExtension>
            <gpxtpx:hr>102</gpxtpx:hr>
          </gpxtpx:TrackPointExtension>
        </extensions>
      </trkpt>
      <trkpt lat="22.647114363111168" lon="107.60487332129507">
        <ele>97.54027694649994</ele>
        <time>2023-10-20T01:27:13Z</time>
        <extensions>
          <gpxtpx:TrackPointExtension>
            <gpxtpx:hr>102</gpxtpx:hr>
          </gpxtpx:TrackPointExtension>
        </extensions>
      </trkpt>
      <trkpt lat="22.647093067069502" lon="107.60486560681117">
        <ele>97.45516665093601</ele>
        <time>2023-10-20T01:27:14Z</time>
        <extensions>
          <gpxtpx:TrackPointExtension>
            <gpxtpx:hr>102</gpxtpx:hr>
          </gpxtpx:TrackPointExtension>
        </extensions>
      </trkpt>
      <trkpt lat="22.647069941214706" lon="107.60485574211394">
        <ele>97.37376418150961</ele>
        <time>2023-10-20T01:27:15Z</time>
        <extensions>
          <gpxtpx:TrackPointExtension>
            <gpxtpx:hr>102</gpxtpx:hr>
          </gpxtpx:TrackPointExtension>
        </extensions>
      </trkpt>
      <trkpt lat="22.64704640273155" lon="107.60484479790422">
        <ele>97.29285799525678</ele>
        <time>2023-10-20T01:27:16Z</time>
        <extensions>
          <gpxtpx:TrackPointExtension>
            <gpxtpx:hr>102</gpxtpx:hr>
          </gpxtpx:TrackPointExtension>
        </extensions>
      </trkpt>
      <trkpt lat="22.64702353523935" lon="107.60483392001531">
        <ele>97.21139867696911</ele>
        <time>2023-10-20T01:27:17Z</time>
        <extensions>
          <gpxtpx:TrackPointExtension>
            <gpxtpx:hr>103</gpxtpx:hr>
          </gpxtpx:TrackPointExtension>
        </extensions>
      </trkpt>
      <trkpt lat="22.6470027325958" lon="107.60482365726908">
        <ele>97.14688624069095</ele>
        <time>2023-10-20T01:27:18Z</time>
        <extensions>
          <gpxtpx:TrackPointExtension>
            <gpxtpx:hr>103</gpxtpx:hr>
          </gpxtpx:TrackPointExtension>
        </extensions>
      </trkpt>
      <trkpt lat="22.646985434765824" lon="107.60481425708335">
        <ele>97.08915477152914</ele>
        <time>2023-10-20T01:27:19Z</time>
        <extensions>
          <gpxtpx:TrackPointExtension>
            <gpxtpx:hr>103</gpxtpx:hr>
          </gpxtpx:TrackPointExtension>
        </extensions>
      </trkpt>
      <trkpt lat="22.646971608760186" lon="107.60480612695551">
        <ele>97.04275756888092</ele>
        <time>2023-10-20T01:27:20Z</time>
        <extensions>
          <gpxtpx:TrackPointExtension>
            <gpxtpx:hr>101</gpxtpx:hr>
          </gpxtpx:TrackPointExtension>
        </extensions>
      </trkpt>
      <trkpt lat="22.646960839902313" lon="107.60479974854238">
        <ele>96.99697375111282</ele>
        <time>2023-10-20T01:27:21Z</time>
        <extensions>
          <gpxtpx:TrackPointExtension>
            <gpxtpx:hr>101</gpxtpx:hr>
          </gpxtpx:TrackPointExtension>
        </extensions>
      </trkpt>
      <trkpt lat="22.64695174910062" lon="107.60479513972518">
        <ele>96.95111363567412</ele>
        <time>2023-10-20T01:27:22Z</time>
        <extensions>
          <gpxtpx:TrackPointExtension>
            <gpxtpx:hr>101</gpxtpx:hr>
          </gpxtpx:TrackPointExtension>
        </extensions>
      </trkpt>
      <trkpt lat="22.646942813861926" lon="107.60479228090749">
        <ele>96.9068991933018</ele>
        <time>2023-10-20T01:27:23Z</time>
        <extensions>
          <gpxtpx:TrackPointExtension>
            <gpxtpx:hr>101</gpxtpx:hr>
          </gpxtpx:TrackPointExtension>
        </extensions>
      </trkpt>
      <trkpt lat="22.64693434924173" lon="107.60479144319272">
        <ele>96.86405359208584</ele>
        <time>2023-10-20T01:27:24Z</time>
        <extensions>
          <gpxtpx:TrackPointExtension>
            <gpxtpx:hr>101</gpxtpx:hr>
          </gpxtpx:TrackPointExtension>
        </extensions>
      </trkpt>
      <trkpt lat="22.646926615683185" lon="107.60479251241792">
        <ele>96.82360011618584</ele>
        <time>2023-10-20T01:27:25Z</time>
        <extensions>
          <gpxtpx:TrackPointExtension>
            <gpxtpx:hr>101</gpxtpx:hr>
          </gpxtpx:TrackPointExtension>
        </extensions>
      </trkpt>
      <trkpt lat="22.646919860430568" lon="107.60479531360704">
        <ele>96.7827020008117</ele>
        <time>2023-10-20T01:27:26Z</time>
        <extensions>
          <gpxtpx:TrackPointExtension>
            <gpxtpx:hr>100</gpxtpx:hr>
          </gpxtpx:TrackPointExtension>
        </extensions>
      </trkpt>
      <trkpt lat="22.646914458876427" lon="107.60479943603505">
        <ele>96.74352997541428</ele>
        <time>2023-10-20T01:27:27Z</time>
        <extensions>
          <gpxtpx:TrackPointExtension>
            <gpxtpx:hr>100</gpxtpx:hr>
          </gpxtpx:TrackPointExtension>
        </extensions>
      </trkpt>
      <trkpt lat="22.64691060528987" lon="107.6048045600394">
        <ele>96.70560890808702</ele>
        <time>2023-10-20T01:27:28Z</time>
        <extensions>
          <gpxtpx:TrackPointExtension>
            <gpxtpx:hr>100</gpxtpx:hr>
          </gpxtpx:TrackPointExtension>
        </extensions>
      </trkpt>
      <trkpt lat="22.646908645597144" lon="107.60481055775871">
        <ele>96.66842498164624</ele>
        <time>2023-10-20T01:27:29Z</time>
        <extensions>
          <gpxtpx:TrackPointExtension>
            <gpxtpx:hr>100</gpxtpx:hr>
          </gpxtpx:TrackPointExtension>
        </extensions>
      </trkpt>
      <trkpt lat="22.646909150903298" lon="107.60481735279164">
        <ele>96.631605964154</ele>
        <time>2023-10-20T01:27:30Z</time>
        <extensions>
          <gpxtpx:TrackPointExtension>
            <gpxtpx:hr>100</gpxtpx:hr>
          </gpxtpx:TrackPointExtension>
        </extensions>
      </trkpt>
      <trkpt lat="22.646912170873644" lon="107.60482507837229">
        <ele>96.59505471680313</ele>
        <time>2023-10-20T01:27:31Z</time>
        <extensions>
          <gpxtpx:TrackPointExtension>
            <gpxtpx:hr>101</gpxtpx:hr>
          </gpxtpx:TrackPointExtension>
        </extensions>
      </trkpt>
      <trkpt lat="22.646917226338942" lon="107.60483358785787">
        <ele>96.55898393131793</ele>
        <time>2023-10-20T01:27:32Z</time>
        <extensions>
          <gpxtpx:TrackPointExtension>
            <gpxtpx:hr>101</gpxtpx:hr>
          </gpxtpx:TrackPointExtension>
        </extensions>
      </trkpt>
      <trkpt lat="22.646923739777762" lon="107.60484266807039">
        <ele>96.52380982600152</ele>
        <time>2023-10-20T01:27:33Z</time>
        <extensions>
          <gpxtpx:TrackPointExtension>
            <gpxtpx:hr>101</gpxtpx:hr>
          </gpxtpx:TrackPointExtension>
        </extensions>
      </trkpt>
      <trkpt lat="22.64693104583303" lon="107.60485191496038">
        <ele>96.4899964183569</ele>
        <time>2023-10-20T01:27:34Z</time>
        <extensions>
          <gpxtpx:TrackPointExtension>
            <gpxtpx:hr>101</gpxtpx:hr>
          </gpxtpx:TrackPointExtension>
        </extensions>
      </trkpt>
      <trkpt lat="22.64693819430272" lon="107.60486049829102">
        <ele>96.45798781793565</ele>
        <time>2023-10-20T01:27:35Z</time>
        <extensions>
          <gpxtpx:TrackPointExtension>
            <gpxtpx:hr>101</gpxtpx:hr>
          </gpxtpx:TrackPointExtension>
        </extensions>
      </trkpt>
      <trkpt lat="22.646944228264676" lon="107.60486856015079">
        <ele>96.41021856758744</ele>
        <time>2023-10-20T01:27:36Z</time>
        <extensions>
          <gpxtpx:TrackPointExtension>
            <gpxtpx:hr>107</gpxtpx:hr>
          </gpxtpx:TrackPointExtension>
        </extensions>
      </trkpt>
      <trkpt lat="22.64694845563381" lon="107.60487451901969">
        <ele>96.35891907755286</ele>
        <time>2023-10-20T01:27:37Z</time>
        <extensions>
          <gpxtpx:TrackPointExtension>
            <gpxtpx:hr>107</gpxtpx:hr>
          </gpxtpx:TrackPointExtension>
        </extensions>
      </trkpt>
      <trkpt lat="22.646951512245764" lon="107.60487936527052">
        <ele>96.30501809250563</ele>
        <time>2023-10-20T01:27:38Z</time>
        <extensions>
          <gpxtpx:TrackPointExtension>
            <gpxtpx:hr>107</gpxtpx:hr>
          </gpxtpx:TrackPointExtension>
        </extensions>
      </trkpt>
      <trkpt lat="22.646953871241337" lon="107.60488377393082">
        <ele>96.24977208767086</ele>
        <time>2023-10-20T01:27:39Z</time>
        <extensions>
          <gpxtpx:TrackPointExtension>
            <gpxtpx:hr>107</gpxtpx:hr>
          </gpxtpx:TrackPointExtension>
        </extensions>
      </trkpt>
      <trkpt lat="22.646955857164105" lon="107.60488830787598">
        <ele>96.19313795492053</ele>
        <time>2023-10-20T01:27:40Z</time>
        <extensions>
          <gpxtpx:TrackPointExtension>
            <gpxtpx:hr>107</gpxtpx:hr>
          </gpxtpx:TrackPointExtension>
        </extensions>
      </trkpt>
      <trkpt lat="22.646957730035776" lon="107.60489349670928">
        <ele>96.1352007817477</ele>
        <time>2023-10-20T01:27:41Z</time>
        <extensions>
          <gpxtpx:TrackPointExtension>
            <gpxtpx:hr>107</gpxtpx:hr>
          </gpxtpx:TrackPointExtension>
        </extensions>
      </trkpt>
      <trkpt lat="22.6469596591394" lon="107.60490022474639">
        <ele>96.06523730792105</ele>
        <time>2023-10-20T01:27:42Z</time>
        <extensions>
          <gpxtpx:TrackPointExtension>
            <gpxtpx:hr>107</gpxtpx:hr>
          </gpxtpx:TrackPointExtension>
        </extensions>
      </trkpt>
      <trkpt lat="22.646961861623925" lon="107.60490874766059">
        <ele>95.9935806542635</ele>
        <time>2023-10-20T01:27:43Z</time>
        <extensions>
          <gpxtpx:TrackPointExtension>
            <gpxtpx:hr>107</gpxtpx:hr>
          </gpxtpx:TrackPointExtension>
        </extensions>
      </trkpt>
      <trkpt lat="22.646964473345207" lon="107.60491946995852">
        <ele>95.9244618108496</ele>
        <time>2023-10-20T01:27:44Z</time>
        <extensions>
          <gpxtpx:TrackPointExtension>
            <gpxtpx:hr>107</gpxtpx:hr>
          </gpxtpx:TrackPointExtension>
        </extensions>
      </trkpt>
      <trkpt lat="22.646967551953974" lon="107.60493275703155">
        <ele>95.85078585427254</ele>
        <time>2023-10-20T01:27:45Z</time>
        <extensions>
          <gpxtpx:TrackPointExtension>
            <gpxtpx:hr>107</gpxtpx:hr>
          </gpxtpx:TrackPointExtension>
        </extensions>
      </trkpt>
      <trkpt lat="22.64697107990392" lon="107.60494888270635">
        <ele>95.7739883698523</ele>
        <time>2023-10-20T01:27:46Z</time>
        <extensions>
          <gpxtpx:TrackPointExtension>
            <gpxtpx:hr>108</gpxtpx:hr>
          </gpxtpx:TrackPointExtension>
        </extensions>
      </trkpt>
      <trkpt lat="22.646974463442763" lon="107.60496552646076">
        <ele>95.69744886830449</ele>
        <time>2023-10-20T01:27:47Z</time>
        <extensions>
          <gpxtpx:TrackPointExtension>
            <gpxtpx:hr>108</gpxtpx:hr>
          </gpxtpx:TrackPointExtension>
        </extensions>
      </trkpt>
      <trkpt lat="22.646976715910093" lon="107.60497890335365">
        <ele>95.62229394447058</ele>
        <time>2023-10-20T01:27:48Z</time>
        <extensions>
          <gpxtpx:TrackPointExtension>
            <gpxtpx:hr>108</gpxtpx:hr>
          </gpxtpx:TrackPointExtension>
        </extensions>
      </trkpt>
      <trkpt lat="22.646977603166736" lon="107.60498837222978">
        <ele>95.5495626386255</ele>
        <time>2023-10-20T01:27:49Z</time>
        <extensions>
          <gpxtpx:TrackPointExtension>
            <gpxtpx:hr>108</gpxtpx:hr>
          </gpxtpx:TrackPointExtension>
        </extensions>
      </trkpt>
      <trkpt lat="22.64697723801163" lon="107.604995320641">
        <ele>95.47846051305532</ele>
        <time>2023-10-20T01:27:50Z</time>
        <extensions>
          <gpxtpx:TrackPointExtension>
            <gpxtpx:hr>104</gpxtpx:hr>
          </gpxtpx:TrackPointExtension>
        </extensions>
      </trkpt>
      <trkpt lat="22.646975569643654" lon="107.60500090197623">
        <ele>95.41081573627889</ele>
        <time>2023-10-20T01:27:51Z</time>
        <extensions>
          <gpxtpx:TrackPointExtension>
            <gpxtpx:hr>104</gpxtpx:hr>
          </gpxtpx:TrackPointExtension>
        </extensions>
      </trkpt>
      <trkpt lat="22.64697218753842" lon="107.60500579301291">
        <ele>95.34719383064657</ele>
        <time>2023-10-20T01:27:52Z</time>
        <extensions>
          <gpxtpx:TrackPointExtension>
            <gpxtpx:hr>104</gpxtpx:hr>
          </gpxtpx:TrackPointExtension>
        </extensions>
      </trkpt>
      <trkpt lat="22.64696705883926" lon="107.60500957920165">
        <ele>95.28804943803698</ele>
        <time>2023-10-20T01:27:53Z</time>
        <extensions>
          <gpxtpx:TrackPointExtension>
            <gpxtpx:hr>104</gpxtpx:hr>
          </gpxtpx:TrackPointExtension>
        </extensions>
      </trkpt>
      <trkpt lat="22.646960705672907" lon="107.60501089757236">
        <ele>95.24330212920904</ele>
        <time>2023-10-20T01:27:54Z</time>
        <extensions>
          <gpxtpx:TrackPointExtension>
            <gpxtpx:hr>104</gpxtpx:hr>
          </gpxtpx:TrackPointExtension>
        </extensions>
      </trkpt>
      <trkpt lat="22.646954499049706" lon="107.6050101750367">
        <ele>95.21051922440529</ele>
        <time>2023-10-20T01:27:55Z</time>
        <extensions>
          <gpxtpx:TrackPointExtension>
            <gpxtpx:hr>105</gpxtpx:hr>
          </gpxtpx:TrackPointExtension>
        </extensions>
      </trkpt>
      <trkpt lat="22.646949802031592" lon="107.60500840556307">
        <ele>95.18643840681762</ele>
        <time>2023-10-20T01:27:56Z</time>
        <extensions>
          <gpxtpx:TrackPointExtension>
            <gpxtpx:hr>105</gpxtpx:hr>
          </gpxtpx:TrackPointExtension>
        </extensions>
      </trkpt>
      <trkpt lat="22.64694667201278" lon="107.60500611458446">
        <ele>95.16836405638605</ele>
        <time>2023-10-20T01:27:57Z</time>
        <extensions>
          <gpxtpx:TrackPointExtension>
            <gpxtpx:hr>105</gpxtpx:hr>
          </gpxtpx:TrackPointExtension>
        </extensions>
      </trkpt>
      <trkpt lat="22.646944186204664" lon="107.60500299642568">
        <ele>95.1575819812715</ele>
        <time>2023-10-20T01:27:58Z</time>
        <extensions>
          <gpxtpx:TrackPointExtension>
            <gpxtpx:hr>105</gpxtpx:hr>
          </gpxtpx:TrackPointExtension>
        </extensions>
      </trkpt>
      <trkpt lat="22.646941659568835" lon="107.60499804844518">
        <ele>95.16609402094036</ele>
        <time>2023-10-20T01:27:59Z</time>
        <extensions>
          <gpxtpx:TrackPointExtension>
            <gpxtpx:hr>105</gpxtpx:hr>
          </gpxtpx:TrackPointExtension>
        </extensions>
      </trkpt>
      <trkpt lat="22.64693860832111" lon="107.6049914891192">
        <ele>95.18845516629517</ele>
        <time>2023-10-20T01:28:00Z</time>
        <extensions>
          <gpxtpx:TrackPointExtension>
            <gpxtpx:hr>99</gpxtpx:hr>
          </gpxtpx:TrackPointExtension>
        </extensions>
      </trkpt>
      <trkpt lat="22.646934825515622" lon="107.60498372447131">
        <ele>95.22008364740759</ele>
        <time>2023-10-20T01:28:01Z</time>
        <extensions>
          <gpxtpx:TrackPointExtension>
            <gpxtpx:hr>99</gpxtpx:hr>
          </gpxtpx:TrackPointExtension>
        </extensions>
      </trkpt>
      <trkpt lat="22.646930083199447" lon="107.60497407119914">
        <ele>95.25999993737787</ele>
        <time>2023-10-20T01:28:02Z</time>
        <extensions>
          <gpxtpx:TrackPointExtension>
            <gpxtpx:hr>99</gpxtpx:hr>
          </gpxtpx:TrackPointExtension>
        </extensions>
      </trkpt>
      <trkpt lat="22.64692447270236" lon="107.60496255543741">
        <ele>95.30594325810671</ele>
        <time>2023-10-20T01:28:03Z</time>
        <extensions>
          <gpxtpx:TrackPointExtension>
            <gpxtpx:hr>99</gpxtpx:hr>
          </gpxtpx:TrackPointExtension>
        </extensions>
      </trkpt>
      <trkpt lat="22.646918416743954" lon="107.60494965319957">
        <ele>95.3597722016275</ele>
        <time>2023-10-20T01:28:04Z</time>
        <extensions>
          <gpxtpx:TrackPointExtension>
            <gpxtpx:hr>99</gpxtpx:hr>
          </gpxtpx:TrackPointExtension>
        </extensions>
      </trkpt>
      <trkpt lat="22.64691333599881" lon="107.60493770195198">
        <ele>95.41751600801945</ele>
        <time>2023-10-20T01:28:05Z</time>
        <extensions>
          <gpxtpx:TrackPointExtension>
            <gpxtpx:hr>99</gpxtpx:hr>
          </gpxtpx:TrackPointExtension>
        </extensions>
      </trkpt>
      <trkpt lat="22.646909448022864" lon="107.60492623503488">
        <ele>95.4796221125871</ele>
        <time>2023-10-20T01:28:06Z</time>
        <extensions>
          <gpxtpx:TrackPointExtension>
            <gpxtpx:hr>102</gpxtpx:hr>
          </gpxtpx:TrackPointExtension>
        </extensions>
      </trkpt>
      <trkpt lat="22.646906816339605" lon="107.60491587558671">
        <ele>95.54752414114773</ele>
        <time>2023-10-20T01:28:07Z</time>
        <extensions>
          <gpxtpx:TrackPointExtension>
            <gpxtpx:hr>102</gpxtpx:hr>
          </gpxtpx:TrackPointExtension>
        </extensions>
      </trkpt>
      <trkpt lat="22.646905837382" lon="107.60490745363461">
        <ele>95.62141633220017</ele>
        <time>2023-10-20T01:28:08Z</time>
        <extensions>
          <gpxtpx:TrackPointExtension>
            <gpxtpx:hr>102</gpxtpx:hr>
          </gpxtpx:TrackPointExtension>
        </extensions>
      </trkpt>
      <trkpt lat="22.646906063035637" lon="107.60489685849439">
        <ele>95.69444031640887</ele>
        <time>2023-10-20T01:28:09Z</time>
        <extensions>
          <gpxtpx:TrackPointExtension>
            <gpxtpx:hr>102</gpxtpx:hr>
          </gpxtpx:TrackPointExtension>
        </extensions>
      </trkpt>
      <trkpt lat="22.64690757469794" lon="107.60488408986637">
        <ele>95.77006015367806</ele>
        <time>2023-10-20T01:28:10Z</time>
        <extensions>
          <gpxtpx:TrackPointExtension>
            <gpxtpx:hr>100</gpxtpx:hr>
          </gpxtpx:TrackPointExtension>
        </extensions>
      </trkpt>
      <trkpt lat="22.646910768161554" lon="107.60487189117802">
        <ele>95.83742731437087</ele>
        <time>2023-10-20T01:28:11Z</time>
        <extensions>
          <gpxtpx:TrackPointExtension>
            <gpxtpx:hr>100</gpxtpx:hr>
          </gpxtpx:TrackPointExtension>
        </extensions>
      </trkpt>
      <trkpt lat="22.646916020737017" lon="107.60486133060103">
        <ele>95.89502108469605</ele>
        <time>2023-10-20T01:28:12Z</time>
        <extensions>
          <gpxtpx:TrackPointExtension>
            <gpxtpx:hr>100</gpxtpx:hr>
          </gpxtpx:TrackPointExtension>
        </extensions>
      </trkpt>
      <trkpt lat="22.646923690686393" lon="107.60485204478886">
        <ele>95.95129827223718</ele>
        <time>2023-10-20T01:28:13Z</time>
        <extensions>
          <gpxtpx:TrackPointExtension>
            <gpxtpx:hr>100</gpxtpx:hr>
          </gpxtpx:TrackPointExtension>
        </extensions>
      </trkpt>
      <trkpt lat="22.646933603119695" lon="107.6048438687497">
        <ele>95.99956422951072</ele>
        <time>2023-10-20T01:28:14Z</time>
        <extensions>
          <gpxtpx:TrackPointExtension>
            <gpxtpx:hr>100</gpxtpx:hr>
          </gpxtpx:TrackPointExtension>
        </extensions>
      </trkpt>
      <trkpt lat="22.646945031490546" lon="107.6048376850974">
        <ele>96.05520845856518</ele>
        <time>2023-10-20T01:28:15Z</time>
        <extensions>
          <gpxtpx:TrackPointExtension>
            <gpxtpx:hr>104</gpxtpx:hr>
          </gpxtpx:TrackPointExtension>
        </extensions>
      </trkpt>
      <trkpt lat="22.64695697387" lon="107.6048343056894">
        <ele>96.10959371551871</ele>
        <time>2023-10-20T01:28:16Z</time>
        <extensions>
          <gpxtpx:TrackPointExtension>
            <gpxtpx:hr>104</gpxtpx:hr>
          </gpxtpx:TrackPointExtension>
        </extensions>
      </trkpt>
      <trkpt lat="22.646967674250355" lon="107.60483367496084">
        <ele>96.15895546134561</ele>
        <time>2023-10-20T01:28:17Z</time>
        <extensions>
          <gpxtpx:TrackPointExtension>
            <gpxtpx:hr>104</gpxtpx:hr>
          </gpxtpx:TrackPointExtension>
        </extensions>
      </trkpt>
      <trkpt lat="22.646976172493705" lon="107.6048348953424">
        <ele>96.21073383372277</ele>
        <time>2023-10-20T01:28:18Z</time>
        <extensions>
          <gpxtpx:TrackPointExtension>
            <gpxtpx:hr>104</gpxtpx:hr>
          </gpxtpx:TrackPointExtension>
        </extensions>
      </trkpt>
      <trkpt lat="22.64698241371372" lon="107.604836977076">
        <ele>96.26232652086765</ele>
        <time>2023-10-20T01:28:19Z</time>
        <extensions>
          <gpxtpx:TrackPointExtension>
            <gpxtpx:hr>104</gpxtpx:hr>
          </gpxtpx:TrackPointExtension>
        </extensions>
      </trkpt>
      <trkpt lat="22.646986108199787" lon="107.60483928629968">
        <ele>96.30970408581197</ele>
        <time>2023-10-20T01:28:20Z</time>
        <extensions>
          <gpxtpx:TrackPointExtension>
            <gpxtpx:hr>106</gpxtpx:hr>
          </gpxtpx:TrackPointExtension>
        </extensions>
      </trkpt>
      <trkpt lat="22.646987221453983" lon="107.60484146499017">
        <ele>96.35454877372831</ele>
        <time>2023-10-20T01:28:21Z</time>
        <extensions>
          <gpxtpx:TrackPointExtension>
            <gpxtpx:hr>106</gpxtpx:hr>
          </gpxtpx:TrackPointExtension>
        </extensions>
      </trkpt>
      <trkpt lat="22.64698588244497" lon="107.60484350086284">
        <ele>96.3881937591359</ele>
        <time>2023-10-20T01:28:22Z</time>
        <extensions>
          <gpxtpx:TrackPointExtension>
            <gpxtpx:hr>106</gpxtpx:hr>
          </gpxtpx:TrackPointExtension>
        </extensions>
      </trkpt>
      <trkpt lat="22.646982283787608" lon="107.60484556571225">
        <ele>96.42043719813228</ele>
        <time>2023-10-20T01:28:23Z</time>
        <extensions>
          <gpxtpx:TrackPointExtension>
            <gpxtpx:hr>106</gpxtpx:hr>
          </gpxtpx:TrackPointExtension>
        </extensions>
      </trkpt>
      <trkpt lat="22.646977337521534" lon="107.60484781250268">
        <ele>96.4499149825424</ele>
        <time>2023-10-20T01:28:24Z</time>
        <extensions>
          <gpxtpx:TrackPointExtension>
            <gpxtpx:hr>106</gpxtpx:hr>
          </gpxtpx:TrackPointExtension>
        </extensions>
      </trkpt>
      <trkpt lat="22.646972293983477" lon="107.60485055648996">
        <ele>96.47739196754992</ele>
        <time>2023-10-20T01:28:25Z</time>
        <extensions>
          <gpxtpx:TrackPointExtension>
            <gpxtpx:hr>93</gpxtpx:hr>
          </gpxtpx:TrackPointExtension>
        </extensions>
      </trkpt>
      <trkpt lat="22.6469681907531" lon="107.60485383243076">
        <ele>96.50237861834466</ele>
        <time>2023-10-20T01:28:26Z</time>
        <extensions>
          <gpxtpx:TrackPointExtension>
            <gpxtpx:hr>93</gpxtpx:hr>
          </gpxtpx:TrackPointExtension>
        </extensions>
      </trkpt>
      <trkpt lat="22.64696569211618" lon="107.60485802462414">
        <ele>96.52483701147139</ele>
        <time>2023-10-20T01:28:27Z</time>
        <extensions>
          <gpxtpx:TrackPointExtension>
            <gpxtpx:hr>93</gpxtpx:hr>
          </gpxtpx:TrackPointExtension>
        </extensions>
      </trkpt>
      <trkpt lat="22.646964643133046" lon="107.60486302219637">
        <ele>96.55255450122058</ele>
        <time>2023-10-20T01:28:28Z</time>
        <extensions>
          <gpxtpx:TrackPointExtension>
            <gpxtpx:hr>93</gpxtpx:hr>
          </gpxtpx:TrackPointExtension>
        </extensions>
      </trkpt>
      <trkpt lat="22.64696414101182" lon="107.60486815229687">
        <ele>96.5717438235879</ele>
        <time>2023-10-20T01:28:29Z</time>
        <extensions>
          <gpxtpx:TrackPointExtension>
            <gpxtpx:hr>93</gpxtpx:hr>
          </gpxtpx:TrackPointExtension>
        </extensions>
      </trkpt>
      <trkpt lat="22.646963254520568" lon="107.60487295354581">
        <ele>96.58898505568504</ele>
        <time>2023-10-20T01:28:30Z</time>
        <extensions>
          <gpxtpx:TrackPointExtension>
            <gpxtpx:hr>93</gpxtpx:hr>
          </gpxtpx:TrackPointExtension>
        </extensions>
      </trkpt>
      <trkpt lat="22.646961339664426" lon="107.60487694106546">
        <ele>96.59570118412375</ele>
        <time>2023-10-20T01:28:31Z</time>
        <extensions>
          <gpxtpx:TrackPointExtension>
            <gpxtpx:hr>89</gpxtpx:hr>
          </gpxtpx:TrackPointExtension>
        </extensions>
      </trkpt>
      <trkpt lat="22.646958150650825" lon="107.60487962562212">
        <ele>96.6015692660585</ele>
        <time>2023-10-20T01:28:32Z</time>
        <extensions>
          <gpxtpx:TrackPointExtension>
            <gpxtpx:hr>89</gpxtpx:hr>
          </gpxtpx:TrackPointExtension>
        </extensions>
      </trkpt>
      <trkpt lat="22.646953668400425" lon="107.6048806769113">
        <ele>96.59547604620457</ele>
        <time>2023-10-20T01:28:33Z</time>
        <extensions>
          <gpxtpx:TrackPointExtension>
            <gpxtpx:hr>89</gpxtpx:hr>
          </gpxtpx:TrackPointExtension>
        </extensions>
      </trkpt>
      <trkpt lat="22.64694770230787" lon="107.60488015830454">
        <ele>96.59217706788331</ele>
        <time>2023-10-20T01:28:34Z</time>
        <extensions>
          <gpxtpx:TrackPointExtension>
            <gpxtpx:hr>89</gpxtpx:hr>
          </gpxtpx:TrackPointExtension>
        </extensions>
      </trkpt>
      <trkpt lat="22.646939945815156" lon="107.60487856046143">
        <ele>96.58972261380404</ele>
        <time>2023-10-20T01:28:35Z</time>
        <extensions>
          <gpxtpx:TrackPointExtension>
            <gpxtpx:hr>88</gpxtpx:hr>
          </gpxtpx:TrackPointExtension>
        </extensions>
      </trkpt>
      <trkpt lat="22.64693049625099" lon="107.60487673991832">
        <ele>96.56950009148568</ele>
        <time>2023-10-20T01:28:36Z</time>
        <extensions>
          <gpxtpx:TrackPointExtension>
            <gpxtpx:hr>88</gpxtpx:hr>
          </gpxtpx:TrackPointExtension>
        </extensions>
      </trkpt>
      <trkpt lat="22.646920433142128" lon="107.60487534484756">
        <ele>96.54927792400122</ele>
        <time>2023-10-20T01:28:37Z</time>
        <extensions>
          <gpxtpx:TrackPointExtension>
            <gpxtpx:hr>88</gpxtpx:hr>
          </gpxtpx:TrackPointExtension>
        </extensions>
      </trkpt>
      <trkpt lat="22.64691121165576" lon="107.60487455260451">
        <ele>96.52486372087151</ele>
        <time>2023-10-20T01:28:38Z</time>
        <extensions>
          <gpxtpx:TrackPointExtension>
            <gpxtpx:hr>88</gpxtpx:hr>
          </gpxtpx:TrackPointExtension>
        </extensions>
      </trkpt>
      <trkpt lat="22.64690302379616" lon="107.6048744716746">
        <ele>96.49422771576792</ele>
        <time>2023-10-20T01:28:39Z</time>
        <extensions>
          <gpxtpx:TrackPointExtension>
            <gpxtpx:hr>89</gpxtpx:hr>
          </gpxtpx:TrackPointExtension>
        </extensions>
      </trkpt>
      <trkpt lat="22.6468950545506" lon="107.60487498771303">
        <ele>96.46069049462676</ele>
        <time>2023-10-20T01:28:40Z</time>
        <extensions>
          <gpxtpx:TrackPointExtension>
            <gpxtpx:hr>89</gpxtpx:hr>
          </gpxtpx:TrackPointExtension>
        </extensions>
      </trkpt>
      <trkpt lat="22.646886560149845" lon="107.60487600438121">
        <ele>96.4214500579983</ele>
        <time>2023-10-20T01:28:41Z</time>
        <extensions>
          <gpxtpx:TrackPointExtension>
            <gpxtpx:hr>89</gpxtpx:hr>
          </gpxtpx:TrackPointExtension>
        </extensions>
      </trkpt>
      <trkpt lat="22.646876689835405" lon="107.604877577339">
        <ele>96.37806492485106</ele>
        <time>2023-10-20T01:28:42Z</time>
        <extensions>
          <gpxtpx:TrackPointExtension>
            <gpxtpx:hr>89</gpxtpx:hr>
          </gpxtpx:TrackPointExtension>
        </extensions>
      </trkpt>
      <trkpt lat="22.646865551978248" lon="107.60487978268667">
        <ele>96.33336054254323</ele>
        <time>2023-10-20T01:28:43Z</time>
        <extensions>
          <gpxtpx:TrackPointExtension>
            <gpxtpx:hr>89</gpxtpx:hr>
          </gpxtpx:TrackPointExtension>
        </extensions>
      </trkpt>
      <trkpt lat="22.646853887397246" lon="107.6048828939193">
        <ele>96.28128232434392</ele>
        <time>2023-10-20T01:28:44Z</time>
        <extensions>
          <gpxtpx:TrackPointExtension>
            <gpxtpx:hr>89</gpxtpx:hr>
          </gpxtpx:TrackPointExtension>
        </extensions>
      </trkpt>
      <trkpt lat="22.64684186016808" lon="107.60488726672828">
        <ele>96.22223315574229</ele>
        <time>2023-10-20T01:28:45Z</time>
        <extensions>
          <gpxtpx:TrackPointExtension>
            <gpxtpx:hr>89</gpxtpx:hr>
          </gpxtpx:TrackPointExtension>
        </extensions>
      </trkpt>
      <trkpt lat="22.6468298991551" lon="107.60489280840208">
        <ele>96.16089892107993</ele>
        <time>2023-10-20T01:28:46Z</time>
        <extensions>
          <gpxtpx:TrackPointExtension>
            <gpxtpx:hr>96</gpxtpx:hr>
          </gpxtpx:TrackPointExtension>
        </extensions>
      </trkpt>
      <trkpt lat="22.64681799151965" lon="107.60489892723342">
        <ele>96.09205382689834</ele>
        <time>2023-10-20T01:28:47Z</time>
        <extensions>
          <gpxtpx:TrackPointExtension>
            <gpxtpx:hr>96</gpxtpx:hr>
          </gpxtpx:TrackPointExtension>
        </extensions>
      </trkpt>
      <trkpt lat="22.646805845977585" lon="107.60490504088408">
        <ele>96.02541957143694</ele>
        <time>2023-10-20T01:28:48Z</time>
        <extensions>
          <gpxtpx:TrackPointExtension>
            <gpxtpx:hr>96</gpxtpx:hr>
          </gpxtpx:TrackPointExtension>
        </extensions>
      </trkpt>
      <trkpt lat="22.646793435183948" lon="107.60491078678363">
        <ele>95.95227450877428</ele>
        <time>2023-10-20T01:28:49Z</time>
        <extensions>
          <gpxtpx:TrackPointExtension>
            <gpxtpx:hr>96</gpxtpx:hr>
          </gpxtpx:TrackPointExtension>
        </extensions>
      </trkpt>
      <trkpt lat="22.646780983478855" lon="107.60491630188125">
        <ele>95.8738797372207</ele>
        <time>2023-10-20T01:28:50Z</time>
        <extensions>
          <gpxtpx:TrackPointExtension>
            <gpxtpx:hr>96</gpxtpx:hr>
          </gpxtpx:TrackPointExtension>
        </extensions>
      </trkpt>
      <trkpt lat="22.646768761587154" lon="107.60492203344965">
        <ele>95.79541212227196</ele>
        <time>2023-10-20T01:28:51Z</time>
        <extensions>
          <gpxtpx:TrackPointExtension>
            <gpxtpx:hr>96</gpxtpx:hr>
          </gpxtpx:TrackPointExtension>
        </extensions>
      </trkpt>
      <trkpt lat="22.646757224752868" lon="107.60492823302927">
        <ele>95.71435441821814</ele>
        <time>2023-10-20T01:28:52Z</time>
        <extensions>
          <gpxtpx:TrackPointExtension>
            <gpxtpx:hr>96</gpxtpx:hr>
          </gpxtpx:TrackPointExtension>
        </extensions>
      </trkpt>
      <trkpt lat="22.646746558079894" lon="107.6049347970358">
        <ele>95.63346654269844</ele>
        <time>2023-10-20T01:28:53Z</time>
        <extensions>
          <gpxtpx:TrackPointExtension>
            <gpxtpx:hr>97</gpxtpx:hr>
          </gpxtpx:TrackPointExtension>
        </extensions>
      </trkpt>
      <trkpt lat="22.646736560102756" lon="107.6049415504139">
        <ele>95.55222810804844</ele>
        <time>2023-10-20T01:28:54Z</time>
        <extensions>
          <gpxtpx:TrackPointExtension>
            <gpxtpx:hr>97</gpxtpx:hr>
          </gpxtpx:TrackPointExtension>
        </extensions>
      </trkpt>
      <trkpt lat="22.646726817491366" lon="107.60494853586772">
        <ele>95.47215756680816</ele>
        <time>2023-10-20T01:28:55Z</time>
        <extensions>
          <gpxtpx:TrackPointExtension>
            <gpxtpx:hr>97</gpxtpx:hr>
          </gpxtpx:TrackPointExtension>
        </extensions>
      </trkpt>
      <trkpt lat="22.646716843452726" lon="107.60495593887754">
        <ele>95.38087060302496</ele>
        <time>2023-10-20T01:28:56Z</time>
        <extensions>
          <gpxtpx:TrackPointExtension>
            <gpxtpx:hr>98</gpxtpx:hr>
          </gpxtpx:TrackPointExtension>
        </extensions>
      </trkpt>
      <trkpt lat="22.646706754088967" lon="107.60496404157921">
        <ele>95.29051018599421</ele>
        <time>2023-10-20T01:28:57Z</time>
        <extensions>
          <gpxtpx:TrackPointExtension>
            <gpxtpx:hr>98</gpxtpx:hr>
          </gpxtpx:TrackPointExtension>
        </extensions>
      </trkpt>
      <trkpt lat="22.6466975281644" lon="107.60497349927064">
        <ele>95.20638780947775</ele>
        <time>2023-10-20T01:28:58Z</time>
        <extensions>
          <gpxtpx:TrackPointExtension>
            <gpxtpx:hr>98</gpxtpx:hr>
          </gpxtpx:TrackPointExtension>
        </extensions>
      </trkpt>
      <trkpt lat="22.646689698878106" lon="107.6049851742936">
        <ele>95.12387914210558</ele>
        <time>2023-10-20T01:28:59Z</time>
        <extensions>
          <gpxtpx:TrackPointExtension>
            <gpxtpx:hr>98</gpxtpx:hr>
          </gpxtpx:TrackPointExtension>
        </extensions>
      </trkpt>
      <trkpt lat="22.646682460869116" lon="107.6049994974099">
        <ele>95.04527297243476</ele>
        <time>2023-10-20T01:29:00Z</time>
        <extensions>
          <gpxtpx:TrackPointExtension>
            <gpxtpx:hr>99</gpxtpx:hr>
          </gpxtpx:TrackPointExtension>
        </extensions>
      </trkpt>
      <trkpt lat="22.646674814607508" lon="107.60501617079933">
        <ele>94.97370664589107</ele>
        <time>2023-10-20T01:29:01Z</time>
        <extensions>
          <gpxtpx:TrackPointExtension>
            <gpxtpx:hr>99</gpxtpx:hr>
          </gpxtpx:TrackPointExtension>
        </extensions>
      </trkpt>
      <trkpt lat="22.646666318345034" lon="107.60503384341962">
        <ele>94.90547017939389</ele>
        <time>2023-10-20T01:29:02Z</time>
        <extensions>
          <gpxtpx:TrackPointExtension>
            <gpxtpx:hr>99</gpxtpx:hr>
          </gpxtpx:TrackPointExtension>
        </extensions>
      </trkpt>
      <trkpt lat="22.646657208197173" lon="107.60505124789945">
        <ele>94.83287256676704</ele>
        <time>2023-10-20T01:29:03Z</time>
        <extensions>
          <gpxtpx:TrackPointExtension>
            <gpxtpx:hr>99</gpxtpx:hr>
          </gpxtpx:TrackPointExtension>
        </extensions>
      </trkpt>
      <trkpt lat="22.64664795409315" lon="107.60506798009182">
        <ele>94.77024439070374</ele>
        <time>2023-10-20T01:29:04Z</time>
        <extensions>
          <gpxtpx:TrackPointExtension>
            <gpxtpx:hr>99</gpxtpx:hr>
          </gpxtpx:TrackPointExtension>
        </extensions>
      </trkpt>
      <trkpt lat="22.646638646608146" lon="107.6050835445017">
        <ele>94.71914833690971</ele>
        <time>2023-10-20T01:29:05Z</time>
        <extensions>
          <gpxtpx:TrackPointExtension>
            <gpxtpx:hr>99</gpxtpx:hr>
          </gpxtpx:TrackPointExtension>
        </extensions>
      </trkpt>
      <trkpt lat="22.646629030338804" lon="107.60509698497358">
        <ele>94.67954308446497</ele>
        <time>2023-10-20T01:29:06Z</time>
        <extensions>
          <gpxtpx:TrackPointExtension>
            <gpxtpx:hr>101</gpxtpx:hr>
          </gpxtpx:TrackPointExtension>
        </extensions>
      </trkpt>
      <trkpt lat="22.646619192891098" lon="107.60510760083102">
        <ele>94.64576580468565</ele>
        <time>2023-10-20T01:29:07Z</time>
        <extensions>
          <gpxtpx:TrackPointExtension>
            <gpxtpx:hr>101</gpxtpx:hr>
          </gpxtpx:TrackPointExtension>
        </extensions>
      </trkpt>
      <trkpt lat="22.646609029865356" lon="107.60511562044105">
        <ele>94.62786608655006</ele>
        <time>2023-10-20T01:29:08Z</time>
        <extensions>
          <gpxtpx:TrackPointExtension>
            <gpxtpx:hr>101</gpxtpx:hr>
          </gpxtpx:TrackPointExtension>
        </extensions>
      </trkpt>
      <trkpt lat="22.64659845829026" lon="107.60512152464432">
        <ele>94.61589534953237</ele>
        <time>2023-10-20T01:29:09Z</time>
        <extensions>
          <gpxtpx:TrackPointExtension>
            <gpxtpx:hr>101</gpxtpx:hr>
          </gpxtpx:TrackPointExtension>
        </extensions>
      </trkpt>
      <trkpt lat="22.64658842877272" lon="107.60512555365119">
        <ele>94.61059282254428</ele>
        <time>2023-10-20T01:29:10Z</time>
        <extensions>
          <gpxtpx:TrackPointExtension>
            <gpxtpx:hr>101</gpxtpx:hr>
          </gpxtpx:TrackPointExtension>
        </extensions>
      </trkpt>
      <trkpt lat="22.646579895681825" lon="107.60512808058586">
        <ele>94.61235401313752</ele>
        <time>2023-10-20T01:29:11Z</time>
        <extensions>
          <gpxtpx:TrackPointExtension>
            <gpxtpx:hr>101</gpxtpx:hr>
          </gpxtpx:TrackPointExtension>
        </extensions>
      </trkpt>
      <trkpt lat="22.646572957068038" lon="107.60512956689608">
        <ele>94.62634012382478</ele>
        <time>2023-10-20T01:29:12Z</time>
        <extensions>
          <gpxtpx:TrackPointExtension>
            <gpxtpx:hr>101</gpxtpx:hr>
          </gpxtpx:TrackPointExtension>
        </extensions>
      </trkpt>
      <trkpt lat="22.64656747503617" lon="107.6051302190073">
        <ele>94.64912373386323</ele>
        <time>2023-10-20T01:29:13Z</time>
        <extensions>
          <gpxtpx:TrackPointExtension>
            <gpxtpx:hr>101</gpxtpx:hr>
          </gpxtpx:TrackPointExtension>
        </extensions>
      </trkpt>
      <trkpt lat="22.64656309269572" lon="107.60513022758947">
        <ele>94.67627932876348</ele>
        <time>2023-10-20T01:29:14Z</time>
        <extensions>
          <gpxtpx:TrackPointExtension>
            <gpxtpx:hr>101</gpxtpx:hr>
          </gpxtpx:TrackPointExtension>
        </extensions>
      </trkpt>
      <trkpt lat="22.646559138847856" lon="107.60512991593893">
        <ele>94.71572330221534</ele>
        <time>2023-10-20T01:29:15Z</time>
        <extensions>
          <gpxtpx:TrackPointExtension>
            <gpxtpx:hr>102</gpxtpx:hr>
          </gpxtpx:TrackPointExtension>
        </extensions>
      </trkpt>
      <trkpt lat="22.646554699185632" lon="107.60512947222055">
        <ele>94.75846751313657</ele>
        <time>2023-10-20T01:29:16Z</time>
        <extensions>
          <gpxtpx:TrackPointExtension>
            <gpxtpx:hr>102</gpxtpx:hr>
          </gpxtpx:TrackPointExtension>
        </extensions>
      </trkpt>
      <trkpt lat="22.646549676796106" lon="107.60512895927754">
        <ele>94.80038086511195</ele>
        <time>2023-10-20T01:29:17Z</time>
        <extensions>
          <gpxtpx:TrackPointExtension>
            <gpxtpx:hr>102</gpxtpx:hr>
          </gpxtpx:TrackPointExtension>
        </extensions>
      </trkpt>
      <trkpt lat="22.646544788318607" lon="107.60512853502159">
        <ele>94.84865116607398</ele>
        <time>2023-10-20T01:29:18Z</time>
        <extensions>
          <gpxtpx:TrackPointExtension>
            <gpxtpx:hr>102</gpxtpx:hr>
          </gpxtpx:TrackPointExtension>
        </extensions>
      </trkpt>
      <trkpt lat="22.646540253811725" lon="107.60512805900535">
        <ele>94.89724042639136</ele>
        <time>2023-10-20T01:29:19Z</time>
        <extensions>
          <gpxtpx:TrackPointExtension>
            <gpxtpx:hr>102</gpxtpx:hr>
          </gpxtpx:TrackPointExtension>
        </extensions>
      </trkpt>
      <trkpt lat="22.646535647618688" lon="107.60512733910656">
        <ele>94.94278473779559</ele>
        <time>2023-10-20T01:29:20Z</time>
        <extensions>
          <gpxtpx:TrackPointExtension>
            <gpxtpx:hr>102</gpxtpx:hr>
          </gpxtpx:TrackPointExtension>
        </extensions>
      </trkpt>
      <trkpt lat="22.64653022671927" lon="107.60512667145719">
        <ele>94.983872320503</ele>
        <time>2023-10-20T01:29:21Z</time>
        <extensions>
          <gpxtpx:TrackPointExtension>
            <gpxtpx:hr>103</gpxtpx:hr>
          </gpxtpx:TrackPointExtension>
        </extensions>
      </trkpt>
      <trkpt lat="22.646523185627636" lon="107.6051264988341">
        <ele>95.02938570920378</ele>
        <time>2023-10-20T01:29:22Z</time>
        <extensions>
          <gpxtpx:TrackPointExtension>
            <gpxtpx:hr>103</gpxtpx:hr>
          </gpxtpx:TrackPointExtension>
        </extensions>
      </trkpt>
      <trkpt lat="22.64651449229261" lon="107.60512712148659">
        <ele>95.08432004507631</ele>
        <time>2023-10-20T01:29:23Z</time>
        <extensions>
          <gpxtpx:TrackPointExtension>
            <gpxtpx:hr>103</gpxtpx:hr>
          </gpxtpx:TrackPointExtension>
        </extensions>
      </trkpt>
      <trkpt lat="22.6465046676043" lon="107.60512820457596">
        <ele>95.13878003321588</ele>
        <time>2023-10-20T01:29:24Z</time>
        <extensions>
          <gpxtpx:TrackPointExtension>
            <gpxtpx:hr>103</gpxtpx:hr>
          </gpxtpx:TrackPointExtension>
        </extensions>
      </trkpt>
      <trkpt lat="22.64649390295149" lon="107.60512872919297">
        <ele>95.18894368689507</ele>
        <time>2023-10-20T01:29:25Z</time>
        <extensions>
          <gpxtpx:TrackPointExtension>
            <gpxtpx:hr>103</gpxtpx:hr>
          </gpxtpx:TrackPointExtension>
        </extensions>
      </trkpt>
      <trkpt lat="22.646482445832568" lon="107.60512760560096">
        <ele>95.2309064399451</ele>
        <time>2023-10-20T01:29:26Z</time>
        <extensions>
          <gpxtpx:TrackPointExtension>
            <gpxtpx:hr>103</gpxtpx:hr>
          </gpxtpx:TrackPointExtension>
        </extensions>
      </trkpt>
      <trkpt lat="22.64647090790418" lon="107.60512414966992">
        <ele>95.27407786622643</ele>
        <time>2023-10-20T01:29:27Z</time>
        <extensions>
          <gpxtpx:TrackPointExtension>
            <gpxtpx:hr>103</gpxtpx:hr>
          </gpxtpx:TrackPointExtension>
        </extensions>
      </trkpt>
      <trkpt lat="22.646459568566065" lon="107.6051184532622">
        <ele>95.31178047787398</ele>
        <time>2023-10-20T01:29:28Z</time>
        <extensions>
          <gpxtpx:TrackPointExtension>
            <gpxtpx:hr>103</gpxtpx:hr>
          </gpxtpx:TrackPointExtension>
        </extensions>
      </trkpt>
      <trkpt lat="22.646448347018133" lon="107.60511113104698">
        <ele>95.34256532788277</ele>
        <time>2023-10-20T01:29:29Z</time>
        <extensions>
          <gpxtpx:TrackPointExtension>
            <gpxtpx:hr>103</gpxtpx:hr>
          </gpxtpx:TrackPointExtension>
        </extensions>
      </trkpt>
      <trkpt lat="22.646437448365788" lon="107.60510289815478">
        <ele>95.36188430991024</ele>
        <time>2023-10-20T01:29:30Z</time>
        <extensions>
          <gpxtpx:TrackPointExtension>
            <gpxtpx:hr>102</gpxtpx:hr>
          </gpxtpx:TrackPointExtension>
        </extensions>
      </trkpt>
      <trkpt lat="22.646427263274077" lon="107.60509463842841">
        <ele>95.36618803627789</ele>
        <time>2023-10-20T01:29:31Z</time>
        <extensions>
          <gpxtpx:TrackPointExtension>
            <gpxtpx:hr>102</gpxtpx:hr>
          </gpxtpx:TrackPointExtension>
        </extensions>
      </trkpt>
      <trkpt lat="22.64641820340021" lon="107.60508706177443">
        <ele>95.37053883541375</ele>
        <time>2023-10-20T01:29:32Z</time>
        <extensions>
          <gpxtpx:TrackPointExtension>
            <gpxtpx:hr>102</gpxtpx:hr>
          </gpxtpx:TrackPointExtension>
        </extensions>
      </trkpt>
      <trkpt lat="22.646410921547595" lon="107.60508096665406">
        <ele>95.3657799968496</ele>
        <time>2023-10-20T01:29:33Z</time>
        <extensions>
          <gpxtpx:TrackPointExtension>
            <gpxtpx:hr>102</gpxtpx:hr>
          </gpxtpx:TrackPointExtension>
        </extensions>
      </trkpt>
      <trkpt lat="22.646405077343648" lon="107.605076845512">
        <ele>95.35543607454747</ele>
        <time>2023-10-20T01:29:34Z</time>
        <extensions>
          <gpxtpx:TrackPointExtension>
            <gpxtpx:hr>102</gpxtpx:hr>
          </gpxtpx:TrackPointExtension>
        </extensions>
      </trkpt>
      <trkpt lat="22.646399423363363" lon="107.60507464052415">
        <ele>95.33520446158946</ele>
        <time>2023-10-20T01:29:35Z</time>
        <extensions>
          <gpxtpx:TrackPointExtension>
            <gpxtpx:hr>102</gpxtpx:hr>
          </gpxtpx:TrackPointExtension>
        </extensions>
      </trkpt>
      <trkpt lat="22.646393151025126" lon="107.60507412628633">
        <ele>95.30982975754887</ele>
        <time>2023-10-20T01:29:36Z</time>
        <extensions>
          <gpxtpx:TrackPointExtension>
            <gpxtpx:hr>102</gpxtpx:hr>
          </gpxtpx:TrackPointExtension>
        </extensions>
      </trkpt>
      <trkpt lat="22.646386282001583" lon="107.60507481664776">
        <ele>95.28245446737856</ele>
        <time>2023-10-20T01:29:37Z</time>
        <extensions>
          <gpxtpx:TrackPointExtension>
            <gpxtpx:hr>102</gpxtpx:hr>
          </gpxtpx:TrackPointExtension>
        </extensions>
      </trkpt>
      <trkpt lat="22.64637911811388" lon="107.60507580423514">
        <ele>95.2374502653256</ele>
        <time>2023-10-20T01:29:38Z</time>
        <extensions>
          <gpxtpx:TrackPointExtension>
            <gpxtpx:hr>102</gpxtpx:hr>
          </gpxtpx:TrackPointExtension>
        </extensions>
      </trkpt>
      <trkpt lat="22.646371698637758" lon="107.60507615103853">
        <ele>95.1968920249492</ele>
        <time>2023-10-20T01:29:39Z</time>
        <extensions>
          <gpxtpx:TrackPointExtension>
            <gpxtpx:hr>101</gpxtpx:hr>
          </gpxtpx:TrackPointExtension>
        </extensions>
      </trkpt>
      <trkpt lat="22.646364103908976" lon="107.60507561403873">
        <ele>95.15923633985221</ele>
        <time>2023-10-20T01:29:40Z</time>
        <extensions>
          <gpxtpx:TrackPointExtension>
            <gpxtpx:hr>101</gpxtpx:hr>
          </gpxtpx:TrackPointExtension>
        </extensions>
      </trkpt>
      <trkpt lat="22.646356282991885" lon="107.60507459873854">
        <ele>95.11487384326756</ele>
        <time>2023-10-20T01:29:41Z</time>
        <extensions>
          <gpxtpx:TrackPointExtension>
            <gpxtpx:hr>101</gpxtpx:hr>
          </gpxtpx:TrackPointExtension>
        </extensions>
      </trkpt>
      <trkpt lat="22.646347891479135" lon="107.60507351486575">
        <ele>95.07238351646811</ele>
        <time>2023-10-20T01:29:42Z</time>
        <extensions>
          <gpxtpx:TrackPointExtension>
            <gpxtpx:hr>101</gpxtpx:hr>
          </gpxtpx:TrackPointExtension>
        </extensions>
      </trkpt>
      <trkpt lat="22.64633914731594" lon="107.60507254702944">
        <ele>95.02747502643615</ele>
        <time>2023-10-20T01:29:43Z</time>
        <extensions>
          <gpxtpx:TrackPointExtension>
            <gpxtpx:hr>101</gpxtpx:hr>
          </gpxtpx:TrackPointExtension>
        </extensions>
      </trkpt>
      <trkpt lat="22.646330133669462" lon="107.60507147652592">
        <ele>94.98825501836836</ele>
        <time>2023-10-20T01:29:44Z</time>
        <extensions>
          <gpxtpx:TrackPointExtension>
            <gpxtpx:hr>101</gpxtpx:hr>
          </gpxtpx:TrackPointExtension>
        </extensions>
      </trkpt>
      <trkpt lat="22.646320738215916" lon="107.60507015586315">
        <ele>94.95594491250813</ele>
        <time>2023-10-20T01:29:45Z</time>
        <extensions>
          <gpxtpx:TrackPointExtension>
            <gpxtpx:hr>101</gpxtpx:hr>
          </gpxtpx:TrackPointExtension>
        </extensions>
      </trkpt>
      <trkpt lat="22.646311102951255" lon="107.60506886929144">
        <ele>94.92287491634488</ele>
        <time>2023-10-20T01:29:46Z</time>
        <extensions>
          <gpxtpx:TrackPointExtension>
            <gpxtpx:hr>104</gpxtpx:hr>
          </gpxtpx:TrackPointExtension>
        </extensions>
      </trkpt>
      <trkpt lat="22.64630128260541" lon="107.6050678690194">
        <ele>94.89397817198187</ele>
        <time>2023-10-20T01:29:47Z</time>
        <extensions>
          <gpxtpx:TrackPointExtension>
            <gpxtpx:hr>104</gpxtpx:hr>
          </gpxtpx:TrackPointExtension>
        </extensions>
      </trkpt>
      <trkpt lat="22.646291379355947" lon="107.60506707730924">
        <ele>94.87075225636363</ele>
        <time>2023-10-20T01:29:48Z</time>
        <extensions>
          <gpxtpx:TrackPointExtension>
            <gpxtpx:hr>104</gpxtpx:hr>
          </gpxtpx:TrackPointExtension>
        </extensions>
      </trkpt>
      <trkpt lat="22.646281407900364" lon="107.60506627942183">
        <ele>94.85168374702334</ele>
        <time>2023-10-20T01:29:49Z</time>
        <extensions>
          <gpxtpx:TrackPointExtension>
            <gpxtpx:hr>104</gpxtpx:hr>
          </gpxtpx:TrackPointExtension>
        </extensions>
      </trkpt>
      <trkpt lat="22.646271277460187" lon="107.60506555593912">
        <ele>94.82935087941587</ele>
        <time>2023-10-20T01:29:50Z</time>
        <extensions>
          <gpxtpx:TrackPointExtension>
            <gpxtpx:hr>104</gpxtpx:hr>
          </gpxtpx:TrackPointExtension>
        </extensions>
      </trkpt>
      <trkpt lat="22.646260880691216" lon="107.60506518260358">
        <ele>94.80674234870821</ele>
        <time>2023-10-20T01:29:51Z</time>
        <extensions>
          <gpxtpx:TrackPointExtension>
            <gpxtpx:hr>104</gpxtpx:hr>
          </gpxtpx:TrackPointExtension>
        </extensions>
      </trkpt>
      <trkpt lat="22.646250080848194" lon="107.60506514285818">
        <ele>94.79567618854344</ele>
        <time>2023-10-20T01:29:52Z</time>
        <extensions>
          <gpxtpx:TrackPointExtension>
            <gpxtpx:hr>104</gpxtpx:hr>
          </gpxtpx:TrackPointExtension>
        </extensions>
      </trkpt>
      <trkpt lat="22.64623878981791" lon="107.60506524465151">
        <ele>94.7983771758154</ele>
        <time>2023-10-20T01:29:53Z</time>
        <extensions>
          <gpxtpx:TrackPointExtension>
            <gpxtpx:hr>104</gpxtpx:hr>
          </gpxtpx:TrackPointExtension>
        </extensions>
      </trkpt>
      <trkpt lat="22.646227085292274" lon="107.60506545945846">
        <ele>94.80385689157993</ele>
        <time>2023-10-20T01:29:54Z</time>
        <extensions>
          <gpxtpx:TrackPointExtension>
            <gpxtpx:hr>104</gpxtpx:hr>
          </gpxtpx:TrackPointExtension>
        </extensions>
      </trkpt>
      <trkpt lat="22.646215063495273" lon="107.6050660301713">
        <ele>94.81243256758898</ele>
        <time>2023-10-20T01:29:55Z</time>
        <extensions>
          <gpxtpx:TrackPointExtension>
            <gpxtpx:hr>103</gpxtpx:hr>
          </gpxtpx:TrackPointExtension>
        </extensions>
      </trkpt>
      <trkpt lat="22.646203247097578" lon="107.60506726758983">
        <ele>94.82641175761819</ele>
        <time>2023-10-20T01:29:56Z</time>
        <extensions>
          <gpxtpx:TrackPointExtension>
            <gpxtpx:hr>103</gpxtpx:hr>
          </gpxtpx:TrackPointExtension>
        </extensions>
      </trkpt>
      <trkpt lat="22.646192227179966" lon="107.60506914050093">
        <ele>94.8526028227061</ele>
        <time>2023-10-20T01:29:57Z</time>
        <extensions>
          <gpxtpx:TrackPointExtension>
            <gpxtpx:hr>103</gpxtpx:hr>
          </gpxtpx:TrackPointExtension>
        </extensions>
      </trkpt>
      <trkpt lat="22.646182093245443" lon="107.60507123165985">
        <ele>94.87234991881996</ele>
        <time>2023-10-20T01:29:58Z</time>
        <extensions>
          <gpxtpx:TrackPointExtension>
            <gpxtpx:hr>103</gpxtpx:hr>
          </gpxtpx:TrackPointExtension>
        </extensions>
      </trkpt>
      <trkpt lat="22.646172841447726" lon="107.60507309766066">
        <ele>94.88486851844937</ele>
        <time>2023-10-20T01:29:59Z</time>
        <extensions>
          <gpxtpx:TrackPointExtension>
            <gpxtpx:hr>103</gpxtpx:hr>
          </gpxtpx:TrackPointExtension>
        </extensions>
      </trkpt>
      <trkpt lat="22.646164301993107" lon="107.60507455734724">
        <ele>94.90106430836022</ele>
        <time>2023-10-20T01:30:00Z</time>
        <extensions>
          <gpxtpx:TrackPointExtension>
            <gpxtpx:hr>104</gpxtpx:hr>
          </gpxtpx:TrackPointExtension>
        </extensions>
      </trkpt>
      <trkpt lat="22.646156173424018" lon="107.60507578974565">
        <ele>94.90708392672241</ele>
        <time>2023-10-20T01:30:01Z</time>
        <extensions>
          <gpxtpx:TrackPointExtension>
            <gpxtpx:hr>104</gpxtpx:hr>
          </gpxtpx:TrackPointExtension>
        </extensions>
      </trkpt>
      <trkpt lat="22.64614798297668" lon="107.60507713695411">
        <ele>94.92285137716681</ele>
        <time>2023-10-20T01:30:02Z</time>
        <extensions>
          <gpxtpx:TrackPointExtension>
            <gpxtpx:hr>104</gpxtpx:hr>
          </gpxtpx:TrackPointExtension>
        </extensions>
      </trkpt>
      <trkpt lat="22.646139433530557" lon="107.60507914989809">
        <ele>94.93493845965713</ele>
        <time>2023-10-20T01:30:03Z</time>
        <extensions>
          <gpxtpx:TrackPointExtension>
            <gpxtpx:hr>104</gpxtpx:hr>
          </gpxtpx:TrackPointExtension>
        </extensions>
      </trkpt>
      <trkpt lat="22.646130580152462" lon="107.605082479444">
        <ele>94.94618302863091</ele>
        <time>2023-10-20T01:30:04Z</time>
        <extensions>
          <gpxtpx:TrackPointExtension>
            <gpxtpx:hr>104</gpxtpx:hr>
          </gpxtpx:TrackPointExtension>
        </extensions>
      </trkpt>
      <trkpt lat="22.646121353101677" lon="107.60508759068287">
        <ele>94.95780752412975</ele>
        <time>2023-10-20T01:30:05Z</time>
        <extensions>
          <gpxtpx:TrackPointExtension>
            <gpxtpx:hr>104</gpxtpx:hr>
          </gpxtpx:TrackPointExtension>
        </extensions>
      </trkpt>
      <trkpt lat="22.646111200667622" lon="107.6050943537291">
        <ele>94.96282966714352</ele>
        <time>2023-10-20T01:30:06Z</time>
        <extensions>
          <gpxtpx:TrackPointExtension>
            <gpxtpx:hr>104</gpxtpx:hr>
          </gpxtpx:TrackPointExtension>
        </extensions>
      </trkpt>
      <trkpt lat="22.64609965577162" lon="107.60510215128961">
        <ele>94.96943417936563</ele>
        <time>2023-10-20T01:30:07Z</time>
        <extensions>
          <gpxtpx:TrackPointExtension>
            <gpxtpx:hr>104</gpxtpx:hr>
          </gpxtpx:TrackPointExtension>
        </extensions>
      </trkpt>
      <trkpt lat="22.646087518511457" lon="107.60510967342923">
        <ele>94.97337380703539</ele>
        <time>2023-10-20T01:30:08Z</time>
        <extensions>
          <gpxtpx:TrackPointExtension>
            <gpxtpx:hr>104</gpxtpx:hr>
          </gpxtpx:TrackPointExtension>
        </extensions>
      </trkpt>
      <trkpt lat="22.64607565339296" lon="107.60511601374336">
        <ele>94.96971789095551</ele>
        <time>2023-10-20T01:30:09Z</time>
        <extensions>
          <gpxtpx:TrackPointExtension>
            <gpxtpx:hr>104</gpxtpx:hr>
          </gpxtpx:TrackPointExtension>
        </extensions>
      </trkpt>
      <trkpt lat="22.646064399137945" lon="107.60512089656876">
        <ele>94.95891742128879</ele>
        <time>2023-10-20T01:30:10Z</time>
        <extensions>
          <gpxtpx:TrackPointExtension>
            <gpxtpx:hr>104</gpxtpx:hr>
          </gpxtpx:TrackPointExtension>
        </extensions>
      </trkpt>
      <trkpt lat="22.646054168882923" lon="107.60512404902009">
        <ele>94.95144650992006</ele>
        <time>2023-10-20T01:30:11Z</time>
        <extensions>
          <gpxtpx:TrackPointExtension>
            <gpxtpx:hr>103</gpxtpx:hr>
          </gpxtpx:TrackPointExtension>
        </extensions>
      </trkpt>
      <trkpt lat="22.646044704745677" lon="107.60512551386972">
        <ele>94.94175676908344</ele>
        <time>2023-10-20T01:30:12Z</time>
        <extensions>
          <gpxtpx:TrackPointExtension>
            <gpxtpx:hr>103</gpxtpx:hr>
          </gpxtpx:TrackPointExtension>
        </extensions>
      </trkpt>
      <trkpt lat="22.646035374243247" lon="107.6051259934977">
        <ele>94.92989543266594</ele>
        <time>2023-10-20T01:30:13Z</time>
        <extensions>
          <gpxtpx:TrackPointExtension>
            <gpxtpx:hr>103</gpxtpx:hr>
          </gpxtpx:TrackPointExtension>
        </extensions>
      </trkpt>
      <trkpt lat="22.64602606458762" lon="107.60512649822424">
        <ele>94.91929635312408</ele>
        <time>2023-10-20T01:30:14Z</time>
        <extensions>
          <gpxtpx:TrackPointExtension>
            <gpxtpx:hr>103</gpxtpx:hr>
          </gpxtpx:TrackPointExtension>
        </extensions>
      </trkpt>
      <trkpt lat="22.646017108934558" lon="107.60512780817362">
        <ele>94.904123053886</ele>
        <time>2023-10-20T01:30:15Z</time>
        <extensions>
          <gpxtpx:TrackPointExtension>
            <gpxtpx:hr>103</gpxtpx:hr>
          </gpxtpx:TrackPointExtension>
        </extensions>
      </trkpt>
      <trkpt lat="22.64600850226838" lon="107.60512999304547">
        <ele>94.8875777227804</ele>
        <time>2023-10-20T01:30:16Z</time>
        <extensions>
          <gpxtpx:TrackPointExtension>
            <gpxtpx:hr>103</gpxtpx:hr>
          </gpxtpx:TrackPointExtension>
        </extensions>
      </trkpt>
      <trkpt lat="22.645999676942317" lon="107.605132640365">
        <ele>94.87877298239619</ele>
        <time>2023-10-20T01:30:17Z</time>
        <extensions>
          <gpxtpx:TrackPointExtension>
            <gpxtpx:hr>103</gpxtpx:hr>
          </gpxtpx:TrackPointExtension>
        </extensions>
      </trkpt>
      <trkpt lat="22.64598997810925" lon="107.60513550793038">
        <ele>94.8618866065517</ele>
        <time>2023-10-20T01:30:18Z</time>
        <extensions>
          <gpxtpx:TrackPointExtension>
            <gpxtpx:hr>104</gpxtpx:hr>
          </gpxtpx:TrackPointExtension>
        </extensions>
      </trkpt>
      <trkpt lat="22.645979470507168" lon="107.605138597604">
        <ele>94.84623951744288</ele>
        <time>2023-10-20T01:30:19Z</time>
        <extensions>
          <gpxtpx:TrackPointExtension>
            <gpxtpx:hr>104</gpxtpx:hr>
          </gpxtpx:TrackPointExtension>
        </extensions>
      </trkpt>
      <trkpt lat="22.645968684578996" lon="107.6051420123077">
        <ele>94.83224904537201</ele>
        <time>2023-10-20T01:30:20Z</time>
        <extensions>
          <gpxtpx:TrackPointExtension>
            <gpxtpx:hr>104</gpxtpx:hr>
          </gpxtpx:TrackPointExtension>
        </extensions>
      </trkpt>
      <trkpt lat="22.645957885485583" lon="107.60514590091455">
        <ele>94.82688659522682</ele>
        <time>2023-10-20T01:30:21Z</time>
        <extensions>
          <gpxtpx:TrackPointExtension>
            <gpxtpx:hr>104</gpxtpx:hr>
          </gpxtpx:TrackPointExtension>
        </extensions>
      </trkpt>
      <trkpt lat="22.645947279446425" lon="107.60515057198153">
        <ele>94.80781032238156</ele>
        <time>2023-10-20T01:30:22Z</time>
        <extensions>
          <gpxtpx:TrackPointExtension>
            <gpxtpx:hr>104</gpxtpx:hr>
          </gpxtpx:TrackPointExtension>
        </extensions>
      </trkpt>
      <trkpt lat="22.645937290750094" lon="107.60515601961691">
        <ele>94.7894701147452</ele>
        <time>2023-10-20T01:30:23Z</time>
        <extensions>
          <gpxtpx:TrackPointExtension>
            <gpxtpx:hr>104</gpxtpx:hr>
          </gpxtpx:TrackPointExtension>
        </extensions>
      </trkpt>
      <trkpt lat="22.645927786116278" lon="107.60516156905447">
        <ele>94.77373780682683</ele>
        <time>2023-10-20T01:30:24Z</time>
        <extensions>
          <gpxtpx:TrackPointExtension>
            <gpxtpx:hr>104</gpxtpx:hr>
          </gpxtpx:TrackPointExtension>
        </extensions>
      </trkpt>
      <trkpt lat="22.64591781915897" lon="107.6051661320388">
        <ele>94.75446492247283</ele>
        <time>2023-10-20T01:30:25Z</time>
        <extensions>
          <gpxtpx:TrackPointExtension>
            <gpxtpx:hr>105</gpxtpx:hr>
          </gpxtpx:TrackPointExtension>
        </extensions>
      </trkpt>
      <trkpt lat="22.645906703860714" lon="107.60516902140108">
        <ele>94.73203994613141</ele>
        <time>2023-10-20T01:30:26Z</time>
        <extensions>
          <gpxtpx:TrackPointExtension>
            <gpxtpx:hr>105</gpxtpx:hr>
          </gpxtpx:TrackPointExtension>
        </extensions>
      </trkpt>
      <trkpt lat="22.645894377680104" lon="107.6051699738747">
        <ele>94.71581374295056</ele>
        <time>2023-10-20T01:30:27Z</time>
        <extensions>
          <gpxtpx:TrackPointExtension>
            <gpxtpx:hr>105</gpxtpx:hr>
          </gpxtpx:TrackPointExtension>
        </extensions>
      </trkpt>
      <trkpt lat="22.645881158684276" lon="107.60516885564225">
        <ele>94.70146925374866</ele>
        <time>2023-10-20T01:30:28Z</time>
        <extensions>
          <gpxtpx:TrackPointExtension>
            <gpxtpx:hr>105</gpxtpx:hr>
          </gpxtpx:TrackPointExtension>
        </extensions>
      </trkpt>
      <trkpt lat="22.64586740533824" lon="107.60516560386125">
        <ele>94.69180109165609</ele>
        <time>2023-10-20T01:30:29Z</time>
        <extensions>
          <gpxtpx:TrackPointExtension>
            <gpxtpx:hr>105</gpxtpx:hr>
          </gpxtpx:TrackPointExtension>
        </extensions>
      </trkpt>
      <trkpt lat="22.64585354116839" lon="107.60516042775775">
        <ele>94.68102383427322</ele>
        <time>2023-10-20T01:30:30Z</time>
        <extensions>
          <gpxtpx:TrackPointExtension>
            <gpxtpx:hr>105</gpxtpx:hr>
          </gpxtpx:TrackPointExtension>
        </extensions>
      </trkpt>
      <trkpt lat="22.645839724494518" lon="107.60515408842157">
        <ele>94.66830539796501</ele>
        <time>2023-10-20T01:30:31Z</time>
        <extensions>
          <gpxtpx:TrackPointExtension>
            <gpxtpx:hr>105</gpxtpx:hr>
          </gpxtpx:TrackPointExtension>
        </extensions>
      </trkpt>
      <trkpt lat="22.64582600140396" lon="107.60514753011802">
        <ele>94.6556492689997</ele>
        <time>2023-10-20T01:30:32Z</time>
        <extensions>
          <gpxtpx:TrackPointExtension>
            <gpxtpx:hr>105</gpxtpx:hr>
          </gpxtpx:TrackPointExtension>
        </extensions>
      </trkpt>
      <trkpt lat="22.645812604519172" lon="107.60514144519846">
        <ele>94.6478361049667</ele>
        <time>2023-10-20T01:30:33Z</time>
        <extensions>
          <gpxtpx:TrackPointExtension>
            <gpxtpx:hr>105</gpxtpx:hr>
          </gpxtpx:TrackPointExtension>
        </extensions>
      </trkpt>
      <trkpt lat="22.64580009875476" lon="107.60513631941245">
        <ele>94.64838365186006</ele>
        <time>2023-10-20T01:30:34Z</time>
        <extensions>
          <gpxtpx:TrackPointExtension>
            <gpxtpx:hr>105</gpxtpx:hr>
          </gpxtpx:TrackPointExtension>
        </extensions>
      </trkpt>
      <trkpt lat="22.645788940433167" lon="107.60513255297448">
        <ele>94.65314089786261</ele>
        <time>2023-10-20T01:30:35Z</time>
        <extensions>
          <gpxtpx:TrackPointExtension>
            <gpxtpx:hr>105</gpxtpx:hr>
          </gpxtpx:TrackPointExtension>
        </extensions>
      </trkpt>
      <trkpt lat="22.645779135889605" lon="107.60513047635835">
        <ele>94.65743132214993</ele>
        <time>2023-10-20T01:30:36Z</time>
        <extensions>
          <gpxtpx:TrackPointExtension>
            <gpxtpx:hr>105</gpxtpx:hr>
          </gpxtpx:TrackPointExtension>
        </extensions>
      </trkpt>
      <trkpt lat="22.6457706331242" lon="107.6051303883022">
        <ele>94.65843249112368</ele>
        <time>2023-10-20T01:30:37Z</time>
        <extensions>
          <gpxtpx:TrackPointExtension>
            <gpxtpx:hr>104</gpxtpx:hr>
          </gpxtpx:TrackPointExtension>
        </extensions>
      </trkpt>
      <trkpt lat="22.645763769151387" lon="107.60513246163117">
        <ele>94.6595995426178</ele>
        <time>2023-10-20T01:30:38Z</time>
        <extensions>
          <gpxtpx:TrackPointExtension>
            <gpxtpx:hr>104</gpxtpx:hr>
          </gpxtpx:TrackPointExtension>
        </extensions>
      </trkpt>
      <trkpt lat="22.645758515219967" lon="107.60513651028116">
        <ele>94.65549086872488</ele>
        <time>2023-10-20T01:30:39Z</time>
        <extensions>
          <gpxtpx:TrackPointExtension>
            <gpxtpx:hr>104</gpxtpx:hr>
          </gpxtpx:TrackPointExtension>
        </extensions>
      </trkpt>
      <trkpt lat="22.645754227099868" lon="107.60514236051742">
        <ele>94.6568571086973</ele>
        <time>2023-10-20T01:30:40Z</time>
        <extensions>
          <gpxtpx:TrackPointExtension>
            <gpxtpx:hr>104</gpxtpx:hr>
          </gpxtpx:TrackPointExtension>
        </extensions>
      </trkpt>
      <trkpt lat="22.645750422681893" lon="107.60514999870882">
        <ele>94.66059612296522</ele>
        <time>2023-10-20T01:30:41Z</time>
        <extensions>
          <gpxtpx:TrackPointExtension>
            <gpxtpx:hr>104</gpxtpx:hr>
          </gpxtpx:TrackPointExtension>
        </extensions>
      </trkpt>
      <trkpt lat="22.645746706022347" lon="107.60515919564246">
        <ele>94.66381024569273</ele>
        <time>2023-10-20T01:30:42Z</time>
        <extensions>
          <gpxtpx:TrackPointExtension>
            <gpxtpx:hr>104</gpxtpx:hr>
          </gpxtpx:TrackPointExtension>
        </extensions>
      </trkpt>
      <trkpt lat="22.645743048440472" lon="107.60516971573945">
        <ele>94.66667362581939</ele>
        <time>2023-10-20T01:30:43Z</time>
        <extensions>
          <gpxtpx:TrackPointExtension>
            <gpxtpx:hr>104</gpxtpx:hr>
          </gpxtpx:TrackPointExtension>
        </extensions>
      </trkpt>
      <trkpt lat="22.645739372185194" lon="107.60518139303318">
        <ele>94.66881113406271</ele>
        <time>2023-10-20T01:30:44Z</time>
        <extensions>
          <gpxtpx:TrackPointExtension>
            <gpxtpx:hr>104</gpxtpx:hr>
          </gpxtpx:TrackPointExtension>
        </extensions>
      </trkpt>
      <trkpt lat="22.645735675958104" lon="107.60519378550113">
        <ele>94.66991952154785</ele>
        <time>2023-10-20T01:30:45Z</time>
        <extensions>
          <gpxtpx:TrackPointExtension>
            <gpxtpx:hr>105</gpxtpx:hr>
          </gpxtpx:TrackPointExtension>
        </extensions>
      </trkpt>
      <trkpt lat="22.64573184120004" lon="107.60520628590905">
        <ele>94.66996113955975</ele>
        <time>2023-10-20T01:30:46Z</time>
        <extensions>
          <gpxtpx:TrackPointExtension>
            <gpxtpx:hr>105</gpxtpx:hr>
          </gpxtpx:TrackPointExtension>
        </extensions>
      </trkpt>
      <trkpt lat="22.645727746593554" lon="107.60521853377719">
        <ele>94.66918736882508</ele>
        <time>2023-10-20T01:30:47Z</time>
        <extensions>
          <gpxtpx:TrackPointExtension>
            <gpxtpx:hr>105</gpxtpx:hr>
          </gpxtpx:TrackPointExtension>
        </extensions>
      </trkpt>
      <trkpt lat="22.64572421092408" lon="107.60523025735831">
        <ele>94.66801553964615</ele>
        <time>2023-10-20T01:30:48Z</time>
        <extensions>
          <gpxtpx:TrackPointExtension>
            <gpxtpx:hr>105</gpxtpx:hr>
          </gpxtpx:TrackPointExtension>
        </extensions>
      </trkpt>
      <trkpt lat="22.64572246763866" lon="107.60524097876322">
        <ele>94.67832130659372</ele>
        <time>2023-10-20T01:30:49Z</time>
        <extensions>
          <gpxtpx:TrackPointExtension>
            <gpxtpx:hr>105</gpxtpx:hr>
          </gpxtpx:TrackPointExtension>
        </extensions>
      </trkpt>
      <trkpt lat="22.64572242848656" lon="107.6052502477565">
        <ele>94.69069797638804</ele>
        <time>2023-10-20T01:30:50Z</time>
        <extensions>
          <gpxtpx:TrackPointExtension>
            <gpxtpx:hr>105</gpxtpx:hr>
          </gpxtpx:TrackPointExtension>
        </extensions>
      </trkpt>
      <trkpt lat="22.64572326370667" lon="107.60525727661886">
        <ele>94.70660768263042</ele>
        <time>2023-10-20T01:30:51Z</time>
        <extensions>
          <gpxtpx:TrackPointExtension>
            <gpxtpx:hr>106</gpxtpx:hr>
          </gpxtpx:TrackPointExtension>
        </extensions>
      </trkpt>
      <trkpt lat="22.645724466042257" lon="107.60526155975381">
        <ele>94.72663613129407</ele>
        <time>2023-10-20T01:30:52Z</time>
        <extensions>
          <gpxtpx:TrackPointExtension>
            <gpxtpx:hr>106</gpxtpx:hr>
          </gpxtpx:TrackPointExtension>
        </extensions>
      </trkpt>
      <trkpt lat="22.645726060170485" lon="107.60526362736113">
        <ele>94.74968730378896</ele>
        <time>2023-10-20T01:30:53Z</time>
        <extensions>
          <gpxtpx:TrackPointExtension>
            <gpxtpx:hr>106</gpxtpx:hr>
          </gpxtpx:TrackPointExtension>
        </extensions>
      </trkpt>
      <trkpt lat="22.645727910952832" lon="107.6052645416655">
        <ele>94.77559012919664</ele>
        <time>2023-10-20T01:30:54Z</time>
        <extensions>
          <gpxtpx:TrackPointExtension>
            <gpxtpx:hr>106</gpxtpx:hr>
          </gpxtpx:TrackPointExtension>
        </extensions>
      </trkpt>
      <trkpt lat="22.64573005104614" lon="107.60526491355118">
        <ele>94.80405169073492</ele>
        <time>2023-10-20T01:30:55Z</time>
        <extensions>
          <gpxtpx:TrackPointExtension>
            <gpxtpx:hr>106</gpxtpx:hr>
          </gpxtpx:TrackPointExtension>
        </extensions>
      </trkpt>
      <trkpt lat="22.64573259746398" lon="107.60526511821075">
        <ele>94.83475907053798</ele>
        <time>2023-10-20T01:30:56Z</time>
        <extensions>
          <gpxtpx:TrackPointExtension>
            <gpxtpx:hr>106</gpxtpx:hr>
          </gpxtpx:TrackPointExtension>
        </extensions>
      </trkpt>
      <trkpt lat="22.64573573237678" lon="107.60526544888401">
        <ele>94.8673420296982</ele>
        <time>2023-10-20T01:30:57Z</time>
        <extensions>
          <gpxtpx:TrackPointExtension>
            <gpxtpx:hr>106</gpxtpx:hr>
          </gpxtpx:TrackPointExtension>
        </extensions>
      </trkpt>
      <trkpt lat="22.645739444159997" lon="107.6052662473792">
        <ele>94.90124997869134</ele>
        <time>2023-10-20T01:30:58Z</time>
        <extensions>
          <gpxtpx:TrackPointExtension>
            <gpxtpx:hr>106</gpxtpx:hr>
          </gpxtpx:TrackPointExtension>
        </extensions>
      </trkpt>
      <trkpt lat="22.64574345026702" lon="107.60526819236779">
        <ele>94.92942618392408</ele>
        <time>2023-10-20T01:30:59Z</time>
        <extensions>
          <gpxtpx:TrackPointExtension>
            <gpxtpx:hr>106</gpxtpx:hr>
          </gpxtpx:TrackPointExtension>
        </extensions>
      </trkpt>
      <trkpt lat="22.645747249621113" lon="107.6052713369802">
        <ele>94.95593272801489</ele>
        <time>2023-10-20T01:31:00Z</time>
        <extensions>
          <gpxtpx:TrackPointExtension>
            <gpxtpx:hr>105</gpxtpx:hr>
          </gpxtpx:TrackPointExtension>
        </extensions>
      </trkpt>
      <trkpt lat="22.645750283133918" lon="107.60527450780774">
        <ele>94.9800207298249</ele>
        <time>2023-10-20T01:31:01Z</time>
        <extensions>
          <gpxtpx:TrackPointExtension>
            <gpxtpx:hr>105</gpxtpx:hr>
          </gpxtpx:TrackPointExtension>
        </extensions>
      </trkpt>
      <trkpt lat="22.645752351454902" lon="107.60527667188784">
        <ele>95.00105280335993</ele>
        <time>2023-10-20T01:31:02Z</time>
        <extensions>
          <gpxtpx:TrackPointExtension>
            <gpxtpx:hr>105</gpxtpx:hr>
          </gpxtpx:TrackPointExtension>
        </extensions>
      </trkpt>
      <trkpt lat="22.64575339431368" lon="107.60527769009182">
        <ele>95.02101157978177</ele>
        <time>2023-10-20T01:31:03Z</time>
        <extensions>
          <gpxtpx:TrackPointExtension>
            <gpxtpx:hr>105</gpxtpx:hr>
          </gpxtpx:TrackPointExtension>
        </extensions>
      </trkpt>
      <trkpt lat="22.645753676504615" lon="107.60527815056584">
        <ele>95.03799141198397</ele>
        <time>2023-10-20T01:31:04Z</time>
        <extensions>
          <gpxtpx:TrackPointExtension>
            <gpxtpx:hr>105</gpxtpx:hr>
          </gpxtpx:TrackPointExtension>
        </extensions>
      </trkpt>
      <trkpt lat="22.6457533681998" lon="107.60527830210059">
        <ele>95.05165207199752</ele>
        <time>2023-10-20T01:31:05Z</time>
        <extensions>
          <gpxtpx:TrackPointExtension>
            <gpxtpx:hr>106</gpxtpx:hr>
          </gpxtpx:TrackPointExtension>
        </extensions>
      </trkpt>
      <trkpt lat="22.645752545479272" lon="107.6052782715378">
        <ele>95.06206409167498</ele>
        <time>2023-10-20T01:31:06Z</time>
        <extensions>
          <gpxtpx:TrackPointExtension>
            <gpxtpx:hr>106</gpxtpx:hr>
          </gpxtpx:TrackPointExtension>
        </extensions>
      </trkpt>
      <trkpt lat="22.645751266983467" lon="107.60527812196378">
        <ele>95.06677678227425</ele>
        <time>2023-10-20T01:31:07Z</time>
        <extensions>
          <gpxtpx:TrackPointExtension>
            <gpxtpx:hr>106</gpxtpx:hr>
          </gpxtpx:TrackPointExtension>
        </extensions>
      </trkpt>
      <trkpt lat="22.645749440329087" lon="107.60527782185169">
        <ele>95.06766091287136</ele>
        <time>2023-10-20T01:31:08Z</time>
        <extensions>
          <gpxtpx:TrackPointExtension>
            <gpxtpx:hr>106</gpxtpx:hr>
          </gpxtpx:TrackPointExtension>
        </extensions>
      </trkpt>
      <trkpt lat="22.645746872988266" lon="107.60527724266575">
        <ele>95.06579731032252</ele>
        <time>2023-10-20T01:31:09Z</time>
        <extensions>
          <gpxtpx:TrackPointExtension>
            <gpxtpx:hr>106</gpxtpx:hr>
          </gpxtpx:TrackPointExtension>
        </extensions>
      </trkpt>
      <trkpt lat="22.64574399848211" lon="107.60527615954007">
        <ele>95.06182601768523</ele>
        <time>2023-10-20T01:31:10Z</time>
        <extensions>
          <gpxtpx:TrackPointExtension>
            <gpxtpx:hr>106</gpxtpx:hr>
          </gpxtpx:TrackPointExtension>
        </extensions>
      </trkpt>
      <trkpt lat="22.645741462862677" lon="107.60527448406589">
        <ele>95.05624078307301</ele>
        <time>2023-10-20T01:31:11Z</time>
        <extensions>
          <gpxtpx:TrackPointExtension>
            <gpxtpx:hr>106</gpxtpx:hr>
          </gpxtpx:TrackPointExtension>
        </extensions>
      </trkpt>
      <trkpt lat="22.645739345617677" lon="107.60527235294589">
        <ele>95.04944871552289</ele>
        <time>2023-10-20T01:31:12Z</time>
        <extensions>
          <gpxtpx:TrackPointExtension>
            <gpxtpx:hr>108</gpxtpx:hr>
          </gpxtpx:TrackPointExtension>
        </extensions>
      </trkpt>
      <trkpt lat="22.64573703401691" lon="107.6052711291802">
        <ele>95.04067028313875</ele>
        <time>2023-10-20T01:31:13Z</time>
        <extensions>
          <gpxtpx:TrackPointExtension>
            <gpxtpx:hr>108</gpxtpx:hr>
          </gpxtpx:TrackPointExtension>
        </extensions>
      </trkpt>
      <trkpt lat="22.64573508024802" lon="107.60527062247915">
        <ele>95.03085919097066</ele>
        <time>2023-10-20T01:31:14Z</time>
        <extensions>
          <gpxtpx:TrackPointExtension>
            <gpxtpx:hr>108</gpxtpx:hr>
          </gpxtpx:TrackPointExtension>
        </extensions>
      </trkpt>
      <trkpt lat="22.645733460977603" lon="107.60527113568024">
        <ele>95.02017280366272</ele>
        <time>2023-10-20T01:31:15Z</time>
        <extensions>
          <gpxtpx:TrackPointExtension>
            <gpxtpx:hr>108</gpxtpx:hr>
          </gpxtpx:TrackPointExtension>
        </extensions>
      </trkpt>
      <trkpt lat="22.645731744635633" lon="107.60527331054122">
        <ele>95.01567270886153</ele>
        <time>2023-10-20T01:31:16Z</time>
        <extensions>
          <gpxtpx:TrackPointExtension>
            <gpxtpx:hr>108</gpxtpx:hr>
          </gpxtpx:TrackPointExtension>
        </extensions>
      </trkpt>
      <trkpt lat="22.645729430198372" lon="107.60527761403678">
        <ele>95.01198090426624</ele>
        <time>2023-10-20T01:31:17Z</time>
        <extensions>
          <gpxtpx:TrackPointExtension>
            <gpxtpx:hr>108</gpxtpx:hr>
          </gpxtpx:TrackPointExtension>
        </extensions>
      </trkpt>
      <trkpt lat="22.645726313912313" lon="107.60528395372661">
        <ele>95.01037489715964</ele>
        <time>2023-10-20T01:31:18Z</time>
        <extensions>
          <gpxtpx:TrackPointExtension>
            <gpxtpx:hr>108</gpxtpx:hr>
          </gpxtpx:TrackPointExtension>
        </extensions>
      </trkpt>
      <trkpt lat="22.645722265096083" lon="107.60529181461776">
        <ele>95.02094583027065</ele>
        <time>2023-10-20T01:31:19Z</time>
        <extensions>
          <gpxtpx:TrackPointExtension>
            <gpxtpx:hr>108</gpxtpx:hr>
          </gpxtpx:TrackPointExtension>
        </extensions>
      </trkpt>
      <trkpt lat="22.645717051349276" lon="107.60530170593063">
        <ele>95.03560316562653</ele>
        <time>2023-10-20T01:31:20Z</time>
        <extensions>
          <gpxtpx:TrackPointExtension>
            <gpxtpx:hr>108</gpxtpx:hr>
          </gpxtpx:TrackPointExtension>
        </extensions>
      </trkpt>
      <trkpt lat="22.645710653781684" lon="107.60531366551211">
        <ele>95.05480989161879</ele>
        <time>2023-10-20T01:31:21Z</time>
        <extensions>
          <gpxtpx:TrackPointExtension>
            <gpxtpx:hr>99</gpxtpx:hr>
          </gpxtpx:TrackPointExtension>
        </extensions>
      </trkpt>
      <trkpt lat="22.645703021429394" lon="107.60532822780708">
        <ele>95.08033847622573</ele>
        <time>2023-10-20T01:31:22Z</time>
        <extensions>
          <gpxtpx:TrackPointExtension>
            <gpxtpx:hr>99</gpxtpx:hr>
          </gpxtpx:TrackPointExtension>
        </extensions>
      </trkpt>
      <trkpt lat="22.645694731396183" lon="107.60534490345246">
        <ele>95.10719893313944</ele>
        <time>2023-10-20T01:31:23Z</time>
        <extensions>
          <gpxtpx:TrackPointExtension>
            <gpxtpx:hr>99</gpxtpx:hr>
          </gpxtpx:TrackPointExtension>
        </extensions>
      </trkpt>
      <trkpt lat="22.64568626707558" lon="107.60536440498934">
        <ele>95.13922163750976</ele>
        <time>2023-10-20T01:31:24Z</time>
        <extensions>
          <gpxtpx:TrackPointExtension>
            <gpxtpx:hr>99</gpxtpx:hr>
          </gpxtpx:TrackPointExtension>
        </extensions>
      </trkpt>
      <trkpt lat="22.645678358598218" lon="107.60538662417412">
        <ele>95.17472159210593</ele>
        <time>2023-10-20T01:31:25Z</time>
        <extensions>
          <gpxtpx:TrackPointExtension>
            <gpxtpx:hr>99</gpxtpx:hr>
          </gpxtpx:TrackPointExtension>
        </extensions>
      </trkpt>
      <trkpt lat="22.645672335080505" lon="107.60540940960608">
        <ele>95.21297531574965</ele>
        <time>2023-10-20T01:31:26Z</time>
        <extensions>
          <gpxtpx:TrackPointExtension>
            <gpxtpx:hr>99</gpxtpx:hr>
          </gpxtpx:TrackPointExtension>
        </extensions>
      </trkpt>
      <trkpt lat="22.64566875904534" lon="107.6054313738732">
        <ele>95.25242454186082</ele>
        <time>2023-10-20T01:31:27Z</time>
        <extensions>
          <gpxtpx:TrackPointExtension>
            <gpxtpx:hr>100</gpxtpx:hr>
          </gpxtpx:TrackPointExtension>
        </extensions>
      </trkpt>
      <trkpt lat="22.645667364221854" lon="107.60545184120382">
        <ele>95.29414487350732</ele>
        <time>2023-10-20T01:31:28Z</time>
        <extensions>
          <gpxtpx:TrackPointExtension>
            <gpxtpx:hr>100</gpxtpx:hr>
          </gpxtpx:TrackPointExtension>
        </extensions>
      </trkpt>
      <trkpt lat="22.645667771536324" lon="107.60546943104848">
        <ele>95.33279924932867</ele>
        <time>2023-10-20T01:31:29Z</time>
        <extensions>
          <gpxtpx:TrackPointExtension>
            <gpxtpx:hr>100</gpxtpx:hr>
          </gpxtpx:TrackPointExtension>
        </extensions>
      </trkpt>
      <trkpt lat="22.645669373990387" lon="107.60548246670855">
        <ele>95.36883985251188</ele>
        <time>2023-10-20T01:31:30Z</time>
        <extensions>
          <gpxtpx:TrackPointExtension>
            <gpxtpx:hr>100</gpxtpx:hr>
          </gpxtpx:TrackPointExtension>
        </extensions>
      </trkpt>
      <trkpt lat="22.645671409997757" lon="107.60549054684842">
        <ele>95.40145783405751</ele>
        <time>2023-10-20T01:31:31Z</time>
        <extensions>
          <gpxtpx:TrackPointExtension>
            <gpxtpx:hr>98</gpxtpx:hr>
          </gpxtpx:TrackPointExtension>
        </extensions>
      </trkpt>
      <trkpt lat="22.645672504573426" lon="107.60549404005636">
        <ele>95.42816797178239</ele>
        <time>2023-10-20T01:31:32Z</time>
        <extensions>
          <gpxtpx:TrackPointExtension>
            <gpxtpx:hr>98</gpxtpx:hr>
          </gpxtpx:TrackPointExtension>
        </extensions>
      </trkpt>
      <trkpt lat="22.645671408651182" lon="107.60549382374533">
        <ele>95.44554090779275</ele>
        <time>2023-10-20T01:31:33Z</time>
        <extensions>
          <gpxtpx:TrackPointExtension>
            <gpxtpx:hr>98</gpxtpx:hr>
          </gpxtpx:TrackPointExtension>
        </extensions>
      </trkpt>
      <trkpt lat="22.645667328371047" lon="107.60549104119045">
        <ele>95.45829591993243</ele>
        <time>2023-10-20T01:31:34Z</time>
        <extensions>
          <gpxtpx:TrackPointExtension>
            <gpxtpx:hr>98</gpxtpx:hr>
          </gpxtpx:TrackPointExtension>
        </extensions>
      </trkpt>
      <trkpt lat="22.645660355663722" lon="107.60548648485036">
        <ele>95.46983095537871</ele>
        <time>2023-10-20T01:31:35Z</time>
        <extensions>
          <gpxtpx:TrackPointExtension>
            <gpxtpx:hr>98</gpxtpx:hr>
          </gpxtpx:TrackPointExtension>
        </extensions>
      </trkpt>
      <trkpt lat="22.645651516336883" lon="107.6054809412169">
        <ele>95.47460042312741</ele>
        <time>2023-10-20T01:31:36Z</time>
        <extensions>
          <gpxtpx:TrackPointExtension>
            <gpxtpx:hr>98</gpxtpx:hr>
          </gpxtpx:TrackPointExtension>
        </extensions>
      </trkpt>
      <trkpt lat="22.645642301792627" lon="107.60547550577336">
        <ele>95.47015159856528</ele>
        <time>2023-10-20T01:31:37Z</time>
        <extensions>
          <gpxtpx:TrackPointExtension>
            <gpxtpx:hr>98</gpxtpx:hr>
          </gpxtpx:TrackPointExtension>
        </extensions>
      </trkpt>
      <trkpt lat="22.64563403461374" lon="107.6054710745123">
        <ele>95.46446648146957</ele>
        <time>2023-10-20T01:31:38Z</time>
        <extensions>
          <gpxtpx:TrackPointExtension>
            <gpxtpx:hr>98</gpxtpx:hr>
          </gpxtpx:TrackPointExtension>
        </extensions>
      </trkpt>
      <trkpt lat="22.64562752165687" lon="107.60546810408414">
        <ele>95.455251888372</ele>
        <time>2023-10-20T01:31:39Z</time>
        <extensions>
          <gpxtpx:TrackPointExtension>
            <gpxtpx:hr>98</gpxtpx:hr>
          </gpxtpx:TrackPointExtension>
        </extensions>
      </trkpt>
      <trkpt lat="22.645623129029143" lon="107.6054668811858">
        <ele>95.45304193347692</ele>
        <time>2023-10-20T01:31:40Z</time>
        <extensions>
          <gpxtpx:TrackPointExtension>
            <gpxtpx:hr>96</gpxtpx:hr>
          </gpxtpx:TrackPointExtension>
        </extensions>
      </trkpt>
      <trkpt lat="22.645620517918186" lon="107.6054679334108">
        <ele>95.44961511064321</ele>
        <time>2023-10-20T01:31:41Z</time>
        <extensions>
          <gpxtpx:TrackPointExtension>
            <gpxtpx:hr>96</gpxtpx:hr>
          </gpxtpx:TrackPointExtension>
        </extensions>
      </trkpt>
      <trkpt lat="22.645619054792327" lon="107.6054714038031">
        <ele>95.44167781434953</ele>
        <time>2023-10-20T01:31:42Z</time>
        <extensions>
          <gpxtpx:TrackPointExtension>
            <gpxtpx:hr>96</gpxtpx:hr>
          </gpxtpx:TrackPointExtension>
        </extensions>
      </trkpt>
      <trkpt lat="22.64561825573125" lon="107.60547676264807">
        <ele>95.44394358061254</ele>
        <time>2023-10-20T01:31:43Z</time>
        <extensions>
          <gpxtpx:TrackPointExtension>
            <gpxtpx:hr>96</gpxtpx:hr>
          </gpxtpx:TrackPointExtension>
        </extensions>
      </trkpt>
      <trkpt lat="22.64561720615252" lon="107.60548347409768">
        <ele>95.44329389836639</ele>
        <time>2023-10-20T01:31:44Z</time>
        <extensions>
          <gpxtpx:TrackPointExtension>
            <gpxtpx:hr>96</gpxtpx:hr>
          </gpxtpx:TrackPointExtension>
        </extensions>
      </trkpt>
      <trkpt lat="22.64561494712226" lon="107.60549131725797">
        <ele>95.44279362075031</ele>
        <time>2023-10-20T01:31:45Z</time>
        <extensions>
          <gpxtpx:TrackPointExtension>
            <gpxtpx:hr>87</gpxtpx:hr>
          </gpxtpx:TrackPointExtension>
        </extensions>
      </trkpt>
      <trkpt lat="22.645611509313902" lon="107.60550010909304">
        <ele>95.44531348254532</ele>
        <time>2023-10-20T01:31:46Z</time>
        <extensions>
          <gpxtpx:TrackPointExtension>
            <gpxtpx:hr>87</gpxtpx:hr>
          </gpxtpx:TrackPointExtension>
        </extensions>
      </trkpt>
      <trkpt lat="22.645607407904347" lon="107.60550915630574">
        <ele>95.4417759925127</ele>
        <time>2023-10-20T01:31:47Z</time>
        <extensions>
          <gpxtpx:TrackPointExtension>
            <gpxtpx:hr>87</gpxtpx:hr>
          </gpxtpx:TrackPointExtension>
        </extensions>
      </trkpt>
      <trkpt lat="22.645602692173785" lon="107.60551750227839">
        <ele>95.43487872555852</ele>
        <time>2023-10-20T01:31:48Z</time>
        <extensions>
          <gpxtpx:TrackPointExtension>
            <gpxtpx:hr>87</gpxtpx:hr>
          </gpxtpx:TrackPointExtension>
        </extensions>
      </trkpt>
      <trkpt lat="22.645597001487765" lon="107.6055246854708">
        <ele>95.43835840839893</ele>
        <time>2023-10-20T01:31:49Z</time>
        <extensions>
          <gpxtpx:TrackPointExtension>
            <gpxtpx:hr>87</gpxtpx:hr>
          </gpxtpx:TrackPointExtension>
        </extensions>
      </trkpt>
      <trkpt lat="22.645589946179594" lon="107.6055305471806">
        <ele>95.44617104902864</ele>
        <time>2023-10-20T01:31:50Z</time>
        <extensions>
          <gpxtpx:TrackPointExtension>
            <gpxtpx:hr>87</gpxtpx:hr>
          </gpxtpx:TrackPointExtension>
        </extensions>
      </trkpt>
      <trkpt lat="22.64558135412498" lon="107.6055350779489">
        <ele>95.4532855078578</ele>
        <time>2023-10-20T01:31:51Z</time>
        <extensions>
          <gpxtpx:TrackPointExtension>
            <gpxtpx:hr>87</gpxtpx:hr>
          </gpxtpx:TrackPointExtension>
        </extensions>
      </trkpt>
      <trkpt lat="22.645571669582296" lon="107.60553848908745">
        <ele>95.4602614659816</ele>
        <time>2023-10-20T01:31:52Z</time>
        <extensions>
          <gpxtpx:TrackPointExtension>
            <gpxtpx:hr>95</gpxtpx:hr>
          </gpxtpx:TrackPointExtension>
        </extensions>
      </trkpt>
      <trkpt lat="22.64556153671988" lon="107.6055413103366">
        <ele>95.46258273161948</ele>
        <time>2023-10-20T01:31:53Z</time>
        <extensions>
          <gpxtpx:TrackPointExtension>
            <gpxtpx:hr>95</gpxtpx:hr>
          </gpxtpx:TrackPointExtension>
        </extensions>
      </trkpt>
      <trkpt lat="22.645551273124955" lon="107.60554411099879">
        <ele>95.47684480901808</ele>
        <time>2023-10-20T01:31:54Z</time>
        <extensions>
          <gpxtpx:TrackPointExtension>
            <gpxtpx:hr>95</gpxtpx:hr>
          </gpxtpx:TrackPointExtension>
        </extensions>
      </trkpt>
      <trkpt lat="22.645540858190376" lon="107.6055470588747">
        <ele>95.48766183573753</ele>
        <time>2023-10-20T01:31:55Z</time>
        <extensions>
          <gpxtpx:TrackPointExtension>
            <gpxtpx:hr>95</gpxtpx:hr>
          </gpxtpx:TrackPointExtension>
        </extensions>
      </trkpt>
      <trkpt lat="22.645529846970263" lon="107.6055498425173">
        <ele>95.50395825691521</ele>
        <time>2023-10-20T01:31:56Z</time>
        <extensions>
          <gpxtpx:TrackPointExtension>
            <gpxtpx:hr>94</gpxtpx:hr>
          </gpxtpx:TrackPointExtension>
        </extensions>
      </trkpt>
      <trkpt lat="22.645518185947566" lon="107.60555205827923">
        <ele>95.52412283420563</ele>
        <time>2023-10-20T01:31:57Z</time>
        <extensions>
          <gpxtpx:TrackPointExtension>
            <gpxtpx:hr>94</gpxtpx:hr>
          </gpxtpx:TrackPointExtension>
        </extensions>
      </trkpt>
      <trkpt lat="22.64550604277326" lon="107.60555316644728">
        <ele>95.54476843215525</ele>
        <time>2023-10-20T01:31:58Z</time>
        <extensions>
          <gpxtpx:TrackPointExtension>
            <gpxtpx:hr>94</gpxtpx:hr>
          </gpxtpx:TrackPointExtension>
        </extensions>
      </trkpt>
      <trkpt lat="22.64549370517064" lon="107.60555222265698">
        <ele>95.5686302203685</ele>
        <time>2023-10-20T01:31:59Z</time>
        <extensions>
          <gpxtpx:TrackPointExtension>
            <gpxtpx:hr>94</gpxtpx:hr>
          </gpxtpx:TrackPointExtension>
        </extensions>
      </trkpt>
      <trkpt lat="22.645481705309983" lon="107.60554827419527">
        <ele>95.59232515469193</ele>
        <time>2023-10-20T01:32:00Z</time>
        <extensions>
          <gpxtpx:TrackPointExtension>
            <gpxtpx:hr>94</gpxtpx:hr>
          </gpxtpx:TrackPointExtension>
        </extensions>
      </trkpt>
      <trkpt lat="22.64547072852927" lon="107.60554095096607">
        <ele>95.62048822455108</ele>
        <time>2023-10-20T01:32:01Z</time>
        <extensions>
          <gpxtpx:TrackPointExtension>
            <gpxtpx:hr>94</gpxtpx:hr>
          </gpxtpx:TrackPointExtension>
        </extensions>
      </trkpt>
      <trkpt lat="22.645461594831517" lon="107.60553055098843">
        <ele>95.64845616463572</ele>
        <time>2023-10-20T01:32:02Z</time>
        <extensions>
          <gpxtpx:TrackPointExtension>
            <gpxtpx:hr>94</gpxtpx:hr>
          </gpxtpx:TrackPointExtension>
        </extensions>
      </trkpt>
      <trkpt lat="22.64545479590666" lon="107.6055176276134">
        <ele>95.67817944753915</ele>
        <time>2023-10-20T01:32:03Z</time>
        <extensions>
          <gpxtpx:TrackPointExtension>
            <gpxtpx:hr>94</gpxtpx:hr>
          </gpxtpx:TrackPointExtension>
        </extensions>
      </trkpt>
      <trkpt lat="22.64545052716378" lon="107.60550297369754">
        <ele>95.7141949729994</ele>
        <time>2023-10-20T01:32:04Z</time>
        <extensions>
          <gpxtpx:TrackPointExtension>
            <gpxtpx:hr>95</gpxtpx:hr>
          </gpxtpx:TrackPointExtension>
        </extensions>
      </trkpt>
      <trkpt lat="22.645448706960636" lon="107.60548729321059">
        <ele>95.75224240496755</ele>
        <time>2023-10-20T01:32:05Z</time>
        <extensions>
          <gpxtpx:TrackPointExtension>
            <gpxtpx:hr>95</gpxtpx:hr>
          </gpxtpx:TrackPointExtension>
        </extensions>
      </trkpt>
      <trkpt lat="22.64544895821655" lon="107.60547133701525">
        <ele>95.78808755241334</ele>
        <time>2023-10-20T01:32:06Z</time>
        <extensions>
          <gpxtpx:TrackPointExtension>
            <gpxtpx:hr>95</gpxtpx:hr>
          </gpxtpx:TrackPointExtension>
        </extensions>
      </trkpt>
      <trkpt lat="22.64545120171815" lon="107.6054553209191">
        <ele>95.82034617848694</ele>
        <time>2023-10-20T01:32:07Z</time>
        <extensions>
          <gpxtpx:TrackPointExtension>
            <gpxtpx:hr>95</gpxtpx:hr>
          </gpxtpx:TrackPointExtension>
        </extensions>
      </trkpt>
      <trkpt lat="22.645455091284887" lon="107.60543930545234">
        <ele>95.85666166990995</ele>
        <time>2023-10-20T01:32:08Z</time>
        <extensions>
          <gpxtpx:TrackPointExtension>
            <gpxtpx:hr>95</gpxtpx:hr>
          </gpxtpx:TrackPointExtension>
        </extensions>
      </trkpt>
      <trkpt lat="22.64545991588635" lon="107.60542342058248">
        <ele>95.88852908089757</ele>
        <time>2023-10-20T01:32:09Z</time>
        <extensions>
          <gpxtpx:TrackPointExtension>
            <gpxtpx:hr>95</gpxtpx:hr>
          </gpxtpx:TrackPointExtension>
        </extensions>
      </trkpt>
      <trkpt lat="22.64546491438875" lon="107.60540764452573">
        <ele>95.92164474632591</ele>
        <time>2023-10-20T01:32:10Z</time>
        <extensions>
          <gpxtpx:TrackPointExtension>
            <gpxtpx:hr>102</gpxtpx:hr>
          </gpxtpx:TrackPointExtension>
        </extensions>
      </trkpt>
      <trkpt lat="22.64546956500933" lon="107.6053919139623">
        <ele>95.95517673995346</ele>
        <time>2023-10-20T01:32:11Z</time>
        <extensions>
          <gpxtpx:TrackPointExtension>
            <gpxtpx:hr>102</gpxtpx:hr>
          </gpxtpx:TrackPointExtension>
        </extensions>
      </trkpt>
      <trkpt lat="22.645473260041822" lon="107.60537583869568">
        <ele>95.9818427907303</ele>
        <time>2023-10-20T01:32:12Z</time>
        <extensions>
          <gpxtpx:TrackPointExtension>
            <gpxtpx:hr>102</gpxtpx:hr>
          </gpxtpx:TrackPointExtension>
        </extensions>
      </trkpt>
      <trkpt lat="22.645474971416224" lon="107.60535932456405">
        <ele>96.00232593435794</ele>
        <time>2023-10-20T01:32:13Z</time>
        <extensions>
          <gpxtpx:TrackPointExtension>
            <gpxtpx:hr>102</gpxtpx:hr>
          </gpxtpx:TrackPointExtension>
        </extensions>
      </trkpt>
      <trkpt lat="22.645473860280195" lon="107.60534273156891">
        <ele>96.03264190722257</ele>
        <time>2023-10-20T01:32:14Z</time>
        <extensions>
          <gpxtpx:TrackPointExtension>
            <gpxtpx:hr>102</gpxtpx:hr>
          </gpxtpx:TrackPointExtension>
        </extensions>
      </trkpt>
      <trkpt lat="22.64546950968292" lon="107.6053268708926">
        <ele>96.05599042121321</ele>
        <time>2023-10-20T01:32:15Z</time>
        <extensions>
          <gpxtpx:TrackPointExtension>
            <gpxtpx:hr>102</gpxtpx:hr>
          </gpxtpx:TrackPointExtension>
        </extensions>
      </trkpt>
      <trkpt lat="22.645461976328313" lon="107.60531282106352">
        <ele>96.07752186991274</ele>
        <time>2023-10-20T01:32:16Z</time>
        <extensions>
          <gpxtpx:TrackPointExtension>
            <gpxtpx:hr>102</gpxtpx:hr>
          </gpxtpx:TrackPointExtension>
        </extensions>
      </trkpt>
      <trkpt lat="22.64545160939154" lon="107.60530156931976">
        <ele>96.10585798881948</ele>
        <time>2023-10-20T01:32:17Z</time>
        <extensions>
          <gpxtpx:TrackPointExtension>
            <gpxtpx:hr>103</gpxtpx:hr>
          </gpxtpx:TrackPointExtension>
        </extensions>
      </trkpt>
      <trkpt lat="22.64543883867238" lon="107.6052936389642">
        <ele>96.13644109480083</ele>
        <time>2023-10-20T01:32:18Z</time>
        <extensions>
          <gpxtpx:TrackPointExtension>
            <gpxtpx:hr>103</gpxtpx:hr>
          </gpxtpx:TrackPointExtension>
        </extensions>
      </trkpt>
      <trkpt lat="22.645424005495588" lon="107.60528911635234">
        <ele>96.16736726369709</ele>
        <time>2023-10-20T01:32:19Z</time>
        <extensions>
          <gpxtpx:TrackPointExtension>
            <gpxtpx:hr>103</gpxtpx:hr>
          </gpxtpx:TrackPointExtension>
        </extensions>
      </trkpt>
      <trkpt lat="22.645407478295084" lon="107.60528791188658">
        <ele>96.19901014771312</ele>
        <time>2023-10-20T01:32:20Z</time>
        <extensions>
          <gpxtpx:TrackPointExtension>
            <gpxtpx:hr>103</gpxtpx:hr>
          </gpxtpx:TrackPointExtension>
        </extensions>
      </trkpt>
      <trkpt lat="22.64539010998866" lon="107.60528986846785">
        <ele>96.23210959602147</ele>
        <time>2023-10-20T01:32:21Z</time>
        <extensions>
          <gpxtpx:TrackPointExtension>
            <gpxtpx:hr>103</gpxtpx:hr>
          </gpxtpx:TrackPointExtension>
        </extensions>
      </trkpt>
      <trkpt lat="22.645372892016542" lon="107.60529454166142">
        <ele>96.27375598717481</ele>
        <time>2023-10-20T01:32:22Z</time>
        <extensions>
          <gpxtpx:TrackPointExtension>
            <gpxtpx:hr>104</gpxtpx:hr>
          </gpxtpx:TrackPointExtension>
        </extensions>
      </trkpt>
      <trkpt lat="22.645356366061172" lon="107.60530097827062">
        <ele>96.31250573229045</ele>
        <time>2023-10-20T01:32:23Z</time>
        <extensions>
          <gpxtpx:TrackPointExtension>
            <gpxtpx:hr>104</gpxtpx:hr>
          </gpxtpx:TrackPointExtension>
        </extensions>
      </trkpt>
      <trkpt lat="22.645340574857215" lon="107.60530821525154">
        <ele>96.34821971971542</ele>
        <time>2023-10-20T01:32:24Z</time>
        <extensions>
          <gpxtpx:TrackPointExtension>
            <gpxtpx:hr>104</gpxtpx:hr>
          </gpxtpx:TrackPointExtension>
        </extensions>
      </trkpt>
      <trkpt lat="22.64532534760784" lon="107.60531543864876">
        <ele>96.38805237878114</ele>
        <time>2023-10-20T01:32:25Z</time>
        <extensions>
          <gpxtpx:TrackPointExtension>
            <gpxtpx:hr>104</gpxtpx:hr>
          </gpxtpx:TrackPointExtension>
        </extensions>
      </trkpt>
      <trkpt lat="22.645310656640806" lon="107.6053222089827">
        <ele>96.43195405602455</ele>
        <time>2023-10-20T01:32:26Z</time>
        <extensions>
          <gpxtpx:TrackPointExtension>
            <gpxtpx:hr>104</gpxtpx:hr>
          </gpxtpx:TrackPointExtension>
        </extensions>
      </trkpt>
      <trkpt lat="22.645296782723157" lon="107.60532847485848">
        <ele>96.47710021492094</ele>
        <time>2023-10-20T01:32:27Z</time>
        <extensions>
          <gpxtpx:TrackPointExtension>
            <gpxtpx:hr>106</gpxtpx:hr>
          </gpxtpx:TrackPointExtension>
        </extensions>
      </trkpt>
      <trkpt lat="22.645283832247664" lon="107.60533431793876">
        <ele>96.5192617541179</ele>
        <time>2023-10-20T01:32:28Z</time>
        <extensions>
          <gpxtpx:TrackPointExtension>
            <gpxtpx:hr>106</gpxtpx:hr>
          </gpxtpx:TrackPointExtension>
        </extensions>
      </trkpt>
      <trkpt lat="22.645271699145656" lon="107.60534001882667">
        <ele>96.55836286302656</ele>
        <time>2023-10-20T01:32:29Z</time>
        <extensions>
          <gpxtpx:TrackPointExtension>
            <gpxtpx:hr>106</gpxtpx:hr>
          </gpxtpx:TrackPointExtension>
        </extensions>
      </trkpt>
      <trkpt lat="22.64526064919419" lon="107.60534606242187">
        <ele>96.59551254566759</ele>
        <time>2023-10-20T01:32:30Z</time>
        <extensions>
          <gpxtpx:TrackPointExtension>
            <gpxtpx:hr>106</gpxtpx:hr>
          </gpxtpx:TrackPointExtension>
        </extensions>
      </trkpt>
      <trkpt lat="22.645251160716438" lon="107.60535274566757">
        <ele>96.6258499706164</ele>
        <time>2023-10-20T01:32:31Z</time>
        <extensions>
          <gpxtpx:TrackPointExtension>
            <gpxtpx:hr>106</gpxtpx:hr>
          </gpxtpx:TrackPointExtension>
        </extensions>
      </trkpt>
      <trkpt lat="22.6452432790896" lon="107.6053599273725">
        <ele>96.65849186107516</ele>
        <time>2023-10-20T01:32:32Z</time>
        <extensions>
          <gpxtpx:TrackPointExtension>
            <gpxtpx:hr>106</gpxtpx:hr>
          </gpxtpx:TrackPointExtension>
        </extensions>
      </trkpt>
      <trkpt lat="22.64523636384409" lon="107.60536714915276">
        <ele>96.68388739321381</ele>
        <time>2023-10-20T01:32:33Z</time>
        <extensions>
          <gpxtpx:TrackPointExtension>
            <gpxtpx:hr>106</gpxtpx:hr>
          </gpxtpx:TrackPointExtension>
        </extensions>
      </trkpt>
      <trkpt lat="22.645229353813782" lon="107.60537423728688">
        <ele>96.70842205453664</ele>
        <time>2023-10-20T01:32:34Z</time>
        <extensions>
          <gpxtpx:TrackPointExtension>
            <gpxtpx:hr>106</gpxtpx:hr>
          </gpxtpx:TrackPointExtension>
        </extensions>
      </trkpt>
      <trkpt lat="22.645221669264586" lon="107.60538110376761">
        <ele>96.72650390677154</ele>
        <time>2023-10-20T01:32:35Z</time>
        <extensions>
          <gpxtpx:TrackPointExtension>
            <gpxtpx:hr>106</gpxtpx:hr>
          </gpxtpx:TrackPointExtension>
        </extensions>
      </trkpt>
      <trkpt lat="22.645213017459508" lon="107.60538777824283">
        <ele>96.73445101920515</ele>
        <time>2023-10-20T01:32:36Z</time>
        <extensions>
          <gpxtpx:TrackPointExtension>
            <gpxtpx:hr>111</gpxtpx:hr>
          </gpxtpx:TrackPointExtension>
        </extensions>
      </trkpt>
      <trkpt lat="22.645203421022934" lon="107.60539437180238">
        <ele>96.74540866911411</ele>
        <time>2023-10-20T01:32:37Z</time>
        <extensions>
          <gpxtpx:TrackPointExtension>
            <gpxtpx:hr>111</gpxtpx:hr>
          </gpxtpx:TrackPointExtension>
        </extensions>
      </trkpt>
      <trkpt lat="22.64519301548426" lon="107.60540093236659">
        <ele>96.75224152300507</ele>
        <time>2023-10-20T01:32:38Z</time>
        <extensions>
          <gpxtpx:TrackPointExtension>
            <gpxtpx:hr>111</gpxtpx:hr>
          </gpxtpx:TrackPointExtension>
        </extensions>
      </trkpt>
      <trkpt lat="22.645181388074185" lon="107.60540735861856">
        <ele>96.75209480710328</ele>
        <time>2023-10-20T01:32:39Z</time>
        <extensions>
          <gpxtpx:TrackPointExtension>
            <gpxtpx:hr>111</gpxtpx:hr>
          </gpxtpx:TrackPointExtension>
        </extensions>
      </trkpt>
      <trkpt lat="22.645168436051893" lon="107.60541325239983">
        <ele>96.75166047737002</ele>
        <time>2023-10-20T01:32:40Z</time>
        <extensions>
          <gpxtpx:TrackPointExtension>
            <gpxtpx:hr>111</gpxtpx:hr>
          </gpxtpx:TrackPointExtension>
        </extensions>
      </trkpt>
      <trkpt lat="22.64515480730909" lon="107.6054179717069">
        <ele>96.74545068107545</ele>
        <time>2023-10-20T01:32:41Z</time>
        <extensions>
          <gpxtpx:TrackPointExtension>
            <gpxtpx:hr>111</gpxtpx:hr>
          </gpxtpx:TrackPointExtension>
        </extensions>
      </trkpt>
      <trkpt lat="22.64514158558525" lon="107.60542103760507">
        <ele>96.73960633389652</ele>
        <time>2023-10-20T01:32:42Z</time>
        <extensions>
          <gpxtpx:TrackPointExtension>
            <gpxtpx:hr>111</gpxtpx:hr>
          </gpxtpx:TrackPointExtension>
        </extensions>
      </trkpt>
      <trkpt lat="22.645129557854307" lon="107.60542252401582">
        <ele>96.7267480622977</ele>
        <time>2023-10-20T01:32:43Z</time>
        <extensions>
          <gpxtpx:TrackPointExtension>
            <gpxtpx:hr>111</gpxtpx:hr>
          </gpxtpx:TrackPointExtension>
        </extensions>
      </trkpt>
      <trkpt lat="22.645118751354453" lon="107.6054232091406">
        <ele>96.71252045966685</ele>
        <time>2023-10-20T01:32:44Z</time>
        <extensions>
          <gpxtpx:TrackPointExtension>
            <gpxtpx:hr>111</gpxtpx:hr>
          </gpxtpx:TrackPointExtension>
        </extensions>
      </trkpt>
      <trkpt lat="22.645108346882505" lon="107.6054236945542">
        <ele>96.69702156819403</ele>
        <time>2023-10-20T01:32:45Z</time>
        <extensions>
          <gpxtpx:TrackPointExtension>
            <gpxtpx:hr>111</gpxtpx:hr>
          </gpxtpx:TrackPointExtension>
        </extensions>
      </trkpt>
      <trkpt lat="22.64509720914263" lon="107.605424164076">
        <ele>96.68439432233572</ele>
        <time>2023-10-20T01:32:46Z</time>
        <extensions>
          <gpxtpx:TrackPointExtension>
            <gpxtpx:hr>111</gpxtpx:hr>
          </gpxtpx:TrackPointExtension>
        </extensions>
      </trkpt>
      <trkpt lat="22.64508484554451" lon="107.60542473039375">
        <ele>96.6645999122411</ele>
        <time>2023-10-20T01:32:47Z</time>
        <extensions>
          <gpxtpx:TrackPointExtension>
            <gpxtpx:hr>110</gpxtpx:hr>
          </gpxtpx:TrackPointExtension>
        </extensions>
      </trkpt>
      <trkpt lat="22.645071560937005" lon="107.60542554426875">
        <ele>96.64542390871793</ele>
        <time>2023-10-20T01:32:48Z</time>
        <extensions>
          <gpxtpx:TrackPointExtension>
            <gpxtpx:hr>110</gpxtpx:hr>
          </gpxtpx:TrackPointExtension>
        </extensions>
      </trkpt>
      <trkpt lat="22.64505793695807" lon="107.60542700367486">
        <ele>96.62663770187646</ele>
        <time>2023-10-20T01:32:49Z</time>
        <extensions>
          <gpxtpx:TrackPointExtension>
            <gpxtpx:hr>110</gpxtpx:hr>
          </gpxtpx:TrackPointExtension>
        </extensions>
      </trkpt>
      <trkpt lat="22.645044564692686" lon="107.60542971532671">
        <ele>96.60924476664513</ele>
        <time>2023-10-20T01:32:50Z</time>
        <extensions>
          <gpxtpx:TrackPointExtension>
            <gpxtpx:hr>110</gpxtpx:hr>
          </gpxtpx:TrackPointExtension>
        </extensions>
      </trkpt>
      <trkpt lat="22.645031869044093" lon="107.60543431573821">
        <ele>96.60373313166201</ele>
        <time>2023-10-20T01:32:51Z</time>
        <extensions>
          <gpxtpx:TrackPointExtension>
            <gpxtpx:hr>109</gpxtpx:hr>
          </gpxtpx:TrackPointExtension>
        </extensions>
      </trkpt>
      <trkpt lat="22.645019876203342" lon="107.60544111109552">
        <ele>96.59856844134629</ele>
        <time>2023-10-20T01:32:52Z</time>
        <extensions>
          <gpxtpx:TrackPointExtension>
            <gpxtpx:hr>109</gpxtpx:hr>
          </gpxtpx:TrackPointExtension>
        </extensions>
      </trkpt>
      <trkpt lat="22.645008348828302" lon="107.60544963519342">
        <ele>96.59895801264793</ele>
        <time>2023-10-20T01:32:53Z</time>
        <extensions>
          <gpxtpx:TrackPointExtension>
            <gpxtpx:hr>109</gpxtpx:hr>
          </gpxtpx:TrackPointExtension>
        </extensions>
      </trkpt>
      <trkpt lat="22.644996987678336" lon="107.60545936535861">
        <ele>96.60289889574051</ele>
        <time>2023-10-20T01:32:54Z</time>
        <extensions>
          <gpxtpx:TrackPointExtension>
            <gpxtpx:hr>109</gpxtpx:hr>
          </gpxtpx:TrackPointExtension>
        </extensions>
      </trkpt>
      <trkpt lat="22.6449861868728" lon="107.60546890461742">
        <ele>96.60541423689574</ele>
        <time>2023-10-20T01:32:55Z</time>
        <extensions>
          <gpxtpx:TrackPointExtension>
            <gpxtpx:hr>109</gpxtpx:hr>
          </gpxtpx:TrackPointExtension>
        </extensions>
      </trkpt>
      <trkpt lat="22.64497582781289" lon="107.60547841562105">
        <ele>96.61058734823018</ele>
        <time>2023-10-20T01:32:56Z</time>
        <extensions>
          <gpxtpx:TrackPointExtension>
            <gpxtpx:hr>109</gpxtpx:hr>
          </gpxtpx:TrackPointExtension>
        </extensions>
      </trkpt>
      <trkpt lat="22.64496554714292" lon="107.60548844869456">
        <ele>96.61835898924619</ele>
        <time>2023-10-20T01:32:57Z</time>
        <extensions>
          <gpxtpx:TrackPointExtension>
            <gpxtpx:hr>109</gpxtpx:hr>
          </gpxtpx:TrackPointExtension>
        </extensions>
      </trkpt>
      <trkpt lat="22.644954695879342" lon="107.6054981529517">
        <ele>96.63548821303993</ele>
        <time>2023-10-20T01:32:58Z</time>
        <extensions>
          <gpxtpx:TrackPointExtension>
            <gpxtpx:hr>109</gpxtpx:hr>
          </gpxtpx:TrackPointExtension>
        </extensions>
      </trkpt>
      <trkpt lat="22.644943606121497" lon="107.6055075757203">
        <ele>96.65856677480042</ele>
        <time>2023-10-20T01:32:59Z</time>
        <extensions>
          <gpxtpx:TrackPointExtension>
            <gpxtpx:hr>109</gpxtpx:hr>
          </gpxtpx:TrackPointExtension>
        </extensions>
      </trkpt>
      <trkpt lat="22.644932288749242" lon="107.6055164681846">
        <ele>96.68390701431781</ele>
        <time>2023-10-20T01:33:00Z</time>
        <extensions>
          <gpxtpx:TrackPointExtension>
            <gpxtpx:hr>109</gpxtpx:hr>
          </gpxtpx:TrackPointExtension>
        </extensions>
      </trkpt>
      <trkpt lat="22.64492066818801" lon="107.60552444659339">
        <ele>96.71165733784437</ele>
        <time>2023-10-20T01:33:01Z</time>
        <extensions>
          <gpxtpx:TrackPointExtension>
            <gpxtpx:hr>109</gpxtpx:hr>
          </gpxtpx:TrackPointExtension>
        </extensions>
      </trkpt>
      <trkpt lat="22.6449087435344" lon="107.60553119449138">
        <ele>96.74537504650652</ele>
        <time>2023-10-20T01:33:02Z</time>
        <extensions>
          <gpxtpx:TrackPointExtension>
            <gpxtpx:hr>108</gpxtpx:hr>
          </gpxtpx:TrackPointExtension>
        </extensions>
      </trkpt>
      <trkpt lat="22.64489746871219" lon="107.60553654071241">
        <ele>96.7864494882524</ele>
        <time>2023-10-20T01:33:03Z</time>
        <extensions>
          <gpxtpx:TrackPointExtension>
            <gpxtpx:hr>108</gpxtpx:hr>
          </gpxtpx:TrackPointExtension>
        </extensions>
      </trkpt>
      <trkpt lat="22.644888968732992" lon="107.60554057475555">
        <ele>96.82862837146968</ele>
        <time>2023-10-20T01:33:04Z</time>
        <extensions>
          <gpxtpx:TrackPointExtension>
            <gpxtpx:hr>108</gpxtpx:hr>
          </gpxtpx:TrackPointExtension>
        </extensions>
      </trkpt>
      <trkpt lat="22.64488308517148" lon="107.60554354071027">
        <ele>96.87231597024947</ele>
        <time>2023-10-20T01:33:05Z</time>
        <extensions>
          <gpxtpx:TrackPointExtension>
            <gpxtpx:hr>108</gpxtpx:hr>
          </gpxtpx:TrackPointExtension>
        </extensions>
      </trkpt>
      <trkpt lat="22.64487694435603" lon="107.60554586203013">
        <ele>96.91721608676016</ele>
        <time>2023-10-20T01:33:06Z</time>
        <extensions>
          <gpxtpx:TrackPointExtension>
            <gpxtpx:hr>108</gpxtpx:hr>
          </gpxtpx:TrackPointExtension>
        </extensions>
      </trkpt>
      <trkpt lat="22.644868809931218" lon="107.60554800799915">
        <ele>96.96078501176089</ele>
        <time>2023-10-20T01:33:07Z</time>
        <extensions>
          <gpxtpx:TrackPointExtension>
            <gpxtpx:hr>107</gpxtpx:hr>
          </gpxtpx:TrackPointExtension>
        </extensions>
      </trkpt>
      <trkpt lat="22.644857104192628" lon="107.60555045818367">
        <ele>97.00113714113832</ele>
        <time>2023-10-20T01:33:08Z</time>
        <extensions>
          <gpxtpx:TrackPointExtension>
            <gpxtpx:hr>107</gpxtpx:hr>
          </gpxtpx:TrackPointExtension>
        </extensions>
      </trkpt>
      <trkpt lat="22.644843358924042" lon="107.60555349259499">
        <ele>97.03661493118852</ele>
        <time>2023-10-20T01:33:09Z</time>
        <extensions>
          <gpxtpx:TrackPointExtension>
            <gpxtpx:hr>107</gpxtpx:hr>
          </gpxtpx:TrackPointExtension>
        </extensions>
      </trkpt>
      <trkpt lat="22.644831954658546" lon="107.6055566659531">
        <ele>97.07399580162019</ele>
        <time>2023-10-20T01:33:10Z</time>
        <extensions>
          <gpxtpx:TrackPointExtension>
            <gpxtpx:hr>107</gpxtpx:hr>
          </gpxtpx:TrackPointExtension>
        </extensions>
      </trkpt>
      <trkpt lat="22.64482273422573" lon="107.60556011706711">
        <ele>97.10682223457843</ele>
        <time>2023-10-20T01:33:11Z</time>
        <extensions>
          <gpxtpx:TrackPointExtension>
            <gpxtpx:hr>108</gpxtpx:hr>
          </gpxtpx:TrackPointExtension>
        </extensions>
      </trkpt>
      <trkpt lat="22.644812485479918" lon="107.60556446357376">
        <ele>97.13402595650405</ele>
        <time>2023-10-20T01:33:12Z</time>
        <extensions>
          <gpxtpx:TrackPointExtension>
            <gpxtpx:hr>108</gpxtpx:hr>
          </gpxtpx:TrackPointExtension>
        </extensions>
      </trkpt>
      <trkpt lat="22.644801783010003" lon="107.60556964614499">
        <ele>97.16260133776814</ele>
        <time>2023-10-20T01:33:13Z</time>
        <extensions>
          <gpxtpx:TrackPointExtension>
            <gpxtpx:hr>108</gpxtpx:hr>
          </gpxtpx:TrackPointExtension>
        </extensions>
      </trkpt>
      <trkpt lat="22.64479384366626" lon="107.60557468362704">
        <ele>97.18479038588703</ele>
        <time>2023-10-20T01:33:14Z</time>
        <extensions>
          <gpxtpx:TrackPointExtension>
            <gpxtpx:hr>108</gpxtpx:hr>
          </gpxtpx:TrackPointExtension>
        </extensions>
      </trkpt>
      <trkpt lat="22.644788703757083" lon="107.60557964552551">
        <ele>97.20798328146338</ele>
        <time>2023-10-20T01:33:15Z</time>
        <extensions>
          <gpxtpx:TrackPointExtension>
            <gpxtpx:hr>108</gpxtpx:hr>
          </gpxtpx:TrackPointExtension>
        </extensions>
      </trkpt>
      <trkpt lat="22.64478436419962" lon="107.60558600695877">
        <ele>97.22053352650255</ele>
        <time>2023-10-20T01:33:16Z</time>
        <extensions>
          <gpxtpx:TrackPointExtension>
            <gpxtpx:hr>108</gpxtpx:hr>
          </gpxtpx:TrackPointExtension>
        </extensions>
      </trkpt>
      <trkpt lat="22.64478053532769" lon="107.60559394005762">
        <ele>97.22981445491314</ele>
        <time>2023-10-20T01:33:17Z</time>
        <extensions>
          <gpxtpx:TrackPointExtension>
            <gpxtpx:hr>108</gpxtpx:hr>
          </gpxtpx:TrackPointExtension>
        </extensions>
      </trkpt>
      <trkpt lat="22.644778218378832" lon="107.60560185948248">
        <ele>97.22555109485984</ele>
        <time>2023-10-20T01:33:18Z</time>
        <extensions>
          <gpxtpx:TrackPointExtension>
            <gpxtpx:hr>108</gpxtpx:hr>
          </gpxtpx:TrackPointExtension>
        </extensions>
      </trkpt>
      <trkpt lat="22.6447783490457" lon="107.6056080148498">
        <ele>97.21976099722087</ele>
        <time>2023-10-20T01:33:19Z</time>
        <extensions>
          <gpxtpx:TrackPointExtension>
            <gpxtpx:hr>108</gpxtpx:hr>
          </gpxtpx:TrackPointExtension>
        </extensions>
      </trkpt>
      <trkpt lat="22.64478103022396" lon="107.60561133721747">
        <ele>97.20679617952555</ele>
        <time>2023-10-20T01:33:20Z</time>
        <extensions>
          <gpxtpx:TrackPointExtension>
            <gpxtpx:hr>108</gpxtpx:hr>
          </gpxtpx:TrackPointExtension>
        </extensions>
      </trkpt>
      <trkpt lat="22.644786078388876" lon="107.60561187171932">
        <ele>97.19401361327618</ele>
        <time>2023-10-20T01:33:21Z</time>
        <extensions>
          <gpxtpx:TrackPointExtension>
            <gpxtpx:hr>108</gpxtpx:hr>
          </gpxtpx:TrackPointExtension>
        </extensions>
      </trkpt>
      <trkpt lat="22.644793349970797" lon="107.60561047546751">
        <ele>97.17666114121675</ele>
        <time>2023-10-20T01:33:22Z</time>
        <extensions>
          <gpxtpx:TrackPointExtension>
            <gpxtpx:hr>108</gpxtpx:hr>
          </gpxtpx:TrackPointExtension>
        </extensions>
      </trkpt>
      <trkpt lat="22.64480285282901" lon="107.60560837347889">
        <ele>97.15476087108254</ele>
        <time>2023-10-20T01:33:23Z</time>
        <extensions>
          <gpxtpx:TrackPointExtension>
            <gpxtpx:hr>108</gpxtpx:hr>
          </gpxtpx:TrackPointExtension>
        </extensions>
      </trkpt>
      <trkpt lat="22.644814201469895" lon="107.60560664050561">
        <ele>97.1287088431418</ele>
        <time>2023-10-20T01:33:24Z</time>
        <extensions>
          <gpxtpx:TrackPointExtension>
            <gpxtpx:hr>108</gpxtpx:hr>
          </gpxtpx:TrackPointExtension>
        </extensions>
      </trkpt>
      <trkpt lat="22.64482664089069" lon="107.60560598963745">
        <ele>97.10174448788166</ele>
        <time>2023-10-20T01:33:25Z</time>
        <extensions>
          <gpxtpx:TrackPointExtension>
            <gpxtpx:hr>108</gpxtpx:hr>
          </gpxtpx:TrackPointExtension>
        </extensions>
      </trkpt>
      <trkpt lat="22.644838971069973" lon="107.60560660760393">
        <ele>97.06946069654077</ele>
        <time>2023-10-20T01:33:26Z</time>
        <extensions>
          <gpxtpx:TrackPointExtension>
            <gpxtpx:hr>109</gpxtpx:hr>
          </gpxtpx:TrackPointExtension>
        </extensions>
      </trkpt>
      <trkpt lat="22.644850277209105" lon="107.60560865739478">
        <ele>97.03636437561363</ele>
        <time>2023-10-20T01:33:27Z</time>
        <extensions>
          <gpxtpx:TrackPointExtension>
            <gpxtpx:hr>109</gpxtpx:hr>
          </gpxtpx:TrackPointExtension>
        </extensions>
      </trkpt>
      <trkpt lat="22.64486096241765" lon="107.605612173944">
        <ele>97.0019644452259</ele>
        <time>2023-10-20T01:33:28Z</time>
        <extensions>
          <gpxtpx:TrackPointExtension>
            <gpxtpx:hr>109</gpxtpx:hr>
          </gpxtpx:TrackPointExtension>
        </extensions>
      </trkpt>
      <trkpt lat="22.644871938315703" lon="107.60561694573758">
        <ele>96.96400122717023</ele>
        <time>2023-10-20T01:33:29Z</time>
        <extensions>
          <gpxtpx:TrackPointExtension>
            <gpxtpx:hr>109</gpxtpx:hr>
          </gpxtpx:TrackPointExtension>
        </extensions>
      </trkpt>
      <trkpt lat="22.644882929810446" lon="107.60562289532385">
        <ele>96.93261458352208</ele>
        <time>2023-10-20T01:33:30Z</time>
        <extensions>
          <gpxtpx:TrackPointExtension>
            <gpxtpx:hr>109</gpxtpx:hr>
          </gpxtpx:TrackPointExtension>
        </extensions>
      </trkpt>
      <trkpt lat="22.644892253139215" lon="107.60562986375055">
        <ele>96.90846113022417</ele>
        <time>2023-10-20T01:33:31Z</time>
        <extensions>
          <gpxtpx:TrackPointExtension>
            <gpxtpx:hr>108</gpxtpx:hr>
          </gpxtpx:TrackPointExtension>
        </extensions>
      </trkpt>
      <trkpt lat="22.64489841417404" lon="107.60563709708427">
        <ele>96.8837890792638</ele>
        <time>2023-10-20T01:33:32Z</time>
        <extensions>
          <gpxtpx:TrackPointExtension>
            <gpxtpx:hr>108</gpxtpx:hr>
          </gpxtpx:TrackPointExtension>
        </extensions>
      </trkpt>
      <trkpt lat="22.644901170994242" lon="107.60564363113133">
        <ele>96.86436800658703</ele>
        <time>2023-10-20T01:33:33Z</time>
        <extensions>
          <gpxtpx:TrackPointExtension>
            <gpxtpx:hr>108</gpxtpx:hr>
          </gpxtpx:TrackPointExtension>
        </extensions>
      </trkpt>
      <trkpt lat="22.644901731256475" lon="107.60564973576095">
        <ele>96.84763085003942</ele>
        <time>2023-10-20T01:33:34Z</time>
        <extensions>
          <gpxtpx:TrackPointExtension>
            <gpxtpx:hr>108</gpxtpx:hr>
          </gpxtpx:TrackPointExtension>
        </extensions>
      </trkpt>
      <trkpt lat="22.64490165171274" lon="107.60565601181204">
        <ele>96.8338035447523</ele>
        <time>2023-10-20T01:33:35Z</time>
        <extensions>
          <gpxtpx:TrackPointExtension>
            <gpxtpx:hr>108</gpxtpx:hr>
          </gpxtpx:TrackPointExtension>
        </extensions>
      </trkpt>
      <trkpt lat="22.64490130060277" lon="107.60566183616017">
        <ele>96.82214335538447</ele>
        <time>2023-10-20T01:33:36Z</time>
        <extensions>
          <gpxtpx:TrackPointExtension>
            <gpxtpx:hr>102</gpxtpx:hr>
          </gpxtpx:TrackPointExtension>
        </extensions>
      </trkpt>
      <trkpt lat="22.64490063022478" lon="107.6056665938992">
        <ele>96.80265235062689</ele>
        <time>2023-10-20T01:33:37Z</time>
        <extensions>
          <gpxtpx:TrackPointExtension>
            <gpxtpx:hr>102</gpxtpx:hr>
          </gpxtpx:TrackPointExtension>
        </extensions>
      </trkpt>
      <trkpt lat="22.64489932802374" lon="107.60567086118056">
        <ele>96.78890535328537</ele>
        <time>2023-10-20T01:33:38Z</time>
        <extensions>
          <gpxtpx:TrackPointExtension>
            <gpxtpx:hr>102</gpxtpx:hr>
          </gpxtpx:TrackPointExtension>
        </extensions>
      </trkpt>
      <trkpt lat="22.644896948728075" lon="107.60567560153916">
        <ele>96.77893862873316</ele>
        <time>2023-10-20T01:33:39Z</time>
        <extensions>
          <gpxtpx:TrackPointExtension>
            <gpxtpx:hr>102</gpxtpx:hr>
          </gpxtpx:TrackPointExtension>
        </extensions>
      </trkpt>
      <trkpt lat="22.644893414118023" lon="107.6056807518918">
        <ele>96.76348799839616</ele>
        <time>2023-10-20T01:33:40Z</time>
        <extensions>
          <gpxtpx:TrackPointExtension>
            <gpxtpx:hr>102</gpxtpx:hr>
          </gpxtpx:TrackPointExtension>
        </extensions>
      </trkpt>
      <trkpt lat="22.644889139941654" lon="107.60568505083046">
        <ele>96.7459981488064</ele>
        <time>2023-10-20T01:33:41Z</time>
        <extensions>
          <gpxtpx:TrackPointExtension>
            <gpxtpx:hr>102</gpxtpx:hr>
          </gpxtpx:TrackPointExtension>
        </extensions>
      </trkpt>
      <trkpt lat="22.644884536982893" lon="107.60568742544635">
        <ele>96.73257704544812</ele>
        <time>2023-10-20T01:33:42Z</time>
        <extensions>
          <gpxtpx:TrackPointExtension>
            <gpxtpx:hr>102</gpxtpx:hr>
          </gpxtpx:TrackPointExtension>
        </extensions>
      </trkpt>
      <trkpt lat="22.644879360296304" lon="107.60568804772014">
        <ele>96.7184770880267</ele>
        <time>2023-10-20T01:33:43Z</time>
        <extensions>
          <gpxtpx:TrackPointExtension>
            <gpxtpx:hr>100</gpxtpx:hr>
          </gpxtpx:TrackPointExtension>
        </extensions>
      </trkpt>
      <trkpt lat="22.64487308907485" lon="107.6056877047644">
        <ele>96.70556111261249</ele>
        <time>2023-10-20T01:33:44Z</time>
        <extensions>
          <gpxtpx:TrackPointExtension>
            <gpxtpx:hr>100</gpxtpx:hr>
          </gpxtpx:TrackPointExtension>
        </extensions>
      </trkpt>
      <trkpt lat="22.64486551239578" lon="107.6056870420485">
        <ele>96.69301717169583</ele>
        <time>2023-10-20T01:33:45Z</time>
        <extensions>
          <gpxtpx:TrackPointExtension>
            <gpxtpx:hr>100</gpxtpx:hr>
          </gpxtpx:TrackPointExtension>
        </extensions>
      </trkpt>
      <trkpt lat="22.644856908602176" lon="107.60568648269815">
        <ele>96.68347836751491</ele>
        <time>2023-10-20T01:33:46Z</time>
        <extensions>
          <gpxtpx:TrackPointExtension>
            <gpxtpx:hr>100</gpxtpx:hr>
          </gpxtpx:TrackPointExtension>
        </extensions>
      </trkpt>
      <trkpt lat="22.644847263123737" lon="107.60568638819889">
        <ele>96.67881082743406</ele>
        <time>2023-10-20T01:33:47Z</time>
        <extensions>
          <gpxtpx:TrackPointExtension>
            <gpxtpx:hr>98</gpxtpx:hr>
          </gpxtpx:TrackPointExtension>
        </extensions>
      </trkpt>
      <trkpt lat="22.644836324729123" lon="107.60568698593025">
        <ele>96.67608538363129</ele>
        <time>2023-10-20T01:33:48Z</time>
        <extensions>
          <gpxtpx:TrackPointExtension>
            <gpxtpx:hr>98</gpxtpx:hr>
          </gpxtpx:TrackPointExtension>
        </extensions>
      </trkpt>
      <trkpt lat="22.644825202995065" lon="107.6056882739224">
        <ele>96.67603036761284</ele>
        <time>2023-10-20T01:33:49Z</time>
        <extensions>
          <gpxtpx:TrackPointExtension>
            <gpxtpx:hr>98</gpxtpx:hr>
          </gpxtpx:TrackPointExtension>
        </extensions>
      </trkpt>
      <trkpt lat="22.64481497222598" lon="107.60568964543177">
        <ele>96.6798233743757</ele>
        <time>2023-10-20T01:33:50Z</time>
        <extensions>
          <gpxtpx:TrackPointExtension>
            <gpxtpx:hr>99</gpxtpx:hr>
          </gpxtpx:TrackPointExtension>
        </extensions>
      </trkpt>
      <trkpt lat="22.64480631383638" lon="107.60568979692147">
        <ele>96.687180230394</ele>
        <time>2023-10-20T01:33:51Z</time>
        <extensions>
          <gpxtpx:TrackPointExtension>
            <gpxtpx:hr>99</gpxtpx:hr>
          </gpxtpx:TrackPointExtension>
        </extensions>
      </trkpt>
      <trkpt lat="22.64479952651131" lon="107.60568781801946">
        <ele>96.6980233034119</ele>
        <time>2023-10-20T01:33:52Z</time>
        <extensions>
          <gpxtpx:TrackPointExtension>
            <gpxtpx:hr>99</gpxtpx:hr>
          </gpxtpx:TrackPointExtension>
        </extensions>
      </trkpt>
      <trkpt lat="22.644794754735692" lon="107.6056839289938">
        <ele>96.7121519446373</ele>
        <time>2023-10-20T01:33:53Z</time>
        <extensions>
          <gpxtpx:TrackPointExtension>
            <gpxtpx:hr>99</gpxtpx:hr>
          </gpxtpx:TrackPointExtension>
        </extensions>
      </trkpt>
      <trkpt lat="22.644790958876662" lon="107.60567921395088">
        <ele>96.72907652612776</ele>
        <time>2023-10-20T01:33:54Z</time>
        <extensions>
          <gpxtpx:TrackPointExtension>
            <gpxtpx:hr>99</gpxtpx:hr>
          </gpxtpx:TrackPointExtension>
        </extensions>
      </trkpt>
      <trkpt lat="22.644786506354237" lon="107.60567504460636">
        <ele>96.74766555055976</ele>
        <time>2023-10-20T01:33:55Z</time>
        <extensions>
          <gpxtpx:TrackPointExtension>
            <gpxtpx:hr>99</gpxtpx:hr>
          </gpxtpx:TrackPointExtension>
        </extensions>
      </trkpt>
      <trkpt lat="22.64478213042319" lon="107.60567223923027">
        <ele>96.76508155930787</ele>
        <time>2023-10-20T01:33:56Z</time>
        <extensions>
          <gpxtpx:TrackPointExtension>
            <gpxtpx:hr>97</gpxtpx:hr>
          </gpxtpx:TrackPointExtension>
        </extensions>
      </trkpt>
      <trkpt lat="22.644777300321532" lon="107.60567072891321">
        <ele>96.78984339907765</ele>
        <time>2023-10-20T01:33:57Z</time>
        <extensions>
          <gpxtpx:TrackPointExtension>
            <gpxtpx:hr>97</gpxtpx:hr>
          </gpxtpx:TrackPointExtension>
        </extensions>
      </trkpt>
      <trkpt lat="22.644772223257203" lon="107.60566988516115">
        <ele>96.81422704085708</ele>
        <time>2023-10-20T01:33:58Z</time>
        <extensions>
          <gpxtpx:TrackPointExtension>
            <gpxtpx:hr>97</gpxtpx:hr>
          </gpxtpx:TrackPointExtension>
        </extensions>
      </trkpt>
      <trkpt lat="22.644768401778112" lon="107.6056697103141">
        <ele>96.84204039629549</ele>
        <time>2023-10-20T01:33:59Z</time>
        <extensions>
          <gpxtpx:TrackPointExtension>
            <gpxtpx:hr>97</gpxtpx:hr>
          </gpxtpx:TrackPointExtension>
        </extensions>
      </trkpt>
      <trkpt lat="22.64476540216253" lon="107.60567000722753">
        <ele>96.875001097098</ele>
        <time>2023-10-20T01:34:00Z</time>
        <extensions>
          <gpxtpx:TrackPointExtension>
            <gpxtpx:hr>97</gpxtpx:hr>
          </gpxtpx:TrackPointExtension>
        </extensions>
      </trkpt>
      <trkpt lat="22.64476253378136" lon="107.60567063488168">
        <ele>96.90919906646013</ele>
        <time>2023-10-20T01:34:01Z</time>
        <extensions>
          <gpxtpx:TrackPointExtension>
            <gpxtpx:hr>97</gpxtpx:hr>
          </gpxtpx:TrackPointExtension>
        </extensions>
      </trkpt>
      <trkpt lat="22.644759604745055" lon="107.60567149291202">
        <ele>96.94672936294228</ele>
        <time>2023-10-20T01:34:02Z</time>
        <extensions>
          <gpxtpx:TrackPointExtension>
            <gpxtpx:hr>97</gpxtpx:hr>
          </gpxtpx:TrackPointExtension>
        </extensions>
      </trkpt>
      <trkpt lat="22.644756435429485" lon="107.60567262320612">
        <ele>96.98503839690238</ele>
        <time>2023-10-20T01:34:03Z</time>
        <extensions>
          <gpxtpx:TrackPointExtension>
            <gpxtpx:hr>98</gpxtpx:hr>
          </gpxtpx:TrackPointExtension>
        </extensions>
      </trkpt>
      <trkpt lat="22.644752353475916" lon="107.60567416673824">
        <ele>97.02435348462313</ele>
        <time>2023-10-20T01:34:04Z</time>
        <extensions>
          <gpxtpx:TrackPointExtension>
            <gpxtpx:hr>98</gpxtpx:hr>
          </gpxtpx:TrackPointExtension>
        </extensions>
      </trkpt>
      <trkpt lat="22.64474712367268" lon="107.60567607546972">
        <ele>97.06468782853335</ele>
        <time>2023-10-20T01:34:05Z</time>
        <extensions>
          <gpxtpx:TrackPointExtension>
            <gpxtpx:hr>98</gpxtpx:hr>
          </gpxtpx:TrackPointExtension>
        </extensions>
      </trkpt>
      <trkpt lat="22.644739968861906" lon="107.60567848568928">
        <ele>97.1058612279594</ele>
        <time>2023-10-20T01:34:06Z</time>
        <extensions>
          <gpxtpx:TrackPointExtension>
            <gpxtpx:hr>98</gpxtpx:hr>
          </gpxtpx:TrackPointExtension>
        </extensions>
      </trkpt>
      <trkpt lat="22.644730703344432" lon="107.60568165039382">
        <ele>97.14752885047346</ele>
        <time>2023-10-20T01:34:07Z</time>
        <extensions>
          <gpxtpx:TrackPointExtension>
            <gpxtpx:hr>98</gpxtpx:hr>
          </gpxtpx:TrackPointExtension>
        </extensions>
      </trkpt>
      <trkpt lat="22.644720114995806" lon="107.60568572504884">
        <ele>97.18486372195184</ele>
        <time>2023-10-20T01:34:08Z</time>
        <extensions>
          <gpxtpx:TrackPointExtension>
            <gpxtpx:hr>98</gpxtpx:hr>
          </gpxtpx:TrackPointExtension>
        </extensions>
      </trkpt>
      <trkpt lat="22.64470859856408" lon="107.60569090242355">
        <ele>97.22462721541524</ele>
        <time>2023-10-20T01:34:09Z</time>
        <extensions>
          <gpxtpx:TrackPointExtension>
            <gpxtpx:hr>102</gpxtpx:hr>
          </gpxtpx:TrackPointExtension>
        </extensions>
      </trkpt>
      <trkpt lat="22.64469638347721" lon="107.60569677956791">
        <ele>97.26298548839986</ele>
        <time>2023-10-20T01:34:10Z</time>
        <extensions>
          <gpxtpx:TrackPointExtension>
            <gpxtpx:hr>102</gpxtpx:hr>
          </gpxtpx:TrackPointExtension>
        </extensions>
      </trkpt>
      <trkpt lat="22.644683853561634" lon="107.60570260047842">
        <ele>97.30295426305383</ele>
        <time>2023-10-20T01:34:11Z</time>
        <extensions>
          <gpxtpx:TrackPointExtension>
            <gpxtpx:hr>102</gpxtpx:hr>
          </gpxtpx:TrackPointExtension>
        </extensions>
      </trkpt>
      <trkpt lat="22.64467197275214" lon="107.60570776043758">
        <ele>97.3375622201711</ele>
        <time>2023-10-20T01:34:12Z</time>
        <extensions>
          <gpxtpx:TrackPointExtension>
            <gpxtpx:hr>102</gpxtpx:hr>
          </gpxtpx:TrackPointExtension>
        </extensions>
      </trkpt>
      <trkpt lat="22.644661964698976" lon="107.60571127611362">
        <ele>97.37108033336699</ele>
        <time>2023-10-20T01:34:13Z</time>
        <extensions>
          <gpxtpx:TrackPointExtension>
            <gpxtpx:hr>102</gpxtpx:hr>
          </gpxtpx:TrackPointExtension>
        </extensions>
      </trkpt>
      <trkpt lat="22.644655504394947" lon="107.60571276987069">
        <ele>97.40164005570114</ele>
        <time>2023-10-20T01:34:14Z</time>
        <extensions>
          <gpxtpx:TrackPointExtension>
            <gpxtpx:hr>102</gpxtpx:hr>
          </gpxtpx:TrackPointExtension>
        </extensions>
      </trkpt>
      <trkpt lat="22.64465247988419" lon="107.605712515091">
        <ele>97.4339090520516</ele>
        <time>2023-10-20T01:34:15Z</time>
        <extensions>
          <gpxtpx:TrackPointExtension>
            <gpxtpx:hr>102</gpxtpx:hr>
          </gpxtpx:TrackPointExtension>
        </extensions>
      </trkpt>
      <trkpt lat="22.64465150770356" lon="107.60571101384748">
        <ele>97.45925663318485</ele>
        <time>2023-10-20T01:34:16Z</time>
        <extensions>
          <gpxtpx:TrackPointExtension>
            <gpxtpx:hr>93</gpxtpx:hr>
          </gpxtpx:TrackPointExtension>
        </extensions>
      </trkpt>
      <trkpt lat="22.644651759929047" lon="107.60570850133469">
        <ele>97.47844175994396</ele>
        <time>2023-10-20T01:34:17Z</time>
        <extensions>
          <gpxtpx:TrackPointExtension>
            <gpxtpx:hr>93</gpxtpx:hr>
          </gpxtpx:TrackPointExtension>
        </extensions>
      </trkpt>
      <trkpt lat="22.64465267172727" lon="107.6057048657989">
        <ele>97.50074847601354</ele>
        <time>2023-10-20T01:34:18Z</time>
        <extensions>
          <gpxtpx:TrackPointExtension>
            <gpxtpx:hr>93</gpxtpx:hr>
          </gpxtpx:TrackPointExtension>
        </extensions>
      </trkpt>
      <trkpt lat="22.644653771784174" lon="107.60570083669619">
        <ele>97.52188313752413</ele>
        <time>2023-10-20T01:34:19Z</time>
        <extensions>
          <gpxtpx:TrackPointExtension>
            <gpxtpx:hr>93</gpxtpx:hr>
          </gpxtpx:TrackPointExtension>
        </extensions>
      </trkpt>
      <trkpt lat="22.644654742380244" lon="107.6056975115986">
        <ele>97.5382062587887</ele>
        <time>2023-10-20T01:34:20Z</time>
        <extensions>
          <gpxtpx:TrackPointExtension>
            <gpxtpx:hr>93</gpxtpx:hr>
          </gpxtpx:TrackPointExtension>
        </extensions>
      </trkpt>
      <trkpt lat="22.64465548727168" lon="107.60569426701745">
        <ele>97.55099827889353</ele>
        <time>2023-10-20T01:34:21Z</time>
        <extensions>
          <gpxtpx:TrackPointExtension>
            <gpxtpx:hr>93</gpxtpx:hr>
          </gpxtpx:TrackPointExtension>
        </extensions>
      </trkpt>
      <trkpt lat="22.6446557175915" lon="107.6056905839815">
        <ele>97.5769681474194</ele>
        <time>2023-10-20T01:34:22Z</time>
        <extensions>
          <gpxtpx:TrackPointExtension>
            <gpxtpx:hr>95</gpxtpx:hr>
          </gpxtpx:TrackPointExtension>
        </extensions>
      </trkpt>
      <trkpt lat="22.644654640275927" lon="107.6056867868283">
        <ele>97.60295554995537</ele>
        <time>2023-10-20T01:34:23Z</time>
        <extensions>
          <gpxtpx:TrackPointExtension>
            <gpxtpx:hr>95</gpxtpx:hr>
          </gpxtpx:TrackPointExtension>
        </extensions>
      </trkpt>
      <trkpt lat="22.64465155483657" lon="107.60568336721428">
        <ele>97.6276833973825</ele>
        <time>2023-10-20T01:34:24Z</time>
        <extensions>
          <gpxtpx:TrackPointExtension>
            <gpxtpx:hr>95</gpxtpx:hr>
          </gpxtpx:TrackPointExtension>
        </extensions>
      </trkpt>
      <trkpt lat="22.644646304800247" lon="107.60568127304775">
        <ele>97.6535659339279</ele>
        <time>2023-10-20T01:34:25Z</time>
        <extensions>
          <gpxtpx:TrackPointExtension>
            <gpxtpx:hr>101</gpxtpx:hr>
          </gpxtpx:TrackPointExtension>
        </extensions>
      </trkpt>
      <trkpt lat="22.64463921717475" lon="107.60568146063945">
        <ele>97.67589213140309</ele>
        <time>2023-10-20T01:34:26Z</time>
        <extensions>
          <gpxtpx:TrackPointExtension>
            <gpxtpx:hr>101</gpxtpx:hr>
          </gpxtpx:TrackPointExtension>
        </extensions>
      </trkpt>
      <trkpt lat="22.644630413714324" lon="107.60568399176763">
        <ele>97.69431949499995</ele>
        <time>2023-10-20T01:34:27Z</time>
        <extensions>
          <gpxtpx:TrackPointExtension>
            <gpxtpx:hr>101</gpxtpx:hr>
          </gpxtpx:TrackPointExtension>
        </extensions>
      </trkpt>
      <trkpt lat="22.64461992096585" lon="107.60568834989358">
        <ele>97.72354057151824</ele>
        <time>2023-10-20T01:34:28Z</time>
        <extensions>
          <gpxtpx:TrackPointExtension>
            <gpxtpx:hr>101</gpxtpx:hr>
          </gpxtpx:TrackPointExtension>
        </extensions>
      </trkpt>
      <trkpt lat="22.644608245865648" lon="107.60569417608845">
        <ele>97.7564393794164</ele>
        <time>2023-10-20T01:34:29Z</time>
        <extensions>
          <gpxtpx:TrackPointExtension>
            <gpxtpx:hr>99</gpxtpx:hr>
          </gpxtpx:TrackPointExtension>
        </extensions>
      </trkpt>
      <trkpt lat="22.64459570695361" lon="107.6057011580388">
        <ele>97.78170190751553</ele>
        <time>2023-10-20T01:34:30Z</time>
        <extensions>
          <gpxtpx:TrackPointExtension>
            <gpxtpx:hr>99</gpxtpx:hr>
          </gpxtpx:TrackPointExtension>
        </extensions>
      </trkpt>
      <trkpt lat="22.644582681868574" lon="107.60570847178064">
        <ele>97.80447301641107</ele>
        <time>2023-10-20T01:34:31Z</time>
        <extensions>
          <gpxtpx:TrackPointExtension>
            <gpxtpx:hr>99</gpxtpx:hr>
          </gpxtpx:TrackPointExtension>
        </extensions>
      </trkpt>
      <trkpt lat="22.644569775644968" lon="107.60571459417312">
        <ele>97.8260720288381</ele>
        <time>2023-10-20T01:34:32Z</time>
        <extensions>
          <gpxtpx:TrackPointExtension>
            <gpxtpx:hr>99</gpxtpx:hr>
          </gpxtpx:TrackPointExtension>
        </extensions>
      </trkpt>
      <trkpt lat="22.64455722147142" lon="107.60571851261116">
        <ele>97.84749800339341</ele>
        <time>2023-10-20T01:34:33Z</time>
        <extensions>
          <gpxtpx:TrackPointExtension>
            <gpxtpx:hr>99</gpxtpx:hr>
          </gpxtpx:TrackPointExtension>
        </extensions>
      </trkpt>
      <trkpt lat="22.6445449818699" lon="107.6057204559531">
        <ele>97.8618676615879</ele>
        <time>2023-10-20T01:34:34Z</time>
        <extensions>
          <gpxtpx:TrackPointExtension>
            <gpxtpx:hr>99</gpxtpx:hr>
          </gpxtpx:TrackPointExtension>
        </extensions>
      </trkpt>
      <trkpt lat="22.644533370716605" lon="107.60572108503007">
        <ele>97.87297455407679</ele>
        <time>2023-10-20T01:34:35Z</time>
        <extensions>
          <gpxtpx:TrackPointExtension>
            <gpxtpx:hr>99</gpxtpx:hr>
          </gpxtpx:TrackPointExtension>
        </extensions>
      </trkpt>
      <trkpt lat="22.644522765515514" lon="107.60572081789464">
        <ele>97.88520308956504</ele>
        <time>2023-10-20T01:34:36Z</time>
        <extensions>
          <gpxtpx:TrackPointExtension>
            <gpxtpx:hr>93</gpxtpx:hr>
          </gpxtpx:TrackPointExtension>
        </extensions>
      </trkpt>
      <trkpt lat="22.644513869990877" lon="107.6057199728717">
        <ele>97.89326201938093</ele>
        <time>2023-10-20T01:34:37Z</time>
        <extensions>
          <gpxtpx:TrackPointExtension>
            <gpxtpx:hr>93</gpxtpx:hr>
          </gpxtpx:TrackPointExtension>
        </extensions>
      </trkpt>
      <trkpt lat="22.644507717940943" lon="107.60571905814616">
        <ele>97.90703984722495</ele>
        <time>2023-10-20T01:34:38Z</time>
        <extensions>
          <gpxtpx:TrackPointExtension>
            <gpxtpx:hr>93</gpxtpx:hr>
          </gpxtpx:TrackPointExtension>
        </extensions>
      </trkpt>
      <trkpt lat="22.64450464646225" lon="107.6057185650854">
        <ele>97.92046200111508</ele>
        <time>2023-10-20T01:34:39Z</time>
        <extensions>
          <gpxtpx:TrackPointExtension>
            <gpxtpx:hr>93</gpxtpx:hr>
          </gpxtpx:TrackPointExtension>
        </extensions>
      </trkpt>
      <trkpt lat="22.64450444841947" lon="107.6057188593334">
        <ele>97.93413059506565</ele>
        <time>2023-10-20T01:34:40Z</time>
        <extensions>
          <gpxtpx:TrackPointExtension>
            <gpxtpx:hr>93</gpxtpx:hr>
          </gpxtpx:TrackPointExtension>
        </extensions>
      </trkpt>
      <trkpt lat="22.644505951280877" lon="107.60572019678033">
        <ele>97.93278710264713</ele>
        <time>2023-10-20T01:34:41Z</time>
        <extensions>
          <gpxtpx:TrackPointExtension>
            <gpxtpx:hr>93</gpxtpx:hr>
          </gpxtpx:TrackPointExtension>
        </extensions>
      </trkpt>
      <trkpt lat="22.64450745806722" lon="107.6057224309401">
        <ele>97.92833465896547</ele>
        <time>2023-10-20T01:34:42Z</time>
        <extensions>
          <gpxtpx:TrackPointExtension>
            <gpxtpx:hr>93</gpxtpx:hr>
          </gpxtpx:TrackPointExtension>
        </extensions>
      </trkpt>
      <trkpt lat="22.644507679599872" lon="107.60572506911355">
        <ele>97.92615565285087</ele>
        <time>2023-10-20T01:34:43Z</time>
        <extensions>
          <gpxtpx:TrackPointExtension>
            <gpxtpx:hr>92</gpxtpx:hr>
          </gpxtpx:TrackPointExtension>
        </extensions>
      </trkpt>
      <trkpt lat="22.644505924933064" lon="107.60572743943628">
        <ele>97.933210991323</ele>
        <time>2023-10-20T01:34:44Z</time>
        <extensions>
          <gpxtpx:TrackPointExtension>
            <gpxtpx:hr>92</gpxtpx:hr>
          </gpxtpx:TrackPointExtension>
        </extensions>
      </trkpt>
      <trkpt lat="22.644502078936302" lon="107.60572890114581">
        <ele>97.92693950049579</ele>
        <time>2023-10-20T01:34:45Z</time>
        <extensions>
          <gpxtpx:TrackPointExtension>
            <gpxtpx:hr>92</gpxtpx:hr>
          </gpxtpx:TrackPointExtension>
        </extensions>
      </trkpt>
      <trkpt lat="22.64449606798709" lon="107.60572917224899">
        <ele>97.93695838097483</ele>
        <time>2023-10-20T01:34:46Z</time>
        <extensions>
          <gpxtpx:TrackPointExtension>
            <gpxtpx:hr>91</gpxtpx:hr>
          </gpxtpx:TrackPointExtension>
        </extensions>
      </trkpt>
      <trkpt lat="22.644487723050954" lon="107.60572854979394">
        <ele>97.94476541876793</ele>
        <time>2023-10-20T01:34:47Z</time>
        <extensions>
          <gpxtpx:TrackPointExtension>
            <gpxtpx:hr>91</gpxtpx:hr>
          </gpxtpx:TrackPointExtension>
        </extensions>
      </trkpt>
      <trkpt lat="22.644477259253897" lon="107.6057276830179">
        <ele>97.96491003315896</ele>
        <time>2023-10-20T01:34:48Z</time>
        <extensions>
          <gpxtpx:TrackPointExtension>
            <gpxtpx:hr>91</gpxtpx:hr>
          </gpxtpx:TrackPointExtension>
        </extensions>
      </trkpt>
      <trkpt lat="22.64446537344435" lon="107.60572717406318">
        <ele>97.9870272744447</ele>
        <time>2023-10-20T01:34:49Z</time>
        <extensions>
          <gpxtpx:TrackPointExtension>
            <gpxtpx:hr>94</gpxtpx:hr>
          </gpxtpx:TrackPointExtension>
        </extensions>
      </trkpt>
      <trkpt lat="22.644451706702196" lon="107.60572750801556">
        <ele>98.02646412886679</ele>
        <time>2023-10-20T01:34:50Z</time>
        <extensions>
          <gpxtpx:TrackPointExtension>
            <gpxtpx:hr>94</gpxtpx:hr>
          </gpxtpx:TrackPointExtension>
        </extensions>
      </trkpt>
      <trkpt lat="22.644435972058517" lon="107.60572864449612">
        <ele>98.08948417566717</ele>
        <time>2023-10-20T01:34:51Z</time>
        <extensions>
          <gpxtpx:TrackPointExtension>
            <gpxtpx:hr>94</gpxtpx:hr>
          </gpxtpx:TrackPointExtension>
        </extensions>
      </trkpt>
      <trkpt lat="22.6444194858399" lon="107.6057292407132">
        <ele>98.14848608709872</ele>
        <time>2023-10-20T01:34:52Z</time>
        <extensions>
          <gpxtpx:TrackPointExtension>
            <gpxtpx:hr>94</gpxtpx:hr>
          </gpxtpx:TrackPointExtension>
        </extensions>
      </trkpt>
      <trkpt lat="22.644403448713295" lon="107.6057283440547">
        <ele>98.20599521696568</ele>
        <time>2023-10-20T01:34:53Z</time>
        <extensions>
          <gpxtpx:TrackPointExtension>
            <gpxtpx:hr>94</gpxtpx:hr>
          </gpxtpx:TrackPointExtension>
        </extensions>
      </trkpt>
      <trkpt lat="22.64438847928621" lon="107.60572631131525">
        <ele>98.27619501948357</ele>
        <time>2023-10-20T01:34:54Z</time>
        <extensions>
          <gpxtpx:TrackPointExtension>
            <gpxtpx:hr>94</gpxtpx:hr>
          </gpxtpx:TrackPointExtension>
        </extensions>
      </trkpt>
      <trkpt lat="22.64437508715852" lon="107.60572370119571">
        <ele>98.3619175227359</ele>
        <time>2023-10-20T01:34:55Z</time>
        <extensions>
          <gpxtpx:TrackPointExtension>
            <gpxtpx:hr>94</gpxtpx:hr>
          </gpxtpx:TrackPointExtension>
        </extensions>
      </trkpt>
      <trkpt lat="22.644363694367243" lon="107.60572128447679">
        <ele>98.46162666194141</ele>
        <time>2023-10-20T01:34:56Z</time>
        <extensions>
          <gpxtpx:TrackPointExtension>
            <gpxtpx:hr>95</gpxtpx:hr>
          </gpxtpx:TrackPointExtension>
        </extensions>
      </trkpt>
      <trkpt lat="22.644354237587265" lon="107.60571994087177">
        <ele>98.56858919374645</ele>
        <time>2023-10-20T01:34:57Z</time>
        <extensions>
          <gpxtpx:TrackPointExtension>
            <gpxtpx:hr>95</gpxtpx:hr>
          </gpxtpx:TrackPointExtension>
        </extensions>
      </trkpt>
      <trkpt lat="22.644346269682167" lon="107.60572012897975">
        <ele>98.67831930145621</ele>
        <time>2023-10-20T01:34:58Z</time>
        <extensions>
          <gpxtpx:TrackPointExtension>
            <gpxtpx:hr>95</gpxtpx:hr>
          </gpxtpx:TrackPointExtension>
        </extensions>
      </trkpt>
      <trkpt lat="22.644340023912676" lon="107.605722103388">
        <ele>98.77604861371219</ele>
        <time>2023-10-20T01:34:59Z</time>
        <extensions>
          <gpxtpx:TrackPointExtension>
            <gpxtpx:hr>95</gpxtpx:hr>
          </gpxtpx:TrackPointExtension>
        </extensions>
      </trkpt>
      <trkpt lat="22.644335994336874" lon="107.60572570434678">
        <ele>98.87350514251739</ele>
        <time>2023-10-20T01:35:00Z</time>
        <extensions>
          <gpxtpx:TrackPointExtension>
            <gpxtpx:hr>95</gpxtpx:hr>
          </gpxtpx:TrackPointExtension>
        </extensions>
      </trkpt>
      <trkpt lat="22.64433356412153" lon="107.60573099624924">
        <ele>98.96334906294942</ele>
        <time>2023-10-20T01:35:01Z</time>
        <extensions>
          <gpxtpx:TrackPointExtension>
            <gpxtpx:hr>95</gpxtpx:hr>
          </gpxtpx:TrackPointExtension>
        </extensions>
      </trkpt>
      <trkpt lat="22.64433165693269" lon="107.60573779000156">
        <ele>99.04368659667671</ele>
        <time>2023-10-20T01:35:02Z</time>
        <extensions>
          <gpxtpx:TrackPointExtension>
            <gpxtpx:hr>95</gpxtpx:hr>
          </gpxtpx:TrackPointExtension>
        </extensions>
      </trkpt>
      <trkpt lat="22.64433059042468" lon="107.60574446056843">
        <ele>99.11379221826792</ele>
        <time>2023-10-20T01:35:03Z</time>
        <extensions>
          <gpxtpx:TrackPointExtension>
            <gpxtpx:hr>95</gpxtpx:hr>
          </gpxtpx:TrackPointExtension>
        </extensions>
      </trkpt>
      <trkpt lat="22.64433119408381" lon="107.60574993738344">
        <ele>99.19076638389379</ele>
        <time>2023-10-20T01:35:04Z</time>
        <extensions>
          <gpxtpx:TrackPointExtension>
            <gpxtpx:hr>95</gpxtpx:hr>
          </gpxtpx:TrackPointExtension>
        </extensions>
      </trkpt>
      <trkpt lat="22.644333247754474" lon="107.60575486773539">
        <ele>99.24430761765689</ele>
        <time>2023-10-20T01:35:05Z</time>
        <extensions>
          <gpxtpx:TrackPointExtension>
            <gpxtpx:hr>97</gpxtpx:hr>
          </gpxtpx:TrackPointExtension>
        </extensions>
      </trkpt>
      <trkpt lat="22.644336104348643" lon="107.6057601767347">
        <ele>99.28069657739252</ele>
        <time>2023-10-20T01:35:06Z</time>
        <extensions>
          <gpxtpx:TrackPointExtension>
            <gpxtpx:hr>97</gpxtpx:hr>
          </gpxtpx:TrackPointExtension>
        </extensions>
      </trkpt>
      <trkpt lat="22.644339304460324" lon="107.605766332006">
        <ele>99.29815217573196</ele>
        <time>2023-10-20T01:35:07Z</time>
        <extensions>
          <gpxtpx:TrackPointExtension>
            <gpxtpx:hr>97</gpxtpx:hr>
          </gpxtpx:TrackPointExtension>
        </extensions>
      </trkpt>
      <trkpt lat="22.644342484921772" lon="107.60577328443243">
        <ele>99.29497297294438</ele>
        <time>2023-10-20T01:35:08Z</time>
        <extensions>
          <gpxtpx:TrackPointExtension>
            <gpxtpx:hr>97</gpxtpx:hr>
          </gpxtpx:TrackPointExtension>
        </extensions>
      </trkpt>
      <trkpt lat="22.644345255424877" lon="107.60578058637644">
        <ele>99.27068056818098</ele>
        <time>2023-10-20T01:35:09Z</time>
        <extensions>
          <gpxtpx:TrackPointExtension>
            <gpxtpx:hr>97</gpxtpx:hr>
          </gpxtpx:TrackPointExtension>
        </extensions>
      </trkpt>
      <trkpt lat="22.64434761111164" lon="107.60578844990509">
        <ele>99.22572193853557</ele>
        <time>2023-10-20T01:35:10Z</time>
        <extensions>
          <gpxtpx:TrackPointExtension>
            <gpxtpx:hr>97</gpxtpx:hr>
          </gpxtpx:TrackPointExtension>
        </extensions>
      </trkpt>
      <trkpt lat="22.644349913361506" lon="107.60579677385326">
        <ele>99.16060636006296</ele>
        <time>2023-10-20T01:35:11Z</time>
        <extensions>
          <gpxtpx:TrackPointExtension>
            <gpxtpx:hr>102</gpxtpx:hr>
          </gpxtpx:TrackPointExtension>
        </extensions>
      </trkpt>
      <trkpt lat="22.64435235925653" lon="107.60580473816394">
        <ele>99.0686094397679</ele>
        <time>2023-10-20T01:35:12Z</time>
        <extensions>
          <gpxtpx:TrackPointExtension>
            <gpxtpx:hr>102</gpxtpx:hr>
          </gpxtpx:TrackPointExtension>
        </extensions>
      </trkpt>
      <trkpt lat="22.644354752992317" lon="107.60581224636091">
        <ele>98.95931715518236</ele>
        <time>2023-10-20T01:35:13Z</time>
        <extensions>
          <gpxtpx:TrackPointExtension>
            <gpxtpx:hr>102</gpxtpx:hr>
          </gpxtpx:TrackPointExtension>
        </extensions>
      </trkpt>
      <trkpt lat="22.644412435733475" lon="107.60592913741137">
        <ele>96.8174020787701</ele>
        <time>2023-10-20T01:35:29Z</time>
        <extensions>
          <gpxtpx:TrackPointExtension>
            <gpxtpx:hr>99</gpxtpx:hr>
          </gpxtpx:TrackPointExtension>
        </extensions>
      </trkpt>
      <trkpt lat="22.644417126711744" lon="107.60593512111994">
        <ele>96.64891089964658</ele>
        <time>2023-10-20T01:35:30Z</time>
        <extensions>
          <gpxtpx:TrackPointExtension>
            <gpxtpx:hr>99</gpxtpx:hr>
          </gpxtpx:TrackPointExtension>
        </extensions>
      </trkpt>
      <trkpt lat="22.644421935283674" lon="107.6059411806143">
        <ele>96.50274563021958</ele>
        <time>2023-10-20T01:35:31Z</time>
        <extensions>
          <gpxtpx:TrackPointExtension>
            <gpxtpx:hr>100</gpxtpx:hr>
          </gpxtpx:TrackPointExtension>
        </extensions>
      </trkpt>
      <trkpt lat="22.644425810662923" lon="107.60594800289267">
        <ele>96.37513420544565</ele>
        <time>2023-10-20T01:35:32Z</time>
        <extensions>
          <gpxtpx:TrackPointExtension>
            <gpxtpx:hr>100</gpxtpx:hr>
          </gpxtpx:TrackPointExtension>
        </extensions>
      </trkpt>
      <trkpt lat="22.64442904835986" lon="107.60595567492798">
        <ele>96.26406784541905</ele>
        <time>2023-10-20T01:35:33Z</time>
        <extensions>
          <gpxtpx:TrackPointExtension>
            <gpxtpx:hr>100</gpxtpx:hr>
          </gpxtpx:TrackPointExtension>
        </extensions>
      </trkpt>
      <trkpt lat="22.644431979097366" lon="107.60596357811801">
        <ele>96.1679765721783</ele>
        <time>2023-10-20T01:35:34Z</time>
        <extensions>
          <gpxtpx:TrackPointExtension>
            <gpxtpx:hr>100</gpxtpx:hr>
          </gpxtpx:TrackPointExtension>
        </extensions>
      </trkpt>
      <trkpt lat="22.644434483573715" lon="107.60597130572151">
        <ele>96.08502318244427</ele>
        <time>2023-10-20T01:35:35Z</time>
        <extensions>
          <gpxtpx:TrackPointExtension>
            <gpxtpx:hr>100</gpxtpx:hr>
          </gpxtpx:TrackPointExtension>
        </extensions>
      </trkpt>
      <trkpt lat="22.64443689616342" lon="107.60597856936859">
        <ele>96.0139004997909</ele>
        <time>2023-10-20T01:35:36Z</time>
        <extensions>
          <gpxtpx:TrackPointExtension>
            <gpxtpx:hr>101</gpxtpx:hr>
          </gpxtpx:TrackPointExtension>
        </extensions>
      </trkpt>
      <trkpt lat="22.64443919826934" lon="107.60598550539943">
        <ele>95.95332642178982</ele>
        <time>2023-10-20T01:35:37Z</time>
        <extensions>
          <gpxtpx:TrackPointExtension>
            <gpxtpx:hr>101</gpxtpx:hr>
          </gpxtpx:TrackPointExtension>
        </extensions>
      </trkpt>
      <trkpt lat="22.64444194864107" lon="107.60599195465497">
        <ele>95.90129546448588</ele>
        <time>2023-10-20T01:35:38Z</time>
        <extensions>
          <gpxtpx:TrackPointExtension>
            <gpxtpx:hr>101</gpxtpx:hr>
          </gpxtpx:TrackPointExtension>
        </extensions>
      </trkpt>
      <trkpt lat="22.644445077917332" lon="107.60599770371226">
        <ele>95.85661947820336</ele>
        <time>2023-10-20T01:35:39Z</time>
        <extensions>
          <gpxtpx:TrackPointExtension>
            <gpxtpx:hr>100</gpxtpx:hr>
          </gpxtpx:TrackPointExtension>
        </extensions>
      </trkpt>
      <trkpt lat="22.64444933873953" lon="107.60600185865957">
        <ele>95.81822776142508</ele>
        <time>2023-10-20T01:35:40Z</time>
        <extensions>
          <gpxtpx:TrackPointExtension>
            <gpxtpx:hr>100</gpxtpx:hr>
          </gpxtpx:TrackPointExtension>
        </extensions>
      </trkpt>
      <trkpt lat="22.644455041215725" lon="107.6060037642892">
        <ele>95.78522315435112</ele>
        <time>2023-10-20T01:35:41Z</time>
        <extensions>
          <gpxtpx:TrackPointExtension>
            <gpxtpx:hr>100</gpxtpx:hr>
          </gpxtpx:TrackPointExtension>
        </extensions>
      </trkpt>
      <trkpt lat="22.64446117715544" lon="107.60600477439061">
        <ele>95.75668838992715</ele>
        <time>2023-10-20T01:35:42Z</time>
        <extensions>
          <gpxtpx:TrackPointExtension>
            <gpxtpx:hr>100</gpxtpx:hr>
          </gpxtpx:TrackPointExtension>
        </extensions>
      </trkpt>
      <trkpt lat="22.644467303475768" lon="107.60600582858072">
        <ele>95.73230900615454</ele>
        <time>2023-10-20T01:35:43Z</time>
        <extensions>
          <gpxtpx:TrackPointExtension>
            <gpxtpx:hr>100</gpxtpx:hr>
          </gpxtpx:TrackPointExtension>
        </extensions>
      </trkpt>
      <trkpt lat="22.644473378438967" lon="107.60600717490223">
        <ele>95.71105284057558</ele>
        <time>2023-10-20T01:35:44Z</time>
        <extensions>
          <gpxtpx:TrackPointExtension>
            <gpxtpx:hr>102</gpxtpx:hr>
          </gpxtpx:TrackPointExtension>
        </extensions>
      </trkpt>
      <trkpt lat="22.644479517839777" lon="107.6060082395438">
        <ele>95.69226085860282</ele>
        <time>2023-10-20T01:35:45Z</time>
        <extensions>
          <gpxtpx:TrackPointExtension>
            <gpxtpx:hr>102</gpxtpx:hr>
          </gpxtpx:TrackPointExtension>
        </extensions>
      </trkpt>
      <trkpt lat="22.644485654083937" lon="107.60600838434068">
        <ele>95.67593058291823</ele>
        <time>2023-10-20T01:35:46Z</time>
        <extensions>
          <gpxtpx:TrackPointExtension>
            <gpxtpx:hr>102</gpxtpx:hr>
          </gpxtpx:TrackPointExtension>
        </extensions>
      </trkpt>
      <trkpt lat="22.6444911901388" lon="107.6060078572729">
        <ele>95.66181186772883</ele>
        <time>2023-10-20T01:35:47Z</time>
        <extensions>
          <gpxtpx:TrackPointExtension>
            <gpxtpx:hr>102</gpxtpx:hr>
          </gpxtpx:TrackPointExtension>
        </extensions>
      </trkpt>
      <trkpt lat="22.64449588340889" lon="107.606007087263">
        <ele>95.64968891628087</ele>
        <time>2023-10-20T01:35:48Z</time>
        <extensions>
          <gpxtpx:TrackPointExtension>
            <gpxtpx:hr>102</gpxtpx:hr>
          </gpxtpx:TrackPointExtension>
        </extensions>
      </trkpt>
      <trkpt lat="22.64450024143592" lon="107.60600639044749">
        <ele>95.63899139128625</ele>
        <time>2023-10-20T01:35:49Z</time>
        <extensions>
          <gpxtpx:TrackPointExtension>
            <gpxtpx:hr>102</gpxtpx:hr>
          </gpxtpx:TrackPointExtension>
        </extensions>
      </trkpt>
      <trkpt lat="22.644504397800173" lon="107.60600587052349">
        <ele>95.62994228862226</ele>
        <time>2023-10-20T01:35:50Z</time>
        <extensions>
          <gpxtpx:TrackPointExtension>
            <gpxtpx:hr>101</gpxtpx:hr>
          </gpxtpx:TrackPointExtension>
        </extensions>
      </trkpt>
      <trkpt lat="22.644507408857102" lon="107.60600540823465">
        <ele>95.62222586106509</ele>
        <time>2023-10-20T01:35:51Z</time>
        <extensions>
          <gpxtpx:TrackPointExtension>
            <gpxtpx:hr>101</gpxtpx:hr>
          </gpxtpx:TrackPointExtension>
        </extensions>
      </trkpt>
      <trkpt lat="22.64451185978611" lon="107.60601164798742">
        <ele>95.6206026095897</ele>
        <time>2023-10-20T01:35:52Z</time>
        <extensions>
          <gpxtpx:TrackPointExtension>
            <gpxtpx:hr>101</gpxtpx:hr>
          </gpxtpx:TrackPointExtension>
        </extensions>
      </trkpt>
      <trkpt lat="22.644512583891576" lon="107.60601598078831">
        <ele>95.62153564114124</ele>
        <time>2023-10-20T01:35:53Z</time>
        <extensions>
          <gpxtpx:TrackPointExtension>
            <gpxtpx:hr>101</gpxtpx:hr>
          </gpxtpx:TrackPointExtension>
        </extensions>
      </trkpt>
      <trkpt lat="22.64451239589132" lon="107.60601954858971">
        <ele>95.62758557125926</ele>
        <time>2023-10-20T01:35:54Z</time>
        <extensions>
          <gpxtpx:TrackPointExtension>
            <gpxtpx:hr>101</gpxtpx:hr>
          </gpxtpx:TrackPointExtension>
        </extensions>
      </trkpt>
      <trkpt lat="22.644512139837396" lon="107.60602246795916">
        <ele>95.63821722287685</ele>
        <time>2023-10-20T01:35:55Z</time>
        <extensions>
          <gpxtpx:TrackPointExtension>
            <gpxtpx:hr>101</gpxtpx:hr>
          </gpxtpx:TrackPointExtension>
        </extensions>
      </trkpt>
      <trkpt lat="22.64451253419045" lon="107.6060257662709">
        <ele>95.65371204912663</ele>
        <time>2023-10-20T01:35:56Z</time>
        <extensions>
          <gpxtpx:TrackPointExtension>
            <gpxtpx:hr>101</gpxtpx:hr>
          </gpxtpx:TrackPointExtension>
        </extensions>
      </trkpt>
      <trkpt lat="22.644513381819273" lon="107.606029528797">
        <ele>95.67464472260326</ele>
        <time>2023-10-20T01:35:57Z</time>
        <extensions>
          <gpxtpx:TrackPointExtension>
            <gpxtpx:hr>103</gpxtpx:hr>
          </gpxtpx:TrackPointExtension>
        </extensions>
      </trkpt>
      <trkpt lat="22.644514685153652" lon="107.60603445341361">
        <ele>95.69681514520198</ele>
        <time>2023-10-20T01:35:58Z</time>
        <extensions>
          <gpxtpx:TrackPointExtension>
            <gpxtpx:hr>103</gpxtpx:hr>
          </gpxtpx:TrackPointExtension>
        </extensions>
      </trkpt>
      <trkpt lat="22.64451667859316" lon="107.60604092799956">
        <ele>95.72150725591928</ele>
        <time>2023-10-20T01:35:59Z</time>
        <extensions>
          <gpxtpx:TrackPointExtension>
            <gpxtpx:hr>103</gpxtpx:hr>
          </gpxtpx:TrackPointExtension>
        </extensions>
      </trkpt>
      <trkpt lat="22.64451907517149" lon="107.60604831460374">
        <ele>95.7458754228428</ele>
        <time>2023-10-20T01:36:00Z</time>
        <extensions>
          <gpxtpx:TrackPointExtension>
            <gpxtpx:hr>103</gpxtpx:hr>
          </gpxtpx:TrackPointExtension>
        </extensions>
      </trkpt>
      <trkpt lat="22.644521546179305" lon="107.6060556361687">
        <ele>95.76370897889137</ele>
        <time>2023-10-20T01:36:01Z</time>
        <extensions>
          <gpxtpx:TrackPointExtension>
            <gpxtpx:hr>103</gpxtpx:hr>
          </gpxtpx:TrackPointExtension>
        </extensions>
      </trkpt>
      <trkpt lat="22.644523839097214" lon="107.60606225814668">
        <ele>95.78481398615986</ele>
        <time>2023-10-20T01:36:02Z</time>
        <extensions>
          <gpxtpx:TrackPointExtension>
            <gpxtpx:hr>103</gpxtpx:hr>
          </gpxtpx:TrackPointExtension>
        </extensions>
      </trkpt>
      <trkpt lat="22.644526155341943" lon="107.60606832121589">
        <ele>95.80668438598514</ele>
        <time>2023-10-20T01:36:03Z</time>
        <extensions>
          <gpxtpx:TrackPointExtension>
            <gpxtpx:hr>102</gpxtpx:hr>
          </gpxtpx:TrackPointExtension>
        </extensions>
      </trkpt>
      <trkpt lat="22.64452902749445" lon="107.60607366894627">
        <ele>95.8298182412982</ele>
        <time>2023-10-20T01:36:04Z</time>
        <extensions>
          <gpxtpx:TrackPointExtension>
            <gpxtpx:hr>102</gpxtpx:hr>
          </gpxtpx:TrackPointExtension>
        </extensions>
      </trkpt>
      <trkpt lat="22.644533467053982" lon="107.60607832120552">
        <ele>95.84752133395523</ele>
        <time>2023-10-20T01:36:05Z</time>
        <extensions>
          <gpxtpx:TrackPointExtension>
            <gpxtpx:hr>102</gpxtpx:hr>
          </gpxtpx:TrackPointExtension>
        </extensions>
      </trkpt>
      <trkpt lat="22.644539775197092" lon="107.60608209198098">
        <ele>95.86778009776026</ele>
        <time>2023-10-20T01:36:06Z</time>
        <extensions>
          <gpxtpx:TrackPointExtension>
            <gpxtpx:hr>102</gpxtpx:hr>
          </gpxtpx:TrackPointExtension>
        </extensions>
      </trkpt>
      <trkpt lat="22.64454699377591" lon="107.6060842006846">
        <ele>95.88579804636538</ele>
        <time>2023-10-20T01:36:07Z</time>
        <extensions>
          <gpxtpx:TrackPointExtension>
            <gpxtpx:hr>101</gpxtpx:hr>
          </gpxtpx:TrackPointExtension>
        </extensions>
      </trkpt>
      <trkpt lat="22.64455393340932" lon="107.60608419066469">
        <ele>95.89564043376595</ele>
        <time>2023-10-20T01:36:08Z</time>
        <extensions>
          <gpxtpx:TrackPointExtension>
            <gpxtpx:hr>101</gpxtpx:hr>
          </gpxtpx:TrackPointExtension>
        </extensions>
      </trkpt>
      <trkpt lat="22.64455982015065" lon="107.60608211334818">
        <ele>95.89744999352843</ele>
        <time>2023-10-20T01:36:09Z</time>
        <extensions>
          <gpxtpx:TrackPointExtension>
            <gpxtpx:hr>101</gpxtpx:hr>
          </gpxtpx:TrackPointExtension>
        </extensions>
      </trkpt>
      <trkpt lat="22.64456515178898" lon="107.60607845725917">
        <ele>95.89376617688686</ele>
        <time>2023-10-20T01:36:10Z</time>
        <extensions>
          <gpxtpx:TrackPointExtension>
            <gpxtpx:hr>101</gpxtpx:hr>
          </gpxtpx:TrackPointExtension>
        </extensions>
      </trkpt>
      <trkpt lat="22.644570874981092" lon="107.60607373670426">
        <ele>95.88330832123756</ele>
        <time>2023-10-20T01:36:11Z</time>
        <extensions>
          <gpxtpx:TrackPointExtension>
            <gpxtpx:hr>101</gpxtpx:hr>
          </gpxtpx:TrackPointExtension>
        </extensions>
      </trkpt>
      <trkpt lat="22.644577268691787" lon="107.60606839177315">
        <ele>95.8723508482799</ele>
        <time>2023-10-20T01:36:12Z</time>
        <extensions>
          <gpxtpx:TrackPointExtension>
            <gpxtpx:hr>101</gpxtpx:hr>
          </gpxtpx:TrackPointExtension>
        </extensions>
      </trkpt>
      <trkpt lat="22.644583772097377" lon="107.60606305116325">
        <ele>95.86306291352957</ele>
        <time>2023-10-20T01:36:13Z</time>
        <extensions>
          <gpxtpx:TrackPointExtension>
            <gpxtpx:hr>101</gpxtpx:hr>
          </gpxtpx:TrackPointExtension>
        </extensions>
      </trkpt>
      <trkpt lat="22.644589671240094" lon="107.60605809684242">
        <ele>95.85160150751472</ele>
        <time>2023-10-20T01:36:14Z</time>
        <extensions>
          <gpxtpx:TrackPointExtension>
            <gpxtpx:hr>101</gpxtpx:hr>
          </gpxtpx:TrackPointExtension>
        </extensions>
      </trkpt>
      <trkpt lat="22.644594726525384" lon="107.60605341759748">
        <ele>95.8352573318407</ele>
        <time>2023-10-20T01:36:15Z</time>
        <extensions>
          <gpxtpx:TrackPointExtension>
            <gpxtpx:hr>101</gpxtpx:hr>
          </gpxtpx:TrackPointExtension>
        </extensions>
      </trkpt>
      <trkpt lat="22.6445990263674" lon="107.60604884318788">
        <ele>95.82192521262914</ele>
        <time>2023-10-20T01:36:16Z</time>
        <extensions>
          <gpxtpx:TrackPointExtension>
            <gpxtpx:hr>101</gpxtpx:hr>
          </gpxtpx:TrackPointExtension>
        </extensions>
      </trkpt>
      <trkpt lat="22.6446028872896" lon="107.60604459224658">
        <ele>95.81092260405421</ele>
        <time>2023-10-20T01:36:17Z</time>
        <extensions>
          <gpxtpx:TrackPointExtension>
            <gpxtpx:hr>103</gpxtpx:hr>
          </gpxtpx:TrackPointExtension>
        </extensions>
      </trkpt>
      <trkpt lat="22.644606379647325" lon="107.60604116976972">
        <ele>95.79259318020195</ele>
        <time>2023-10-20T01:36:18Z</time>
        <extensions>
          <gpxtpx:TrackPointExtension>
            <gpxtpx:hr>103</gpxtpx:hr>
          </gpxtpx:TrackPointExtension>
        </extensions>
      </trkpt>
      <trkpt lat="22.644609960038295" lon="107.6060391505347">
        <ele>95.77631480619311</ele>
        <time>2023-10-20T01:36:19Z</time>
        <extensions>
          <gpxtpx:TrackPointExtension>
            <gpxtpx:hr>103</gpxtpx:hr>
          </gpxtpx:TrackPointExtension>
        </extensions>
      </trkpt>
      <trkpt lat="22.64461425126756" lon="107.6060390410722">
        <ele>95.75974073633552</ele>
        <time>2023-10-20T01:36:20Z</time>
        <extensions>
          <gpxtpx:TrackPointExtension>
            <gpxtpx:hr>103</gpxtpx:hr>
          </gpxtpx:TrackPointExtension>
        </extensions>
      </trkpt>
      <trkpt lat="22.644619834764153" lon="107.60604099435191">
        <ele>95.74227026291192</ele>
        <time>2023-10-20T01:36:21Z</time>
        <extensions>
          <gpxtpx:TrackPointExtension>
            <gpxtpx:hr>103</gpxtpx:hr>
          </gpxtpx:TrackPointExtension>
        </extensions>
      </trkpt>
      <trkpt lat="22.64462679223126" lon="107.60604465596523">
        <ele>95.71970105171204</ele>
        <time>2023-10-20T01:36:22Z</time>
        <extensions>
          <gpxtpx:TrackPointExtension>
            <gpxtpx:hr>103</gpxtpx:hr>
          </gpxtpx:TrackPointExtension>
        </extensions>
      </trkpt>
      <trkpt lat="22.644634789457257" lon="107.60604938133656">
        <ele>95.69341614190489</ele>
        <time>2023-10-20T01:36:23Z</time>
        <extensions>
          <gpxtpx:TrackPointExtension>
            <gpxtpx:hr>103</gpxtpx:hr>
          </gpxtpx:TrackPointExtension>
        </extensions>
      </trkpt>
      <trkpt lat="22.6446433761687" lon="107.60605449647862">
        <ele>95.6622064113617</ele>
        <time>2023-10-20T01:36:24Z</time>
        <extensions>
          <gpxtpx:TrackPointExtension>
            <gpxtpx:hr>103</gpxtpx:hr>
          </gpxtpx:TrackPointExtension>
        </extensions>
      </trkpt>
      <trkpt lat="22.644651973134884" lon="107.60605929424322">
        <ele>95.62893519178033</ele>
        <time>2023-10-20T01:36:25Z</time>
        <extensions>
          <gpxtpx:TrackPointExtension>
            <gpxtpx:hr>105</gpxtpx:hr>
          </gpxtpx:TrackPointExtension>
        </extensions>
      </trkpt>
      <trkpt lat="22.644659748107223" lon="107.60606296296531">
        <ele>95.59760571829975</ele>
        <time>2023-10-20T01:36:26Z</time>
        <extensions>
          <gpxtpx:TrackPointExtension>
            <gpxtpx:hr>105</gpxtpx:hr>
          </gpxtpx:TrackPointExtension>
        </extensions>
      </trkpt>
      <trkpt lat="22.64466599406164" lon="107.6060650279069">
        <ele>95.57230189535767</ele>
        <time>2023-10-20T01:36:27Z</time>
        <extensions>
          <gpxtpx:TrackPointExtension>
            <gpxtpx:hr>105</gpxtpx:hr>
          </gpxtpx:TrackPointExtension>
        </extensions>
      </trkpt>
      <trkpt lat="22.6446709634881" lon="107.60606568172943">
        <ele>95.54104163311422</ele>
        <time>2023-10-20T01:36:28Z</time>
        <extensions>
          <gpxtpx:TrackPointExtension>
            <gpxtpx:hr>105</gpxtpx:hr>
          </gpxtpx:TrackPointExtension>
        </extensions>
      </trkpt>
      <trkpt lat="22.644675674098423" lon="107.60606537233208">
        <ele>95.51082110032439</ele>
        <time>2023-10-20T01:36:29Z</time>
        <extensions>
          <gpxtpx:TrackPointExtension>
            <gpxtpx:hr>105</gpxtpx:hr>
          </gpxtpx:TrackPointExtension>
        </extensions>
      </trkpt>
      <trkpt lat="22.644680302428696" lon="107.6060645014749">
        <ele>95.47493679262698</ele>
        <time>2023-10-20T01:36:30Z</time>
        <extensions>
          <gpxtpx:TrackPointExtension>
            <gpxtpx:hr>105</gpxtpx:hr>
          </gpxtpx:TrackPointExtension>
        </extensions>
      </trkpt>
      <trkpt lat="22.64468451549282" lon="107.60606377331356">
        <ele>95.4294837154448</ele>
        <time>2023-10-20T01:36:31Z</time>
        <extensions>
          <gpxtpx:TrackPointExtension>
            <gpxtpx:hr>105</gpxtpx:hr>
          </gpxtpx:TrackPointExtension>
        </extensions>
      </trkpt>
      <trkpt lat="22.644688767652497" lon="107.60606414567651">
        <ele>95.38342008925974</ele>
        <time>2023-10-20T01:36:32Z</time>
        <extensions>
          <gpxtpx:TrackPointExtension>
            <gpxtpx:hr>101</gpxtpx:hr>
          </gpxtpx:TrackPointExtension>
        </extensions>
      </trkpt>
      <trkpt lat="22.64469387301392" lon="107.60606630270796">
        <ele>95.33670077845454</ele>
        <time>2023-10-20T01:36:33Z</time>
        <extensions>
          <gpxtpx:TrackPointExtension>
            <gpxtpx:hr>101</gpxtpx:hr>
          </gpxtpx:TrackPointExtension>
        </extensions>
      </trkpt>
      <trkpt lat="22.644699902158386" lon="107.60607033179603">
        <ele>95.28995111584663</ele>
        <time>2023-10-20T01:36:34Z</time>
        <extensions>
          <gpxtpx:TrackPointExtension>
            <gpxtpx:hr>101</gpxtpx:hr>
          </gpxtpx:TrackPointExtension>
        </extensions>
      </trkpt>
      <trkpt lat="22.644706260323478" lon="107.60607614469826">
        <ele>95.24367198627442</ele>
        <time>2023-10-20T01:36:35Z</time>
        <extensions>
          <gpxtpx:TrackPointExtension>
            <gpxtpx:hr>101</gpxtpx:hr>
          </gpxtpx:TrackPointExtension>
        </extensions>
      </trkpt>
      <trkpt lat="22.644712366622393" lon="107.60608338568174">
        <ele>95.20432487782091</ele>
        <time>2023-10-20T01:36:36Z</time>
        <extensions>
          <gpxtpx:TrackPointExtension>
            <gpxtpx:hr>101</gpxtpx:hr>
          </gpxtpx:TrackPointExtension>
        </extensions>
      </trkpt>
      <trkpt lat="22.644718011813705" lon="107.6060910776049">
        <ele>95.1657972894609</ele>
        <time>2023-10-20T01:36:37Z</time>
        <extensions>
          <gpxtpx:TrackPointExtension>
            <gpxtpx:hr>102</gpxtpx:hr>
          </gpxtpx:TrackPointExtension>
        </extensions>
      </trkpt>
      <trkpt lat="22.644723418249246" lon="107.6060985297147">
        <ele>95.1291857343167</ele>
        <time>2023-10-20T01:36:38Z</time>
        <extensions>
          <gpxtpx:TrackPointExtension>
            <gpxtpx:hr>102</gpxtpx:hr>
          </gpxtpx:TrackPointExtension>
        </extensions>
      </trkpt>
      <trkpt lat="22.644728791994545" lon="107.60610557450093">
        <ele>95.09157951641828</ele>
        <time>2023-10-20T01:36:39Z</time>
        <extensions>
          <gpxtpx:TrackPointExtension>
            <gpxtpx:hr>102</gpxtpx:hr>
          </gpxtpx:TrackPointExtension>
        </extensions>
      </trkpt>
      <trkpt lat="22.644733777981465" lon="107.60611170610962">
        <ele>95.05831004027277</ele>
        <time>2023-10-20T01:36:40Z</time>
        <extensions>
          <gpxtpx:TrackPointExtension>
            <gpxtpx:hr>102</gpxtpx:hr>
          </gpxtpx:TrackPointExtension>
        </extensions>
      </trkpt>
      <trkpt lat="22.6447381102636" lon="107.60611630148847">
        <ele>95.03068511094898</ele>
        <time>2023-10-20T01:36:41Z</time>
        <extensions>
          <gpxtpx:TrackPointExtension>
            <gpxtpx:hr>102</gpxtpx:hr>
          </gpxtpx:TrackPointExtension>
        </extensions>
      </trkpt>
      <trkpt lat="22.644741995247" lon="107.60611930976555">
        <ele>95.01059160754085</ele>
        <time>2023-10-20T01:36:42Z</time>
        <extensions>
          <gpxtpx:TrackPointExtension>
            <gpxtpx:hr>102</gpxtpx:hr>
          </gpxtpx:TrackPointExtension>
        </extensions>
      </trkpt>
      <trkpt lat="22.644746176027002" lon="107.60612066611736">
        <ele>94.99465207569301</ele>
        <time>2023-10-20T01:36:43Z</time>
        <extensions>
          <gpxtpx:TrackPointExtension>
            <gpxtpx:hr>102</gpxtpx:hr>
          </gpxtpx:TrackPointExtension>
        </extensions>
      </trkpt>
      <trkpt lat="22.644751194818422" lon="107.60612031131961">
        <ele>94.98322394024581</ele>
        <time>2023-10-20T01:36:44Z</time>
        <extensions>
          <gpxtpx:TrackPointExtension>
            <gpxtpx:hr>102</gpxtpx:hr>
          </gpxtpx:TrackPointExtension>
        </extensions>
      </trkpt>
      <trkpt lat="22.644757540175203" lon="107.60611824683599">
        <ele>94.97921436931938</ele>
        <time>2023-10-20T01:36:45Z</time>
        <extensions>
          <gpxtpx:TrackPointExtension>
            <gpxtpx:hr>102</gpxtpx:hr>
          </gpxtpx:TrackPointExtension>
        </extensions>
      </trkpt>
      <trkpt lat="22.644765295689442" lon="107.60611444749165">
        <ele>94.9867845363915</ele>
        <time>2023-10-20T01:36:46Z</time>
        <extensions>
          <gpxtpx:TrackPointExtension>
            <gpxtpx:hr>102</gpxtpx:hr>
          </gpxtpx:TrackPointExtension>
        </extensions>
      </trkpt>
      <trkpt lat="22.644774790610185" lon="107.60610895988442">
        <ele>95.00106770731509</ele>
        <time>2023-10-20T01:36:47Z</time>
        <extensions>
          <gpxtpx:TrackPointExtension>
            <gpxtpx:hr>103</gpxtpx:hr>
          </gpxtpx:TrackPointExtension>
        </extensions>
      </trkpt>
      <trkpt lat="22.644785371022163" lon="107.60610277978871">
        <ele>95.01573940366507</ele>
        <time>2023-10-20T01:36:48Z</time>
        <extensions>
          <gpxtpx:TrackPointExtension>
            <gpxtpx:hr>103</gpxtpx:hr>
          </gpxtpx:TrackPointExtension>
        </extensions>
      </trkpt>
      <trkpt lat="22.64479616495418" lon="107.6060968992794">
        <ele>95.03117198497057</ele>
        <time>2023-10-20T01:36:49Z</time>
        <extensions>
          <gpxtpx:TrackPointExtension>
            <gpxtpx:hr>103</gpxtpx:hr>
          </gpxtpx:TrackPointExtension>
        </extensions>
      </trkpt>
      <trkpt lat="22.64480608311038" lon="107.60609187578932">
        <ele>95.04941277392209</ele>
        <time>2023-10-20T01:36:50Z</time>
        <extensions>
          <gpxtpx:TrackPointExtension>
            <gpxtpx:hr>103</gpxtpx:hr>
          </gpxtpx:TrackPointExtension>
        </extensions>
      </trkpt>
      <trkpt lat="22.644812974213394" lon="107.60608838713992">
        <ele>95.06719989143312</ele>
        <time>2023-10-20T01:36:51Z</time>
        <extensions>
          <gpxtpx:TrackPointExtension>
            <gpxtpx:hr>104</gpxtpx:hr>
          </gpxtpx:TrackPointExtension>
        </extensions>
      </trkpt>
      <trkpt lat="22.64481714655523" lon="107.60608599745943">
        <ele>95.08146803174168</ele>
        <time>2023-10-20T01:36:52Z</time>
        <extensions>
          <gpxtpx:TrackPointExtension>
            <gpxtpx:hr>104</gpxtpx:hr>
          </gpxtpx:TrackPointExtension>
        </extensions>
      </trkpt>
      <trkpt lat="22.644818986206406" lon="107.60608410129446">
        <ele>95.10473835840821</ele>
        <time>2023-10-20T01:36:53Z</time>
        <extensions>
          <gpxtpx:TrackPointExtension>
            <gpxtpx:hr>104</gpxtpx:hr>
          </gpxtpx:TrackPointExtension>
        </extensions>
      </trkpt>
      <trkpt lat="22.6448177217002" lon="107.60608256188246">
        <ele>95.12857398297638</ele>
        <time>2023-10-20T01:36:54Z</time>
        <extensions>
          <gpxtpx:TrackPointExtension>
            <gpxtpx:hr>104</gpxtpx:hr>
          </gpxtpx:TrackPointExtension>
        </extensions>
      </trkpt>
      <trkpt lat="22.644813261542705" lon="107.60608103578924">
        <ele>95.15728154312819</ele>
        <time>2023-10-20T01:36:55Z</time>
        <extensions>
          <gpxtpx:TrackPointExtension>
            <gpxtpx:hr>104</gpxtpx:hr>
          </gpxtpx:TrackPointExtension>
        </extensions>
      </trkpt>
      <trkpt lat="22.644805859655314" lon="107.60607922931864">
        <ele>95.1859816648066</ele>
        <time>2023-10-20T01:36:56Z</time>
        <extensions>
          <gpxtpx:TrackPointExtension>
            <gpxtpx:hr>104</gpxtpx:hr>
          </gpxtpx:TrackPointExtension>
        </extensions>
      </trkpt>
      <trkpt lat="22.64479611973201" lon="107.60607691235592">
        <ele>95.21410580165684</ele>
        <time>2023-10-20T01:36:57Z</time>
        <extensions>
          <gpxtpx:TrackPointExtension>
            <gpxtpx:hr>104</gpxtpx:hr>
          </gpxtpx:TrackPointExtension>
        </extensions>
      </trkpt>
      <trkpt lat="22.644785377316957" lon="107.60607410735973">
        <ele>95.24144187849015</ele>
        <time>2023-10-20T01:36:58Z</time>
        <extensions>
          <gpxtpx:TrackPointExtension>
            <gpxtpx:hr>104</gpxtpx:hr>
          </gpxtpx:TrackPointExtension>
        </extensions>
      </trkpt>
      <trkpt lat="22.644776094042882" lon="107.60607110224731">
        <ele>95.27009580936283</ele>
        <time>2023-10-20T01:36:59Z</time>
        <extensions>
          <gpxtpx:TrackPointExtension>
            <gpxtpx:hr>104</gpxtpx:hr>
          </gpxtpx:TrackPointExtension>
        </extensions>
      </trkpt>
      <trkpt lat="22.644768745320032" lon="107.60606746331557">
        <ele>95.29854938387871</ele>
        <time>2023-10-20T01:37:00Z</time>
        <extensions>
          <gpxtpx:TrackPointExtension>
            <gpxtpx:hr>106</gpxtpx:hr>
          </gpxtpx:TrackPointExtension>
        </extensions>
      </trkpt>
      <trkpt lat="22.64476283630017" lon="107.60606247026958">
        <ele>95.32607693318278</ele>
        <time>2023-10-20T01:37:01Z</time>
        <extensions>
          <gpxtpx:TrackPointExtension>
            <gpxtpx:hr>106</gpxtpx:hr>
          </gpxtpx:TrackPointExtension>
        </extensions>
      </trkpt>
      <trkpt lat="22.64475888149254" lon="107.60605647444409">
        <ele>95.3513543298468</ele>
        <time>2023-10-20T01:37:02Z</time>
        <extensions>
          <gpxtpx:TrackPointExtension>
            <gpxtpx:hr>106</gpxtpx:hr>
          </gpxtpx:TrackPointExtension>
        </extensions>
      </trkpt>
      <trkpt lat="22.64475680269104" lon="107.60605022311697">
        <ele>95.3828111924231</ele>
        <time>2023-10-20T01:37:03Z</time>
        <extensions>
          <gpxtpx:TrackPointExtension>
            <gpxtpx:hr>106</gpxtpx:hr>
          </gpxtpx:TrackPointExtension>
        </extensions>
      </trkpt>
      <trkpt lat="22.644756130783325" lon="107.60604463665847">
        <ele>95.41511685494334</ele>
        <time>2023-10-20T01:37:04Z</time>
        <extensions>
          <gpxtpx:TrackPointExtension>
            <gpxtpx:hr>106</gpxtpx:hr>
          </gpxtpx:TrackPointExtension>
        </extensions>
      </trkpt>
      <trkpt lat="22.644756517639316" lon="107.60604020759982">
        <ele>95.44581869244576</ele>
        <time>2023-10-20T01:37:05Z</time>
        <extensions>
          <gpxtpx:TrackPointExtension>
            <gpxtpx:hr>106</gpxtpx:hr>
          </gpxtpx:TrackPointExtension>
        </extensions>
      </trkpt>
      <trkpt lat="22.644758061940173" lon="107.6060361743317">
        <ele>95.47250308748335</ele>
        <time>2023-10-20T01:37:06Z</time>
        <extensions>
          <gpxtpx:TrackPointExtension>
            <gpxtpx:hr>106</gpxtpx:hr>
          </gpxtpx:TrackPointExtension>
        </extensions>
      </trkpt>
      <trkpt lat="22.64476094534663" lon="107.60603184930713">
        <ele>95.49559482745826</ele>
        <time>2023-10-20T01:37:07Z</time>
        <extensions>
          <gpxtpx:TrackPointExtension>
            <gpxtpx:hr>106</gpxtpx:hr>
          </gpxtpx:TrackPointExtension>
        </extensions>
      </trkpt>
      <trkpt lat="22.644765178917087" lon="107.60602726005463">
        <ele>95.51782255899161</ele>
        <time>2023-10-20T01:37:08Z</time>
        <extensions>
          <gpxtpx:TrackPointExtension>
            <gpxtpx:hr>106</gpxtpx:hr>
          </gpxtpx:TrackPointExtension>
        </extensions>
      </trkpt>
      <trkpt lat="22.644770371599872" lon="107.60602239865958">
        <ele>95.53502151649445</ele>
        <time>2023-10-20T01:37:09Z</time>
        <extensions>
          <gpxtpx:TrackPointExtension>
            <gpxtpx:hr>106</gpxtpx:hr>
          </gpxtpx:TrackPointExtension>
        </extensions>
      </trkpt>
      <trkpt lat="22.644776239061564" lon="107.60601721197993">
        <ele>95.54524222761393</ele>
        <time>2023-10-20T01:37:10Z</time>
        <extensions>
          <gpxtpx:TrackPointExtension>
            <gpxtpx:hr>106</gpxtpx:hr>
          </gpxtpx:TrackPointExtension>
        </extensions>
      </trkpt>
      <trkpt lat="22.644783227052574" lon="107.60601144361348">
        <ele>95.55329554807395</ele>
        <time>2023-10-20T01:37:11Z</time>
        <extensions>
          <gpxtpx:TrackPointExtension>
            <gpxtpx:hr>101</gpxtpx:hr>
          </gpxtpx:TrackPointExtension>
        </extensions>
      </trkpt>
      <trkpt lat="22.644791982188938" lon="107.60600529740961">
        <ele>95.56066873390228</ele>
        <time>2023-10-20T01:37:12Z</time>
        <extensions>
          <gpxtpx:TrackPointExtension>
            <gpxtpx:hr>101</gpxtpx:hr>
          </gpxtpx:TrackPointExtension>
        </extensions>
      </trkpt>
      <trkpt lat="22.64480190346367" lon="107.60599980427024">
        <ele>95.57277420628816</ele>
        <time>2023-10-20T01:37:13Z</time>
        <extensions>
          <gpxtpx:TrackPointExtension>
            <gpxtpx:hr>101</gpxtpx:hr>
          </gpxtpx:TrackPointExtension>
        </extensions>
      </trkpt>
      <trkpt lat="22.64481157557813" lon="107.60599616277881">
        <ele>95.5771025242284</ele>
        <time>2023-10-20T01:37:14Z</time>
        <extensions>
          <gpxtpx:TrackPointExtension>
            <gpxtpx:hr>101</gpxtpx:hr>
          </gpxtpx:TrackPointExtension>
        </extensions>
      </trkpt>
      <trkpt lat="22.644820609744457" lon="107.60599489652759">
        <ele>95.57404305040836</ele>
        <time>2023-10-20T01:37:15Z</time>
        <extensions>
          <gpxtpx:TrackPointExtension>
            <gpxtpx:hr>101</gpxtpx:hr>
          </gpxtpx:TrackPointExtension>
        </extensions>
      </trkpt>
      <trkpt lat="22.64482952878028" lon="107.60599571412645">
        <ele>95.56802142504603</ele>
        <time>2023-10-20T01:37:16Z</time>
        <extensions>
          <gpxtpx:TrackPointExtension>
            <gpxtpx:hr>102</gpxtpx:hr>
          </gpxtpx:TrackPointExtension>
        </extensions>
      </trkpt>
      <trkpt lat="22.6448384890782" lon="107.60599805890772">
        <ele>95.55354081094265</ele>
        <time>2023-10-20T01:37:17Z</time>
        <extensions>
          <gpxtpx:TrackPointExtension>
            <gpxtpx:hr>102</gpxtpx:hr>
          </gpxtpx:TrackPointExtension>
        </extensions>
      </trkpt>
      <trkpt lat="22.644846625630308" lon="107.60600114452856">
        <ele>95.53882662393153</ele>
        <time>2023-10-20T01:37:18Z</time>
        <extensions>
          <gpxtpx:TrackPointExtension>
            <gpxtpx:hr>102</gpxtpx:hr>
          </gpxtpx:TrackPointExtension>
        </extensions>
      </trkpt>
      <trkpt lat="22.644853598301086" lon="107.60600435236684">
        <ele>95.52906066458672</ele>
        <time>2023-10-20T01:37:19Z</time>
        <extensions>
          <gpxtpx:TrackPointExtension>
            <gpxtpx:hr>103</gpxtpx:hr>
          </gpxtpx:TrackPointExtension>
        </extensions>
      </trkpt>
      <trkpt lat="22.644860023164963" lon="107.60600746659999">
        <ele>95.51527444645762</ele>
        <time>2023-10-20T01:37:20Z</time>
        <extensions>
          <gpxtpx:TrackPointExtension>
            <gpxtpx:hr>103</gpxtpx:hr>
          </gpxtpx:TrackPointExtension>
        </extensions>
      </trkpt>
      <trkpt lat="22.64486645091097" lon="107.6060103400956">
        <ele>95.50543915946037</ele>
        <time>2023-10-20T01:37:21Z</time>
        <extensions>
          <gpxtpx:TrackPointExtension>
            <gpxtpx:hr>103</gpxtpx:hr>
          </gpxtpx:TrackPointExtension>
        </extensions>
      </trkpt>
      <trkpt lat="22.644872907398007" lon="107.60601277910293">
        <ele>95.49051819276065</ele>
        <time>2023-10-20T01:37:22Z</time>
        <extensions>
          <gpxtpx:TrackPointExtension>
            <gpxtpx:hr>103</gpxtpx:hr>
          </gpxtpx:TrackPointExtension>
        </extensions>
      </trkpt>
      <trkpt lat="22.644879042125396" lon="107.60601476367945">
        <ele>95.47440249659121</ele>
        <time>2023-10-20T01:37:23Z</time>
        <extensions>
          <gpxtpx:TrackPointExtension>
            <gpxtpx:hr>103</gpxtpx:hr>
          </gpxtpx:TrackPointExtension>
        </extensions>
      </trkpt>
      <trkpt lat="22.644884999753696" lon="107.6060168454131">
        <ele>95.45899516995996</ele>
        <time>2023-10-20T01:37:24Z</time>
        <extensions>
          <gpxtpx:TrackPointExtension>
            <gpxtpx:hr>97</gpxtpx:hr>
          </gpxtpx:TrackPointExtension>
        </extensions>
      </trkpt>
      <trkpt lat="22.644891260473155" lon="107.6060197972039">
        <ele>95.45057845581323</ele>
        <time>2023-10-20T01:37:25Z</time>
        <extensions>
          <gpxtpx:TrackPointExtension>
            <gpxtpx:hr>97</gpxtpx:hr>
          </gpxtpx:TrackPointExtension>
        </extensions>
      </trkpt>
      <trkpt lat="22.64489814440357" lon="107.60602408666418">
        <ele>95.43887311965227</ele>
        <time>2023-10-20T01:37:26Z</time>
        <extensions>
          <gpxtpx:TrackPointExtension>
            <gpxtpx:hr>97</gpxtpx:hr>
          </gpxtpx:TrackPointExtension>
        </extensions>
      </trkpt>
      <trkpt lat="22.64490602475138" lon="107.606029856248">
        <ele>95.43019670248032</ele>
        <time>2023-10-20T01:37:27Z</time>
        <extensions>
          <gpxtpx:TrackPointExtension>
            <gpxtpx:hr>97</gpxtpx:hr>
          </gpxtpx:TrackPointExtension>
        </extensions>
      </trkpt>
      <trkpt lat="22.644914699292926" lon="107.60603659857536">
        <ele>95.42801077663898</ele>
        <time>2023-10-20T01:37:28Z</time>
        <extensions>
          <gpxtpx:TrackPointExtension>
            <gpxtpx:hr>97</gpxtpx:hr>
          </gpxtpx:TrackPointExtension>
        </extensions>
      </trkpt>
      <trkpt lat="22.644923217882443" lon="107.6060432298611">
        <ele>95.4336424106732</ele>
        <time>2023-10-20T01:37:29Z</time>
        <extensions>
          <gpxtpx:TrackPointExtension>
            <gpxtpx:hr>97</gpxtpx:hr>
          </gpxtpx:TrackPointExtension>
        </extensions>
      </trkpt>
      <trkpt lat="22.644931019965032" lon="107.60604885867521">
        <ele>95.4420717312023</ele>
        <time>2023-10-20T01:37:30Z</time>
        <extensions>
          <gpxtpx:TrackPointExtension>
            <gpxtpx:hr>97</gpxtpx:hr>
          </gpxtpx:TrackPointExtension>
        </extensions>
      </trkpt>
      <trkpt lat="22.64493805022898" lon="107.60605310104957">
        <ele>95.45592745766044</ele>
        <time>2023-10-20T01:37:31Z</time>
        <extensions>
          <gpxtpx:TrackPointExtension>
            <gpxtpx:hr>88</gpxtpx:hr>
          </gpxtpx:TrackPointExtension>
        </extensions>
      </trkpt>
      <trkpt lat="22.644944540093228" lon="107.60605594655736">
        <ele>95.47708439826965</ele>
        <time>2023-10-20T01:37:32Z</time>
        <extensions>
          <gpxtpx:TrackPointExtension>
            <gpxtpx:hr>88</gpxtpx:hr>
          </gpxtpx:TrackPointExtension>
        </extensions>
      </trkpt>
      <trkpt lat="22.64495069928189" lon="107.60605734759305">
        <ele>95.50350878480822</ele>
        <time>2023-10-20T01:37:33Z</time>
        <extensions>
          <gpxtpx:TrackPointExtension>
            <gpxtpx:hr>88</gpxtpx:hr>
          </gpxtpx:TrackPointExtension>
        </extensions>
      </trkpt>
      <trkpt lat="22.644956609583502" lon="107.60605712680946">
        <ele>95.53203828446567</ele>
        <time>2023-10-20T01:37:34Z</time>
        <extensions>
          <gpxtpx:TrackPointExtension>
            <gpxtpx:hr>88</gpxtpx:hr>
          </gpxtpx:TrackPointExtension>
        </extensions>
      </trkpt>
      <trkpt lat="22.644962457170863" lon="107.60605524400928">
        <ele>95.5600399710238</ele>
        <time>2023-10-20T01:37:35Z</time>
        <extensions>
          <gpxtpx:TrackPointExtension>
            <gpxtpx:hr>88</gpxtpx:hr>
          </gpxtpx:TrackPointExtension>
        </extensions>
      </trkpt>
      <trkpt lat="22.644968719231745" lon="107.60605190378052">
        <ele>95.59300793893635</ele>
        <time>2023-10-20T01:37:36Z</time>
        <extensions>
          <gpxtpx:TrackPointExtension>
            <gpxtpx:hr>88</gpxtpx:hr>
          </gpxtpx:TrackPointExtension>
        </extensions>
      </trkpt>
      <trkpt lat="22.644975841832373" lon="107.60604759318788">
        <ele>95.6214721435681</ele>
        <time>2023-10-20T01:37:37Z</time>
        <extensions>
          <gpxtpx:TrackPointExtension>
            <gpxtpx:hr>88</gpxtpx:hr>
          </gpxtpx:TrackPointExtension>
        </extensions>
      </trkpt>
      <trkpt lat="22.64498400635813" lon="107.60604295977406">
        <ele>95.64507422223687</ele>
        <time>2023-10-20T01:37:38Z</time>
        <extensions>
          <gpxtpx:TrackPointExtension>
            <gpxtpx:hr>91</gpxtpx:hr>
          </gpxtpx:TrackPointExtension>
        </extensions>
      </trkpt>
      <trkpt lat="22.644994023373297" lon="107.60603846316738">
        <ele>95.67182129528373</ele>
        <time>2023-10-20T01:37:39Z</time>
        <extensions>
          <gpxtpx:TrackPointExtension>
            <gpxtpx:hr>91</gpxtpx:hr>
          </gpxtpx:TrackPointExtension>
        </extensions>
      </trkpt>
      <trkpt lat="22.64500721480358" lon="107.60603426089727">
        <ele>95.6963273677975</ele>
        <time>2023-10-20T01:37:40Z</time>
        <extensions>
          <gpxtpx:TrackPointExtension>
            <gpxtpx:hr>91</gpxtpx:hr>
          </gpxtpx:TrackPointExtension>
        </extensions>
      </trkpt>
      <trkpt lat="22.645023972338283" lon="107.60603058429753">
        <ele>95.71872318629175</ele>
        <time>2023-10-20T01:37:41Z</time>
        <extensions>
          <gpxtpx:TrackPointExtension>
            <gpxtpx:hr>91</gpxtpx:hr>
          </gpxtpx:TrackPointExtension>
        </extensions>
      </trkpt>
      <trkpt lat="22.64504284911532" lon="107.60602782022923">
        <ele>95.73817508295178</ele>
        <time>2023-10-20T01:37:42Z</time>
        <extensions>
          <gpxtpx:TrackPointExtension>
            <gpxtpx:hr>91</gpxtpx:hr>
          </gpxtpx:TrackPointExtension>
        </extensions>
      </trkpt>
      <trkpt lat="22.645062294727936" lon="107.60602610968374">
        <ele>95.7544136820361</ele>
        <time>2023-10-20T01:37:43Z</time>
        <extensions>
          <gpxtpx:TrackPointExtension>
            <gpxtpx:hr>91</gpxtpx:hr>
          </gpxtpx:TrackPointExtension>
        </extensions>
      </trkpt>
      <trkpt lat="22.64508084318178" lon="107.6060251665446">
        <ele>95.77288000192493</ele>
        <time>2023-10-20T01:37:44Z</time>
        <extensions>
          <gpxtpx:TrackPointExtension>
            <gpxtpx:hr>91</gpxtpx:hr>
          </gpxtpx:TrackPointExtension>
        </extensions>
      </trkpt>
      <trkpt lat="22.645098190364298" lon="107.60602465630208">
        <ele>95.79180500470102</ele>
        <time>2023-10-20T01:37:45Z</time>
        <extensions>
          <gpxtpx:TrackPointExtension>
            <gpxtpx:hr>91</gpxtpx:hr>
          </gpxtpx:TrackPointExtension>
        </extensions>
      </trkpt>
      <trkpt lat="22.645115732820564" lon="107.60602421209846">
        <ele>95.8040974792093</ele>
        <time>2023-10-20T01:37:46Z</time>
        <extensions>
          <gpxtpx:TrackPointExtension>
            <gpxtpx:hr>91</gpxtpx:hr>
          </gpxtpx:TrackPointExtension>
        </extensions>
      </trkpt>
      <trkpt lat="22.645133725529956" lon="107.60602360599283">
        <ele>95.81088595464826</ele>
        <time>2023-10-20T01:37:47Z</time>
        <extensions>
          <gpxtpx:TrackPointExtension>
            <gpxtpx:hr>91</gpxtpx:hr>
          </gpxtpx:TrackPointExtension>
        </extensions>
      </trkpt>
      <trkpt lat="22.645150953509827" lon="107.60602260297227">
        <ele>95.8125882614404</ele>
        <time>2023-10-20T01:37:48Z</time>
        <extensions>
          <gpxtpx:TrackPointExtension>
            <gpxtpx:hr>91</gpxtpx:hr>
          </gpxtpx:TrackPointExtension>
        </extensions>
      </trkpt>
      <trkpt lat="22.645166318509585" lon="107.60602083728006">
        <ele>95.81358558218926</ele>
        <time>2023-10-20T01:37:49Z</time>
        <extensions>
          <gpxtpx:TrackPointExtension>
            <gpxtpx:hr>91</gpxtpx:hr>
          </gpxtpx:TrackPointExtension>
        </extensions>
      </trkpt>
      <trkpt lat="22.64517851490912" lon="107.60601800803354">
        <ele>95.81472467631102</ele>
        <time>2023-10-20T01:37:50Z</time>
        <extensions>
          <gpxtpx:TrackPointExtension>
            <gpxtpx:hr>91</gpxtpx:hr>
          </gpxtpx:TrackPointExtension>
        </extensions>
      </trkpt>
      <trkpt lat="22.645186344572657" lon="107.6060141501385">
        <ele>95.81237734481692</ele>
        <time>2023-10-20T01:37:51Z</time>
        <extensions>
          <gpxtpx:TrackPointExtension>
            <gpxtpx:hr>95</gpxtpx:hr>
          </gpxtpx:TrackPointExtension>
        </extensions>
      </trkpt>
      <trkpt lat="22.645190769879832" lon="107.60600858386542">
        <ele>95.82049412373453</ele>
        <time>2023-10-20T01:37:52Z</time>
        <extensions>
          <gpxtpx:TrackPointExtension>
            <gpxtpx:hr>95</gpxtpx:hr>
          </gpxtpx:TrackPointExtension>
        </extensions>
      </trkpt>
      <trkpt lat="22.64519404769486" lon="107.60600021465113">
        <ele>95.83368469960988</ele>
        <time>2023-10-20T01:37:53Z</time>
        <extensions>
          <gpxtpx:TrackPointExtension>
            <gpxtpx:hr>95</gpxtpx:hr>
          </gpxtpx:TrackPointExtension>
        </extensions>
      </trkpt>
      <trkpt lat="22.645197007934925" lon="107.60598962097002">
        <ele>95.85061519872397</ele>
        <time>2023-10-20T01:37:54Z</time>
        <extensions>
          <gpxtpx:TrackPointExtension>
            <gpxtpx:hr>95</gpxtpx:hr>
          </gpxtpx:TrackPointExtension>
        </extensions>
      </trkpt>
      <trkpt lat="22.645199961416107" lon="107.60597800985731">
        <ele>95.87278199382126</ele>
        <time>2023-10-20T01:37:55Z</time>
        <extensions>
          <gpxtpx:TrackPointExtension>
            <gpxtpx:hr>95</gpxtpx:hr>
          </gpxtpx:TrackPointExtension>
        </extensions>
      </trkpt>
      <trkpt lat="22.645203509384064" lon="107.6059654446727">
        <ele>95.89233619347215</ele>
        <time>2023-10-20T01:37:56Z</time>
        <extensions>
          <gpxtpx:TrackPointExtension>
            <gpxtpx:hr>96</gpxtpx:hr>
          </gpxtpx:TrackPointExtension>
        </extensions>
      </trkpt>
      <trkpt lat="22.64520821765084" lon="107.60595156563664">
        <ele>95.91730978898704</ele>
        <time>2023-10-20T01:37:57Z</time>
        <extensions>
          <gpxtpx:TrackPointExtension>
            <gpxtpx:hr>96</gpxtpx:hr>
          </gpxtpx:TrackPointExtension>
        </extensions>
      </trkpt>
      <trkpt lat="22.64521419240845" lon="107.60593662368298">
        <ele>95.95762127451599</ele>
        <time>2023-10-20T01:37:58Z</time>
        <extensions>
          <gpxtpx:TrackPointExtension>
            <gpxtpx:hr>96</gpxtpx:hr>
          </gpxtpx:TrackPointExtension>
        </extensions>
      </trkpt>
      <trkpt lat="22.645220949434744" lon="107.60592180639593">
        <ele>96.00646295212209</ele>
        <time>2023-10-20T01:37:59Z</time>
        <extensions>
          <gpxtpx:TrackPointExtension>
            <gpxtpx:hr>96</gpxtpx:hr>
          </gpxtpx:TrackPointExtension>
        </extensions>
      </trkpt>
      <trkpt lat="22.645227666656563" lon="107.60590825638123">
        <ele>96.06095676496625</ele>
        <time>2023-10-20T01:38:00Z</time>
        <extensions>
          <gpxtpx:TrackPointExtension>
            <gpxtpx:hr>96</gpxtpx:hr>
          </gpxtpx:TrackPointExtension>
        </extensions>
      </trkpt>
      <trkpt lat="22.645233882034685" lon="107.6058962429786">
        <ele>96.12406818382442</ele>
        <time>2023-10-20T01:38:01Z</time>
        <extensions>
          <gpxtpx:TrackPointExtension>
            <gpxtpx:hr>96</gpxtpx:hr>
          </gpxtpx:TrackPointExtension>
        </extensions>
      </trkpt>
      <trkpt lat="22.645239333789316" lon="107.6058860123474">
        <ele>96.18191941082478</ele>
        <time>2023-10-20T01:38:02Z</time>
        <extensions>
          <gpxtpx:TrackPointExtension>
            <gpxtpx:hr>96</gpxtpx:hr>
          </gpxtpx:TrackPointExtension>
        </extensions>
      </trkpt>
      <trkpt lat="22.645243953478566" lon="107.60587803897371">
        <ele>96.2377171041444</ele>
        <time>2023-10-20T01:38:03Z</time>
        <extensions>
          <gpxtpx:TrackPointExtension>
            <gpxtpx:hr>96</gpxtpx:hr>
          </gpxtpx:TrackPointExtension>
        </extensions>
      </trkpt>
      <trkpt lat="22.64524823910818" lon="107.60587232506785">
        <ele>96.2880463693291</ele>
        <time>2023-10-20T01:38:04Z</time>
        <extensions>
          <gpxtpx:TrackPointExtension>
            <gpxtpx:hr>96</gpxtpx:hr>
          </gpxtpx:TrackPointExtension>
        </extensions>
      </trkpt>
      <trkpt lat="22.645252837104653" lon="107.60586863166316">
        <ele>96.33979910984635</ele>
        <time>2023-10-20T01:38:05Z</time>
        <extensions>
          <gpxtpx:TrackPointExtension>
            <gpxtpx:hr>96</gpxtpx:hr>
          </gpxtpx:TrackPointExtension>
        </extensions>
      </trkpt>
      <trkpt lat="22.645257956493797" lon="107.60586665888945">
        <ele>96.38214745465666</ele>
        <time>2023-10-20T01:38:06Z</time>
        <extensions>
          <gpxtpx:TrackPointExtension>
            <gpxtpx:hr>96</gpxtpx:hr>
          </gpxtpx:TrackPointExtension>
        </extensions>
      </trkpt>
      <trkpt lat="22.645263705779108" lon="107.60586580709312">
        <ele>96.42038859706372</ele>
        <time>2023-10-20T01:38:07Z</time>
        <extensions>
          <gpxtpx:TrackPointExtension>
            <gpxtpx:hr>96</gpxtpx:hr>
          </gpxtpx:TrackPointExtension>
        </extensions>
      </trkpt>
      <trkpt lat="22.645270388332673" lon="107.60586512577181">
        <ele>96.46445426624268</ele>
        <time>2023-10-20T01:38:08Z</time>
        <extensions>
          <gpxtpx:TrackPointExtension>
            <gpxtpx:hr>96</gpxtpx:hr>
          </gpxtpx:TrackPointExtension>
        </extensions>
      </trkpt>
      <trkpt lat="22.645277742848254" lon="107.60586443582709">
        <ele>96.50718989688903</ele>
        <time>2023-10-20T01:38:09Z</time>
        <extensions>
          <gpxtpx:TrackPointExtension>
            <gpxtpx:hr>98</gpxtpx:hr>
          </gpxtpx:TrackPointExtension>
        </extensions>
      </trkpt>
      <trkpt lat="22.64528494296776" lon="107.60586440879791">
        <ele>96.54726255778223</ele>
        <time>2023-10-20T01:38:10Z</time>
        <extensions>
          <gpxtpx:TrackPointExtension>
            <gpxtpx:hr>98</gpxtpx:hr>
          </gpxtpx:TrackPointExtension>
        </extensions>
      </trkpt>
      <trkpt lat="22.645291469820133" lon="107.6058662641781">
        <ele>96.57427008170635</ele>
        <time>2023-10-20T01:38:11Z</time>
        <extensions>
          <gpxtpx:TrackPointExtension>
            <gpxtpx:hr>98</gpxtpx:hr>
          </gpxtpx:TrackPointExtension>
        </extensions>
      </trkpt>
      <trkpt lat="22.645297019953084" lon="107.60587109800248">
        <ele>96.59324634540826</ele>
        <time>2023-10-20T01:38:12Z</time>
        <extensions>
          <gpxtpx:TrackPointExtension>
            <gpxtpx:hr>98</gpxtpx:hr>
          </gpxtpx:TrackPointExtension>
        </extensions>
      </trkpt>
      <trkpt lat="22.645301992470152" lon="107.60587929707249">
        <ele>96.60226265713573</ele>
        <time>2023-10-20T01:38:13Z</time>
        <extensions>
          <gpxtpx:TrackPointExtension>
            <gpxtpx:hr>98</gpxtpx:hr>
          </gpxtpx:TrackPointExtension>
        </extensions>
      </trkpt>
      <trkpt lat="22.645307252113717" lon="107.605890614477">
        <ele>96.60591257270426</ele>
        <time>2023-10-20T01:38:14Z</time>
        <extensions>
          <gpxtpx:TrackPointExtension>
            <gpxtpx:hr>100</gpxtpx:hr>
          </gpxtpx:TrackPointExtension>
        </extensions>
      </trkpt>
      <trkpt lat="22.645313770854933" lon="107.60590364316903">
        <ele>96.59953149501234</ele>
        <time>2023-10-20T01:38:15Z</time>
        <extensions>
          <gpxtpx:TrackPointExtension>
            <gpxtpx:hr>100</gpxtpx:hr>
          </gpxtpx:TrackPointExtension>
        </extensions>
      </trkpt>
      <trkpt lat="22.64532157976519" lon="107.60591658259109">
        <ele>96.5885573765263</ele>
        <time>2023-10-20T01:38:16Z</time>
        <extensions>
          <gpxtpx:TrackPointExtension>
            <gpxtpx:hr>100</gpxtpx:hr>
          </gpxtpx:TrackPointExtension>
        </extensions>
      </trkpt>
      <trkpt lat="22.645330228546126" lon="107.60592879667742">
        <ele>96.57674174383283</ele>
        <time>2023-10-20T01:38:17Z</time>
        <extensions>
          <gpxtpx:TrackPointExtension>
            <gpxtpx:hr>100</gpxtpx:hr>
          </gpxtpx:TrackPointExtension>
        </extensions>
      </trkpt>
      <trkpt lat="22.645339461889797" lon="107.60594014185946">
        <ele>96.5534879853949</ele>
        <time>2023-10-20T01:38:18Z</time>
        <extensions>
          <gpxtpx:TrackPointExtension>
            <gpxtpx:hr>100</gpxtpx:hr>
          </gpxtpx:TrackPointExtension>
        </extensions>
      </trkpt>
      <trkpt lat="22.645348766792647" lon="107.60594968056844">
        <ele>96.52820680197328</ele>
        <time>2023-10-20T01:38:19Z</time>
        <extensions>
          <gpxtpx:TrackPointExtension>
            <gpxtpx:hr>100</gpxtpx:hr>
          </gpxtpx:TrackPointExtension>
        </extensions>
      </trkpt>
      <trkpt lat="22.645358034711435" lon="107.60595682342607">
        <ele>96.50039028655738</ele>
        <time>2023-10-20T01:38:20Z</time>
        <extensions>
          <gpxtpx:TrackPointExtension>
            <gpxtpx:hr>100</gpxtpx:hr>
          </gpxtpx:TrackPointExtension>
        </extensions>
      </trkpt>
      <trkpt lat="22.645367069613943" lon="107.60596189905613">
        <ele>96.46747763548046</ele>
        <time>2023-10-20T01:38:21Z</time>
        <extensions>
          <gpxtpx:TrackPointExtension>
            <gpxtpx:hr>94</gpxtpx:hr>
          </gpxtpx:TrackPointExtension>
        </extensions>
      </trkpt>
      <trkpt lat="22.645375033098986" lon="107.6059656488048">
        <ele>96.42858866415918</ele>
        <time>2023-10-20T01:38:22Z</time>
        <extensions>
          <gpxtpx:TrackPointExtension>
            <gpxtpx:hr>94</gpxtpx:hr>
          </gpxtpx:TrackPointExtension>
        </extensions>
      </trkpt>
      <trkpt lat="22.6453809663813" lon="107.60596934614836">
        <ele>96.3873486854136</ele>
        <time>2023-10-20T01:38:23Z</time>
        <extensions>
          <gpxtpx:TrackPointExtension>
            <gpxtpx:hr>94</gpxtpx:hr>
          </gpxtpx:TrackPointExtension>
        </extensions>
      </trkpt>
      <trkpt lat="22.645384422483325" lon="107.60597361672336">
        <ele>96.34461477957666</ele>
        <time>2023-10-20T01:38:24Z</time>
        <extensions>
          <gpxtpx:TrackPointExtension>
            <gpxtpx:hr>94</gpxtpx:hr>
          </gpxtpx:TrackPointExtension>
        </extensions>
      </trkpt>
      <trkpt lat="22.645385880057646" lon="107.60597785635025">
        <ele>96.3012197650969</ele>
        <time>2023-10-20T01:38:25Z</time>
        <extensions>
          <gpxtpx:TrackPointExtension>
            <gpxtpx:hr>94</gpxtpx:hr>
          </gpxtpx:TrackPointExtension>
        </extensions>
      </trkpt>
      <trkpt lat="22.64538634443398" lon="107.60598232174846">
        <ele>96.24351605121046</ele>
        <time>2023-10-20T01:38:26Z</time>
        <extensions>
          <gpxtpx:TrackPointExtension>
            <gpxtpx:hr>94</gpxtpx:hr>
          </gpxtpx:TrackPointExtension>
        </extensions>
      </trkpt>
      <trkpt lat="22.645386707001244" lon="107.60598767226858">
        <ele>96.17654178105295</ele>
        <time>2023-10-20T01:38:27Z</time>
        <extensions>
          <gpxtpx:TrackPointExtension>
            <gpxtpx:hr>94</gpxtpx:hr>
          </gpxtpx:TrackPointExtension>
        </extensions>
      </trkpt>
      <trkpt lat="22.645387116942707" lon="107.60599360597038">
        <ele>96.11421406082809</ele>
        <time>2023-10-20T01:38:28Z</time>
        <extensions>
          <gpxtpx:TrackPointExtension>
            <gpxtpx:hr>96</gpxtpx:hr>
          </gpxtpx:TrackPointExtension>
        </extensions>
      </trkpt>
      <trkpt lat="22.64538729649228" lon="107.6059992110137">
        <ele>96.0521054463461</ele>
        <time>2023-10-20T01:38:29Z</time>
        <extensions>
          <gpxtpx:TrackPointExtension>
            <gpxtpx:hr>96</gpxtpx:hr>
          </gpxtpx:TrackPointExtension>
        </extensions>
      </trkpt>
      <trkpt lat="22.645387219416353" lon="107.60600357007343">
        <ele>95.98986781481653</ele>
        <time>2023-10-20T01:38:30Z</time>
        <extensions>
          <gpxtpx:TrackPointExtension>
            <gpxtpx:hr>96</gpxtpx:hr>
          </gpxtpx:TrackPointExtension>
        </extensions>
      </trkpt>
      <trkpt lat="22.64538726937467" lon="107.60600671149523">
        <ele>95.9278806289658</ele>
        <time>2023-10-20T01:38:31Z</time>
        <extensions>
          <gpxtpx:TrackPointExtension>
            <gpxtpx:hr>96</gpxtpx:hr>
          </gpxtpx:TrackPointExtension>
        </extensions>
      </trkpt>
      <trkpt lat="22.645388112796677" lon="107.60600974895655">
        <ele>95.87315991241485</ele>
        <time>2023-10-20T01:38:32Z</time>
        <extensions>
          <gpxtpx:TrackPointExtension>
            <gpxtpx:hr>96</gpxtpx:hr>
          </gpxtpx:TrackPointExtension>
        </extensions>
      </trkpt>
      <trkpt lat="22.64539038993767" lon="107.60601361935421">
        <ele>95.81777136493474</ele>
        <time>2023-10-20T01:38:33Z</time>
        <extensions>
          <gpxtpx:TrackPointExtension>
            <gpxtpx:hr>96</gpxtpx:hr>
          </gpxtpx:TrackPointExtension>
        </extensions>
      </trkpt>
      <trkpt lat="22.645394575190664" lon="107.60601875243742">
        <ele>95.76407324708998</ele>
        <time>2023-10-20T01:38:34Z</time>
        <extensions>
          <gpxtpx:TrackPointExtension>
            <gpxtpx:hr>96</gpxtpx:hr>
          </gpxtpx:TrackPointExtension>
        </extensions>
      </trkpt>
      <trkpt lat="22.645400969281887" lon="107.60602542151344">
        <ele>95.7132593980059</ele>
        <time>2023-10-20T01:38:35Z</time>
        <extensions>
          <gpxtpx:TrackPointExtension>
            <gpxtpx:hr>98</gpxtpx:hr>
          </gpxtpx:TrackPointExtension>
        </extensions>
      </trkpt>
      <trkpt lat="22.645409484329008" lon="107.60603338292373">
        <ele>95.66607082635164</ele>
        <time>2023-10-20T01:38:36Z</time>
        <extensions>
          <gpxtpx:TrackPointExtension>
            <gpxtpx:hr>98</gpxtpx:hr>
          </gpxtpx:TrackPointExtension>
        </extensions>
      </trkpt>
      <trkpt lat="22.645418611194668" lon="107.6060412978373">
        <ele>95.61767833679914</ele>
        <time>2023-10-20T01:38:37Z</time>
        <extensions>
          <gpxtpx:TrackPointExtension>
            <gpxtpx:hr>98</gpxtpx:hr>
          </gpxtpx:TrackPointExtension>
        </extensions>
      </trkpt>
      <trkpt lat="22.645426320863372" lon="107.6060472830398">
        <ele>95.57705874368548</ele>
        <time>2023-10-20T01:38:38Z</time>
        <extensions>
          <gpxtpx:TrackPointExtension>
            <gpxtpx:hr>98</gpxtpx:hr>
          </gpxtpx:TrackPointExtension>
        </extensions>
      </trkpt>
      <trkpt lat="22.64543173744319" lon="107.60605077687686">
        <ele>95.54017462674528</ele>
        <time>2023-10-20T01:38:39Z</time>
        <extensions>
          <gpxtpx:TrackPointExtension>
            <gpxtpx:hr>98</gpxtpx:hr>
          </gpxtpx:TrackPointExtension>
        </extensions>
      </trkpt>
      <trkpt lat="22.645435119851225" lon="107.6060522562862">
        <ele>95.50816084817052</ele>
        <time>2023-10-20T01:38:40Z</time>
        <extensions>
          <gpxtpx:TrackPointExtension>
            <gpxtpx:hr>98</gpxtpx:hr>
          </gpxtpx:TrackPointExtension>
        </extensions>
      </trkpt>
      <trkpt lat="22.64543674504447" lon="107.60605219098436">
        <ele>95.48160948045552</ele>
        <time>2023-10-20T01:38:41Z</time>
        <extensions>
          <gpxtpx:TrackPointExtension>
            <gpxtpx:hr>98</gpxtpx:hr>
          </gpxtpx:TrackPointExtension>
        </extensions>
      </trkpt>
      <trkpt lat="22.64543687413705" lon="107.60605107115747">
        <ele>95.46151278540492</ele>
        <time>2023-10-20T01:38:42Z</time>
        <extensions>
          <gpxtpx:TrackPointExtension>
            <gpxtpx:hr>100</gpxtpx:hr>
          </gpxtpx:TrackPointExtension>
        </extensions>
      </trkpt>
      <trkpt lat="22.645435531150028" lon="107.6060494393227">
        <ele>95.43910412304103</ele>
        <time>2023-10-20T01:38:43Z</time>
        <extensions>
          <gpxtpx:TrackPointExtension>
            <gpxtpx:hr>100</gpxtpx:hr>
          </gpxtpx:TrackPointExtension>
        </extensions>
      </trkpt>
      <trkpt lat="22.645432599628375" lon="107.60604756377327">
        <ele>95.41938705649227</ele>
        <time>2023-10-20T01:38:44Z</time>
        <extensions>
          <gpxtpx:TrackPointExtension>
            <gpxtpx:hr>100</gpxtpx:hr>
          </gpxtpx:TrackPointExtension>
        </extensions>
      </trkpt>
      <trkpt lat="22.64542795590642" lon="107.60604540430577">
        <ele>95.40865490864962</ele>
        <time>2023-10-20T01:38:45Z</time>
        <extensions>
          <gpxtpx:TrackPointExtension>
            <gpxtpx:hr>100</gpxtpx:hr>
          </gpxtpx:TrackPointExtension>
        </extensions>
      </trkpt>
      <trkpt lat="22.645421497359393" lon="107.60604254039286">
        <ele>95.40385025367141</ele>
        <time>2023-10-20T01:38:46Z</time>
        <extensions>
          <gpxtpx:TrackPointExtension>
            <gpxtpx:hr>100</gpxtpx:hr>
          </gpxtpx:TrackPointExtension>
        </extensions>
      </trkpt>
      <trkpt lat="22.645413440843182" lon="107.60603838087042">
        <ele>95.40420133899897</ele>
        <time>2023-10-20T01:38:47Z</time>
        <extensions>
          <gpxtpx:TrackPointExtension>
            <gpxtpx:hr>99</gpxtpx:hr>
          </gpxtpx:TrackPointExtension>
        </extensions>
      </trkpt>
      <trkpt lat="22.645404943493745" lon="107.60603273105825">
        <ele>95.40798801090568</ele>
        <time>2023-10-20T01:38:47Z</time>
        <extensions>
          <gpxtpx:TrackPointExtension>
            <gpxtpx:hr>99</gpxtpx:hr>
          </gpxtpx:TrackPointExtension>
        </extensions>
      </trkpt>
      <trkpt lat="22.64539738153153" lon="107.60602619739448">
        <ele>95.41497035697103</ele>
        <time>2023-10-20T01:38:48Z</time>
        <extensions>
          <gpxtpx:TrackPointExtension>
            <gpxtpx:hr>99</gpxtpx:hr>
          </gpxtpx:TrackPointExtension>
        </extensions>
      </trkpt>
      <trkpt lat="22.64539144776948" lon="107.60601961646125">
        <ele>95.42359333205968</ele>
        <time>2023-10-20T01:38:49Z</time>
        <extensions>
          <gpxtpx:TrackPointExtension>
            <gpxtpx:hr>99</gpxtpx:hr>
          </gpxtpx:TrackPointExtension>
        </extensions>
      </trkpt>
      <trkpt lat="22.645387003035204" lon="107.6060133797569">
        <ele>95.436363783665</ele>
        <time>2023-10-20T01:38:50Z</time>
        <extensions>
          <gpxtpx:TrackPointExtension>
            <gpxtpx:hr>99</gpxtpx:hr>
          </gpxtpx:TrackPointExtension>
        </extensions>
      </trkpt>
      <trkpt lat="22.645383348430702" lon="107.60600745585086">
        <ele>95.45691592339426</ele>
        <time>2023-10-20T01:38:51Z</time>
        <extensions>
          <gpxtpx:TrackPointExtension>
            <gpxtpx:hr>99</gpxtpx:hr>
          </gpxtpx:TrackPointExtension>
        </extensions>
      </trkpt>
      <trkpt lat="22.645379958588176" lon="107.6060018439972">
        <ele>95.479776320979</ele>
        <time>2023-10-20T01:38:52Z</time>
        <extensions>
          <gpxtpx:TrackPointExtension>
            <gpxtpx:hr>99</gpxtpx:hr>
          </gpxtpx:TrackPointExtension>
        </extensions>
      </trkpt>
      <trkpt lat="22.645376864190123" lon="107.60599700247701">
        <ele>95.50542172323912</ele>
        <time>2023-10-20T01:38:54Z</time>
        <extensions>
          <gpxtpx:TrackPointExtension>
            <gpxtpx:hr>99</gpxtpx:hr>
          </gpxtpx:TrackPointExtension>
        </extensions>
      </trkpt>
      <trkpt lat="22.645373900517452" lon="107.60599232114924">
        <ele>95.5332012232393</ele>
        <time>2023-10-20T01:38:55Z</time>
        <extensions>
          <gpxtpx:TrackPointExtension>
            <gpxtpx:hr>101</gpxtpx:hr>
          </gpxtpx:TrackPointExtension>
        </extensions>
      </trkpt>
      <trkpt lat="22.645371129102042" lon="107.60598688277837">
        <ele>95.56353746540844</ele>
        <time>2023-10-20T01:38:56Z</time>
        <extensions>
          <gpxtpx:TrackPointExtension>
            <gpxtpx:hr>101</gpxtpx:hr>
          </gpxtpx:TrackPointExtension>
        </extensions>
      </trkpt>
      <trkpt lat="22.645369307642397" lon="107.60598097080337">
        <ele>95.59657412115484</ele>
        <time>2023-10-20T01:38:57Z</time>
        <extensions>
          <gpxtpx:TrackPointExtension>
            <gpxtpx:hr>101</gpxtpx:hr>
          </gpxtpx:TrackPointExtension>
        </extensions>
      </trkpt>
      <trkpt lat="22.645368981213064" lon="107.60597476607788">
        <ele>95.62477754242718</ele>
        <time>2023-10-20T01:38:58Z</time>
        <extensions>
          <gpxtpx:TrackPointExtension>
            <gpxtpx:hr>101</gpxtpx:hr>
          </gpxtpx:TrackPointExtension>
        </extensions>
      </trkpt>
      <trkpt lat="22.645370301183533" lon="107.60596828822688">
        <ele>95.64823230542243</ele>
        <time>2023-10-20T01:38:59Z</time>
        <extensions>
          <gpxtpx:TrackPointExtension>
            <gpxtpx:hr>101</gpxtpx:hr>
          </gpxtpx:TrackPointExtension>
        </extensions>
      </trkpt>
      <trkpt lat="22.64537291933814" lon="107.60596164498791">
        <ele>95.6689944723621</ele>
        <time>2023-10-20T01:39:00Z</time>
        <extensions>
          <gpxtpx:TrackPointExtension>
            <gpxtpx:hr>101</gpxtpx:hr>
          </gpxtpx:TrackPointExtension>
        </extensions>
      </trkpt>
      <trkpt lat="22.645375681944994" lon="107.60595567570905">
        <ele>95.68736344389617</ele>
        <time>2023-10-20T01:39:01Z</time>
        <extensions>
          <gpxtpx:TrackPointExtension>
            <gpxtpx:hr>98</gpxtpx:hr>
          </gpxtpx:TrackPointExtension>
        </extensions>
      </trkpt>
      <trkpt lat="22.645377907300805" lon="107.60595083813158">
        <ele>95.70287036336958</ele>
        <time>2023-10-20T01:39:02Z</time>
        <extensions>
          <gpxtpx:TrackPointExtension>
            <gpxtpx:hr>98</gpxtpx:hr>
          </gpxtpx:TrackPointExtension>
        </extensions>
      </trkpt>
      <trkpt lat="22.64537934366109" lon="107.60594732202038">
        <ele>95.71518120914698</ele>
        <time>2023-10-20T01:39:03Z</time>
        <extensions>
          <gpxtpx:TrackPointExtension>
            <gpxtpx:hr>98</gpxtpx:hr>
          </gpxtpx:TrackPointExtension>
        </extensions>
      </trkpt>
      <trkpt lat="22.645379415230156" lon="107.60594559945785">
        <ele>95.72406744398177</ele>
        <time>2023-10-20T01:39:04Z</time>
        <extensions>
          <gpxtpx:TrackPointExtension>
            <gpxtpx:hr>98</gpxtpx:hr>
          </gpxtpx:TrackPointExtension>
        </extensions>
      </trkpt>
      <trkpt lat="22.64537807829887" lon="107.60594568476198">
        <ele>95.72509789746255</ele>
        <time>2023-10-20T01:39:05Z</time>
        <extensions>
          <gpxtpx:TrackPointExtension>
            <gpxtpx:hr>98</gpxtpx:hr>
          </gpxtpx:TrackPointExtension>
        </extensions>
      </trkpt>
      <trkpt lat="22.64537581471111" lon="107.60594738283228">
        <ele>95.72228233329952</ele>
        <time>2023-10-20T01:39:06Z</time>
        <extensions>
          <gpxtpx:TrackPointExtension>
            <gpxtpx:hr>98</gpxtpx:hr>
          </gpxtpx:TrackPointExtension>
        </extensions>
      </trkpt>
      <trkpt lat="22.645373134208462" lon="107.60595032346198">
        <ele>95.71764666493982</ele>
        <time>2023-10-20T01:39:07Z</time>
        <extensions>
          <gpxtpx:TrackPointExtension>
            <gpxtpx:hr>98</gpxtpx:hr>
          </gpxtpx:TrackPointExtension>
        </extensions>
      </trkpt>
      <trkpt lat="22.645370416041647" lon="107.6059540215858">
        <ele>95.71158085670322</ele>
        <time>2023-10-20T01:39:08Z</time>
        <extensions>
          <gpxtpx:TrackPointExtension>
            <gpxtpx:hr>98</gpxtpx:hr>
          </gpxtpx:TrackPointExtension>
        </extensions>
      </trkpt>
      <trkpt lat="22.645367917520268" lon="107.60595780655191">
        <ele>95.69712572451681</ele>
        <time>2023-10-20T01:39:09Z</time>
        <extensions>
          <gpxtpx:TrackPointExtension>
            <gpxtpx:hr>98</gpxtpx:hr>
          </gpxtpx:TrackPointExtension>
        </extensions>
      </trkpt>
      <trkpt lat="22.645365721993002" lon="107.60596117779835">
        <ele>95.68075441196561</ele>
        <time>2023-10-20T01:39:10Z</time>
        <extensions>
          <gpxtpx:TrackPointExtension>
            <gpxtpx:hr>98</gpxtpx:hr>
          </gpxtpx:TrackPointExtension>
        </extensions>
      </trkpt>
      <trkpt lat="22.64536366265481" lon="107.60596395301074">
        <ele>95.65945167653263</ele>
        <time>2023-10-20T01:39:11Z</time>
        <extensions>
          <gpxtpx:TrackPointExtension>
            <gpxtpx:hr>98</gpxtpx:hr>
          </gpxtpx:TrackPointExtension>
        </extensions>
      </trkpt>
      <trkpt lat="22.645361585685407" lon="107.60596643216522">
        <ele>95.63672855589539</ele>
        <time>2023-10-20T01:39:12Z</time>
        <extensions>
          <gpxtpx:TrackPointExtension>
            <gpxtpx:hr>98</gpxtpx:hr>
          </gpxtpx:TrackPointExtension>
        </extensions>
      </trkpt>
      <trkpt lat="22.64535939740231" lon="107.60596882046048">
        <ele>95.6138821952045</ele>
        <time>2023-10-20T01:39:13Z</time>
        <extensions>
          <gpxtpx:TrackPointExtension>
            <gpxtpx:hr>98</gpxtpx:hr>
          </gpxtpx:TrackPointExtension>
        </extensions>
      </trkpt>
      <trkpt lat="22.645356992877197" lon="107.60597130814463">
        <ele>95.59359452314675</ele>
        <time>2023-10-20T01:39:14Z</time>
        <extensions>
          <gpxtpx:TrackPointExtension>
            <gpxtpx:hr>98</gpxtpx:hr>
          </gpxtpx:TrackPointExtension>
        </extensions>
      </trkpt>
      <trkpt lat="22.645354151162255" lon="107.60597405849119">
        <ele>95.56942821014673</ele>
        <time>2023-10-20T01:39:15Z</time>
        <extensions>
          <gpxtpx:TrackPointExtension>
            <gpxtpx:hr>99</gpxtpx:hr>
          </gpxtpx:TrackPointExtension>
        </extensions>
      </trkpt>
      <trkpt lat="22.64535099763508" lon="107.60597676058234">
        <ele>95.54521690774709</ele>
        <time>2023-10-20T01:39:16Z</time>
        <extensions>
          <gpxtpx:TrackPointExtension>
            <gpxtpx:hr>99</gpxtpx:hr>
          </gpxtpx:TrackPointExtension>
        </extensions>
      </trkpt>
      <trkpt lat="22.645347177791265" lon="107.60597946356832">
        <ele>95.52127543371171</ele>
        <time>2023-10-20T01:39:17Z</time>
        <extensions>
          <gpxtpx:TrackPointExtension>
            <gpxtpx:hr>99</gpxtpx:hr>
          </gpxtpx:TrackPointExtension>
        </extensions>
      </trkpt>
      <trkpt lat="22.645342223186834" lon="107.60598244411972">
        <ele>95.49786209035665</ele>
        <time>2023-10-20T01:39:18Z</time>
        <extensions>
          <gpxtpx:TrackPointExtension>
            <gpxtpx:hr>99</gpxtpx:hr>
          </gpxtpx:TrackPointExtension>
        </extensions>
      </trkpt>
      <trkpt lat="22.645336373853684" lon="107.60598545906622">
        <ele>95.47858770005405</ele>
        <time>2023-10-20T01:39:19Z</time>
        <extensions>
          <gpxtpx:TrackPointExtension>
            <gpxtpx:hr>99</gpxtpx:hr>
          </gpxtpx:TrackPointExtension>
        </extensions>
      </trkpt>
      <trkpt lat="22.645330040300443" lon="107.60598838459642">
        <ele>95.46247143298388</ele>
        <time>2023-10-20T01:39:20Z</time>
        <extensions>
          <gpxtpx:TrackPointExtension>
            <gpxtpx:hr>97</gpxtpx:hr>
          </gpxtpx:TrackPointExtension>
        </extensions>
      </trkpt>
      <trkpt lat="22.645323842818094" lon="107.60599124036894">
        <ele>95.44538567960262</ele>
        <time>2023-10-20T01:39:21Z</time>
        <extensions>
          <gpxtpx:TrackPointExtension>
            <gpxtpx:hr>97</gpxtpx:hr>
          </gpxtpx:TrackPointExtension>
        </extensions>
      </trkpt>
      <trkpt lat="22.64531852147824" lon="107.6059940534874">
        <ele>95.43015482556075</ele>
        <time>2023-10-20T01:39:22Z</time>
        <extensions>
          <gpxtpx:TrackPointExtension>
            <gpxtpx:hr>97</gpxtpx:hr>
          </gpxtpx:TrackPointExtension>
        </extensions>
      </trkpt>
      <trkpt lat="22.645314501369818" lon="107.60599685458106">
        <ele>95.41684195026755</ele>
        <time>2023-10-20T01:39:23Z</time>
        <extensions>
          <gpxtpx:TrackPointExtension>
            <gpxtpx:hr>97</gpxtpx:hr>
          </gpxtpx:TrackPointExtension>
        </extensions>
      </trkpt>
      <trkpt lat="22.64531156541451" lon="107.60599966545512">
        <ele>95.40539469476789</ele>
        <time>2023-10-20T01:39:24Z</time>
        <extensions>
          <gpxtpx:TrackPointExtension>
            <gpxtpx:hr>97</gpxtpx:hr>
          </gpxtpx:TrackPointExtension>
        </extensions>
      </trkpt>
      <trkpt lat="22.645309256443173" lon="107.60600207160535">
        <ele>95.39572102576494</ele>
        <time>2023-10-20T01:39:25Z</time>
        <extensions>
          <gpxtpx:TrackPointExtension>
            <gpxtpx:hr>96</gpxtpx:hr>
          </gpxtpx:TrackPointExtension>
        </extensions>
      </trkpt>
      <trkpt lat="22.645307206358336" lon="107.60600373522625">
        <ele>95.3877373225987</ele>
        <time>2023-10-20T01:39:26Z</time>
        <extensions>
          <gpxtpx:TrackPointExtension>
            <gpxtpx:hr>96</gpxtpx:hr>
          </gpxtpx:TrackPointExtension>
        </extensions>
      </trkpt>
      <trkpt lat="22.645305142311262" lon="107.6060048326881">
        <ele>95.38132778648287</ele>
        <time>2023-10-20T01:39:27Z</time>
        <extensions>
          <gpxtpx:TrackPointExtension>
            <gpxtpx:hr>96</gpxtpx:hr>
          </gpxtpx:TrackPointExtension>
        </extensions>
      </trkpt>
      <trkpt lat="22.645302979555993" lon="107.60600536413939">
        <ele>95.37734516710043</ele>
        <time>2023-10-20T01:39:28Z</time>
        <extensions>
          <gpxtpx:TrackPointExtension>
            <gpxtpx:hr>96</gpxtpx:hr>
          </gpxtpx:TrackPointExtension>
        </extensions>
      </trkpt>
      <trkpt lat="22.645300686580793" lon="107.60600558024977">
        <ele>95.37588869035244</ele>
        <time>2023-10-20T01:39:29Z</time>
        <extensions>
          <gpxtpx:TrackPointExtension>
            <gpxtpx:hr>96</gpxtpx:hr>
          </gpxtpx:TrackPointExtension>
        </extensions>
      </trkpt>
      <trkpt lat="22.64529859334268" lon="107.60600561694483">
        <ele>95.37464399915189</ele>
        <time>2023-10-20T01:39:30Z</time>
        <extensions>
          <gpxtpx:TrackPointExtension>
            <gpxtpx:hr>98</gpxtpx:hr>
          </gpxtpx:TrackPointExtension>
        </extensions>
      </trkpt>
      <trkpt lat="22.645297239623083" lon="107.60600540491616">
        <ele>95.37765091937035</ele>
        <time>2023-10-20T01:39:31Z</time>
        <extensions>
          <gpxtpx:TrackPointExtension>
            <gpxtpx:hr>98</gpxtpx:hr>
          </gpxtpx:TrackPointExtension>
        </extensions>
      </trkpt>
      <trkpt lat="22.645296632801415" lon="107.60600480418715">
        <ele>95.38788620568812</ele>
        <time>2023-10-20T01:39:32Z</time>
        <extensions>
          <gpxtpx:TrackPointExtension>
            <gpxtpx:hr>98</gpxtpx:hr>
          </gpxtpx:TrackPointExtension>
        </extensions>
      </trkpt>
      <trkpt lat="22.645296712920217" lon="107.60600357553504">
        <ele>95.40066127013415</ele>
        <time>2023-10-20T01:39:33Z</time>
        <extensions>
          <gpxtpx:TrackPointExtension>
            <gpxtpx:hr>98</gpxtpx:hr>
          </gpxtpx:TrackPointExtension>
        </extensions>
      </trkpt>
      <trkpt lat="22.645297583592757" lon="107.6060015300756">
        <ele>95.4152791891247</ele>
        <time>2023-10-20T01:39:34Z</time>
        <extensions>
          <gpxtpx:TrackPointExtension>
            <gpxtpx:hr>98</gpxtpx:hr>
          </gpxtpx:TrackPointExtension>
        </extensions>
      </trkpt>
      <trkpt lat="22.645299508374826" lon="107.60599832203374">
        <ele>95.43089042138308</ele>
        <time>2023-10-20T01:39:35Z</time>
        <extensions>
          <gpxtpx:TrackPointExtension>
            <gpxtpx:hr>98</gpxtpx:hr>
          </gpxtpx:TrackPointExtension>
        </extensions>
      </trkpt>
      <trkpt lat="22.64530283068137" lon="107.60599368882775">
        <ele>95.44759089313447</ele>
        <time>2023-10-20T01:39:36Z</time>
        <extensions>
          <gpxtpx:TrackPointExtension>
            <gpxtpx:hr>98</gpxtpx:hr>
          </gpxtpx:TrackPointExtension>
        </extensions>
      </trkpt>
      <trkpt lat="22.645307898750573" lon="107.60598749271513">
        <ele>95.46576938871294</ele>
        <time>2023-10-20T01:39:37Z</time>
        <extensions>
          <gpxtpx:TrackPointExtension>
            <gpxtpx:hr>98</gpxtpx:hr>
          </gpxtpx:TrackPointExtension>
        </extensions>
      </trkpt>
      <trkpt lat="22.645315134622646" lon="107.6059799906311">
        <ele>95.48518526926637</ele>
        <time>2023-10-20T01:39:38Z</time>
        <extensions>
          <gpxtpx:TrackPointExtension>
            <gpxtpx:hr>98</gpxtpx:hr>
          </gpxtpx:TrackPointExtension>
        </extensions>
      </trkpt>
      <trkpt lat="22.64532370725515" lon="107.60597236225662">
        <ele>95.50549596082419</ele>
        <time>2023-10-20T01:39:39Z</time>
        <extensions>
          <gpxtpx:TrackPointExtension>
            <gpxtpx:hr>97</gpxtpx:hr>
          </gpxtpx:TrackPointExtension>
        </extensions>
      </trkpt>
      <trkpt lat="22.645333039830128" lon="107.6059648219009">
        <ele>95.5262837940827</ele>
        <time>2023-10-20T01:39:40Z</time>
        <extensions>
          <gpxtpx:TrackPointExtension>
            <gpxtpx:hr>97</gpxtpx:hr>
          </gpxtpx:TrackPointExtension>
        </extensions>
      </trkpt>
      <trkpt lat="22.645342630433543" lon="107.60595656334904">
        <ele>95.54705537017435</ele>
        <time>2023-10-20T01:39:41Z</time>
        <extensions>
          <gpxtpx:TrackPointExtension>
            <gpxtpx:hr>97</gpxtpx:hr>
          </gpxtpx:TrackPointExtension>
        </extensions>
      </trkpt>
      <trkpt lat="22.64535077157812" lon="107.60594733012087">
        <ele>95.56723923049867</ele>
        <time>2023-10-20T01:39:42Z</time>
        <extensions>
          <gpxtpx:TrackPointExtension>
            <gpxtpx:hr>97</gpxtpx:hr>
          </gpxtpx:TrackPointExtension>
        </extensions>
      </trkpt>
      <trkpt lat="22.64535648826302" lon="107.60593715175096">
        <ele>95.59272683504969</ele>
        <time>2023-10-20T01:39:43Z</time>
        <extensions>
          <gpxtpx:TrackPointExtension>
            <gpxtpx:hr>97</gpxtpx:hr>
          </gpxtpx:TrackPointExtension>
        </extensions>
      </trkpt>
      <trkpt lat="22.645359999123546" lon="107.6059264753894">
        <ele>95.62280959635973</ele>
        <time>2023-10-20T01:39:44Z</time>
        <extensions>
          <gpxtpx:TrackPointExtension>
            <gpxtpx:hr>97</gpxtpx:hr>
          </gpxtpx:TrackPointExtension>
        </extensions>
      </trkpt>
      <trkpt lat="22.64536211897732" lon="107.60591577399008">
        <ele>95.65154489129782</ele>
        <time>2023-10-20T01:39:45Z</time>
        <extensions>
          <gpxtpx:TrackPointExtension>
            <gpxtpx:hr>97</gpxtpx:hr>
          </gpxtpx:TrackPointExtension>
        </extensions>
      </trkpt>
      <trkpt lat="22.64536344903532" lon="107.60590609959735">
        <ele>95.68167137168348</ele>
        <time>2023-10-20T01:39:46Z</time>
        <extensions>
          <gpxtpx:TrackPointExtension>
            <gpxtpx:hr>97</gpxtpx:hr>
          </gpxtpx:TrackPointExtension>
        </extensions>
      </trkpt>
      <trkpt lat="22.64536439984256" lon="107.60589809582783">
        <ele>95.71213894244283</ele>
        <time>2023-10-20T01:39:47Z</time>
        <extensions>
          <gpxtpx:TrackPointExtension>
            <gpxtpx:hr>97</gpxtpx:hr>
          </gpxtpx:TrackPointExtension>
        </extensions>
      </trkpt>
      <trkpt lat="22.645365663117087" lon="107.60589184772938">
        <ele>95.74132116232067</ele>
        <time>2023-10-20T01:39:48Z</time>
        <extensions>
          <gpxtpx:TrackPointExtension>
            <gpxtpx:hr>97</gpxtpx:hr>
          </gpxtpx:TrackPointExtension>
        </extensions>
      </trkpt>
      <trkpt lat="22.645367545577248" lon="107.60588663067942">
        <ele>95.76992064155638</ele>
        <time>2023-10-20T01:39:49Z</time>
        <extensions>
          <gpxtpx:TrackPointExtension>
            <gpxtpx:hr>97</gpxtpx:hr>
          </gpxtpx:TrackPointExtension>
        </extensions>
      </trkpt>
      <trkpt lat="22.64537028807231" lon="107.60588183629012">
        <ele>95.7986979521811</ele>
        <time>2023-10-20T01:39:50Z</time>
        <extensions>
          <gpxtpx:TrackPointExtension>
            <gpxtpx:hr>97</gpxtpx:hr>
          </gpxtpx:TrackPointExtension>
        </extensions>
      </trkpt>
      <trkpt lat="22.645374156584015" lon="107.6058772308287">
        <ele>95.82546495459974</ele>
        <time>2023-10-20T01:39:51Z</time>
        <extensions>
          <gpxtpx:TrackPointExtension>
            <gpxtpx:hr>97</gpxtpx:hr>
          </gpxtpx:TrackPointExtension>
        </extensions>
      </trkpt>
      <trkpt lat="22.64537917042895" lon="107.60587296415342">
        <ele>95.84723411407322</ele>
        <time>2023-10-20T01:39:52Z</time>
        <extensions>
          <gpxtpx:TrackPointExtension>
            <gpxtpx:hr>97</gpxtpx:hr>
          </gpxtpx:TrackPointExtension>
        </extensions>
      </trkpt>
      <trkpt lat="22.64538673761388" lon="107.60586887106373">
        <ele>95.86704689264297</ele>
        <time>2023-10-20T01:39:53Z</time>
        <extensions>
          <gpxtpx:TrackPointExtension>
            <gpxtpx:hr>98</gpxtpx:hr>
          </gpxtpx:TrackPointExtension>
        </extensions>
      </trkpt>
      <trkpt lat="22.645396705959683" lon="107.60586560916428">
        <ele>95.89240130223334</ele>
        <time>2023-10-20T01:39:54Z</time>
        <extensions>
          <gpxtpx:TrackPointExtension>
            <gpxtpx:hr>98</gpxtpx:hr>
          </gpxtpx:TrackPointExtension>
        </extensions>
      </trkpt>
      <trkpt lat="22.645405700469226" lon="107.60586423249491">
        <ele>95.91531745530665</ele>
        <time>2023-10-20T01:39:55Z</time>
        <extensions>
          <gpxtpx:TrackPointExtension>
            <gpxtpx:hr>98</gpxtpx:hr>
          </gpxtpx:TrackPointExtension>
        </extensions>
      </trkpt>
      <trkpt lat="22.64541303241713" lon="107.60586472295851">
        <ele>95.93141509965062</ele>
        <time>2023-10-20T01:39:56Z</time>
        <extensions>
          <gpxtpx:TrackPointExtension>
            <gpxtpx:hr>98</gpxtpx:hr>
          </gpxtpx:TrackPointExtension>
        </extensions>
      </trkpt>
      <trkpt lat="22.645419974923506" lon="107.60586710939113">
        <ele>95.94549619499594</ele>
        <time>2023-10-20T01:39:57Z</time>
        <extensions>
          <gpxtpx:TrackPointExtension>
            <gpxtpx:hr>98</gpxtpx:hr>
          </gpxtpx:TrackPointExtension>
        </extensions>
      </trkpt>
      <trkpt lat="22.645427246446143" lon="107.60587183326793">
        <ele>95.95672791451216</ele>
        <time>2023-10-20T01:39:58Z</time>
        <extensions>
          <gpxtpx:TrackPointExtension>
            <gpxtpx:hr>98</gpxtpx:hr>
          </gpxtpx:TrackPointExtension>
        </extensions>
      </trkpt>
      <trkpt lat="22.645434151027718" lon="107.60587861443801">
        <ele>95.96529593039304</ele>
        <time>2023-10-20T01:39:59Z</time>
        <extensions>
          <gpxtpx:TrackPointExtension>
            <gpxtpx:hr>98</gpxtpx:hr>
          </gpxtpx:TrackPointExtension>
        </extensions>
      </trkpt>
      <trkpt lat="22.64543898243378" lon="107.60588696401521">
        <ele>95.97148013673723</ele>
        <time>2023-10-20T01:40:00Z</time>
        <extensions>
          <gpxtpx:TrackPointExtension>
            <gpxtpx:hr>93</gpxtpx:hr>
          </gpxtpx:TrackPointExtension>
        </extensions>
      </trkpt>
      <trkpt lat="22.64544146099394" lon="107.60589681153512">
        <ele>95.97564644087106</ele>
        <time>2023-10-20T01:40:01Z</time>
        <extensions>
          <gpxtpx:TrackPointExtension>
            <gpxtpx:hr>93</gpxtpx:hr>
          </gpxtpx:TrackPointExtension>
        </extensions>
      </trkpt>
      <trkpt lat="22.64544202997" lon="107.60590863100849">
        <ele>95.97454030439258</ele>
        <time>2023-10-20T01:40:02Z</time>
        <extensions>
          <gpxtpx:TrackPointExtension>
            <gpxtpx:hr>93</gpxtpx:hr>
          </gpxtpx:TrackPointExtension>
        </extensions>
      </trkpt>
      <trkpt lat="22.64544138480235" lon="107.60592258125803">
        <ele>95.9696310274303</ele>
        <time>2023-10-20T01:40:03Z</time>
        <extensions>
          <gpxtpx:TrackPointExtension>
            <gpxtpx:hr>93</gpxtpx:hr>
          </gpxtpx:TrackPointExtension>
        </extensions>
      </trkpt>
      <trkpt lat="22.64544038333258" lon="107.60593821101739">
        <ele>95.96092175785452</ele>
        <time>2023-10-20T01:40:04Z</time>
        <extensions>
          <gpxtpx:TrackPointExtension>
            <gpxtpx:hr>93</gpxtpx:hr>
          </gpxtpx:TrackPointExtension>
        </extensions>
      </trkpt>
      <trkpt lat="22.645439948965066" lon="107.60595325015362">
        <ele>95.95374419167638</ele>
        <time>2023-10-20T01:40:05Z</time>
        <extensions>
          <gpxtpx:TrackPointExtension>
            <gpxtpx:hr>93</gpxtpx:hr>
          </gpxtpx:TrackPointExtension>
        </extensions>
      </trkpt>
      <trkpt lat="22.645440694971835" lon="107.60596502524561">
        <ele>95.94958972092718</ele>
        <time>2023-10-20T01:40:06Z</time>
        <extensions>
          <gpxtpx:TrackPointExtension>
            <gpxtpx:hr>95</gpxtpx:hr>
          </gpxtpx:TrackPointExtension>
        </extensions>
      </trkpt>
      <trkpt lat="22.645442663619704" lon="107.60597264287864">
        <ele>95.9429208226502</ele>
        <time>2023-10-20T01:40:07Z</time>
        <extensions>
          <gpxtpx:TrackPointExtension>
            <gpxtpx:hr>95</gpxtpx:hr>
          </gpxtpx:TrackPointExtension>
        </extensions>
      </trkpt>
      <trkpt lat="22.64544516054885" lon="107.60597595009443">
        <ele>95.93820021860301</ele>
        <time>2023-10-20T01:40:08Z</time>
        <extensions>
          <gpxtpx:TrackPointExtension>
            <gpxtpx:hr>95</gpxtpx:hr>
          </gpxtpx:TrackPointExtension>
        </extensions>
      </trkpt>
      <trkpt lat="22.64544794163817" lon="107.60597566149062">
        <ele>95.93182206526399</ele>
        <time>2023-10-20T01:40:09Z</time>
        <extensions>
          <gpxtpx:TrackPointExtension>
            <gpxtpx:hr>95</gpxtpx:hr>
          </gpxtpx:TrackPointExtension>
        </extensions>
      </trkpt>
      <trkpt lat="22.645451484325267" lon="107.60597279960993">
        <ele>95.9259891519323</ele>
        <time>2023-10-20T01:40:10Z</time>
        <extensions>
          <gpxtpx:TrackPointExtension>
            <gpxtpx:hr>96</gpxtpx:hr>
          </gpxtpx:TrackPointExtension>
        </extensions>
      </trkpt>
      <trkpt lat="22.645456239635514" lon="107.605968294619">
        <ele>95.92067427746952</ele>
        <time>2023-10-20T01:40:11Z</time>
        <extensions>
          <gpxtpx:TrackPointExtension>
            <gpxtpx:hr>96</gpxtpx:hr>
          </gpxtpx:TrackPointExtension>
        </extensions>
      </trkpt>
      <trkpt lat="22.645462621146883" lon="107.60596349292985">
        <ele>95.9166235299781</ele>
        <time>2023-10-20T01:40:12Z</time>
        <extensions>
          <gpxtpx:TrackPointExtension>
            <gpxtpx:hr>96</gpxtpx:hr>
          </gpxtpx:TrackPointExtension>
        </extensions>
      </trkpt>
      <trkpt lat="22.64547034755064" lon="107.60596012899181">
        <ele>95.90899531915784</ele>
        <time>2023-10-20T01:40:13Z</time>
        <extensions>
          <gpxtpx:TrackPointExtension>
            <gpxtpx:hr>96</gpxtpx:hr>
          </gpxtpx:TrackPointExtension>
        </extensions>
      </trkpt>
      <trkpt lat="22.645478083261157" lon="107.60595896919253">
        <ele>95.89700392074883</ele>
        <time>2023-10-20T01:40:14Z</time>
        <extensions>
          <gpxtpx:TrackPointExtension>
            <gpxtpx:hr>93</gpxtpx:hr>
          </gpxtpx:TrackPointExtension>
        </extensions>
      </trkpt>
      <trkpt lat="22.645484594719676" lon="107.60595930456563">
        <ele>95.88455535843968</ele>
        <time>2023-10-20T01:40:15Z</time>
        <extensions>
          <gpxtpx:TrackPointExtension>
            <gpxtpx:hr>93</gpxtpx:hr>
          </gpxtpx:TrackPointExtension>
        </extensions>
      </trkpt>
      <trkpt lat="22.645489756950003" lon="107.60596025650486">
        <ele>95.87407660577446</ele>
        <time>2023-10-20T01:40:16Z</time>
        <extensions>
          <gpxtpx:TrackPointExtension>
            <gpxtpx:hr>93</gpxtpx:hr>
          </gpxtpx:TrackPointExtension>
        </extensions>
      </trkpt>
      <trkpt lat="22.645494289641356" lon="107.605961408557">
        <ele>95.86271501332521</ele>
        <time>2023-10-20T01:40:17Z</time>
        <extensions>
          <gpxtpx:TrackPointExtension>
            <gpxtpx:hr>93</gpxtpx:hr>
          </gpxtpx:TrackPointExtension>
        </extensions>
      </trkpt>
      <trkpt lat="22.645498742573512" lon="107.60596261636786">
        <ele>95.85445541981608</ele>
        <time>2023-10-20T01:40:18Z</time>
        <extensions>
          <gpxtpx:TrackPointExtension>
            <gpxtpx:hr>93</gpxtpx:hr>
          </gpxtpx:TrackPointExtension>
        </extensions>
      </trkpt>
      <trkpt lat="22.645503368306283" lon="107.60596373800904">
        <ele>95.84052737616003</ele>
        <time>2023-10-20T01:40:19Z</time>
        <extensions>
          <gpxtpx:TrackPointExtension>
            <gpxtpx:hr>99</gpxtpx:hr>
          </gpxtpx:TrackPointExtension>
        </extensions>
      </trkpt>
      <trkpt lat="22.64550832840724" lon="107.60596483197406">
        <ele>95.82560940925032</ele>
        <time>2023-10-20T01:40:20Z</time>
        <extensions>
          <gpxtpx:TrackPointExtension>
            <gpxtpx:hr>99</gpxtpx:hr>
          </gpxtpx:TrackPointExtension>
        </extensions>
      </trkpt>
      <trkpt lat="22.645513507739018" lon="107.60596602649393">
        <ele>95.80673782527447</ele>
        <time>2023-10-20T01:40:21Z</time>
        <extensions>
          <gpxtpx:TrackPointExtension>
            <gpxtpx:hr>99</gpxtpx:hr>
          </gpxtpx:TrackPointExtension>
        </extensions>
      </trkpt>
      <trkpt lat="22.64551879372255" lon="107.6059676706229">
        <ele>95.78503786027431</ele>
        <time>2023-10-20T01:40:22Z</time>
        <extensions>
          <gpxtpx:TrackPointExtension>
            <gpxtpx:hr>99</gpxtpx:hr>
          </gpxtpx:TrackPointExtension>
        </extensions>
      </trkpt>
      <trkpt lat="22.645524512720183" lon="107.60597024747656">
        <ele>95.76048584282398</ele>
        <time>2023-10-20T01:40:23Z</time>
        <extensions>
          <gpxtpx:TrackPointExtension>
            <gpxtpx:hr>99</gpxtpx:hr>
          </gpxtpx:TrackPointExtension>
        </extensions>
      </trkpt>
      <trkpt lat="22.645530733729416" lon="107.60597393741287">
        <ele>95.7415322670713</ele>
        <time>2023-10-20T01:40:24Z</time>
        <extensions>
          <gpxtpx:TrackPointExtension>
            <gpxtpx:hr>99</gpxtpx:hr>
          </gpxtpx:TrackPointExtension>
        </extensions>
      </trkpt>
      <trkpt lat="22.64553684172515" lon="107.60597825150552">
        <ele>95.7274814946577</ele>
        <time>2023-10-20T01:40:25Z</time>
        <extensions>
          <gpxtpx:TrackPointExtension>
            <gpxtpx:hr>99</gpxtpx:hr>
          </gpxtpx:TrackPointExtension>
        </extensions>
      </trkpt>
      <trkpt lat="22.64554222660879" lon="107.60598246299323">
        <ele>95.71403550822288</ele>
        <time>2023-10-20T01:40:26Z</time>
        <extensions>
          <gpxtpx:TrackPointExtension>
            <gpxtpx:hr>89</gpxtpx:hr>
          </gpxtpx:TrackPointExtension>
        </extensions>
      </trkpt>
      <trkpt lat="22.645546864088388" lon="107.60598609566476">
        <ele>95.70757012721151</ele>
        <time>2023-10-20T01:40:27Z</time>
        <extensions>
          <gpxtpx:TrackPointExtension>
            <gpxtpx:hr>89</gpxtpx:hr>
          </gpxtpx:TrackPointExtension>
        </extensions>
      </trkpt>
      <trkpt lat="22.64555084197029" lon="107.60598880351148">
        <ele>95.69690677057952</ele>
        <time>2023-10-20T01:40:28Z</time>
        <extensions>
          <gpxtpx:TrackPointExtension>
            <gpxtpx:hr>89</gpxtpx:hr>
          </gpxtpx:TrackPointExtension>
        </extensions>
      </trkpt>
      <trkpt lat="22.64555416229962" lon="107.60598995510266">
        <ele>95.6853639408946</ele>
        <time>2023-10-20T01:40:29Z</time>
        <extensions>
          <gpxtpx:TrackPointExtension>
            <gpxtpx:hr>89</gpxtpx:hr>
          </gpxtpx:TrackPointExtension>
        </extensions>
      </trkpt>
      <trkpt lat="22.64555685882172" lon="107.60598882038984">
        <ele>95.67197121307254</ele>
        <time>2023-10-20T01:40:30Z</time>
        <extensions>
          <gpxtpx:TrackPointExtension>
            <gpxtpx:hr>89</gpxtpx:hr>
          </gpxtpx:TrackPointExtension>
        </extensions>
      </trkpt>
      <trkpt lat="22.645559343164567" lon="107.60598529455315">
        <ele>95.6612887782976</ele>
        <time>2023-10-20T01:40:31Z</time>
        <extensions>
          <gpxtpx:TrackPointExtension>
            <gpxtpx:hr>89</gpxtpx:hr>
          </gpxtpx:TrackPointExtension>
        </extensions>
      </trkpt>
      <trkpt lat="22.645561818485245" lon="107.60598002258853">
        <ele>95.64623153023422</ele>
        <time>2023-10-20T01:40:32Z</time>
        <extensions>
          <gpxtpx:TrackPointExtension>
            <gpxtpx:hr>89</gpxtpx:hr>
          </gpxtpx:TrackPointExtension>
        </extensions>
      </trkpt>
      <trkpt lat="22.645564261035915" lon="107.60597392065189">
        <ele>95.62954223435372</ele>
        <time>2023-10-20T01:40:33Z</time>
        <extensions>
          <gpxtpx:TrackPointExtension>
            <gpxtpx:hr>86</gpxtpx:hr>
          </gpxtpx:TrackPointExtension>
        </extensions>
      </trkpt>
      <trkpt lat="22.645566845825957" lon="107.60596760197194">
        <ele>95.61566485837102</ele>
        <time>2023-10-20T01:40:34Z</time>
        <extensions>
          <gpxtpx:TrackPointExtension>
            <gpxtpx:hr>86</gpxtpx:hr>
          </gpxtpx:TrackPointExtension>
        </extensions>
      </trkpt>
      <trkpt lat="22.645569626671527" lon="107.60596150194704">
        <ele>95.60569189116359</ele>
        <time>2023-10-20T01:40:35Z</time>
        <extensions>
          <gpxtpx:TrackPointExtension>
            <gpxtpx:hr>86</gpxtpx:hr>
          </gpxtpx:TrackPointExtension>
        </extensions>
      </trkpt>
      <trkpt lat="22.645572351475057" lon="107.60595568498694">
        <ele>95.59209760092199</ele>
        <time>2023-10-20T01:40:36Z</time>
        <extensions>
          <gpxtpx:TrackPointExtension>
            <gpxtpx:hr>87</gpxtpx:hr>
          </gpxtpx:TrackPointExtension>
        </extensions>
      </trkpt>
      <trkpt lat="22.645574565559762" lon="107.60594961493793">
        <ele>95.57537672575563</ele>
        <time>2023-10-20T01:40:37Z</time>
        <extensions>
          <gpxtpx:TrackPointExtension>
            <gpxtpx:hr>87</gpxtpx:hr>
          </gpxtpx:TrackPointExtension>
        </extensions>
      </trkpt>
      <trkpt lat="22.64557553008924" lon="107.60594285635518">
        <ele>95.55681470409036</ele>
        <time>2023-10-20T01:40:38Z</time>
        <extensions>
          <gpxtpx:TrackPointExtension>
            <gpxtpx:hr>87</gpxtpx:hr>
          </gpxtpx:TrackPointExtension>
        </extensions>
      </trkpt>
      <trkpt lat="22.645575343290442" lon="107.60593551836227">
        <ele>95.54037640523165</ele>
        <time>2023-10-20T01:40:39Z</time>
        <extensions>
          <gpxtpx:TrackPointExtension>
            <gpxtpx:hr>87</gpxtpx:hr>
          </gpxtpx:TrackPointExtension>
        </extensions>
      </trkpt>
      <trkpt lat="22.645574740344067" lon="107.60592784884544">
        <ele>95.52943127881736</ele>
        <time>2023-10-20T01:40:40Z</time>
        <extensions>
          <gpxtpx:TrackPointExtension>
            <gpxtpx:hr>99</gpxtpx:hr>
          </gpxtpx:TrackPointExtension>
        </extensions>
      </trkpt>
      <trkpt lat="22.64557465480351" lon="107.60591975980212">
        <ele>95.52728781476617</ele>
        <time>2023-10-20T01:40:41Z</time>
        <extensions>
          <gpxtpx:TrackPointExtension>
            <gpxtpx:hr>99</gpxtpx:hr>
          </gpxtpx:TrackPointExtension>
        </extensions>
      </trkpt>
      <trkpt lat="22.64557596480704" lon="107.60591116635594">
        <ele>95.53675492014736</ele>
        <time>2023-10-20T01:40:42Z</time>
        <extensions>
          <gpxtpx:TrackPointExtension>
            <gpxtpx:hr>99</gpxtpx:hr>
          </gpxtpx:TrackPointExtension>
        </extensions>
      </trkpt>
      <trkpt lat="22.64557952347338" lon="107.60590169080663">
        <ele>95.55004499200732</ele>
        <time>2023-10-20T01:40:43Z</time>
        <extensions>
          <gpxtpx:TrackPointExtension>
            <gpxtpx:hr>99</gpxtpx:hr>
          </gpxtpx:TrackPointExtension>
        </extensions>
      </trkpt>
      <trkpt lat="22.645585730795336" lon="107.60589133796317">
        <ele>95.56771756708622</ele>
        <time>2023-10-20T01:40:44Z</time>
        <extensions>
          <gpxtpx:TrackPointExtension>
            <gpxtpx:hr>99</gpxtpx:hr>
          </gpxtpx:TrackPointExtension>
        </extensions>
      </trkpt>
      <trkpt lat="22.645594233329483" lon="107.60588035251413">
        <ele>95.59131246898323</ele>
        <time>2023-10-20T01:40:45Z</time>
        <extensions>
          <gpxtpx:TrackPointExtension>
            <gpxtpx:hr>99</gpxtpx:hr>
          </gpxtpx:TrackPointExtension>
        </extensions>
      </trkpt>
      <trkpt lat="22.64560411976531" lon="107.60586879383483">
        <ele>95.6188554065302</ele>
        <time>2023-10-20T01:40:46Z</time>
        <extensions>
          <gpxtpx:TrackPointExtension>
            <gpxtpx:hr>100</gpxtpx:hr>
          </gpxtpx:TrackPointExtension>
        </extensions>
      </trkpt>
      <trkpt lat="22.645613955354374" lon="107.60585698199324">
        <ele>95.65198210068047</ele>
        <time>2023-10-20T01:40:47Z</time>
        <extensions>
          <gpxtpx:TrackPointExtension>
            <gpxtpx:hr>100</gpxtpx:hr>
          </gpxtpx:TrackPointExtension>
        </extensions>
      </trkpt>
      <trkpt lat="22.64562363842573" lon="107.6058441476309">
        <ele>95.68924569990486</ele>
        <time>2023-10-20T01:40:48Z</time>
        <extensions>
          <gpxtpx:TrackPointExtension>
            <gpxtpx:hr>100</gpxtpx:hr>
          </gpxtpx:TrackPointExtension>
        </extensions>
      </trkpt>
      <trkpt lat="22.64563326252325" lon="107.6058296452115">
        <ele>95.72976762242615</ele>
        <time>2023-10-20T01:40:49Z</time>
        <extensions>
          <gpxtpx:TrackPointExtension>
            <gpxtpx:hr>100</gpxtpx:hr>
          </gpxtpx:TrackPointExtension>
        </extensions>
      </trkpt>
      <trkpt lat="22.645641979242512" lon="107.60581442359808">
        <ele>95.77113816421479</ele>
        <time>2023-10-20T01:40:50Z</time>
        <extensions>
          <gpxtpx:TrackPointExtension>
            <gpxtpx:hr>100</gpxtpx:hr>
          </gpxtpx:TrackPointExtension>
        </extensions>
      </trkpt>
      <trkpt lat="22.645649602485438" lon="107.60579914267842">
        <ele>95.81372985430062</ele>
        <time>2023-10-20T01:40:51Z</time>
        <extensions>
          <gpxtpx:TrackPointExtension>
            <gpxtpx:hr>100</gpxtpx:hr>
          </gpxtpx:TrackPointExtension>
        </extensions>
      </trkpt>
      <trkpt lat="22.645656024697505" lon="107.60578448213072">
        <ele>95.856440926902</ele>
        <time>2023-10-20T01:40:52Z</time>
        <extensions>
          <gpxtpx:TrackPointExtension>
            <gpxtpx:hr>100</gpxtpx:hr>
          </gpxtpx:TrackPointExtension>
        </extensions>
      </trkpt>
      <trkpt lat="22.645661481544582" lon="107.60577065511832">
        <ele>95.89817042089999</ele>
        <time>2023-10-20T01:40:53Z</time>
        <extensions>
          <gpxtpx:TrackPointExtension>
            <gpxtpx:hr>100</gpxtpx:hr>
          </gpxtpx:TrackPointExtension>
        </extensions>
      </trkpt>
      <trkpt lat="22.645665929868244" lon="107.60575802996543">
        <ele>95.93799796979874</ele>
        <time>2023-10-20T01:40:54Z</time>
        <extensions>
          <gpxtpx:TrackPointExtension>
            <gpxtpx:hr>100</gpxtpx:hr>
          </gpxtpx:TrackPointExtension>
        </extensions>
      </trkpt>
      <trkpt lat="22.64566873140982" lon="107.60574760010563">
        <ele>95.97293861955404</ele>
        <time>2023-10-20T01:40:55Z</time>
        <extensions>
          <gpxtpx:TrackPointExtension>
            <gpxtpx:hr>100</gpxtpx:hr>
          </gpxtpx:TrackPointExtension>
        </extensions>
      </trkpt>
      <trkpt lat="22.645670526938297" lon="107.60573955166016">
        <ele>96.00251378398389</ele>
        <time>2023-10-20T01:40:56Z</time>
        <extensions>
          <gpxtpx:TrackPointExtension>
            <gpxtpx:hr>100</gpxtpx:hr>
          </gpxtpx:TrackPointExtension>
        </extensions>
      </trkpt>
      <trkpt lat="22.645672622716265" lon="107.60573372114047">
        <ele>96.02406596206129</ele>
        <time>2023-10-20T01:40:57Z</time>
        <extensions>
          <gpxtpx:TrackPointExtension>
            <gpxtpx:hr>103</gpxtpx:hr>
          </gpxtpx:TrackPointExtension>
        </extensions>
      </trkpt>
      <trkpt lat="22.645675640559368" lon="107.60573035715153">
        <ele>96.05868034996092</ele>
        <time>2023-10-20T01:40:58Z</time>
        <extensions>
          <gpxtpx:TrackPointExtension>
            <gpxtpx:hr>103</gpxtpx:hr>
          </gpxtpx:TrackPointExtension>
        </extensions>
      </trkpt>
      <trkpt lat="22.645679650870676" lon="107.60572973650939">
        <ele>96.0908542694524</ele>
        <time>2023-10-20T01:40:59Z</time>
        <extensions>
          <gpxtpx:TrackPointExtension>
            <gpxtpx:hr>103</gpxtpx:hr>
          </gpxtpx:TrackPointExtension>
        </extensions>
      </trkpt>
      <trkpt lat="22.645684131010736" lon="107.60573142739972">
        <ele>96.11941623687744</ele>
        <time>2023-10-20T01:41:00Z</time>
        <extensions>
          <gpxtpx:TrackPointExtension>
            <gpxtpx:hr>103</gpxtpx:hr>
          </gpxtpx:TrackPointExtension>
        </extensions>
      </trkpt>
      <trkpt lat="22.645688230385222" lon="107.60573452200298">
        <ele>96.14271761570126</ele>
        <time>2023-10-20T01:41:01Z</time>
        <extensions>
          <gpxtpx:TrackPointExtension>
            <gpxtpx:hr>103</gpxtpx:hr>
          </gpxtpx:TrackPointExtension>
        </extensions>
      </trkpt>
      <trkpt lat="22.645691425761548" lon="107.60573821720024">
        <ele>96.17292665317655</ele>
        <time>2023-10-20T01:41:02Z</time>
        <extensions>
          <gpxtpx:TrackPointExtension>
            <gpxtpx:hr>103</gpxtpx:hr>
          </gpxtpx:TrackPointExtension>
        </extensions>
      </trkpt>
      <trkpt lat="22.64569348288785" lon="107.60574219046742">
        <ele>96.20849406626076</ele>
        <time>2023-10-20T01:41:03Z</time>
        <extensions>
          <gpxtpx:TrackPointExtension>
            <gpxtpx:hr>103</gpxtpx:hr>
          </gpxtpx:TrackPointExtension>
        </extensions>
      </trkpt>
      <trkpt lat="22.64569465740913" lon="107.60574637711048">
        <ele>96.23731974884868</ele>
        <time>2023-10-20T01:41:04Z</time>
        <extensions>
          <gpxtpx:TrackPointExtension>
            <gpxtpx:hr>103</gpxtpx:hr>
          </gpxtpx:TrackPointExtension>
        </extensions>
      </trkpt>
      <trkpt lat="22.645695711830246" lon="107.60575091754612">
        <ele>96.26272496581078</ele>
        <time>2023-10-20T01:41:05Z</time>
        <extensions>
          <gpxtpx:TrackPointExtension>
            <gpxtpx:hr>103</gpxtpx:hr>
          </gpxtpx:TrackPointExtension>
        </extensions>
      </trkpt>
      <trkpt lat="22.645697024571245" lon="107.6057557527615">
        <ele>96.29097597207874</ele>
        <time>2023-10-20T01:41:06Z</time>
        <extensions>
          <gpxtpx:TrackPointExtension>
            <gpxtpx:hr>103</gpxtpx:hr>
          </gpxtpx:TrackPointExtension>
        </extensions>
      </trkpt>
      <trkpt lat="22.645698786816666" lon="107.6057607873994">
        <ele>96.32226592861116</ele>
        <time>2023-10-20T01:41:07Z</time>
        <extensions>
          <gpxtpx:TrackPointExtension>
            <gpxtpx:hr>103</gpxtpx:hr>
          </gpxtpx:TrackPointExtension>
        </extensions>
      </trkpt>
      <trkpt lat="22.645701537456052" lon="107.6057666394566">
        <ele>96.35940255131572</ele>
        <time>2023-10-20T01:41:08Z</time>
        <extensions>
          <gpxtpx:TrackPointExtension>
            <gpxtpx:hr>103</gpxtpx:hr>
          </gpxtpx:TrackPointExtension>
        </extensions>
      </trkpt>
      <trkpt lat="22.64570545742494" lon="107.60577356930744">
        <ele>96.39722625911236</ele>
        <time>2023-10-20T01:41:09Z</time>
        <extensions>
          <gpxtpx:TrackPointExtension>
            <gpxtpx:hr>98</gpxtpx:hr>
          </gpxtpx:TrackPointExtension>
        </extensions>
      </trkpt>
      <trkpt lat="22.645710411107668" lon="107.6057812950591">
        <ele>96.4345220560208</ele>
        <time>2023-10-20T01:41:10Z</time>
        <extensions>
          <gpxtpx:TrackPointExtension>
            <gpxtpx:hr>98</gpxtpx:hr>
          </gpxtpx:TrackPointExtension>
        </extensions>
      </trkpt>
      <trkpt lat="22.64571643483975" lon="107.6057894348273">
        <ele>96.46789706218988</ele>
        <time>2023-10-20T01:41:11Z</time>
        <extensions>
          <gpxtpx:TrackPointExtension>
            <gpxtpx:hr>98</gpxtpx:hr>
          </gpxtpx:TrackPointExtension>
        </extensions>
      </trkpt>
      <trkpt lat="22.645723802891606" lon="107.6057978277072">
        <ele>96.50256092380732</ele>
        <time>2023-10-20T01:41:12Z</time>
        <extensions>
          <gpxtpx:TrackPointExtension>
            <gpxtpx:hr>98</gpxtpx:hr>
          </gpxtpx:TrackPointExtension>
        </extensions>
      </trkpt>
      <trkpt lat="22.64573323389533" lon="107.6058068524765">
        <ele>96.53935018181801</ele>
        <time>2023-10-20T01:41:13Z</time>
        <extensions>
          <gpxtpx:TrackPointExtension>
            <gpxtpx:hr>98</gpxtpx:hr>
          </gpxtpx:TrackPointExtension>
        </extensions>
      </trkpt>
      <trkpt lat="22.645744560440193" lon="107.60581629571784">
        <ele>96.57885961886495</ele>
        <time>2023-10-20T01:41:14Z</time>
        <extensions>
          <gpxtpx:TrackPointExtension>
            <gpxtpx:hr>98</gpxtpx:hr>
          </gpxtpx:TrackPointExtension>
        </extensions>
      </trkpt>
      <trkpt lat="22.645756511795792" lon="107.6058252991947">
        <ele>96.61812652088702</ele>
        <time>2023-10-20T01:41:15Z</time>
        <extensions>
          <gpxtpx:TrackPointExtension>
            <gpxtpx:hr>98</gpxtpx:hr>
          </gpxtpx:TrackPointExtension>
        </extensions>
      </trkpt>
      <trkpt lat="22.645768180596114" lon="107.60583337644086">
        <ele>96.65001583565027</ele>
        <time>2023-10-20T01:41:16Z</time>
        <extensions>
          <gpxtpx:TrackPointExtension>
            <gpxtpx:hr>100</gpxtpx:hr>
          </gpxtpx:TrackPointExtension>
        </extensions>
      </trkpt>
      <trkpt lat="22.645779320490323" lon="107.6058404574862">
        <ele>96.68096748739481</ele>
        <time>2023-10-20T01:41:17Z</time>
        <extensions>
          <gpxtpx:TrackPointExtension>
            <gpxtpx:hr>100</gpxtpx:hr>
          </gpxtpx:TrackPointExtension>
        </extensions>
      </trkpt>
      <trkpt lat="22.6457896228796" lon="107.60584667801113">
        <ele>96.71241036336869</ele>
        <time>2023-10-20T01:41:18Z</time>
        <extensions>
          <gpxtpx:TrackPointExtension>
            <gpxtpx:hr>100</gpxtpx:hr>
          </gpxtpx:TrackPointExtension>
        </extensions>
      </trkpt>
      <trkpt lat="22.645798491009526" lon="107.60585239774261">
        <ele>96.73699133843184</ele>
        <time>2023-10-20T01:41:19Z</time>
        <extensions>
          <gpxtpx:TrackPointExtension>
            <gpxtpx:hr>100</gpxtpx:hr>
          </gpxtpx:TrackPointExtension>
        </extensions>
      </trkpt>
      <trkpt lat="22.645805829187353" lon="107.605858396152">
        <ele>96.75843718461692</ele>
        <time>2023-10-20T01:41:20Z</time>
        <extensions>
          <gpxtpx:TrackPointExtension>
            <gpxtpx:hr>100</gpxtpx:hr>
          </gpxtpx:TrackPointExtension>
        </extensions>
      </trkpt>
      <trkpt lat="22.64581244119962" lon="107.60586556740617">
        <ele>96.77700966969132</ele>
        <time>2023-10-20T01:41:21Z</time>
        <extensions>
          <gpxtpx:TrackPointExtension>
            <gpxtpx:hr>99</gpxtpx:hr>
          </gpxtpx:TrackPointExtension>
        </extensions>
      </trkpt>
      <trkpt lat="22.645819558834738" lon="107.60587443534932">
        <ele>96.79892359580845</ele>
        <time>2023-10-20T01:41:22Z</time>
        <extensions>
          <gpxtpx:TrackPointExtension>
            <gpxtpx:hr>99</gpxtpx:hr>
          </gpxtpx:TrackPointExtension>
        </extensions>
      </trkpt>
      <trkpt lat="22.645828544058798" lon="107.60588522420603">
        <ele>96.8173909522593</ele>
        <time>2023-10-20T01:41:23Z</time>
        <extensions>
          <gpxtpx:TrackPointExtension>
            <gpxtpx:hr>99</gpxtpx:hr>
          </gpxtpx:TrackPointExtension>
        </extensions>
      </trkpt>
      <trkpt lat="22.645839758927817" lon="107.60589703269702">
        <ele>96.83612619154155</ele>
        <time>2023-10-20T01:41:24Z</time>
        <extensions>
          <gpxtpx:TrackPointExtension>
            <gpxtpx:hr>99</gpxtpx:hr>
          </gpxtpx:TrackPointExtension>
        </extensions>
      </trkpt>
      <trkpt lat="22.645852573017486" lon="107.60590800166538">
        <ele>96.85513238795102</ele>
        <time>2023-10-20T01:41:25Z</time>
        <extensions>
          <gpxtpx:TrackPointExtension>
            <gpxtpx:hr>99</gpxtpx:hr>
          </gpxtpx:TrackPointExtension>
        </extensions>
      </trkpt>
      <trkpt lat="22.645866437012167" lon="107.60591671572473">
        <ele>96.87490412313491</ele>
        <time>2023-10-20T01:41:26Z</time>
        <extensions>
          <gpxtpx:TrackPointExtension>
            <gpxtpx:hr>97</gpxtpx:hr>
          </gpxtpx:TrackPointExtension>
        </extensions>
      </trkpt>
      <trkpt lat="22.645880516603555" lon="107.60592228437126">
        <ele>96.8906842796132</ele>
        <time>2023-10-20T01:41:27Z</time>
        <extensions>
          <gpxtpx:TrackPointExtension>
            <gpxtpx:hr>97</gpxtpx:hr>
          </gpxtpx:TrackPointExtension>
        </extensions>
      </trkpt>
      <trkpt lat="22.645894558431323" lon="107.60592462490817">
        <ele>96.90521869622171</ele>
        <time>2023-10-20T01:41:28Z</time>
        <extensions>
          <gpxtpx:TrackPointExtension>
            <gpxtpx:hr>97</gpxtpx:hr>
          </gpxtpx:TrackPointExtension>
        </extensions>
      </trkpt>
      <trkpt lat="22.645908927110888" lon="107.60592433618991">
        <ele>96.91569425538182</ele>
        <time>2023-10-20T01:41:29Z</time>
        <extensions>
          <gpxtpx:TrackPointExtension>
            <gpxtpx:hr>97</gpxtpx:hr>
          </gpxtpx:TrackPointExtension>
        </extensions>
      </trkpt>
      <trkpt lat="22.645923279878858" lon="107.60592204847573">
        <ele>96.92524826992303</ele>
        <time>2023-10-20T01:41:30Z</time>
        <extensions>
          <gpxtpx:TrackPointExtension>
            <gpxtpx:hr>97</gpxtpx:hr>
          </gpxtpx:TrackPointExtension>
        </extensions>
      </trkpt>
      <trkpt lat="22.645936656415802" lon="107.60591834282107">
        <ele>96.93401488941163</ele>
        <time>2023-10-20T01:41:31Z</time>
        <extensions>
          <gpxtpx:TrackPointExtension>
            <gpxtpx:hr>97</gpxtpx:hr>
          </gpxtpx:TrackPointExtension>
        </extensions>
      </trkpt>
      <trkpt lat="22.645947825033144" lon="107.60591384743775">
        <ele>96.94193684495986</ele>
        <time>2023-10-20T01:41:32Z</time>
        <extensions>
          <gpxtpx:TrackPointExtension>
            <gpxtpx:hr>97</gpxtpx:hr>
          </gpxtpx:TrackPointExtension>
        </extensions>
      </trkpt>
      <trkpt lat="22.645955958850248" lon="107.60590922574346">
        <ele>96.94882560241967</ele>
        <time>2023-10-20T01:41:33Z</time>
        <extensions>
          <gpxtpx:TrackPointExtension>
            <gpxtpx:hr>100</gpxtpx:hr>
          </gpxtpx:TrackPointExtension>
        </extensions>
      </trkpt>
      <trkpt lat="22.645960664298116" lon="107.60590505523535">
        <ele>96.95443631149828</ele>
        <time>2023-10-20T01:41:34Z</time>
        <extensions>
          <gpxtpx:TrackPointExtension>
            <gpxtpx:hr>100</gpxtpx:hr>
          </gpxtpx:TrackPointExtension>
        </extensions>
      </trkpt>
      <trkpt lat="22.645961993150703" lon="107.60590162476754">
        <ele>96.95891753677279</ele>
        <time>2023-10-20T01:41:35Z</time>
        <extensions>
          <gpxtpx:TrackPointExtension>
            <gpxtpx:hr>100</gpxtpx:hr>
          </gpxtpx:TrackPointExtension>
        </extensions>
      </trkpt>
      <trkpt lat="22.64596072153236" lon="107.60589894502978">
        <ele>96.9632176887244</ele>
        <time>2023-10-20T01:41:36Z</time>
        <extensions>
          <gpxtpx:TrackPointExtension>
            <gpxtpx:hr>100</gpxtpx:hr>
          </gpxtpx:TrackPointExtension>
        </extensions>
      </trkpt>
      <trkpt lat="22.645957984276215" lon="107.60589677511777">
        <ele>96.96542892046273</ele>
        <time>2023-10-20T01:41:37Z</time>
        <extensions>
          <gpxtpx:TrackPointExtension>
            <gpxtpx:hr>100</gpxtpx:hr>
          </gpxtpx:TrackPointExtension>
        </extensions>
      </trkpt>
      <trkpt lat="22.64595471473626" lon="107.60589484291067">
        <ele>96.96632609050721</ele>
        <time>2023-10-20T01:41:38Z</time>
        <extensions>
          <gpxtpx:TrackPointExtension>
            <gpxtpx:hr>100</gpxtpx:hr>
          </gpxtpx:TrackPointExtension>
        </extensions>
      </trkpt>
      <trkpt lat="22.645951355740117" lon="107.60589285177645">
        <ele>96.96181928459555</ele>
        <time>2023-10-20T01:41:39Z</time>
        <extensions>
          <gpxtpx:TrackPointExtension>
            <gpxtpx:hr>100</gpxtpx:hr>
          </gpxtpx:TrackPointExtension>
        </extensions>
      </trkpt>
      <trkpt lat="22.645947913796682" lon="107.60589035498649">
        <ele>96.95404687989503</ele>
        <time>2023-10-20T01:41:40Z</time>
        <extensions>
          <gpxtpx:TrackPointExtension>
            <gpxtpx:hr>100</gpxtpx:hr>
          </gpxtpx:TrackPointExtension>
        </extensions>
      </trkpt>
      <trkpt lat="22.645944183675464" lon="107.60588681730479">
        <ele>96.94715079851449</ele>
        <time>2023-10-20T01:41:41Z</time>
        <extensions>
          <gpxtpx:TrackPointExtension>
            <gpxtpx:hr>100</gpxtpx:hr>
          </gpxtpx:TrackPointExtension>
        </extensions>
      </trkpt>
      <trkpt lat="22.645939829494644" lon="107.60588168063019">
        <ele>96.94079486373812</ele>
        <time>2023-10-20T01:41:42Z</time>
        <extensions>
          <gpxtpx:TrackPointExtension>
            <gpxtpx:hr>104</gpxtpx:hr>
          </gpxtpx:TrackPointExtension>
        </extensions>
      </trkpt>
      <trkpt lat="22.645934529532422" lon="107.60587427991356">
        <ele>96.93161379080266</ele>
        <time>2023-10-20T01:41:43Z</time>
        <extensions>
          <gpxtpx:TrackPointExtension>
            <gpxtpx:hr>104</gpxtpx:hr>
          </gpxtpx:TrackPointExtension>
        </extensions>
      </trkpt>
      <trkpt lat="22.645928292538336" lon="107.60586401745316">
        <ele>96.91926415171474</ele>
        <time>2023-10-20T01:41:44Z</time>
        <extensions>
          <gpxtpx:TrackPointExtension>
            <gpxtpx:hr>104</gpxtpx:hr>
          </gpxtpx:TrackPointExtension>
        </extensions>
      </trkpt>
      <trkpt lat="22.64592199096149" lon="107.60585162915211">
        <ele>96.90498075075448</ele>
        <time>2023-10-20T01:41:45Z</time>
        <extensions>
          <gpxtpx:TrackPointExtension>
            <gpxtpx:hr>104</gpxtpx:hr>
          </gpxtpx:TrackPointExtension>
        </extensions>
      </trkpt>
      <trkpt lat="22.645916925343446" lon="107.60583952363092">
        <ele>96.88958943728358</ele>
        <time>2023-10-20T01:41:46Z</time>
        <extensions>
          <gpxtpx:TrackPointExtension>
            <gpxtpx:hr>104</gpxtpx:hr>
          </gpxtpx:TrackPointExtension>
        </extensions>
      </trkpt>
      <trkpt lat="22.645913969678734" lon="107.6058298510972">
        <ele>96.87523377221078</ele>
        <time>2023-10-20T01:41:47Z</time>
        <extensions>
          <gpxtpx:TrackPointExtension>
            <gpxtpx:hr>104</gpxtpx:hr>
          </gpxtpx:TrackPointExtension>
        </extensions>
      </trkpt>
      <trkpt lat="22.645913173877826" lon="107.60582280099064">
        <ele>96.86026375833899</ele>
        <time>2023-10-20T01:41:48Z</time>
        <extensions>
          <gpxtpx:TrackPointExtension>
            <gpxtpx:hr>104</gpxtpx:hr>
          </gpxtpx:TrackPointExtension>
        </extensions>
      </trkpt>
      <trkpt lat="22.64591425054313" lon="107.60581766977253">
        <ele>96.84333522059023</ele>
        <time>2023-10-20T01:41:49Z</time>
        <extensions>
          <gpxtpx:TrackPointExtension>
            <gpxtpx:hr>104</gpxtpx:hr>
          </gpxtpx:TrackPointExtension>
        </extensions>
      </trkpt>
      <trkpt lat="22.645916379624055" lon="107.60581471858991">
        <ele>96.82768489792943</ele>
        <time>2023-10-20T01:41:50Z</time>
        <extensions>
          <gpxtpx:TrackPointExtension>
            <gpxtpx:hr>104</gpxtpx:hr>
          </gpxtpx:TrackPointExtension>
        </extensions>
      </trkpt>
      <trkpt lat="22.645918991245942" lon="107.60581408144978">
        <ele>96.81572943367064</ele>
        <time>2023-10-20T01:41:51Z</time>
        <extensions>
          <gpxtpx:TrackPointExtension>
            <gpxtpx:hr>106</gpxtpx:hr>
          </gpxtpx:TrackPointExtension>
        </extensions>
      </trkpt>
      <trkpt lat="22.64592282415258" lon="107.60581521989036">
        <ele>96.80202803295106</ele>
        <time>2023-10-20T01:41:52Z</time>
        <extensions>
          <gpxtpx:TrackPointExtension>
            <gpxtpx:hr>106</gpxtpx:hr>
          </gpxtpx:TrackPointExtension>
        </extensions>
      </trkpt>
      <trkpt lat="22.645928345689907" lon="107.60581739519338">
        <ele>96.79300336074084</ele>
        <time>2023-10-20T01:41:53Z</time>
        <extensions>
          <gpxtpx:TrackPointExtension>
            <gpxtpx:hr>106</gpxtpx:hr>
          </gpxtpx:TrackPointExtension>
        </extensions>
      </trkpt>
      <trkpt lat="22.645934737597287" lon="107.60581968850991">
        <ele>96.78326382860541</ele>
        <time>2023-10-20T01:41:54Z</time>
        <extensions>
          <gpxtpx:TrackPointExtension>
            <gpxtpx:hr>106</gpxtpx:hr>
          </gpxtpx:TrackPointExtension>
        </extensions>
      </trkpt>
      <trkpt lat="22.645941811681357" lon="107.60582201911741">
        <ele>96.77559361513704</ele>
        <time>2023-10-20T01:41:55Z</time>
        <extensions>
          <gpxtpx:TrackPointExtension>
            <gpxtpx:hr>106</gpxtpx:hr>
          </gpxtpx:TrackPointExtension>
        </extensions>
      </trkpt>
      <trkpt lat="22.64595036339658" lon="107.60582485669218">
        <ele>96.77601083740592</ele>
        <time>2023-10-20T01:41:56Z</time>
        <extensions>
          <gpxtpx:TrackPointExtension>
            <gpxtpx:hr>102</gpxtpx:hr>
          </gpxtpx:TrackPointExtension>
        </extensions>
      </trkpt>
      <trkpt lat="22.645961018954146" lon="107.60582872376156">
        <ele>96.77658375166357</ele>
        <time>2023-10-20T01:41:57Z</time>
        <extensions>
          <gpxtpx:TrackPointExtension>
            <gpxtpx:hr>102</gpxtpx:hr>
          </gpxtpx:TrackPointExtension>
        </extensions>
      </trkpt>
      <trkpt lat="22.645974222389604" lon="107.60583404391203">
        <ele>96.77962670102715</ele>
        <time>2023-10-20T01:41:58Z</time>
        <extensions>
          <gpxtpx:TrackPointExtension>
            <gpxtpx:hr>102</gpxtpx:hr>
          </gpxtpx:TrackPointExtension>
        </extensions>
      </trkpt>
      <trkpt lat="22.645989288949124" lon="107.60584083773594">
        <ele>96.78495841100812</ele>
        <time>2023-10-20T01:41:59Z</time>
        <extensions>
          <gpxtpx:TrackPointExtension>
            <gpxtpx:hr>102</gpxtpx:hr>
          </gpxtpx:TrackPointExtension>
        </extensions>
      </trkpt>
      <trkpt lat="22.646005273632284" lon="107.60584880740873">
        <ele>96.792381525971</ele>
        <time>2023-10-20T01:42:00Z</time>
        <extensions>
          <gpxtpx:TrackPointExtension>
            <gpxtpx:hr>103</gpxtpx:hr>
          </gpxtpx:TrackPointExtension>
        </extensions>
      </trkpt>
      <trkpt lat="22.646021563920915" lon="107.60585741758898">
        <ele>96.80649092420936</ele>
        <time>2023-10-20T01:42:01Z</time>
        <extensions>
          <gpxtpx:TrackPointExtension>
            <gpxtpx:hr>103</gpxtpx:hr>
          </gpxtpx:TrackPointExtension>
        </extensions>
      </trkpt>
      <trkpt lat="22.646036955927993" lon="107.60586594586077">
        <ele>96.82533761300147</ele>
        <time>2023-10-20T01:42:02Z</time>
        <extensions>
          <gpxtpx:TrackPointExtension>
            <gpxtpx:hr>103</gpxtpx:hr>
          </gpxtpx:TrackPointExtension>
        </extensions>
      </trkpt>
      <trkpt lat="22.646050617329003" lon="107.6058739714267">
        <ele>96.84608926437795</ele>
        <time>2023-10-20T01:42:03Z</time>
        <extensions>
          <gpxtpx:TrackPointExtension>
            <gpxtpx:hr>103</gpxtpx:hr>
          </gpxtpx:TrackPointExtension>
        </extensions>
      </trkpt>
      <trkpt lat="22.646062165582425" lon="107.60588116447438">
        <ele>96.86897734552622</ele>
        <time>2023-10-20T01:42:04Z</time>
        <extensions>
          <gpxtpx:TrackPointExtension>
            <gpxtpx:hr>103</gpxtpx:hr>
          </gpxtpx:TrackPointExtension>
        </extensions>
      </trkpt>
      <trkpt lat="22.646071901298527" lon="107.60588718908096">
        <ele>96.89068141859025</ele>
        <time>2023-10-20T01:42:05Z</time>
        <extensions>
          <gpxtpx:TrackPointExtension>
            <gpxtpx:hr>103</gpxtpx:hr>
          </gpxtpx:TrackPointExtension>
        </extensions>
      </trkpt>
      <trkpt lat="22.646079872517603" lon="107.60589159347673">
        <ele>96.91449692938477</ele>
        <time>2023-10-20T01:42:06Z</time>
        <extensions>
          <gpxtpx:TrackPointExtension>
            <gpxtpx:hr>92</gpxtpx:hr>
          </gpxtpx:TrackPointExtension>
        </extensions>
      </trkpt>
      <trkpt lat="22.646085545147216" lon="107.60589376430266">
        <ele>96.94005325157195</ele>
        <time>2023-10-20T01:42:07Z</time>
        <extensions>
          <gpxtpx:TrackPointExtension>
            <gpxtpx:hr>92</gpxtpx:hr>
          </gpxtpx:TrackPointExtension>
        </extensions>
      </trkpt>
      <trkpt lat="22.64608920296971" lon="107.60589378018521">
        <ele>96.96597938518971</ele>
        <time>2023-10-20T01:42:08Z</time>
        <extensions>
          <gpxtpx:TrackPointExtension>
            <gpxtpx:hr>92</gpxtpx:hr>
          </gpxtpx:TrackPointExtension>
        </extensions>
      </trkpt>
      <trkpt lat="22.64609174455372" lon="107.60589176070252">
        <ele>96.99192875623703</ele>
        <time>2023-10-20T01:42:09Z</time>
        <extensions>
          <gpxtpx:TrackPointExtension>
            <gpxtpx:hr>92</gpxtpx:hr>
          </gpxtpx:TrackPointExtension>
        </extensions>
      </trkpt>
      <trkpt lat="22.646093590555378" lon="107.6058877957361">
        <ele>97.01752923242748</ele>
        <time>2023-10-20T01:42:10Z</time>
        <extensions>
          <gpxtpx:TrackPointExtension>
            <gpxtpx:hr>92</gpxtpx:hr>
          </gpxtpx:TrackPointExtension>
        </extensions>
      </trkpt>
      <trkpt lat="22.64609444447121" lon="107.60588172602016">
        <ele>97.03745087236166</ele>
        <time>2023-10-20T01:42:11Z</time>
        <extensions>
          <gpxtpx:TrackPointExtension>
            <gpxtpx:hr>91</gpxtpx:hr>
          </gpxtpx:TrackPointExtension>
        </extensions>
      </trkpt>
      <trkpt lat="22.646093787952545" lon="107.6058742565582">
        <ele>97.05666153505445</ele>
        <time>2023-10-20T01:42:12Z</time>
        <extensions>
          <gpxtpx:TrackPointExtension>
            <gpxtpx:hr>91</gpxtpx:hr>
          </gpxtpx:TrackPointExtension>
        </extensions>
      </trkpt>
      <trkpt lat="22.646091512094458" lon="107.6058665337399">
        <ele>97.07002237066627</ele>
        <time>2023-10-20T01:42:13Z</time>
        <extensions>
          <gpxtpx:TrackPointExtension>
            <gpxtpx:hr>91</gpxtpx:hr>
          </gpxtpx:TrackPointExtension>
        </extensions>
      </trkpt>
      <trkpt lat="22.646088213544054" lon="107.60585899430069">
        <ele>97.08039305265993</ele>
        <time>2023-10-20T01:42:14Z</time>
        <extensions>
          <gpxtpx:TrackPointExtension>
            <gpxtpx:hr>91</gpxtpx:hr>
          </gpxtpx:TrackPointExtension>
        </extensions>
      </trkpt>
      <trkpt lat="22.646084723097015" lon="107.60585175945414">
        <ele>97.08735372405499</ele>
        <time>2023-10-20T01:42:15Z</time>
        <extensions>
          <gpxtpx:TrackPointExtension>
            <gpxtpx:hr>100</gpxtpx:hr>
          </gpxtpx:TrackPointExtension>
        </extensions>
      </trkpt>
      <trkpt lat="22.64608176647751" lon="107.60584511966606">
        <ele>97.09047902282327</ele>
        <time>2023-10-20T01:42:16Z</time>
        <extensions>
          <gpxtpx:TrackPointExtension>
            <gpxtpx:hr>100</gpxtpx:hr>
          </gpxtpx:TrackPointExtension>
        </extensions>
      </trkpt>
      <trkpt lat="22.646079656671855" lon="107.60584003387957">
        <ele>97.09389735478908</ele>
        <time>2023-10-20T01:42:17Z</time>
        <extensions>
          <gpxtpx:TrackPointExtension>
            <gpxtpx:hr>100</gpxtpx:hr>
          </gpxtpx:TrackPointExtension>
        </extensions>
      </trkpt>
      <trkpt lat="22.646078179044608" lon="107.60583649994359">
        <ele>97.10319443792105</ele>
        <time>2023-10-20T01:42:18Z</time>
        <extensions>
          <gpxtpx:TrackPointExtension>
            <gpxtpx:hr>100</gpxtpx:hr>
          </gpxtpx:TrackPointExtension>
        </extensions>
      </trkpt>
      <trkpt lat="22.64607687050591" lon="107.60583319712394">
        <ele>97.10532573331147</ele>
        <time>2023-10-20T01:42:19Z</time>
        <extensions>
          <gpxtpx:TrackPointExtension>
            <gpxtpx:hr>100</gpxtpx:hr>
          </gpxtpx:TrackPointExtension>
        </extensions>
      </trkpt>
      <trkpt lat="22.646075471978953" lon="107.60582902411944">
        <ele>97.10498101543635</ele>
        <time>2023-10-20T01:42:20Z</time>
        <extensions>
          <gpxtpx:TrackPointExtension>
            <gpxtpx:hr>98</gpxtpx:hr>
          </gpxtpx:TrackPointExtension>
        </extensions>
      </trkpt>
      <trkpt lat="22.64607414295153" lon="107.60582368314921">
        <ele>97.1071330262348</ele>
        <time>2023-10-20T01:42:21Z</time>
        <extensions>
          <gpxtpx:TrackPointExtension>
            <gpxtpx:hr>98</gpxtpx:hr>
          </gpxtpx:TrackPointExtension>
        </extensions>
      </trkpt>
      <trkpt lat="22.646073342747137" lon="107.60581763481868">
        <ele>97.11074680555612</ele>
        <time>2023-10-20T01:42:22Z</time>
        <extensions>
          <gpxtpx:TrackPointExtension>
            <gpxtpx:hr>98</gpxtpx:hr>
          </gpxtpx:TrackPointExtension>
        </extensions>
      </trkpt>
      <trkpt lat="22.646073372126047" lon="107.60581071835499">
        <ele>97.1152610257268</ele>
        <time>2023-10-20T01:42:23Z</time>
        <extensions>
          <gpxtpx:TrackPointExtension>
            <gpxtpx:hr>98</gpxtpx:hr>
          </gpxtpx:TrackPointExtension>
        </extensions>
      </trkpt>
      <trkpt lat="22.64607450866393" lon="107.60580180420938">
        <ele>97.11950233951211</ele>
        <time>2023-10-20T01:42:24Z</time>
        <extensions>
          <gpxtpx:TrackPointExtension>
            <gpxtpx:hr>90</gpxtpx:hr>
          </gpxtpx:TrackPointExtension>
        </extensions>
      </trkpt>
      <trkpt lat="22.646076737750207" lon="107.60579021657314">
        <ele>97.12782683223486</ele>
        <time>2023-10-20T01:42:25Z</time>
        <extensions>
          <gpxtpx:TrackPointExtension>
            <gpxtpx:hr>90</gpxtpx:hr>
          </gpxtpx:TrackPointExtension>
        </extensions>
      </trkpt>
      <trkpt lat="22.646079755425827" lon="107.60577614572478">
        <ele>97.13694153539836</ele>
        <time>2023-10-20T01:42:26Z</time>
        <extensions>
          <gpxtpx:TrackPointExtension>
            <gpxtpx:hr>90</gpxtpx:hr>
          </gpxtpx:TrackPointExtension>
        </extensions>
      </trkpt>
      <trkpt lat="22.646083677372697" lon="107.60576029798058">
        <ele>97.14778018649668</ele>
        <time>2023-10-20T01:42:27Z</time>
        <extensions>
          <gpxtpx:TrackPointExtension>
            <gpxtpx:hr>90</gpxtpx:hr>
          </gpxtpx:TrackPointExtension>
        </extensions>
      </trkpt>
      <trkpt lat="22.64608905731966" lon="107.60574420159804">
        <ele>97.16398542840034</ele>
        <time>2023-10-20T01:42:28Z</time>
        <extensions>
          <gpxtpx:TrackPointExtension>
            <gpxtpx:hr>90</gpxtpx:hr>
          </gpxtpx:TrackPointExtension>
        </extensions>
      </trkpt>
      <trkpt lat="22.646096487452137" lon="107.6057296719642">
        <ele>97.17235897481441</ele>
        <time>2023-10-20T01:42:29Z</time>
        <extensions>
          <gpxtpx:TrackPointExtension>
            <gpxtpx:hr>90</gpxtpx:hr>
          </gpxtpx:TrackPointExtension>
        </extensions>
      </trkpt>
      <trkpt lat="22.646105666536933" lon="107.6057171104142">
        <ele>97.18882169481367</ele>
        <time>2023-10-20T01:42:30Z</time>
        <extensions>
          <gpxtpx:TrackPointExtension>
            <gpxtpx:hr>90</gpxtpx:hr>
          </gpxtpx:TrackPointExtension>
        </extensions>
      </trkpt>
      <trkpt lat="22.64611541692873" lon="107.60570505384499">
        <ele>97.20133772026747</ele>
        <time>2023-10-20T01:42:31Z</time>
        <extensions>
          <gpxtpx:TrackPointExtension>
            <gpxtpx:hr>92</gpxtpx:hr>
          </gpxtpx:TrackPointExtension>
        </extensions>
      </trkpt>
      <trkpt lat="22.646124894329045" lon="107.60569213011303">
        <ele>97.21567751839757</ele>
        <time>2023-10-20T01:42:32Z</time>
        <extensions>
          <gpxtpx:TrackPointExtension>
            <gpxtpx:hr>92</gpxtpx:hr>
          </gpxtpx:TrackPointExtension>
        </extensions>
      </trkpt>
      <trkpt lat="22.646133459827297" lon="107.60567885756689">
        <ele>97.22898025624454</ele>
        <time>2023-10-20T01:42:33Z</time>
        <extensions>
          <gpxtpx:TrackPointExtension>
            <gpxtpx:hr>92</gpxtpx:hr>
          </gpxtpx:TrackPointExtension>
        </extensions>
      </trkpt>
      <trkpt lat="22.646140931873678" lon="107.60566699669738">
        <ele>97.25087256170809</ele>
        <time>2023-10-20T01:42:34Z</time>
        <extensions>
          <gpxtpx:TrackPointExtension>
            <gpxtpx:hr>92</gpxtpx:hr>
          </gpxtpx:TrackPointExtension>
        </extensions>
      </trkpt>
      <trkpt lat="22.646147680565093" lon="107.60565792149045">
        <ele>97.27993169240654</ele>
        <time>2023-10-20T01:42:35Z</time>
        <extensions>
          <gpxtpx:TrackPointExtension>
            <gpxtpx:hr>92</gpxtpx:hr>
          </gpxtpx:TrackPointExtension>
        </extensions>
      </trkpt>
      <trkpt lat="22.646154319875556" lon="107.60565194044662">
        <ele>97.30642866902053</ele>
        <time>2023-10-20T01:42:36Z</time>
        <extensions>
          <gpxtpx:TrackPointExtension>
            <gpxtpx:hr>92</gpxtpx:hr>
          </gpxtpx:TrackPointExtension>
        </extensions>
      </trkpt>
      <trkpt lat="22.646161852332256" lon="107.60564842669902">
        <ele>97.33186505548656</ele>
        <time>2023-10-20T01:42:37Z</time>
        <extensions>
          <gpxtpx:TrackPointExtension>
            <gpxtpx:hr>92</gpxtpx:hr>
          </gpxtpx:TrackPointExtension>
        </extensions>
      </trkpt>
      <trkpt lat="22.646170854939363" lon="107.6056466566267">
        <ele>97.3508134437725</ele>
        <time>2023-10-20T01:42:38Z</time>
        <extensions>
          <gpxtpx:TrackPointExtension>
            <gpxtpx:hr>92</gpxtpx:hr>
          </gpxtpx:TrackPointExtension>
        </extensions>
      </trkpt>
      <trkpt lat="22.64618106045876" lon="107.60564622548718">
        <ele>97.37598359305412</ele>
        <time>2023-10-20T01:42:39Z</time>
        <extensions>
          <gpxtpx:TrackPointExtension>
            <gpxtpx:hr>91</gpxtpx:hr>
          </gpxtpx:TrackPointExtension>
        </extensions>
      </trkpt>
      <trkpt lat="22.64619166753473" lon="107.60564690148432">
        <ele>97.40570103749633</ele>
        <time>2023-10-20T01:42:40Z</time>
        <extensions>
          <gpxtpx:TrackPointExtension>
            <gpxtpx:hr>91</gpxtpx:hr>
          </gpxtpx:TrackPointExtension>
        </extensions>
      </trkpt>
      <trkpt lat="22.64620156674337" lon="107.60564871996507">
        <ele>97.43356100190431</ele>
        <time>2023-10-20T01:42:41Z</time>
        <extensions>
          <gpxtpx:TrackPointExtension>
            <gpxtpx:hr>91</gpxtpx:hr>
          </gpxtpx:TrackPointExtension>
        </extensions>
      </trkpt>
      <trkpt lat="22.64621030176239" lon="107.60565163558016">
        <ele>97.45755074545741</ele>
        <time>2023-10-20T01:42:42Z</time>
        <extensions>
          <gpxtpx:TrackPointExtension>
            <gpxtpx:hr>91</gpxtpx:hr>
          </gpxtpx:TrackPointExtension>
        </extensions>
      </trkpt>
      <trkpt lat="22.64621793126993" lon="107.6056551035257">
        <ele>97.48940038029104</ele>
        <time>2023-10-20T01:42:43Z</time>
        <extensions>
          <gpxtpx:TrackPointExtension>
            <gpxtpx:hr>91</gpxtpx:hr>
          </gpxtpx:TrackPointExtension>
        </extensions>
      </trkpt>
      <trkpt lat="22.646224823016432" lon="107.6056587296894">
        <ele>97.51489424798638</ele>
        <time>2023-10-20T01:42:44Z</time>
        <extensions>
          <gpxtpx:TrackPointExtension>
            <gpxtpx:hr>91</gpxtpx:hr>
          </gpxtpx:TrackPointExtension>
        </extensions>
      </trkpt>
      <trkpt lat="22.64623168846541" lon="107.605662751045">
        <ele>97.54664373677224</ele>
        <time>2023-10-20T01:42:45Z</time>
        <extensions>
          <gpxtpx:TrackPointExtension>
            <gpxtpx:hr>91</gpxtpx:hr>
          </gpxtpx:TrackPointExtension>
        </extensions>
      </trkpt>
      <trkpt lat="22.646239415663086" lon="107.60566792380318">
        <ele>97.57637484371662</ele>
        <time>2023-10-20T01:42:46Z</time>
        <extensions>
          <gpxtpx:TrackPointExtension>
            <gpxtpx:hr>95</gpxtpx:hr>
          </gpxtpx:TrackPointExtension>
        </extensions>
      </trkpt>
      <trkpt lat="22.646248071280294" lon="107.60567467603062">
        <ele>97.605145720765</ele>
        <time>2023-10-20T01:42:47Z</time>
        <extensions>
          <gpxtpx:TrackPointExtension>
            <gpxtpx:hr>95</gpxtpx:hr>
          </gpxtpx:TrackPointExtension>
        </extensions>
      </trkpt>
      <trkpt lat="22.6462574656509" lon="107.60568286341334">
        <ele>97.63292346242815</ele>
        <time>2023-10-20T01:42:48Z</time>
        <extensions>
          <gpxtpx:TrackPointExtension>
            <gpxtpx:hr>95</gpxtpx:hr>
          </gpxtpx:TrackPointExtension>
        </extensions>
      </trkpt>
      <trkpt lat="22.646267552897502" lon="107.60569203258399">
        <ele>97.65968342777342</ele>
        <time>2023-10-20T01:42:49Z</time>
        <extensions>
          <gpxtpx:TrackPointExtension>
            <gpxtpx:hr>95</gpxtpx:hr>
          </gpxtpx:TrackPointExtension>
        </extensions>
      </trkpt>
      <trkpt lat="22.646278539400292" lon="107.6057017454028">
        <ele>97.68531452957541</ele>
        <time>2023-10-20T01:42:50Z</time>
        <extensions>
          <gpxtpx:TrackPointExtension>
            <gpxtpx:hr>95</gpxtpx:hr>
          </gpxtpx:TrackPointExtension>
        </extensions>
      </trkpt>
      <trkpt lat="22.646291083789666" lon="107.60571176812107">
        <ele>97.70009544398636</ele>
        <time>2023-10-20T01:42:51Z</time>
        <extensions>
          <gpxtpx:TrackPointExtension>
            <gpxtpx:hr>95</gpxtpx:hr>
          </gpxtpx:TrackPointExtension>
        </extensions>
      </trkpt>
      <trkpt lat="22.64630505589985" lon="107.60572137924966">
        <ele>97.71111535001546</ele>
        <time>2023-10-20T01:42:52Z</time>
        <extensions>
          <gpxtpx:TrackPointExtension>
            <gpxtpx:hr>95</gpxtpx:hr>
          </gpxtpx:TrackPointExtension>
        </extensions>
      </trkpt>
      <trkpt lat="22.64631980220027" lon="107.60572994254963">
        <ele>97.71895931754261</ele>
        <time>2023-10-20T01:42:53Z</time>
        <extensions>
          <gpxtpx:TrackPointExtension>
            <gpxtpx:hr>96</gpxtpx:hr>
          </gpxtpx:TrackPointExtension>
        </extensions>
      </trkpt>
      <trkpt lat="22.6463342077996" lon="107.60573700302534">
        <ele>97.72362505923957</ele>
        <time>2023-10-20T01:42:54Z</time>
        <extensions>
          <gpxtpx:TrackPointExtension>
            <gpxtpx:hr>96</gpxtpx:hr>
          </gpxtpx:TrackPointExtension>
        </extensions>
      </trkpt>
      <trkpt lat="22.646346362279203" lon="107.60574239542171">
        <ele>97.7249063886702</ele>
        <time>2023-10-20T01:42:55Z</time>
        <extensions>
          <gpxtpx:TrackPointExtension>
            <gpxtpx:hr>96</gpxtpx:hr>
          </gpxtpx:TrackPointExtension>
        </extensions>
      </trkpt>
      <trkpt lat="22.646354036510687" lon="107.60574591772054">
        <ele>97.72278018854558</ele>
        <time>2023-10-20T01:42:56Z</time>
        <extensions>
          <gpxtpx:TrackPointExtension>
            <gpxtpx:hr>96</gpxtpx:hr>
          </gpxtpx:TrackPointExtension>
        </extensions>
      </trkpt>
      <trkpt lat="22.646358279129295" lon="107.6057484068659">
        <ele>97.71725003886968</ele>
        <time>2023-10-20T01:42:57Z</time>
        <extensions>
          <gpxtpx:TrackPointExtension>
            <gpxtpx:hr>95</gpxtpx:hr>
          </gpxtpx:TrackPointExtension>
        </extensions>
      </trkpt>
      <trkpt lat="22.64636169043898" lon="107.60575111033052">
        <ele>97.7085036560893</ele>
        <time>2023-10-20T01:42:58Z</time>
        <extensions>
          <gpxtpx:TrackPointExtension>
            <gpxtpx:hr>95</gpxtpx:hr>
          </gpxtpx:TrackPointExtension>
        </extensions>
      </trkpt>
      <trkpt lat="22.64636506461727" lon="107.60575441981176">
        <ele>97.69687900040299</ele>
        <time>2023-10-20T01:42:59Z</time>
        <extensions>
          <gpxtpx:TrackPointExtension>
            <gpxtpx:hr>95</gpxtpx:hr>
          </gpxtpx:TrackPointExtension>
        </extensions>
      </trkpt>
      <trkpt lat="22.6463687919317" lon="107.60575846978283">
        <ele>97.68285481631756</ele>
        <time>2023-10-20T01:43:00Z</time>
        <extensions>
          <gpxtpx:TrackPointExtension>
            <gpxtpx:hr>96</gpxtpx:hr>
          </gpxtpx:TrackPointExtension>
        </extensions>
      </trkpt>
      <trkpt lat="22.64637317358164" lon="107.60576338439513">
        <ele>97.66708127036691</ele>
        <time>2023-10-20T01:43:01Z</time>
        <extensions>
          <gpxtpx:TrackPointExtension>
            <gpxtpx:hr>96</gpxtpx:hr>
          </gpxtpx:TrackPointExtension>
        </extensions>
      </trkpt>
      <trkpt lat="22.646377368276756" lon="107.60576817674568">
        <ele>97.65032386314124</ele>
        <time>2023-10-20T01:43:02Z</time>
        <extensions>
          <gpxtpx:TrackPointExtension>
            <gpxtpx:hr>96</gpxtpx:hr>
          </gpxtpx:TrackPointExtension>
        </extensions>
      </trkpt>
      <trkpt lat="22.646380221042463" lon="107.60577176218716">
        <ele>97.63993341848254</ele>
        <time>2023-10-20T01:43:03Z</time>
        <extensions>
          <gpxtpx:TrackPointExtension>
            <gpxtpx:hr>96</gpxtpx:hr>
          </gpxtpx:TrackPointExtension>
        </extensions>
      </trkpt>
      <trkpt lat="22.646382069356342" lon="107.60577431309034">
        <ele>97.63077956065536</ele>
        <time>2023-10-20T01:43:04Z</time>
        <extensions>
          <gpxtpx:TrackPointExtension>
            <gpxtpx:hr>96</gpxtpx:hr>
          </gpxtpx:TrackPointExtension>
        </extensions>
      </trkpt>
      <trkpt lat="22.646383116556358" lon="107.60577605328622">
        <ele>97.62345434818417</ele>
        <time>2023-10-20T01:43:05Z</time>
        <extensions>
          <gpxtpx:TrackPointExtension>
            <gpxtpx:hr>96</gpxtpx:hr>
          </gpxtpx:TrackPointExtension>
        </extensions>
      </trkpt>
      <trkpt lat="22.64638360150924" lon="107.60577720674456">
        <ele>97.62103831022978</ele>
        <time>2023-10-20T01:43:06Z</time>
        <extensions>
          <gpxtpx:TrackPointExtension>
            <gpxtpx:hr>101</gpxtpx:hr>
          </gpxtpx:TrackPointExtension>
        </extensions>
      </trkpt>
      <trkpt lat="22.646383601330403" lon="107.60577796532446">
        <ele>97.62337940465659</ele>
        <time>2023-10-20T01:43:07Z</time>
        <extensions>
          <gpxtpx:TrackPointExtension>
            <gpxtpx:hr>101</gpxtpx:hr>
          </gpxtpx:TrackPointExtension>
        </extensions>
      </trkpt>
      <trkpt lat="22.646383180281045" lon="107.60577844653626">
        <ele>97.63150700740516</ele>
        <time>2023-10-20T01:43:08Z</time>
        <extensions>
          <gpxtpx:TrackPointExtension>
            <gpxtpx:hr>101</gpxtpx:hr>
          </gpxtpx:TrackPointExtension>
        </extensions>
      </trkpt>
      <trkpt lat="22.646382331572827" lon="107.60577882937288">
        <ele>97.6480558887124</ele>
        <time>2023-10-20T01:43:09Z</time>
        <extensions>
          <gpxtpx:TrackPointExtension>
            <gpxtpx:hr>101</gpxtpx:hr>
          </gpxtpx:TrackPointExtension>
        </extensions>
      </trkpt>
      <trkpt lat="22.64638099696698" lon="107.6057792198674">
        <ele>97.67037738859653</ele>
        <time>2023-10-20T01:43:10Z</time>
        <extensions>
          <gpxtpx:TrackPointExtension>
            <gpxtpx:hr>101</gpxtpx:hr>
          </gpxtpx:TrackPointExtension>
        </extensions>
      </trkpt>
      <trkpt lat="22.64637903171233" lon="107.60577971748839">
        <ele>97.69222174584866</ele>
        <time>2023-10-20T01:43:11Z</time>
        <extensions>
          <gpxtpx:TrackPointExtension>
            <gpxtpx:hr>101</gpxtpx:hr>
          </gpxtpx:TrackPointExtension>
        </extensions>
      </trkpt>
      <trkpt lat="22.646376543555938" lon="107.60578036395992">
        <ele>97.71361567731947</ele>
        <time>2023-10-20T01:43:12Z</time>
        <extensions>
          <gpxtpx:TrackPointExtension>
            <gpxtpx:hr>104</gpxtpx:hr>
          </gpxtpx:TrackPointExtension>
        </extensions>
      </trkpt>
      <trkpt lat="22.646374318767926" lon="107.60578107034738">
        <ele>97.74160356074572</ele>
        <time>2023-10-20T01:43:13Z</time>
        <extensions>
          <gpxtpx:TrackPointExtension>
            <gpxtpx:hr>104</gpxtpx:hr>
          </gpxtpx:TrackPointExtension>
        </extensions>
      </trkpt>
      <trkpt lat="22.64637328118972" lon="107.60578149525854">
        <ele>97.7617411557585</ele>
        <time>2023-10-20T01:43:14Z</time>
        <extensions>
          <gpxtpx:TrackPointExtension>
            <gpxtpx:hr>104</gpxtpx:hr>
          </gpxtpx:TrackPointExtension>
        </extensions>
      </trkpt>
      <trkpt lat="22.646373914863695" lon="107.60578139561302">
        <ele>97.7810488678515</ele>
        <time>2023-10-20T01:43:15Z</time>
        <extensions>
          <gpxtpx:TrackPointExtension>
            <gpxtpx:hr>103</gpxtpx:hr>
          </gpxtpx:TrackPointExtension>
        </extensions>
      </trkpt>
      <trkpt lat="22.646376391869115" lon="107.60578085503873">
        <ele>97.80294785369188</ele>
        <time>2023-10-20T01:43:16Z</time>
        <extensions>
          <gpxtpx:TrackPointExtension>
            <gpxtpx:hr>103</gpxtpx:hr>
          </gpxtpx:TrackPointExtension>
        </extensions>
      </trkpt>
      <trkpt lat="22.64638052399605" lon="107.60578003223782">
        <ele>97.82188940420747</ele>
        <time>2023-10-20T01:43:17Z</time>
        <extensions>
          <gpxtpx:TrackPointExtension>
            <gpxtpx:hr>103</gpxtpx:hr>
          </gpxtpx:TrackPointExtension>
        </extensions>
      </trkpt>
      <trkpt lat="22.646386046101846" lon="107.6057793051655">
        <ele>97.83415739238262</ele>
        <time>2023-10-20T01:43:18Z</time>
        <extensions>
          <gpxtpx:TrackPointExtension>
            <gpxtpx:hr>103</gpxtpx:hr>
          </gpxtpx:TrackPointExtension>
        </extensions>
      </trkpt>
      <trkpt lat="22.646392679845334" lon="107.60577911128459">
        <ele>97.84795025922358</ele>
        <time>2023-10-20T01:43:19Z</time>
        <extensions>
          <gpxtpx:TrackPointExtension>
            <gpxtpx:hr>99</gpxtpx:hr>
          </gpxtpx:TrackPointExtension>
        </extensions>
      </trkpt>
      <trkpt lat="22.64639948812761" lon="107.60577962792296">
        <ele>97.86247351951897</ele>
        <time>2023-10-20T01:43:20Z</time>
        <extensions>
          <gpxtpx:TrackPointExtension>
            <gpxtpx:hr>99</gpxtpx:hr>
          </gpxtpx:TrackPointExtension>
        </extensions>
      </trkpt>
      <trkpt lat="22.64640514854146" lon="107.6057807873722">
        <ele>97.86821747478098</ele>
        <time>2023-10-20T01:43:21Z</time>
        <extensions>
          <gpxtpx:TrackPointExtension>
            <gpxtpx:hr>99</gpxtpx:hr>
          </gpxtpx:TrackPointExtension>
        </extensions>
      </trkpt>
      <trkpt lat="22.64640911320886" lon="107.60578248887857">
        <ele>97.87576366961002</ele>
        <time>2023-10-20T01:43:22Z</time>
        <extensions>
          <gpxtpx:TrackPointExtension>
            <gpxtpx:hr>99</gpxtpx:hr>
          </gpxtpx:TrackPointExtension>
        </extensions>
      </trkpt>
      <trkpt lat="22.646411674145757" lon="107.60578467456925">
        <ele>97.87381877377629</ele>
        <time>2023-10-20T01:43:23Z</time>
        <extensions>
          <gpxtpx:TrackPointExtension>
            <gpxtpx:hr>99</gpxtpx:hr>
          </gpxtpx:TrackPointExtension>
        </extensions>
      </trkpt>
      <trkpt lat="22.646413303560553" lon="107.60578704522987">
        <ele>97.86138210631907</ele>
        <time>2023-10-20T01:43:24Z</time>
        <extensions>
          <gpxtpx:TrackPointExtension>
            <gpxtpx:hr>104</gpxtpx:hr>
          </gpxtpx:TrackPointExtension>
        </extensions>
      </trkpt>
      <trkpt lat="22.64641475441665" lon="107.60578907515439">
        <ele>97.83779299911112</ele>
        <time>2023-10-20T01:43:25Z</time>
        <extensions>
          <gpxtpx:TrackPointExtension>
            <gpxtpx:hr>104</gpxtpx:hr>
          </gpxtpx:TrackPointExtension>
        </extensions>
      </trkpt>
      <trkpt lat="22.646416952597054" lon="107.60579058260016">
        <ele>97.81192957423627</ele>
        <time>2023-10-20T01:43:26Z</time>
        <extensions>
          <gpxtpx:TrackPointExtension>
            <gpxtpx:hr>104</gpxtpx:hr>
          </gpxtpx:TrackPointExtension>
        </extensions>
      </trkpt>
      <trkpt lat="22.646420089067966" lon="107.60579145076974">
        <ele>97.7794215157628</ele>
        <time>2023-10-20T01:43:27Z</time>
        <extensions>
          <gpxtpx:TrackPointExtension>
            <gpxtpx:hr>104</gpxtpx:hr>
          </gpxtpx:TrackPointExtension>
        </extensions>
      </trkpt>
      <trkpt lat="22.646423816893012" lon="107.60579212687423">
        <ele>97.74604173563421</ele>
        <time>2023-10-20T01:43:28Z</time>
        <extensions>
          <gpxtpx:TrackPointExtension>
            <gpxtpx:hr>104</gpxtpx:hr>
          </gpxtpx:TrackPointExtension>
        </extensions>
      </trkpt>
      <trkpt lat="22.64642790826612" lon="107.60579369567307">
        <ele>97.7042543059215</ele>
        <time>2023-10-20T01:43:29Z</time>
        <extensions>
          <gpxtpx:TrackPointExtension>
            <gpxtpx:hr>98</gpxtpx:hr>
          </gpxtpx:TrackPointExtension>
        </extensions>
      </trkpt>
      <trkpt lat="22.646432385255547" lon="107.6057972091413">
        <ele>97.652905841358</ele>
        <time>2023-10-20T01:43:30Z</time>
        <extensions>
          <gpxtpx:TrackPointExtension>
            <gpxtpx:hr>98</gpxtpx:hr>
          </gpxtpx:TrackPointExtension>
        </extensions>
      </trkpt>
      <trkpt lat="22.646437267156998" lon="107.60580314818927">
        <ele>97.5999677143991</ele>
        <time>2023-10-20T01:43:31Z</time>
        <extensions>
          <gpxtpx:TrackPointExtension>
            <gpxtpx:hr>98</gpxtpx:hr>
          </gpxtpx:TrackPointExtension>
        </extensions>
      </trkpt>
      <trkpt lat="22.64644252117685" lon="107.60581146730092">
        <ele>97.54342101328075</ele>
        <time>2023-10-20T01:43:32Z</time>
        <extensions>
          <gpxtpx:TrackPointExtension>
            <gpxtpx:hr>98</gpxtpx:hr>
          </gpxtpx:TrackPointExtension>
        </extensions>
      </trkpt>
      <trkpt lat="22.646447983057374" lon="107.60582139077238">
        <ele>97.47559394687414</ele>
        <time>2023-10-20T01:43:33Z</time>
        <extensions>
          <gpxtpx:TrackPointExtension>
            <gpxtpx:hr>98</gpxtpx:hr>
          </gpxtpx:TrackPointExtension>
        </extensions>
      </trkpt>
      <trkpt lat="22.646453550735863" lon="107.60583167961681">
        <ele>97.39721897151321</ele>
        <time>2023-10-20T01:43:34Z</time>
        <extensions>
          <gpxtpx:TrackPointExtension>
            <gpxtpx:hr>98</gpxtpx:hr>
          </gpxtpx:TrackPointExtension>
        </extensions>
      </trkpt>
      <trkpt lat="22.6464593589944" lon="107.60584122339061">
        <ele>97.31688078027219</ele>
        <time>2023-10-20T01:43:35Z</time>
        <extensions>
          <gpxtpx:TrackPointExtension>
            <gpxtpx:hr>98</gpxtpx:hr>
          </gpxtpx:TrackPointExtension>
        </extensions>
      </trkpt>
      <trkpt lat="22.64646556784143" lon="107.60584947369792">
        <ele>97.23211359605193</ele>
        <time>2023-10-20T01:43:36Z</time>
        <extensions>
          <gpxtpx:TrackPointExtension>
            <gpxtpx:hr>87</gpxtpx:hr>
          </gpxtpx:TrackPointExtension>
        </extensions>
      </trkpt>
      <trkpt lat="22.64647289120151" lon="107.60585718982406">
        <ele>97.14326787833124</ele>
        <time>2023-10-20T01:43:37Z</time>
        <extensions>
          <gpxtpx:TrackPointExtension>
            <gpxtpx:hr>87</gpxtpx:hr>
          </gpxtpx:TrackPointExtension>
        </extensions>
      </trkpt>
      <trkpt lat="22.64648276461742" lon="107.60586613441254">
        <ele>97.05057833064348</ele>
        <time>2023-10-20T01:43:38Z</time>
        <extensions>
          <gpxtpx:TrackPointExtension>
            <gpxtpx:hr>87</gpxtpx:hr>
          </gpxtpx:TrackPointExtension>
        </extensions>
      </trkpt>
      <trkpt lat="22.646495704521783" lon="107.60587716826033">
        <ele>96.96116058249027</ele>
        <time>2023-10-20T01:43:39Z</time>
        <extensions>
          <gpxtpx:TrackPointExtension>
            <gpxtpx:hr>87</gpxtpx:hr>
          </gpxtpx:TrackPointExtension>
        </extensions>
      </trkpt>
      <trkpt lat="22.64651068394959" lon="107.60588976113947">
        <ele>96.87270884495229</ele>
        <time>2023-10-20T01:43:40Z</time>
        <extensions>
          <gpxtpx:TrackPointExtension>
            <gpxtpx:hr>87</gpxtpx:hr>
          </gpxtpx:TrackPointExtension>
        </extensions>
      </trkpt>
      <trkpt lat="22.646526742158514" lon="107.60590315163476">
        <ele>96.78609302360564</ele>
        <time>2023-10-20T01:43:41Z</time>
        <extensions>
          <gpxtpx:TrackPointExtension>
            <gpxtpx:hr>89</gpxtpx:hr>
          </gpxtpx:TrackPointExtension>
        </extensions>
      </trkpt>
      <trkpt lat="22.646543327310656" lon="107.60591673764976">
        <ele>96.70213034749031</ele>
        <time>2023-10-20T01:43:42Z</time>
        <extensions>
          <gpxtpx:TrackPointExtension>
            <gpxtpx:hr>89</gpxtpx:hr>
          </gpxtpx:TrackPointExtension>
        </extensions>
      </trkpt>
      <trkpt lat="22.646560190302132" lon="107.60593017935385">
        <ele>96.6104311561212</ele>
        <time>2023-10-20T01:43:43Z</time>
        <extensions>
          <gpxtpx:TrackPointExtension>
            <gpxtpx:hr>89</gpxtpx:hr>
          </gpxtpx:TrackPointExtension>
        </extensions>
      </trkpt>
      <trkpt lat="22.64657648186863" lon="107.60594244508589">
        <ele>96.51309022307396</ele>
        <time>2023-10-20T01:43:44Z</time>
        <extensions>
          <gpxtpx:TrackPointExtension>
            <gpxtpx:hr>89</gpxtpx:hr>
          </gpxtpx:TrackPointExtension>
        </extensions>
      </trkpt>
      <trkpt lat="22.646591733545907" lon="107.60595299944833">
        <ele>96.4247361952439</ele>
        <time>2023-10-20T01:43:45Z</time>
        <extensions>
          <gpxtpx:TrackPointExtension>
            <gpxtpx:hr>89</gpxtpx:hr>
          </gpxtpx:TrackPointExtension>
        </extensions>
      </trkpt>
      <trkpt lat="22.646605812242317" lon="107.60596164777813">
        <ele>96.33024392556399</ele>
        <time>2023-10-20T01:43:46Z</time>
        <extensions>
          <gpxtpx:TrackPointExtension>
            <gpxtpx:hr>95</gpxtpx:hr>
          </gpxtpx:TrackPointExtension>
        </extensions>
      </trkpt>
      <trkpt lat="22.646618613292908" lon="107.60596861355869">
        <ele>96.23919732496142</ele>
        <time>2023-10-20T01:43:47Z</time>
        <extensions>
          <gpxtpx:TrackPointExtension>
            <gpxtpx:hr>95</gpxtpx:hr>
          </gpxtpx:TrackPointExtension>
        </extensions>
      </trkpt>
      <trkpt lat="22.64662955645684" lon="107.60597395906734">
        <ele>96.14922808948904</ele>
        <time>2023-10-20T01:43:48Z</time>
        <extensions>
          <gpxtpx:TrackPointExtension>
            <gpxtpx:hr>95</gpxtpx:hr>
          </gpxtpx:TrackPointExtension>
        </extensions>
      </trkpt>
      <trkpt lat="22.646637048667827" lon="107.60597753309378">
        <ele>96.05633920803666</ele>
        <time>2023-10-20T01:43:49Z</time>
        <extensions>
          <gpxtpx:TrackPointExtension>
            <gpxtpx:hr>95</gpxtpx:hr>
          </gpxtpx:TrackPointExtension>
        </extensions>
      </trkpt>
      <trkpt lat="22.646641776401353" lon="107.60597991278848">
        <ele>95.96137904096395</ele>
        <time>2023-10-20T01:43:50Z</time>
        <extensions>
          <gpxtpx:TrackPointExtension>
            <gpxtpx:hr>95</gpxtpx:hr>
          </gpxtpx:TrackPointExtension>
        </extensions>
      </trkpt>
      <trkpt lat="22.646646021138164" lon="107.60598201676807">
        <ele>95.87095378618687</ele>
        <time>2023-10-20T01:43:51Z</time>
        <extensions>
          <gpxtpx:TrackPointExtension>
            <gpxtpx:hr>95</gpxtpx:hr>
          </gpxtpx:TrackPointExtension>
        </extensions>
      </trkpt>
      <trkpt lat="22.646650285570328" lon="107.6059838550156">
        <ele>95.79314767383039</ele>
        <time>2023-10-20T01:43:52Z</time>
        <extensions>
          <gpxtpx:TrackPointExtension>
            <gpxtpx:hr>95</gpxtpx:hr>
          </gpxtpx:TrackPointExtension>
        </extensions>
      </trkpt>
      <trkpt lat="22.6466546103205" lon="107.60598502529523">
        <ele>95.71873264946043</ele>
        <time>2023-10-20T01:43:53Z</time>
        <extensions>
          <gpxtpx:TrackPointExtension>
            <gpxtpx:hr>95</gpxtpx:hr>
          </gpxtpx:TrackPointExtension>
        </extensions>
      </trkpt>
      <trkpt lat="22.64665841896351" lon="107.6059849039607">
        <ele>95.65355120133609</ele>
        <time>2023-10-20T01:43:54Z</time>
        <extensions>
          <gpxtpx:TrackPointExtension>
            <gpxtpx:hr>95</gpxtpx:hr>
          </gpxtpx:TrackPointExtension>
        </extensions>
      </trkpt>
      <trkpt lat="22.646660499869178" lon="107.60598322162603">
        <ele>95.600983902812</ele>
        <time>2023-10-20T01:43:55Z</time>
        <extensions>
          <gpxtpx:TrackPointExtension>
            <gpxtpx:hr>101</gpxtpx:hr>
          </gpxtpx:TrackPointExtension>
        </extensions>
      </trkpt>
      <trkpt lat="22.646660499999545" lon="107.60598040684535">
        <ele>95.55144213233143</ele>
        <time>2023-10-20T01:43:56Z</time>
        <extensions>
          <gpxtpx:TrackPointExtension>
            <gpxtpx:hr>101</gpxtpx:hr>
          </gpxtpx:TrackPointExtension>
        </extensions>
      </trkpt>
      <trkpt lat="22.646658917024624" lon="107.6059766437654">
        <ele>95.50780488736928</ele>
        <time>2023-10-20T01:43:57Z</time>
        <extensions>
          <gpxtpx:TrackPointExtension>
            <gpxtpx:hr>101</gpxtpx:hr>
          </gpxtpx:TrackPointExtension>
        </extensions>
      </trkpt>
      <trkpt lat="22.646656198849062" lon="107.60597208373704">
        <ele>95.48625273443758</ele>
        <time>2023-10-20T01:43:58Z</time>
        <extensions>
          <gpxtpx:TrackPointExtension>
            <gpxtpx:hr>101</gpxtpx:hr>
          </gpxtpx:TrackPointExtension>
        </extensions>
      </trkpt>
      <trkpt lat="22.646652880410542" lon="107.60596645834907">
        <ele>95.47410870995373</ele>
        <time>2023-10-20T01:43:59Z</time>
        <extensions>
          <gpxtpx:TrackPointExtension>
            <gpxtpx:hr>101</gpxtpx:hr>
          </gpxtpx:TrackPointExtension>
        </extensions>
      </trkpt>
      <trkpt lat="22.64664962112088" lon="107.60595896116185">
        <ele>95.47112393006682</ele>
        <time>2023-10-20T01:44:00Z</time>
        <extensions>
          <gpxtpx:TrackPointExtension>
            <gpxtpx:hr>101</gpxtpx:hr>
          </gpxtpx:TrackPointExtension>
        </extensions>
      </trkpt>
      <trkpt lat="22.646647113134918" lon="107.60594934968353">
        <ele>95.47840989660472</ele>
        <time>2023-10-20T01:44:01Z</time>
        <extensions>
          <gpxtpx:TrackPointExtension>
            <gpxtpx:hr>101</gpxtpx:hr>
          </gpxtpx:TrackPointExtension>
        </extensions>
      </trkpt>
      <trkpt lat="22.64664589263164" lon="107.60593758839153">
        <ele>95.49476812407374</ele>
        <time>2023-10-20T01:44:02Z</time>
        <extensions>
          <gpxtpx:TrackPointExtension>
            <gpxtpx:hr>101</gpxtpx:hr>
          </gpxtpx:TrackPointExtension>
        </extensions>
      </trkpt>
      <trkpt lat="22.646646124725788" lon="107.60592342678346">
        <ele>95.51989212818444</ele>
        <time>2023-10-20T01:44:03Z</time>
        <extensions>
          <gpxtpx:TrackPointExtension>
            <gpxtpx:hr>101</gpxtpx:hr>
          </gpxtpx:TrackPointExtension>
        </extensions>
      </trkpt>
      <trkpt lat="22.64664742857393" lon="107.60590775615847">
        <ele>95.55312236398458</ele>
        <time>2023-10-20T01:44:04Z</time>
        <extensions>
          <gpxtpx:TrackPointExtension>
            <gpxtpx:hr>101</gpxtpx:hr>
          </gpxtpx:TrackPointExtension>
        </extensions>
      </trkpt>
      <trkpt lat="22.64664879742701" lon="107.60589239888625">
        <ele>95.59295190311968</ele>
        <time>2023-10-20T01:44:05Z</time>
        <extensions>
          <gpxtpx:TrackPointExtension>
            <gpxtpx:hr>101</gpxtpx:hr>
          </gpxtpx:TrackPointExtension>
        </extensions>
      </trkpt>
      <trkpt lat="22.646648610619575" lon="107.60587726067686">
        <ele>95.63799118902534</ele>
        <time>2023-10-20T01:44:06Z</time>
        <extensions>
          <gpxtpx:TrackPointExtension>
            <gpxtpx:hr>101</gpxtpx:hr>
          </gpxtpx:TrackPointExtension>
        </extensions>
      </trkpt>
      <trkpt lat="22.646645279730777" lon="107.60586055262878">
        <ele>95.6865737810731</ele>
        <time>2023-10-20T01:44:07Z</time>
        <extensions>
          <gpxtpx:TrackPointExtension>
            <gpxtpx:hr>99</gpxtpx:hr>
          </gpxtpx:TrackPointExtension>
        </extensions>
      </trkpt>
      <trkpt lat="22.646619333277997" lon="107.60580332864038">
        <ele>95.78488638345152</ele>
        <time>2023-10-20T01:44:11Z</time>
        <extensions>
          <gpxtpx:TrackPointExtension>
            <gpxtpx:hr>98</gpxtpx:hr>
          </gpxtpx:TrackPointExtension>
        </extensions>
      </trkpt>
      <trkpt lat="22.64660992997409" lon="107.60578840321618">
        <ele>95.7816743357107</ele>
        <time>2023-10-20T01:44:12Z</time>
        <extensions>
          <gpxtpx:TrackPointExtension>
            <gpxtpx:hr>98</gpxtpx:hr>
          </gpxtpx:TrackPointExtension>
        </extensions>
      </trkpt>
      <trkpt lat="22.646601548133436" lon="107.60577406576063">
        <ele>95.76654158346355</ele>
        <time>2023-10-20T01:44:13Z</time>
        <extensions>
          <gpxtpx:TrackPointExtension>
            <gpxtpx:hr>98</gpxtpx:hr>
          </gpxtpx:TrackPointExtension>
        </extensions>
      </trkpt>
      <trkpt lat="22.646595126384" lon="107.60576103389009">
        <ele>95.74008403532207</ele>
        <time>2023-10-20T01:44:14Z</time>
        <extensions>
          <gpxtpx:TrackPointExtension>
            <gpxtpx:hr>98</gpxtpx:hr>
          </gpxtpx:TrackPointExtension>
        </extensions>
      </trkpt>
      <trkpt lat="22.64659041238789" lon="107.605749822285">
        <ele>95.70230487920344</ele>
        <time>2023-10-20T01:44:15Z</time>
        <extensions>
          <gpxtpx:TrackPointExtension>
            <gpxtpx:hr>98</gpxtpx:hr>
          </gpxtpx:TrackPointExtension>
        </extensions>
      </trkpt>
      <trkpt lat="22.646588084308405" lon="107.60574101454802">
        <ele>95.65406974311918</ele>
        <time>2023-10-20T01:44:16Z</time>
        <extensions>
          <gpxtpx:TrackPointExtension>
            <gpxtpx:hr>98</gpxtpx:hr>
          </gpxtpx:TrackPointExtension>
        </extensions>
      </trkpt>
      <trkpt lat="22.646588354393668" lon="107.60573402239396">
        <ele>95.59684851206839</ele>
        <time>2023-10-20T01:44:17Z</time>
        <extensions>
          <gpxtpx:TrackPointExtension>
            <gpxtpx:hr>98</gpxtpx:hr>
          </gpxtpx:TrackPointExtension>
        </extensions>
      </trkpt>
      <trkpt lat="22.646590650718494" lon="107.6057273664896">
        <ele>95.53197425883263</ele>
        <time>2023-10-20T01:44:18Z</time>
        <extensions>
          <gpxtpx:TrackPointExtension>
            <gpxtpx:hr>98</gpxtpx:hr>
          </gpxtpx:TrackPointExtension>
        </extensions>
      </trkpt>
      <trkpt lat="22.646594566075585" lon="107.60572014143878">
        <ele>95.46065434161574</ele>
        <time>2023-10-20T01:44:19Z</time>
        <extensions>
          <gpxtpx:TrackPointExtension>
            <gpxtpx:hr>103</gpxtpx:hr>
          </gpxtpx:TrackPointExtension>
        </extensions>
      </trkpt>
      <trkpt lat="22.646599811304483" lon="107.60571274960151">
        <ele>95.38424097187817</ele>
        <time>2023-10-20T01:44:20Z</time>
        <extensions>
          <gpxtpx:TrackPointExtension>
            <gpxtpx:hr>103</gpxtpx:hr>
          </gpxtpx:TrackPointExtension>
        </extensions>
      </trkpt>
      <trkpt lat="22.64660617308815" lon="107.60570486690361">
        <ele>95.30329966451973</ele>
        <time>2023-10-20T01:44:21Z</time>
        <extensions>
          <gpxtpx:TrackPointExtension>
            <gpxtpx:hr>103</gpxtpx:hr>
          </gpxtpx:TrackPointExtension>
        </extensions>
      </trkpt>
      <trkpt lat="22.64661375356366" lon="107.60569711663972">
        <ele>95.21876012161374</ele>
        <time>2023-10-20T01:44:22Z</time>
        <extensions>
          <gpxtpx:TrackPointExtension>
            <gpxtpx:hr>103</gpxtpx:hr>
          </gpxtpx:TrackPointExtension>
        </extensions>
      </trkpt>
      <trkpt lat="22.64662190554905" lon="107.60569014102408">
        <ele>95.13151366915554</ele>
        <time>2023-10-20T01:44:23Z</time>
        <extensions>
          <gpxtpx:TrackPointExtension>
            <gpxtpx:hr>103</gpxtpx:hr>
          </gpxtpx:TrackPointExtension>
        </extensions>
      </trkpt>
      <trkpt lat="22.646630796576265" lon="107.60568380435156">
        <ele>95.04292311426252</ele>
        <time>2023-10-20T01:44:24Z</time>
        <extensions>
          <gpxtpx:TrackPointExtension>
            <gpxtpx:hr>103</gpxtpx:hr>
          </gpxtpx:TrackPointExtension>
        </extensions>
      </trkpt>
      <trkpt lat="22.646639563317848" lon="107.60567911167342">
        <ele>94.95685010589659</ele>
        <time>2023-10-20T01:44:25Z</time>
        <extensions>
          <gpxtpx:TrackPointExtension>
            <gpxtpx:hr>106</gpxtpx:hr>
          </gpxtpx:TrackPointExtension>
        </extensions>
      </trkpt>
      <trkpt lat="22.646646811428884" lon="107.6056743686217">
        <ele>94.87207813281566</ele>
        <time>2023-10-20T01:44:26Z</time>
        <extensions>
          <gpxtpx:TrackPointExtension>
            <gpxtpx:hr>106</gpxtpx:hr>
          </gpxtpx:TrackPointExtension>
        </extensions>
      </trkpt>
      <trkpt lat="22.64665201968501" lon="107.60566992657787">
        <ele>94.78931873012334</ele>
        <time>2023-10-20T01:44:27Z</time>
        <extensions>
          <gpxtpx:TrackPointExtension>
            <gpxtpx:hr>106</gpxtpx:hr>
          </gpxtpx:TrackPointExtension>
        </extensions>
      </trkpt>
      <trkpt lat="22.646656392487607" lon="107.60566582642744">
        <ele>94.7098635211587</ele>
        <time>2023-10-20T01:44:28Z</time>
        <extensions>
          <gpxtpx:TrackPointExtension>
            <gpxtpx:hr>106</gpxtpx:hr>
          </gpxtpx:TrackPointExtension>
        </extensions>
      </trkpt>
      <trkpt lat="22.646660979985057" lon="107.60566146649609">
        <ele>94.63590215425938</ele>
        <time>2023-10-20T01:44:29Z</time>
        <extensions>
          <gpxtpx:TrackPointExtension>
            <gpxtpx:hr>106</gpxtpx:hr>
          </gpxtpx:TrackPointExtension>
        </extensions>
      </trkpt>
      <trkpt lat="22.646667096346388" lon="107.60565677662588">
        <ele>94.56777819152921</ele>
        <time>2023-10-20T01:44:30Z</time>
        <extensions>
          <gpxtpx:TrackPointExtension>
            <gpxtpx:hr>106</gpxtpx:hr>
          </gpxtpx:TrackPointExtension>
        </extensions>
      </trkpt>
      <trkpt lat="22.646677414777923" lon="107.60564179540125">
        <ele>94.50782464351505</ele>
        <time>2023-10-20T01:44:31Z</time>
        <extensions>
          <gpxtpx:TrackPointExtension>
            <gpxtpx:hr>106</gpxtpx:hr>
          </gpxtpx:TrackPointExtension>
        </extensions>
      </trkpt>
      <trkpt lat="22.6466914052333" lon="107.6056196415855">
        <ele>94.45619613770396</ele>
        <time>2023-10-20T01:44:32Z</time>
        <extensions>
          <gpxtpx:TrackPointExtension>
            <gpxtpx:hr>106</gpxtpx:hr>
          </gpxtpx:TrackPointExtension>
        </extensions>
      </trkpt>
      <trkpt lat="22.646742784658603" lon="107.60556124379777">
        <ele>94.41160581540316</ele>
        <time>2023-10-20T01:44:33Z</time>
        <extensions>
          <gpxtpx:TrackPointExtension>
            <gpxtpx:hr>106</gpxtpx:hr>
          </gpxtpx:TrackPointExtension>
        </extensions>
      </trkpt>
      <trkpt lat="22.646765745807233" lon="107.60553088181548">
        <ele>94.374939808622</ele>
        <time>2023-10-20T01:44:34Z</time>
        <extensions>
          <gpxtpx:TrackPointExtension>
            <gpxtpx:hr>106</gpxtpx:hr>
          </gpxtpx:TrackPointExtension>
        </extensions>
      </trkpt>
      <trkpt lat="22.646779848039245" lon="107.60550689295582">
        <ele>94.34796001482755</ele>
        <time>2023-10-20T01:44:35Z</time>
        <extensions>
          <gpxtpx:TrackPointExtension>
            <gpxtpx:hr>106</gpxtpx:hr>
          </gpxtpx:TrackPointExtension>
        </extensions>
      </trkpt>
      <trkpt lat="22.646792183113842" lon="107.6054889367382">
        <ele>94.33055521920323</ele>
        <time>2023-10-20T01:44:36Z</time>
        <extensions>
          <gpxtpx:TrackPointExtension>
            <gpxtpx:hr>106</gpxtpx:hr>
          </gpxtpx:TrackPointExtension>
        </extensions>
      </trkpt>
      <trkpt lat="22.646802713922135" lon="107.60547391608047">
        <ele>94.32296433951706</ele>
        <time>2023-10-20T01:44:37Z</time>
        <extensions>
          <gpxtpx:TrackPointExtension>
            <gpxtpx:hr>106</gpxtpx:hr>
          </gpxtpx:TrackPointExtension>
        </extensions>
      </trkpt>
      <trkpt lat="22.646811577664497" lon="107.60546026286471">
        <ele>94.32219022978097</ele>
        <time>2023-10-20T01:44:38Z</time>
        <extensions>
          <gpxtpx:TrackPointExtension>
            <gpxtpx:hr>106</gpxtpx:hr>
          </gpxtpx:TrackPointExtension>
        </extensions>
      </trkpt>
      <trkpt lat="22.646820102462" lon="107.6054471166288">
        <ele>94.34495742898434</ele>
        <time>2023-10-20T01:44:39Z</time>
        <extensions>
          <gpxtpx:TrackPointExtension>
            <gpxtpx:hr>106</gpxtpx:hr>
          </gpxtpx:TrackPointExtension>
        </extensions>
      </trkpt>
      <trkpt lat="22.646828596289975" lon="107.6054341093353">
        <ele>94.37606835644692</ele>
        <time>2023-10-20T01:44:40Z</time>
        <extensions>
          <gpxtpx:TrackPointExtension>
            <gpxtpx:hr>106</gpxtpx:hr>
          </gpxtpx:TrackPointExtension>
        </extensions>
      </trkpt>
      <trkpt lat="22.64683769441076" lon="107.60542129646336">
        <ele>94.41873469389975</ele>
        <time>2023-10-20T01:44:41Z</time>
        <extensions>
          <gpxtpx:TrackPointExtension>
            <gpxtpx:hr>103</gpxtpx:hr>
          </gpxtpx:TrackPointExtension>
        </extensions>
      </trkpt>
      <trkpt lat="22.64684688748099" lon="107.60541039753126">
        <ele>94.46944407187402</ele>
        <time>2023-10-20T01:44:42Z</time>
        <extensions>
          <gpxtpx:TrackPointExtension>
            <gpxtpx:hr>103</gpxtpx:hr>
          </gpxtpx:TrackPointExtension>
        </extensions>
      </trkpt>
      <trkpt lat="22.646857952929384" lon="107.60539771989016">
        <ele>94.5334662143141</ele>
        <time>2023-10-20T01:44:43Z</time>
        <extensions>
          <gpxtpx:TrackPointExtension>
            <gpxtpx:hr>103</gpxtpx:hr>
          </gpxtpx:TrackPointExtension>
        </extensions>
      </trkpt>
      <trkpt lat="22.64687310120552" lon="107.60537789539917">
        <ele>94.60755453258753</ele>
        <time>2023-10-20T01:44:44Z</time>
        <extensions>
          <gpxtpx:TrackPointExtension>
            <gpxtpx:hr>103</gpxtpx:hr>
          </gpxtpx:TrackPointExtension>
        </extensions>
      </trkpt>
      <trkpt lat="22.64689328647276" lon="107.60535036592918">
        <ele>94.68740894086659</ele>
        <time>2023-10-20T01:44:45Z</time>
        <extensions>
          <gpxtpx:TrackPointExtension>
            <gpxtpx:hr>103</gpxtpx:hr>
          </gpxtpx:TrackPointExtension>
        </extensions>
      </trkpt>
      <trkpt lat="22.646916456575347" lon="107.60531959110044">
        <ele>94.77173293940723</ele>
        <time>2023-10-20T01:44:46Z</time>
        <extensions>
          <gpxtpx:TrackPointExtension>
            <gpxtpx:hr>103</gpxtpx:hr>
          </gpxtpx:TrackPointExtension>
        </extensions>
      </trkpt>
      <trkpt lat="22.646940295306102" lon="107.6052913071275">
        <ele>94.85920643806458</ele>
        <time>2023-10-20T01:44:47Z</time>
        <extensions>
          <gpxtpx:TrackPointExtension>
            <gpxtpx:hr>103</gpxtpx:hr>
          </gpxtpx:TrackPointExtension>
        </extensions>
      </trkpt>
      <trkpt lat="22.64696259011791" lon="107.60526793828758">
        <ele>94.9484659936279</ele>
        <time>2023-10-20T01:44:48Z</time>
        <extensions>
          <gpxtpx:TrackPointExtension>
            <gpxtpx:hr>103</gpxtpx:hr>
          </gpxtpx:TrackPointExtension>
        </extensions>
      </trkpt>
      <trkpt lat="22.646979761954242" lon="107.60525147670542">
        <ele>95.03804941568524</ele>
        <time>2023-10-20T01:44:49Z</time>
        <extensions>
          <gpxtpx:TrackPointExtension>
            <gpxtpx:hr>103</gpxtpx:hr>
          </gpxtpx:TrackPointExtension>
        </extensions>
      </trkpt>
      <trkpt lat="22.64699244564586" lon="107.60524057630846">
        <ele>95.12641775142401</ele>
        <time>2023-10-20T01:44:50Z</time>
        <extensions>
          <gpxtpx:TrackPointExtension>
            <gpxtpx:hr>100</gpxtpx:hr>
          </gpxtpx:TrackPointExtension>
        </extensions>
      </trkpt>
      <trkpt lat="22.64699989031039" lon="107.60523466844855">
        <ele>95.21220118831843</ele>
        <time>2023-10-20T01:44:51Z</time>
        <extensions>
          <gpxtpx:TrackPointExtension>
            <gpxtpx:hr>100</gpxtpx:hr>
          </gpxtpx:TrackPointExtension>
        </extensions>
      </trkpt>
      <trkpt lat="22.64700244491641" lon="107.60523293585757">
        <ele>95.29425655398518</ele>
        <time>2023-10-20T01:44:52Z</time>
        <extensions>
          <gpxtpx:TrackPointExtension>
            <gpxtpx:hr>100</gpxtpx:hr>
          </gpxtpx:TrackPointExtension>
        </extensions>
      </trkpt>
      <trkpt lat="22.647007504738244" lon="107.60522990623095">
        <ele>95.37159888353199</ele>
        <time>2023-10-20T01:44:53Z</time>
        <extensions>
          <gpxtpx:TrackPointExtension>
            <gpxtpx:hr>100</gpxtpx:hr>
          </gpxtpx:TrackPointExtension>
        </extensions>
      </trkpt>
      <trkpt lat="22.64701491173024" lon="107.60522509507601">
        <ele>95.44849146343768</ele>
        <time>2023-10-20T01:44:54Z</time>
        <extensions>
          <gpxtpx:TrackPointExtension>
            <gpxtpx:hr>100</gpxtpx:hr>
          </gpxtpx:TrackPointExtension>
        </extensions>
      </trkpt>
      <trkpt lat="22.647018970536426" lon="107.60522236220048">
        <ele>95.5086510842666</ele>
        <time>2023-10-20T01:44:55Z</time>
        <extensions>
          <gpxtpx:TrackPointExtension>
            <gpxtpx:hr>100</gpxtpx:hr>
          </gpxtpx:TrackPointExtension>
        </extensions>
      </trkpt>
      <trkpt lat="22.647019829289913" lon="107.60522168411767">
        <ele>95.56845807936043</ele>
        <time>2023-10-20T01:44:56Z</time>
        <extensions>
          <gpxtpx:TrackPointExtension>
            <gpxtpx:hr>100</gpxtpx:hr>
          </gpxtpx:TrackPointExtension>
        </extensions>
      </trkpt>
      <trkpt lat="22.64702041236555" lon="107.60522123499209">
        <ele>95.61343443300575</ele>
        <time>2023-10-20T01:44:57Z</time>
        <extensions>
          <gpxtpx:TrackPointExtension>
            <gpxtpx:hr>100</gpxtpx:hr>
          </gpxtpx:TrackPointExtension>
        </extensions>
      </trkpt>
      <trkpt lat="22.64702239987252" lon="107.60521962948977">
        <ele>95.65837764088064</ele>
        <time>2023-10-20T01:44:58Z</time>
        <extensions>
          <gpxtpx:TrackPointExtension>
            <gpxtpx:hr>100</gpxtpx:hr>
          </gpxtpx:TrackPointExtension>
        </extensions>
      </trkpt>
      <trkpt lat="22.647025710745186" lon="107.60521670319919">
        <ele>95.68603557813913</ele>
        <time>2023-10-20T01:44:59Z</time>
        <extensions>
          <gpxtpx:TrackPointExtension>
            <gpxtpx:hr>100</gpxtpx:hr>
          </gpxtpx:TrackPointExtension>
        </extensions>
      </trkpt>
      <trkpt lat="22.64702886394938" lon="107.60521335474807">
        <ele>95.74462907575071</ele>
        <time>2023-10-20T01:45:00Z</time>
        <extensions>
          <gpxtpx:TrackPointExtension>
            <gpxtpx:hr>100</gpxtpx:hr>
          </gpxtpx:TrackPointExtension>
        </extensions>
      </trkpt>
      <trkpt lat="22.647031408495927" lon="107.60520980924703">
        <ele>95.78361858334392</ele>
        <time>2023-10-20T01:45:01Z</time>
        <extensions>
          <gpxtpx:TrackPointExtension>
            <gpxtpx:hr>100</gpxtpx:hr>
          </gpxtpx:TrackPointExtension>
        </extensions>
      </trkpt>
      <trkpt lat="22.64703319183784" lon="107.60520602676164">
        <ele>95.8080083373934</ele>
        <time>2023-10-20T01:45:02Z</time>
        <extensions>
          <gpxtpx:TrackPointExtension>
            <gpxtpx:hr>100</gpxtpx:hr>
          </gpxtpx:TrackPointExtension>
        </extensions>
      </trkpt>
      <trkpt lat="22.647034161259622" lon="107.60520170660163">
        <ele>95.82422020100057</ele>
        <time>2023-10-20T01:45:03Z</time>
        <extensions>
          <gpxtpx:TrackPointExtension>
            <gpxtpx:hr>101</gpxtpx:hr>
          </gpxtpx:TrackPointExtension>
        </extensions>
      </trkpt>
      <trkpt lat="22.647034043542316" lon="107.60519648918047">
        <ele>95.85125601384789</ele>
        <time>2023-10-20T01:45:04Z</time>
        <extensions>
          <gpxtpx:TrackPointExtension>
            <gpxtpx:hr>101</gpxtpx:hr>
          </gpxtpx:TrackPointExtension>
        </extensions>
      </trkpt>
      <trkpt lat="22.647032473347213" lon="107.60519072408488">
        <ele>95.86539532523602</ele>
        <time>2023-10-20T01:45:05Z</time>
        <extensions>
          <gpxtpx:TrackPointExtension>
            <gpxtpx:hr>101</gpxtpx:hr>
          </gpxtpx:TrackPointExtension>
        </extensions>
      </trkpt>
      <trkpt lat="22.647029754740295" lon="107.60518572456411">
        <ele>95.8634014762938</ele>
        <time>2023-10-20T01:45:06Z</time>
        <extensions>
          <gpxtpx:TrackPointExtension>
            <gpxtpx:hr>100</gpxtpx:hr>
          </gpxtpx:TrackPointExtension>
        </extensions>
      </trkpt>
      <trkpt lat="22.647025964105232" lon="107.60518200349138">
        <ele>95.85843168757856</ele>
        <time>2023-10-20T01:45:07Z</time>
        <extensions>
          <gpxtpx:TrackPointExtension>
            <gpxtpx:hr>100</gpxtpx:hr>
          </gpxtpx:TrackPointExtension>
        </extensions>
      </trkpt>
      <trkpt lat="22.64702072053235" lon="107.60517924228631">
        <ele>95.84597988054156</ele>
        <time>2023-10-20T01:45:08Z</time>
        <extensions>
          <gpxtpx:TrackPointExtension>
            <gpxtpx:hr>100</gpxtpx:hr>
          </gpxtpx:TrackPointExtension>
        </extensions>
      </trkpt>
      <trkpt lat="22.647014295260657" lon="107.60517744860468">
        <ele>95.82775981351733</ele>
        <time>2023-10-20T01:45:09Z</time>
        <extensions>
          <gpxtpx:TrackPointExtension>
            <gpxtpx:hr>101</gpxtpx:hr>
          </gpxtpx:TrackPointExtension>
        </extensions>
      </trkpt>
      <trkpt lat="22.64700816887408" lon="107.60517662259555">
        <ele>95.80586662981659</ele>
        <time>2023-10-20T01:45:10Z</time>
        <extensions>
          <gpxtpx:TrackPointExtension>
            <gpxtpx:hr>101</gpxtpx:hr>
          </gpxtpx:TrackPointExtension>
        </extensions>
      </trkpt>
      <trkpt lat="22.64700378381655" lon="107.60517618874704">
        <ele>95.77939466107637</ele>
        <time>2023-10-20T01:45:11Z</time>
        <extensions>
          <gpxtpx:TrackPointExtension>
            <gpxtpx:hr>101</gpxtpx:hr>
          </gpxtpx:TrackPointExtension>
        </extensions>
      </trkpt>
      <trkpt lat="22.647001070486898" lon="107.60517548438779">
        <ele>95.74865830037743</ele>
        <time>2023-10-20T01:45:12Z</time>
        <extensions>
          <gpxtpx:TrackPointExtension>
            <gpxtpx:hr>101</gpxtpx:hr>
          </gpxtpx:TrackPointExtension>
        </extensions>
      </trkpt>
      <trkpt lat="22.64699906470755" lon="107.60517456789069">
        <ele>95.71432870160788</ele>
        <time>2023-10-20T01:45:12Z</time>
        <extensions>
          <gpxtpx:TrackPointExtension>
            <gpxtpx:hr>101</gpxtpx:hr>
          </gpxtpx:TrackPointExtension>
        </extensions>
      </trkpt>
      <trkpt lat="22.6469969189299" lon="107.60517370334054">
        <ele>95.67711601778865</ele>
        <time>2023-10-20T01:45:13Z</time>
        <extensions>
          <gpxtpx:TrackPointExtension>
            <gpxtpx:hr>104</gpxtpx:hr>
          </gpxtpx:TrackPointExtension>
        </extensions>
      </trkpt>
      <trkpt lat="22.646994941119065" lon="107.60517270272952">
        <ele>95.62789649423212</ele>
        <time>2023-10-20T01:45:14Z</time>
        <extensions>
          <gpxtpx:TrackPointExtension>
            <gpxtpx:hr>104</gpxtpx:hr>
          </gpxtpx:TrackPointExtension>
        </extensions>
      </trkpt>
      <trkpt lat="22.646993440551036" lon="107.60517132340414">
        <ele>95.57656265422702</ele>
        <time>2023-10-20T01:45:15Z</time>
        <extensions>
          <gpxtpx:TrackPointExtension>
            <gpxtpx:hr>104</gpxtpx:hr>
          </gpxtpx:TrackPointExtension>
        </extensions>
      </trkpt>
      <trkpt lat="22.64699213206694" lon="107.60516982170418">
        <ele>95.52404100354761</ele>
        <time>2023-10-20T01:45:16Z</time>
        <extensions>
          <gpxtpx:TrackPointExtension>
            <gpxtpx:hr>104</gpxtpx:hr>
          </gpxtpx:TrackPointExtension>
        </extensions>
      </trkpt>
      <trkpt lat="22.646990953772903" lon="107.60516840932787">
        <ele>95.47174316365272</ele>
        <time>2023-10-20T01:45:17Z</time>
        <extensions>
          <gpxtpx:TrackPointExtension>
            <gpxtpx:hr>104</gpxtpx:hr>
          </gpxtpx:TrackPointExtension>
        </extensions>
      </trkpt>
      <trkpt lat="22.646989991847633" lon="107.60516721908756">
        <ele>95.42216926440597</ele>
        <time>2023-10-20T01:45:18Z</time>
        <extensions>
          <gpxtpx:TrackPointExtension>
            <gpxtpx:hr>104</gpxtpx:hr>
          </gpxtpx:TrackPointExtension>
        </extensions>
      </trkpt>
      <trkpt lat="22.64698941933307" lon="107.60516633910441">
        <ele>95.37312762998044</ele>
        <time>2023-10-20T01:45:19Z</time>
        <extensions>
          <gpxtpx:TrackPointExtension>
            <gpxtpx:hr>104</gpxtpx:hr>
          </gpxtpx:TrackPointExtension>
        </extensions>
      </trkpt>
      <trkpt lat="22.646989146452697" lon="107.60516571945965">
        <ele>95.32621673960239</ele>
        <time>2023-10-20T01:45:20Z</time>
        <extensions>
          <gpxtpx:TrackPointExtension>
            <gpxtpx:hr>94</gpxtpx:hr>
          </gpxtpx:TrackPointExtension>
        </extensions>
      </trkpt>
      <trkpt lat="22.646988943096325" lon="107.60516531198343">
        <ele>95.28632424399257</ele>
        <time>2023-10-20T01:45:21Z</time>
        <extensions>
          <gpxtpx:TrackPointExtension>
            <gpxtpx:hr>94</gpxtpx:hr>
          </gpxtpx:TrackPointExtension>
        </extensions>
      </trkpt>
      <trkpt lat="22.646988693541648" lon="107.60516507065844">
        <ele>95.25488205999136</ele>
        <time>2023-10-20T01:45:22Z</time>
        <extensions>
          <gpxtpx:TrackPointExtension>
            <gpxtpx:hr>94</gpxtpx:hr>
          </gpxtpx:TrackPointExtension>
        </extensions>
      </trkpt>
      <trkpt lat="22.646988309532702" lon="107.60516495955791">
        <ele>95.21334435231984</ele>
        <time>2023-10-20T01:45:23Z</time>
        <extensions>
          <gpxtpx:TrackPointExtension>
            <gpxtpx:hr>94</gpxtpx:hr>
          </gpxtpx:TrackPointExtension>
        </extensions>
      </trkpt>
      <trkpt lat="22.646987694661465" lon="107.6051649573079">
        <ele>95.172079378739</ele>
        <time>2023-10-20T01:45:24Z</time>
        <extensions>
          <gpxtpx:TrackPointExtension>
            <gpxtpx:hr>94</gpxtpx:hr>
          </gpxtpx:TrackPointExtension>
        </extensions>
      </trkpt>
      <trkpt lat="22.646986917623344" lon="107.60516501778216">
        <ele>95.14719858206809</ele>
        <time>2023-10-20T01:45:25Z</time>
        <extensions>
          <gpxtpx:TrackPointExtension>
            <gpxtpx:hr>94</gpxtpx:hr>
          </gpxtpx:TrackPointExtension>
        </extensions>
      </trkpt>
      <trkpt lat="22.64698625849916" lon="107.60516513682315">
        <ele>95.12913561612368</ele>
        <time>2023-10-20T01:45:26Z</time>
        <extensions>
          <gpxtpx:TrackPointExtension>
            <gpxtpx:hr>94</gpxtpx:hr>
          </gpxtpx:TrackPointExtension>
        </extensions>
      </trkpt>
      <trkpt lat="22.646985778603636" lon="107.60516532328839">
        <ele>95.12151607405394</ele>
        <time>2023-10-20T01:45:27Z</time>
        <extensions>
          <gpxtpx:TrackPointExtension>
            <gpxtpx:hr>89</gpxtpx:hr>
          </gpxtpx:TrackPointExtension>
        </extensions>
      </trkpt>
      <trkpt lat="22.64698546584132" lon="107.60516556481379">
        <ele>95.10860922560096</ele>
        <time>2023-10-20T01:45:28Z</time>
        <extensions>
          <gpxtpx:TrackPointExtension>
            <gpxtpx:hr>89</gpxtpx:hr>
          </gpxtpx:TrackPointExtension>
        </extensions>
      </trkpt>
      <trkpt lat="22.646985357344878" lon="107.60516576013354">
        <ele>95.09816791396588</ele>
        <time>2023-10-20T01:45:29Z</time>
        <extensions>
          <gpxtpx:TrackPointExtension>
            <gpxtpx:hr>89</gpxtpx:hr>
          </gpxtpx:TrackPointExtension>
        </extensions>
      </trkpt>
      <trkpt lat="22.64698539249183" lon="107.60516584197163">
        <ele>95.09083226602525</ele>
        <time>2023-10-20T01:45:30Z</time>
        <extensions>
          <gpxtpx:TrackPointExtension>
            <gpxtpx:hr>89</gpxtpx:hr>
          </gpxtpx:TrackPointExtension>
        </extensions>
      </trkpt>
      <trkpt lat="22.646985323936704" lon="107.60516576620948">
        <ele>95.07495997007936</ele>
        <time>2023-10-20T01:45:31Z</time>
        <extensions>
          <gpxtpx:TrackPointExtension>
            <gpxtpx:hr>89</gpxtpx:hr>
          </gpxtpx:TrackPointExtension>
        </extensions>
      </trkpt>
      <trkpt lat="22.646984959496184" lon="107.60516545205395">
        <ele>95.05885701812804</ele>
        <time>2023-10-20T01:45:32Z</time>
        <extensions>
          <gpxtpx:TrackPointExtension>
            <gpxtpx:hr>85</gpxtpx:hr>
          </gpxtpx:TrackPointExtension>
        </extensions>
      </trkpt>
      <trkpt lat="22.64698451119532" lon="107.60516479335784">
        <ele>95.03209648374468</ele>
        <time>2023-10-20T01:45:33Z</time>
        <extensions>
          <gpxtpx:TrackPointExtension>
            <gpxtpx:hr>85</gpxtpx:hr>
          </gpxtpx:TrackPointExtension>
        </extensions>
      </trkpt>
      <trkpt lat="22.646984260462958" lon="107.60516381516953">
        <ele>95.00658247992396</ele>
        <time>2023-10-20T01:45:34Z</time>
        <extensions>
          <gpxtpx:TrackPointExtension>
            <gpxtpx:hr>85</gpxtpx:hr>
          </gpxtpx:TrackPointExtension>
        </extensions>
      </trkpt>
      <trkpt lat="22.64698398344349" lon="107.60516272875067">
        <ele>94.96487464103848</ele>
        <time>2023-10-20T01:45:35Z</time>
        <extensions>
          <gpxtpx:TrackPointExtension>
            <gpxtpx:hr>85</gpxtpx:hr>
          </gpxtpx:TrackPointExtension>
        </extensions>
      </trkpt>
      <trkpt lat="22.646983371380195" lon="107.60516178181459">
        <ele>94.92775502242148</ele>
        <time>2023-10-20T01:45:36Z</time>
        <extensions>
          <gpxtpx:TrackPointExtension>
            <gpxtpx:hr>84</gpxtpx:hr>
          </gpxtpx:TrackPointExtension>
        </extensions>
      </trkpt>
      <trkpt lat="22.64698255411349" lon="107.60516109121711">
        <ele>94.88773452304304</ele>
        <time>2023-10-20T01:45:37Z</time>
        <extensions>
          <gpxtpx:TrackPointExtension>
            <gpxtpx:hr>84</gpxtpx:hr>
          </gpxtpx:TrackPointExtension>
        </extensions>
      </trkpt>
      <trkpt lat="22.646981709870794" lon="107.60516068707251">
        <ele>94.8454330181703</ele>
        <time>2023-10-20T01:45:38Z</time>
        <extensions>
          <gpxtpx:TrackPointExtension>
            <gpxtpx:hr>84</gpxtpx:hr>
          </gpxtpx:TrackPointExtension>
        </extensions>
      </trkpt>
      <trkpt lat="22.646981218540752" lon="107.60516044069098">
        <ele>94.79748448729515</ele>
        <time>2023-10-20T01:45:39Z</time>
        <extensions>
          <gpxtpx:TrackPointExtension>
            <gpxtpx:hr>84</gpxtpx:hr>
          </gpxtpx:TrackPointExtension>
        </extensions>
      </trkpt>
      <trkpt lat="22.64698121112093" lon="107.60516026012421">
        <ele>94.74632563069463</ele>
        <time>2023-10-20T01:45:40Z</time>
        <extensions>
          <gpxtpx:TrackPointExtension>
            <gpxtpx:hr>84</gpxtpx:hr>
          </gpxtpx:TrackPointExtension>
        </extensions>
      </trkpt>
      <trkpt lat="22.646981306269893" lon="107.60516015888422">
        <ele>94.69096978195012</ele>
        <time>2023-10-20T01:45:41Z</time>
        <extensions>
          <gpxtpx:TrackPointExtension>
            <gpxtpx:hr>84</gpxtpx:hr>
          </gpxtpx:TrackPointExtension>
        </extensions>
      </trkpt>
      <trkpt lat="22.646981317421652" lon="107.60516011299465">
        <ele>94.6343135368079</ele>
        <time>2023-10-20T01:45:42Z</time>
        <extensions>
          <gpxtpx:TrackPointExtension>
            <gpxtpx:hr>84</gpxtpx:hr>
          </gpxtpx:TrackPointExtension>
        </extensions>
      </trkpt>
      <trkpt lat="22.646981155649897" lon="107.60516009488214">
        <ele>94.57533274870366</ele>
        <time>2023-10-20T01:45:43Z</time>
        <extensions>
          <gpxtpx:TrackPointExtension>
            <gpxtpx:hr>84</gpxtpx:hr>
          </gpxtpx:TrackPointExtension>
        </extensions>
      </trkpt>
      <trkpt lat="22.646980824479925" lon="107.60516012633552">
        <ele>94.51711806282401</ele>
        <time>2023-10-20T01:45:44Z</time>
        <extensions>
          <gpxtpx:TrackPointExtension>
            <gpxtpx:hr>85</gpxtpx:hr>
          </gpxtpx:TrackPointExtension>
        </extensions>
      </trkpt>
      <trkpt lat="22.64698038528035" lon="107.60516032475924">
        <ele>94.46064482536167</ele>
        <time>2023-10-20T01:45:45Z</time>
        <extensions>
          <gpxtpx:TrackPointExtension>
            <gpxtpx:hr>85</gpxtpx:hr>
          </gpxtpx:TrackPointExtension>
        </extensions>
      </trkpt>
      <trkpt lat="22.646980118398055" lon="107.60516068839608">
        <ele>94.4066636795178</ele>
        <time>2023-10-20T01:45:46Z</time>
        <extensions>
          <gpxtpx:TrackPointExtension>
            <gpxtpx:hr>85</gpxtpx:hr>
          </gpxtpx:TrackPointExtension>
        </extensions>
      </trkpt>
      <trkpt lat="22.646980233084157" lon="107.60516111707793">
        <ele>94.35562808811665</ele>
        <time>2023-10-20T01:45:47Z</time>
        <extensions>
          <gpxtpx:TrackPointExtension>
            <gpxtpx:hr>85</gpxtpx:hr>
          </gpxtpx:TrackPointExtension>
        </extensions>
      </trkpt>
      <trkpt lat="22.646980565793605" lon="107.60516163141736">
        <ele>94.30777636077255</ele>
        <time>2023-10-20T01:45:48Z</time>
        <extensions>
          <gpxtpx:TrackPointExtension>
            <gpxtpx:hr>83</gpxtpx:hr>
          </gpxtpx:TrackPointExtension>
        </extensions>
      </trkpt>
      <trkpt lat="22.646980822899366" lon="107.60516222805843">
        <ele>94.25365715194494</ele>
        <time>2023-10-20T01:45:49Z</time>
        <extensions>
          <gpxtpx:TrackPointExtension>
            <gpxtpx:hr>83</gpxtpx:hr>
          </gpxtpx:TrackPointExtension>
        </extensions>
      </trkpt>
      <trkpt lat="22.646981018583734" lon="107.60516283812117">
        <ele>94.20239827595651</ele>
        <time>2023-10-20T01:45:50Z</time>
        <extensions>
          <gpxtpx:TrackPointExtension>
            <gpxtpx:hr>83</gpxtpx:hr>
          </gpxtpx:TrackPointExtension>
        </extensions>
      </trkpt>
      <trkpt lat="22.646981197043353" lon="107.60516329486252">
        <ele>94.15233410336077</ele>
        <time>2023-10-20T01:45:51Z</time>
        <extensions>
          <gpxtpx:TrackPointExtension>
            <gpxtpx:hr>83</gpxtpx:hr>
          </gpxtpx:TrackPointExtension>
        </extensions>
      </trkpt>
      <trkpt lat="22.646981272493704" lon="107.60516360315845">
        <ele>94.10164102818817</ele>
        <time>2023-10-20T01:45:52Z</time>
        <extensions>
          <gpxtpx:TrackPointExtension>
            <gpxtpx:hr>83</gpxtpx:hr>
          </gpxtpx:TrackPointExtension>
        </extensions>
      </trkpt>
      <trkpt lat="22.646981263807128" lon="107.60516358923421">
        <ele>93.99931077379733</ele>
        <time>2023-10-20T01:45:54Z</time>
        <extensions>
          <gpxtpx:TrackPointExtension>
            <gpxtpx:hr>84</gpxtpx:hr>
          </gpxtpx:TrackPointExtension>
        </extensions>
      </trkpt>
      <trkpt lat="22.646981139830064" lon="107.60516324871655">
        <ele>93.94325196929276</ele>
        <time>2023-10-20T01:45:55Z</time>
        <extensions>
          <gpxtpx:TrackPointExtension>
            <gpxtpx:hr>84</gpxtpx:hr>
          </gpxtpx:TrackPointExtension>
        </extensions>
      </trkpt>
      <trkpt lat="22.646980850661947" lon="107.60516262358954">
        <ele>93.90045531094074</ele>
        <time>2023-10-20T01:45:56Z</time>
        <extensions>
          <gpxtpx:TrackPointExtension>
            <gpxtpx:hr>84</gpxtpx:hr>
          </gpxtpx:TrackPointExtension>
        </extensions>
      </trkpt>
      <trkpt lat="22.64698035246297" lon="107.60516165848404">
        <ele>93.86628807149827</ele>
        <time>2023-10-20T01:45:57Z</time>
        <extensions>
          <gpxtpx:TrackPointExtension>
            <gpxtpx:hr>84</gpxtpx:hr>
          </gpxtpx:TrackPointExtension>
        </extensions>
      </trkpt>
      <trkpt lat="22.646979621490164" lon="107.6051604098134">
        <ele>93.83699736557901</ele>
        <time>2023-10-20T01:45:58Z</time>
        <extensions>
          <gpxtpx:TrackPointExtension>
            <gpxtpx:hr>84</gpxtpx:hr>
          </gpxtpx:TrackPointExtension>
        </extensions>
      </trkpt>
      <trkpt lat="22.6469786889319" lon="107.60515902854448">
        <ele>93.81431429646909</ele>
        <time>2023-10-20T01:45:59Z</time>
        <extensions>
          <gpxtpx:TrackPointExtension>
            <gpxtpx:hr>84</gpxtpx:hr>
          </gpxtpx:TrackPointExtension>
        </extensions>
      </trkpt>
      <trkpt lat="22.64697764447275" lon="107.6051577137096">
        <ele>93.80776736233383</ele>
        <time>2023-10-20T01:46:00Z</time>
        <extensions>
          <gpxtpx:TrackPointExtension>
            <gpxtpx:hr>80</gpxtpx:hr>
          </gpxtpx:TrackPointExtension>
        </extensions>
      </trkpt>
      <trkpt lat="22.646976553806038" lon="107.60515661469583">
        <ele>93.81255347561091</ele>
        <time>2023-10-20T01:46:01Z</time>
        <extensions>
          <gpxtpx:TrackPointExtension>
            <gpxtpx:hr>80</gpxtpx:hr>
          </gpxtpx:TrackPointExtension>
        </extensions>
      </trkpt>
      <trkpt lat="22.646975431133566" lon="107.60515575315073">
        <ele>93.82679283991456</ele>
        <time>2023-10-20T01:46:02Z</time>
        <extensions>
          <gpxtpx:TrackPointExtension>
            <gpxtpx:hr>80</gpxtpx:hr>
          </gpxtpx:TrackPointExtension>
        </extensions>
      </trkpt>
      <trkpt lat="22.64697438308589" lon="107.60515501906448">
        <ele>93.855424487032</ele>
        <time>2023-10-20T01:46:03Z</time>
        <extensions>
          <gpxtpx:TrackPointExtension>
            <gpxtpx:hr>80</gpxtpx:hr>
          </gpxtpx:TrackPointExtension>
        </extensions>
      </trkpt>
      <trkpt lat="22.646973577898482" lon="107.60515429463726">
        <ele>93.89255223423243</ele>
        <time>2023-10-20T01:46:04Z</time>
        <extensions>
          <gpxtpx:TrackPointExtension>
            <gpxtpx:hr>80</gpxtpx:hr>
          </gpxtpx:TrackPointExtension>
        </extensions>
      </trkpt>
      <trkpt lat="22.646973185151335" lon="107.60515352484228">
        <ele>93.93824426922947</ele>
        <time>2023-10-20T01:46:05Z</time>
        <extensions>
          <gpxtpx:TrackPointExtension>
            <gpxtpx:hr>81</gpxtpx:hr>
          </gpxtpx:TrackPointExtension>
        </extensions>
      </trkpt>
      <trkpt lat="22.64697319506579" lon="107.60515258276264">
        <ele>93.98913860972971</ele>
        <time>2023-10-20T01:46:06Z</time>
        <extensions>
          <gpxtpx:TrackPointExtension>
            <gpxtpx:hr>81</gpxtpx:hr>
          </gpxtpx:TrackPointExtension>
        </extensions>
      </trkpt>
      <trkpt lat="22.646973415942902" lon="107.60515138393394">
        <ele>94.04484212677926</ele>
        <time>2023-10-20T01:46:07Z</time>
        <extensions>
          <gpxtpx:TrackPointExtension>
            <gpxtpx:hr>81</gpxtpx:hr>
          </gpxtpx:TrackPointExtension>
        </extensions>
      </trkpt>
      <trkpt lat="22.646973754710753" lon="107.60514990711582">
        <ele>94.10204214323312</ele>
        <time>2023-10-20T01:46:08Z</time>
        <extensions>
          <gpxtpx:TrackPointExtension>
            <gpxtpx:hr>83</gpxtpx:hr>
          </gpxtpx:TrackPointExtension>
        </extensions>
      </trkpt>
      <trkpt lat="22.646974213576904" lon="107.60514828009278">
        <ele>94.16185381636024</ele>
        <time>2023-10-20T01:46:09Z</time>
        <extensions>
          <gpxtpx:TrackPointExtension>
            <gpxtpx:hr>83</gpxtpx:hr>
          </gpxtpx:TrackPointExtension>
        </extensions>
      </trkpt>
      <trkpt lat="22.6469747822462" lon="107.6051468288919">
        <ele>94.21653993893415</ele>
        <time>2023-10-20T01:46:10Z</time>
        <extensions>
          <gpxtpx:TrackPointExtension>
            <gpxtpx:hr>83</gpxtpx:hr>
          </gpxtpx:TrackPointExtension>
        </extensions>
      </trkpt>
      <trkpt lat="22.646975392822" lon="107.60514579787876">
        <ele>94.26987977325916</ele>
        <time>2023-10-20T01:46:11Z</time>
        <extensions>
          <gpxtpx:TrackPointExtension>
            <gpxtpx:hr>83</gpxtpx:hr>
          </gpxtpx:TrackPointExtension>
        </extensions>
      </trkpt>
      <trkpt lat="22.646975936939352" lon="107.6051452530074">
        <ele>94.32005404122174</ele>
        <time>2023-10-20T01:46:12Z</time>
        <extensions>
          <gpxtpx:TrackPointExtension>
            <gpxtpx:hr>83</gpxtpx:hr>
          </gpxtpx:TrackPointExtension>
        </extensions>
      </trkpt>
      <trkpt lat="22.64697634016861" lon="107.60514508949164">
        <ele>94.36576300952584</ele>
        <time>2023-10-20T01:46:13Z</time>
        <extensions>
          <gpxtpx:TrackPointExtension>
            <gpxtpx:hr>83</gpxtpx:hr>
          </gpxtpx:TrackPointExtension>
        </extensions>
      </trkpt>
      <trkpt lat="22.64697663486098" lon="107.60514500580247">
        <ele>94.40603369101882</ele>
        <time>2023-10-20T01:46:14Z</time>
        <extensions>
          <gpxtpx:TrackPointExtension>
            <gpxtpx:hr>83</gpxtpx:hr>
          </gpxtpx:TrackPointExtension>
        </extensions>
      </trkpt>
      <trkpt lat="22.64697684684188" lon="107.6051448661657">
        <ele>94.43336854595691</ele>
        <time>2023-10-20T01:46:15Z</time>
        <extensions>
          <gpxtpx:TrackPointExtension>
            <gpxtpx:hr>88</gpxtpx:hr>
          </gpxtpx:TrackPointExtension>
        </extensions>
      </trkpt>
      <trkpt lat="22.646976928100933" lon="107.60514478526885">
        <ele>94.45277048740536</ele>
        <time>2023-10-20T01:46:16Z</time>
        <extensions>
          <gpxtpx:TrackPointExtension>
            <gpxtpx:hr>88</gpxtpx:hr>
          </gpxtpx:TrackPointExtension>
        </extensions>
      </trkpt>
      <trkpt lat="22.646976885087764" lon="107.6051446877004">
        <ele>94.46500392537564</ele>
        <time>2023-10-20T01:46:17Z</time>
        <extensions>
          <gpxtpx:TrackPointExtension>
            <gpxtpx:hr>88</gpxtpx:hr>
          </gpxtpx:TrackPointExtension>
        </extensions>
      </trkpt>
      <trkpt lat="22.64697673945658" lon="107.60514452870468">
        <ele>94.46928655542433</ele>
        <time>2023-10-20T01:46:18Z</time>
        <extensions>
          <gpxtpx:TrackPointExtension>
            <gpxtpx:hr>88</gpxtpx:hr>
          </gpxtpx:TrackPointExtension>
        </extensions>
      </trkpt>
      <trkpt lat="22.646976488824883" lon="107.60514434932031">
        <ele>94.46726811025292</ele>
        <time>2023-10-20T01:46:19Z</time>
        <extensions>
          <gpxtpx:TrackPointExtension>
            <gpxtpx:hr>88</gpxtpx:hr>
          </gpxtpx:TrackPointExtension>
        </extensions>
      </trkpt>
      <trkpt lat="22.646976141661114" lon="107.60514424682916">
        <ele>94.45762948971242</ele>
        <time>2023-10-20T01:46:20Z</time>
        <extensions>
          <gpxtpx:TrackPointExtension>
            <gpxtpx:hr>88</gpxtpx:hr>
          </gpxtpx:TrackPointExtension>
        </extensions>
      </trkpt>
      <trkpt lat="22.64697579857105" lon="107.60514413899827">
        <ele>94.44297850225121</ele>
        <time>2023-10-20T01:46:21Z</time>
        <extensions>
          <gpxtpx:TrackPointExtension>
            <gpxtpx:hr>87</gpxtpx:hr>
          </gpxtpx:TrackPointExtension>
        </extensions>
      </trkpt>
      <trkpt lat="22.646975536034955" lon="107.60514394136557">
        <ele>94.42678290512413</ele>
        <time>2023-10-20T01:46:22Z</time>
        <extensions>
          <gpxtpx:TrackPointExtension>
            <gpxtpx:hr>87</gpxtpx:hr>
          </gpxtpx:TrackPointExtension>
        </extensions>
      </trkpt>
      <trkpt lat="22.646975302773775" lon="107.60514371323417">
        <ele>94.40761202666909</ele>
        <time>2023-10-20T01:46:23Z</time>
        <extensions>
          <gpxtpx:TrackPointExtension>
            <gpxtpx:hr>87</gpxtpx:hr>
          </gpxtpx:TrackPointExtension>
        </extensions>
      </trkpt>
      <trkpt lat="22.64697510275802" lon="107.60514350780234">
        <ele>94.38753644283861</ele>
        <time>2023-10-20T01:46:24Z</time>
        <extensions>
          <gpxtpx:TrackPointExtension>
            <gpxtpx:hr>87</gpxtpx:hr>
          </gpxtpx:TrackPointExtension>
        </extensions>
      </trkpt>
      <trkpt lat="22.646974920721966" lon="107.60514336980485">
        <ele>94.36641526129097</ele>
        <time>2023-10-20T01:46:25Z</time>
        <extensions>
          <gpxtpx:TrackPointExtension>
            <gpxtpx:hr>87</gpxtpx:hr>
          </gpxtpx:TrackPointExtension>
        </extensions>
      </trkpt>
      <trkpt lat="22.6469747652312" lon="107.60514335397987">
        <ele>94.34497384354472</ele>
        <time>2023-10-20T01:46:26Z</time>
        <extensions>
          <gpxtpx:TrackPointExtension>
            <gpxtpx:hr>83</gpxtpx:hr>
          </gpxtpx:TrackPointExtension>
        </extensions>
      </trkpt>
      <trkpt lat="22.64697465928038" lon="107.60514351453">
        <ele>94.32394025009125</ele>
        <time>2023-10-20T01:46:27Z</time>
        <extensions>
          <gpxtpx:TrackPointExtension>
            <gpxtpx:hr>83</gpxtpx:hr>
          </gpxtpx:TrackPointExtension>
        </extensions>
      </trkpt>
      <trkpt lat="22.64697464749782" lon="107.6051438407651">
        <ele>94.30871572252363</ele>
        <time>2023-10-20T01:46:28Z</time>
        <extensions>
          <gpxtpx:TrackPointExtension>
            <gpxtpx:hr>83</gpxtpx:hr>
          </gpxtpx:TrackPointExtension>
        </extensions>
      </trkpt>
      <trkpt lat="22.64697473297311" lon="107.60514425523411">
        <ele>94.2956709926948</ele>
        <time>2023-10-20T01:46:29Z</time>
        <extensions>
          <gpxtpx:TrackPointExtension>
            <gpxtpx:hr>83</gpxtpx:hr>
          </gpxtpx:TrackPointExtension>
        </extensions>
      </trkpt>
      <trkpt lat="22.646974927081523" lon="107.6051446950322">
        <ele>94.28514652326703</ele>
        <time>2023-10-20T01:46:30Z</time>
        <extensions>
          <gpxtpx:TrackPointExtension>
            <gpxtpx:hr>83</gpxtpx:hr>
          </gpxtpx:TrackPointExtension>
        </extensions>
      </trkpt>
      <trkpt lat="22.646975241997648" lon="107.6051451184292">
        <ele>94.27911270037293</ele>
        <time>2023-10-20T01:46:31Z</time>
        <extensions>
          <gpxtpx:TrackPointExtension>
            <gpxtpx:hr>87</gpxtpx:hr>
          </gpxtpx:TrackPointExtension>
        </extensions>
      </trkpt>
      <trkpt lat="22.64697566743805" lon="107.60514551610358">
        <ele>94.27610645163804</ele>
        <time>2023-10-20T01:46:32Z</time>
        <extensions>
          <gpxtpx:TrackPointExtension>
            <gpxtpx:hr>87</gpxtpx:hr>
          </gpxtpx:TrackPointExtension>
        </extensions>
      </trkpt>
      <trkpt lat="22.646976175156432" lon="107.60514586939328">
        <ele>94.27604653406888</ele>
        <time>2023-10-20T01:46:33Z</time>
        <extensions>
          <gpxtpx:TrackPointExtension>
            <gpxtpx:hr>87</gpxtpx:hr>
          </gpxtpx:TrackPointExtension>
        </extensions>
      </trkpt>
      <trkpt lat="22.64697673264016" lon="107.60514617538614">
        <ele>94.27962397690862</ele>
        <time>2023-10-20T01:46:34Z</time>
        <extensions>
          <gpxtpx:TrackPointExtension>
            <gpxtpx:hr>87</gpxtpx:hr>
          </gpxtpx:TrackPointExtension>
        </extensions>
      </trkpt>
      <trkpt lat="22.64697732087395" lon="107.60514640567771">
        <ele>94.2784077571705</ele>
        <time>2023-10-20T01:46:35Z</time>
        <extensions>
          <gpxtpx:TrackPointExtension>
            <gpxtpx:hr>87</gpxtpx:hr>
          </gpxtpx:TrackPointExtension>
        </extensions>
      </trkpt>
      <trkpt lat="22.646977959752043" lon="107.60514656150283">
        <ele>94.27928029093891</ele>
        <time>2023-10-20T01:46:36Z</time>
        <extensions>
          <gpxtpx:TrackPointExtension>
            <gpxtpx:hr>85</gpxtpx:hr>
          </gpxtpx:TrackPointExtension>
        </extensions>
      </trkpt>
      <trkpt lat="22.64697864722189" lon="107.60514666110889">
        <ele>94.27851300314069</ele>
        <time>2023-10-20T01:46:37Z</time>
        <extensions>
          <gpxtpx:TrackPointExtension>
            <gpxtpx:hr>85</gpxtpx:hr>
          </gpxtpx:TrackPointExtension>
        </extensions>
      </trkpt>
      <trkpt lat="22.646979338313518" lon="107.6051467339808">
        <ele>94.27853999845684</ele>
        <time>2023-10-20T01:46:38Z</time>
        <extensions>
          <gpxtpx:TrackPointExtension>
            <gpxtpx:hr>85</gpxtpx:hr>
          </gpxtpx:TrackPointExtension>
        </extensions>
      </trkpt>
      <trkpt lat="22.646979951255013" lon="107.60514675797985">
        <ele>94.2783508580178</ele>
        <time>2023-10-20T01:46:39Z</time>
        <extensions>
          <gpxtpx:TrackPointExtension>
            <gpxtpx:hr>85</gpxtpx:hr>
          </gpxtpx:TrackPointExtension>
        </extensions>
      </trkpt>
      <trkpt lat="22.646980416657687" lon="107.6051467550072">
        <ele>94.27754162810743</ele>
        <time>2023-10-20T01:46:40Z</time>
        <extensions>
          <gpxtpx:TrackPointExtension>
            <gpxtpx:hr>85</gpxtpx:hr>
          </gpxtpx:TrackPointExtension>
        </extensions>
      </trkpt>
      <trkpt lat="22.64698072802856" lon="107.6051467736074">
        <ele>94.27495256531984</ele>
        <time>2023-10-20T01:46:41Z</time>
        <extensions>
          <gpxtpx:TrackPointExtension>
            <gpxtpx:hr>85</gpxtpx:hr>
          </gpxtpx:TrackPointExtension>
        </extensions>
      </trkpt>
      <trkpt lat="22.646980901839427" lon="107.60514689914395">
        <ele>94.27016194537282</ele>
        <time>2023-10-20T01:46:42Z</time>
        <extensions>
          <gpxtpx:TrackPointExtension>
            <gpxtpx:hr>85</gpxtpx:hr>
          </gpxtpx:TrackPointExtension>
        </extensions>
      </trkpt>
      <trkpt lat="22.646980955975447" lon="107.60514722401939">
        <ele>94.26357553526759</ele>
        <time>2023-10-20T01:46:43Z</time>
        <extensions>
          <gpxtpx:TrackPointExtension>
            <gpxtpx:hr>86</gpxtpx:hr>
          </gpxtpx:TrackPointExtension>
        </extensions>
      </trkpt>
      <trkpt lat="22.646980899273654" lon="107.6051478713399">
        <ele>94.25546917784959</ele>
        <time>2023-10-20T01:46:44Z</time>
        <extensions>
          <gpxtpx:TrackPointExtension>
            <gpxtpx:hr>86</gpxtpx:hr>
          </gpxtpx:TrackPointExtension>
        </extensions>
      </trkpt>
      <trkpt lat="22.646980783039574" lon="107.60514882919564">
        <ele>94.2524966839701</ele>
        <time>2023-10-20T01:46:45Z</time>
        <extensions>
          <gpxtpx:TrackPointExtension>
            <gpxtpx:hr>86</gpxtpx:hr>
          </gpxtpx:TrackPointExtension>
        </extensions>
      </trkpt>
      <trkpt lat="22.646980674802812" lon="107.60514997593239">
        <ele>94.24939131177962</ele>
        <time>2023-10-20T01:46:46Z</time>
        <extensions>
          <gpxtpx:TrackPointExtension>
            <gpxtpx:hr>86</gpxtpx:hr>
          </gpxtpx:TrackPointExtension>
        </extensions>
      </trkpt>
      <trkpt lat="22.646980587455786" lon="107.60515107939585">
        <ele>94.24656007811427</ele>
        <time>2023-10-20T01:46:47Z</time>
        <extensions>
          <gpxtpx:TrackPointExtension>
            <gpxtpx:hr>86</gpxtpx:hr>
          </gpxtpx:TrackPointExtension>
        </extensions>
      </trkpt>
      <trkpt lat="22.646980552613556" lon="107.60515175019181">
        <ele>94.24431109707803</ele>
        <time>2023-10-20T01:46:48Z</time>
        <extensions>
          <gpxtpx:TrackPointExtension>
            <gpxtpx:hr>86</gpxtpx:hr>
          </gpxtpx:TrackPointExtension>
        </extensions>
      </trkpt>
      <trkpt lat="22.646980554953753" lon="107.60515191448215">
        <ele>94.24289734382182</ele>
        <time>2023-10-20T01:46:49Z</time>
        <extensions>
          <gpxtpx:TrackPointExtension>
            <gpxtpx:hr>92</gpxtpx:hr>
          </gpxtpx:TrackPointExtension>
        </extensions>
      </trkpt>
      <trkpt lat="22.64698053420385" lon="107.60515178949277">
        <ele>94.24250984285027</ele>
        <time>2023-10-20T01:46:50Z</time>
        <extensions>
          <gpxtpx:TrackPointExtension>
            <gpxtpx:hr>92</gpxtpx:hr>
          </gpxtpx:TrackPointExtension>
        </extensions>
      </trkpt>
      <trkpt lat="22.64698046070165" lon="107.6051515434666">
        <ele>94.24328537937254</ele>
        <time>2023-10-20T01:46:51Z</time>
        <extensions>
          <gpxtpx:TrackPointExtension>
            <gpxtpx:hr>92</gpxtpx:hr>
          </gpxtpx:TrackPointExtension>
        </extensions>
      </trkpt>
      <trkpt lat="22.64698031337376" lon="107.60515129213879">
        <ele>94.2453008890152</ele>
        <time>2023-10-20T01:46:52Z</time>
        <extensions>
          <gpxtpx:TrackPointExtension>
            <gpxtpx:hr>92</gpxtpx:hr>
          </gpxtpx:TrackPointExtension>
        </extensions>
      </trkpt>
      <trkpt lat="22.646980101950025" lon="107.6051510549805">
        <ele>94.2485529044643</ele>
        <time>2023-10-20T01:46:53Z</time>
        <extensions>
          <gpxtpx:TrackPointExtension>
            <gpxtpx:hr>92</gpxtpx:hr>
          </gpxtpx:TrackPointExtension>
        </extensions>
      </trkpt>
      <trkpt lat="22.646979846684992" lon="107.60515084466604">
        <ele>94.25293336063623</ele>
        <time>2023-10-20T01:46:54Z</time>
        <extensions>
          <gpxtpx:TrackPointExtension>
            <gpxtpx:hr>92</gpxtpx:hr>
          </gpxtpx:TrackPointExtension>
        </extensions>
      </trkpt>
      <trkpt lat="22.64697956378853" lon="107.60515070882467">
        <ele>94.25821362622082</ele>
        <time>2023-10-20T01:46:55Z</time>
        <extensions>
          <gpxtpx:TrackPointExtension>
            <gpxtpx:hr>89</gpxtpx:hr>
          </gpxtpx:TrackPointExtension>
        </extensions>
      </trkpt>
      <trkpt lat="22.646979312600525" lon="107.60515061471358">
        <ele>94.26408754941076</ele>
        <time>2023-10-20T01:46:56Z</time>
        <extensions>
          <gpxtpx:TrackPointExtension>
            <gpxtpx:hr>89</gpxtpx:hr>
          </gpxtpx:TrackPointExtension>
        </extensions>
      </trkpt>
      <trkpt lat="22.646979130297655" lon="107.6051505219235">
        <ele>94.27026555500925</ele>
        <time>2023-10-20T01:46:57Z</time>
        <extensions>
          <gpxtpx:TrackPointExtension>
            <gpxtpx:hr>89</gpxtpx:hr>
          </gpxtpx:TrackPointExtension>
        </extensions>
      </trkpt>
      <trkpt lat="22.64697900425116" lon="107.6051504467602">
        <ele>94.27651678305119</ele>
        <time>2023-10-20T01:46:58Z</time>
        <extensions>
          <gpxtpx:TrackPointExtension>
            <gpxtpx:hr>89</gpxtpx:hr>
          </gpxtpx:TrackPointExtension>
        </extensions>
      </trkpt>
      <trkpt lat="22.646978919632943" lon="107.60515039109487">
        <ele>94.28266118001193</ele>
        <time>2023-10-20T01:46:59Z</time>
        <extensions>
          <gpxtpx:TrackPointExtension>
            <gpxtpx:hr>89</gpxtpx:hr>
          </gpxtpx:TrackPointExtension>
        </extensions>
      </trkpt>
      <trkpt lat="22.64697886258166" lon="107.60515035104152">
        <ele>94.2885625436902</ele>
        <time>2023-10-20T01:47:00Z</time>
        <extensions>
          <gpxtpx:TrackPointExtension>
            <gpxtpx:hr>85</gpxtpx:hr>
          </gpxtpx:TrackPointExtension>
        </extensions>
      </trkpt>
      <trkpt lat="22.646978823633283" lon="107.60515032246524">
        <ele>94.29412239976227</ele>
        <time>2023-10-20T01:47:01Z</time>
        <extensions>
          <gpxtpx:TrackPointExtension>
            <gpxtpx:hr>85</gpxtpx:hr>
          </gpxtpx:TrackPointExtension>
        </extensions>
      </trkpt>
      <trkpt lat="22.64697879718487" lon="107.60515030247707">
        <ele>94.29927352815866</ele>
        <time>2023-10-20T01:47:02Z</time>
        <extensions>
          <gpxtpx:TrackPointExtension>
            <gpxtpx:hr>85</gpxtpx:hr>
          </gpxtpx:TrackPointExtension>
        </extensions>
      </trkpt>
      <trkpt lat="22.646978788759537" lon="107.60515037182105">
        <ele>94.31708578858525</ele>
        <time>2023-10-20T01:47:05Z</time>
        <extensions>
          <gpxtpx:TrackPointExtension>
            <gpxtpx:hr>87</gpxtpx:hr>
          </gpxtpx:TrackPointExtension>
        </extensions>
      </trkpt>
      <trkpt lat="22.646978804507032" lon="107.60515043987333">
        <ele>94.32346468698233</ele>
        <time>2023-10-20T01:47:06Z</time>
        <extensions>
          <gpxtpx:TrackPointExtension>
            <gpxtpx:hr>87</gpxtpx:hr>
          </gpxtpx:TrackPointExtension>
        </extensions>
      </trkpt>
      <trkpt lat="22.646978826594584" lon="107.60515056026911">
        <ele>94.32806485984474</ele>
        <time>2023-10-20T01:47:07Z</time>
        <extensions>
          <gpxtpx:TrackPointExtension>
            <gpxtpx:hr>87</gpxtpx:hr>
          </gpxtpx:TrackPointExtension>
        </extensions>
      </trkpt>
      <trkpt lat="22.64697886571703" lon="107.60515075660759">
        <ele>94.33234647661448</ele>
        <time>2023-10-20T01:47:08Z</time>
        <extensions>
          <gpxtpx:TrackPointExtension>
            <gpxtpx:hr>87</gpxtpx:hr>
          </gpxtpx:TrackPointExtension>
        </extensions>
      </trkpt>
      <trkpt lat="22.64697892717193" lon="107.60515105580598">
        <ele>94.33632802870125</ele>
        <time>2023-10-20T01:47:09Z</time>
        <extensions>
          <gpxtpx:TrackPointExtension>
            <gpxtpx:hr>87</gpxtpx:hr>
          </gpxtpx:TrackPointExtension>
        </extensions>
      </trkpt>
      <trkpt lat="22.646979026457835" lon="107.60515151338743">
        <ele>94.34428072161973</ele>
        <time>2023-10-20T01:47:10Z</time>
        <extensions>
          <gpxtpx:TrackPointExtension>
            <gpxtpx:hr>82</gpxtpx:hr>
          </gpxtpx:TrackPointExtension>
        </extensions>
      </trkpt>
      <trkpt lat="22.64697916432194" lon="107.60515217012997">
        <ele>94.35273895319551</ele>
        <time>2023-10-20T01:47:11Z</time>
        <extensions>
          <gpxtpx:TrackPointExtension>
            <gpxtpx:hr>82</gpxtpx:hr>
          </gpxtpx:TrackPointExtension>
        </extensions>
      </trkpt>
      <trkpt lat="22.64697934708159" lon="107.60515306781483">
        <ele>94.36155441962183</ele>
        <time>2023-10-20T01:47:12Z</time>
        <extensions>
          <gpxtpx:TrackPointExtension>
            <gpxtpx:hr>82</gpxtpx:hr>
          </gpxtpx:TrackPointExtension>
        </extensions>
      </trkpt>
      <trkpt lat="22.64697956671212" lon="107.60515421561523">
        <ele>94.37069734185934</ele>
        <time>2023-10-20T01:47:13Z</time>
        <extensions>
          <gpxtpx:TrackPointExtension>
            <gpxtpx:hr>82</gpxtpx:hr>
          </gpxtpx:TrackPointExtension>
        </extensions>
      </trkpt>
      <trkpt lat="22.646979792339266" lon="107.60515552284184">
        <ele>94.38214926607907</ele>
        <time>2023-10-20T01:47:14Z</time>
        <extensions>
          <gpxtpx:TrackPointExtension>
            <gpxtpx:hr>82</gpxtpx:hr>
          </gpxtpx:TrackPointExtension>
        </extensions>
      </trkpt>
      <trkpt lat="22.64697995986179" lon="107.60515679598478">
        <ele>94.3952844440937</ele>
        <time>2023-10-20T01:47:15Z</time>
        <extensions>
          <gpxtpx:TrackPointExtension>
            <gpxtpx:hr>82</gpxtpx:hr>
          </gpxtpx:TrackPointExtension>
        </extensions>
      </trkpt>
      <trkpt lat="22.646980051997883" lon="107.60515791315875">
        <ele>94.40868644788861</ele>
        <time>2023-10-20T01:47:16Z</time>
        <extensions>
          <gpxtpx:TrackPointExtension>
            <gpxtpx:hr>82</gpxtpx:hr>
          </gpxtpx:TrackPointExtension>
        </extensions>
      </trkpt>
      <trkpt lat="22.646980097229093" lon="107.60515886098479">
        <ele>94.42459389474243</ele>
        <time>2023-10-20T01:47:17Z</time>
        <extensions>
          <gpxtpx:TrackPointExtension>
            <gpxtpx:hr>82</gpxtpx:hr>
          </gpxtpx:TrackPointExtension>
        </extensions>
      </trkpt>
      <trkpt lat="22.646980148528552" lon="107.60515965891817">
        <ele>94.43827301077545</ele>
        <time>2023-10-20T01:47:18Z</time>
        <extensions>
          <gpxtpx:TrackPointExtension>
            <gpxtpx:hr>82</gpxtpx:hr>
          </gpxtpx:TrackPointExtension>
        </extensions>
      </trkpt>
      <trkpt lat="22.646980242522943" lon="107.60516036276714">
        <ele>94.45238788798451</ele>
        <time>2023-10-20T01:47:19Z</time>
        <extensions>
          <gpxtpx:TrackPointExtension>
            <gpxtpx:hr>82</gpxtpx:hr>
          </gpxtpx:TrackPointExtension>
        </extensions>
      </trkpt>
      <trkpt lat="22.64698037085423" lon="107.6051610256161">
        <ele>94.46484187059104</ele>
        <time>2023-10-20T01:47:20Z</time>
        <extensions>
          <gpxtpx:TrackPointExtension>
            <gpxtpx:hr>82</gpxtpx:hr>
          </gpxtpx:TrackPointExtension>
        </extensions>
      </trkpt>
      <trkpt lat="22.646980522911747" lon="107.60516152942964">
        <ele>94.47739917505533</ele>
        <time>2023-10-20T01:47:21Z</time>
        <extensions>
          <gpxtpx:TrackPointExtension>
            <gpxtpx:hr>78</gpxtpx:hr>
          </gpxtpx:TrackPointExtension>
        </extensions>
      </trkpt>
      <trkpt lat="22.646980698219362" lon="107.60516178126497">
        <ele>94.4882474951446</ele>
        <time>2023-10-20T01:47:22Z</time>
        <extensions>
          <gpxtpx:TrackPointExtension>
            <gpxtpx:hr>78</gpxtpx:hr>
          </gpxtpx:TrackPointExtension>
        </extensions>
      </trkpt>
      <trkpt lat="22.64698089272772" lon="107.6051618333653">
        <ele>94.49866492301226</ele>
        <time>2023-10-20T01:47:23Z</time>
        <extensions>
          <gpxtpx:TrackPointExtension>
            <gpxtpx:hr>78</gpxtpx:hr>
          </gpxtpx:TrackPointExtension>
        </extensions>
      </trkpt>
      <trkpt lat="22.646981096880094" lon="107.60516172106682">
        <ele>94.50803107954562</ele>
        <time>2023-10-20T01:47:24Z</time>
        <extensions>
          <gpxtpx:TrackPointExtension>
            <gpxtpx:hr>78</gpxtpx:hr>
          </gpxtpx:TrackPointExtension>
        </extensions>
      </trkpt>
      <trkpt lat="22.64698128802482" lon="107.60516148744568">
        <ele>94.51616816408932</ele>
        <time>2023-10-20T01:47:25Z</time>
        <extensions>
          <gpxtpx:TrackPointExtension>
            <gpxtpx:hr>78</gpxtpx:hr>
          </gpxtpx:TrackPointExtension>
        </extensions>
      </trkpt>
      <trkpt lat="22.646981445753834" lon="107.60516119527237">
        <ele>94.52294754143804</ele>
        <time>2023-10-20T01:47:26Z</time>
        <extensions>
          <gpxtpx:TrackPointExtension>
            <gpxtpx:hr>80</gpxtpx:hr>
          </gpxtpx:TrackPointExtension>
        </extensions>
      </trkpt>
      <trkpt lat="22.64698156904524" lon="107.60516088910654">
        <ele>94.51547458395362</ele>
        <time>2023-10-20T01:47:27Z</time>
        <extensions>
          <gpxtpx:TrackPointExtension>
            <gpxtpx:hr>80</gpxtpx:hr>
          </gpxtpx:TrackPointExtension>
        </extensions>
      </trkpt>
      <trkpt lat="22.64698162551712" lon="107.6051605891758">
        <ele>94.4936499055475</ele>
        <time>2023-10-20T01:47:28Z</time>
        <extensions>
          <gpxtpx:TrackPointExtension>
            <gpxtpx:hr>80</gpxtpx:hr>
          </gpxtpx:TrackPointExtension>
        </extensions>
      </trkpt>
      <trkpt lat="22.646981632756784" lon="107.6051602835993">
        <ele>94.46139950212091</ele>
        <time>2023-10-20T01:47:29Z</time>
        <extensions>
          <gpxtpx:TrackPointExtension>
            <gpxtpx:hr>80</gpxtpx:hr>
          </gpxtpx:TrackPointExtension>
        </extensions>
      </trkpt>
      <trkpt lat="22.646981584214018" lon="107.60515997483954">
        <ele>94.43052727263421</ele>
        <time>2023-10-20T01:47:30Z</time>
        <extensions>
          <gpxtpx:TrackPointExtension>
            <gpxtpx:hr>78</gpxtpx:hr>
          </gpxtpx:TrackPointExtension>
        </extensions>
      </trkpt>
      <trkpt lat="22.646981493556698" lon="107.60515969108188">
        <ele>94.40624555572867</ele>
        <time>2023-10-20T01:47:31Z</time>
        <extensions>
          <gpxtpx:TrackPointExtension>
            <gpxtpx:hr>78</gpxtpx:hr>
          </gpxtpx:TrackPointExtension>
        </extensions>
      </trkpt>
      <trkpt lat="22.646981368094632" lon="107.60515942702052">
        <ele>94.38118997309357</ele>
        <time>2023-10-20T01:47:32Z</time>
        <extensions>
          <gpxtpx:TrackPointExtension>
            <gpxtpx:hr>78</gpxtpx:hr>
          </gpxtpx:TrackPointExtension>
        </extensions>
      </trkpt>
      <trkpt lat="22.64698123933216" lon="107.60515915086003">
        <ele>94.34733392857015</ele>
        <time>2023-10-20T01:47:33Z</time>
        <extensions>
          <gpxtpx:TrackPointExtension>
            <gpxtpx:hr>78</gpxtpx:hr>
          </gpxtpx:TrackPointExtension>
        </extensions>
      </trkpt>
      <trkpt lat="22.646981119782286" lon="107.60515885209615">
        <ele>94.30595448799431</ele>
        <time>2023-10-20T01:47:34Z</time>
        <extensions>
          <gpxtpx:TrackPointExtension>
            <gpxtpx:hr>78</gpxtpx:hr>
          </gpxtpx:TrackPointExtension>
        </extensions>
      </trkpt>
      <trkpt lat="22.64698100226299" lon="107.60515849963406">
        <ele>94.2677974421531</ele>
        <time>2023-10-20T01:47:35Z</time>
        <extensions>
          <gpxtpx:TrackPointExtension>
            <gpxtpx:hr>78</gpxtpx:hr>
          </gpxtpx:TrackPointExtension>
        </extensions>
      </trkpt>
      <trkpt lat="22.646980838717433" lon="107.60515809132936">
        <ele>94.22544645518064</ele>
        <time>2023-10-20T01:47:36Z</time>
        <extensions>
          <gpxtpx:TrackPointExtension>
            <gpxtpx:hr>85</gpxtpx:hr>
          </gpxtpx:TrackPointExtension>
        </extensions>
      </trkpt>
      <trkpt lat="22.64698056221868" lon="107.60515759798929">
        <ele>94.1820592675358</ele>
        <time>2023-10-20T01:47:37Z</time>
        <extensions>
          <gpxtpx:TrackPointExtension>
            <gpxtpx:hr>85</gpxtpx:hr>
          </gpxtpx:TrackPointExtension>
        </extensions>
      </trkpt>
      <trkpt lat="22.646980116383663" lon="107.60515706121397">
        <ele>94.1393061419949</ele>
        <time>2023-10-20T01:47:38Z</time>
        <extensions>
          <gpxtpx:TrackPointExtension>
            <gpxtpx:hr>85</gpxtpx:hr>
          </gpxtpx:TrackPointExtension>
        </extensions>
      </trkpt>
      <trkpt lat="22.646979632709296" lon="107.6051564160781">
        <ele>94.0982280280441</ele>
        <time>2023-10-20T01:47:39Z</time>
        <extensions>
          <gpxtpx:TrackPointExtension>
            <gpxtpx:hr>85</gpxtpx:hr>
          </gpxtpx:TrackPointExtension>
        </extensions>
      </trkpt>
      <trkpt lat="22.646979227879445" lon="107.60515558696642">
        <ele>94.05950059369206</ele>
        <time>2023-10-20T01:47:40Z</time>
        <extensions>
          <gpxtpx:TrackPointExtension>
            <gpxtpx:hr>86</gpxtpx:hr>
          </gpxtpx:TrackPointExtension>
        </extensions>
      </trkpt>
      <trkpt lat="22.64697887916793" lon="107.60515464017244">
        <ele>94.02335819322616</ele>
        <time>2023-10-20T01:47:41Z</time>
        <extensions>
          <gpxtpx:TrackPointExtension>
            <gpxtpx:hr>86</gpxtpx:hr>
          </gpxtpx:TrackPointExtension>
        </extensions>
      </trkpt>
      <trkpt lat="22.646978626053052" lon="107.60515365509791">
        <ele>93.98977783787996</ele>
        <time>2023-10-20T01:47:42Z</time>
        <extensions>
          <gpxtpx:TrackPointExtension>
            <gpxtpx:hr>86</gpxtpx:hr>
          </gpxtpx:TrackPointExtension>
        </extensions>
      </trkpt>
      <trkpt lat="22.6469784742923" lon="107.60515271261842">
        <ele>93.9624202279374</ele>
        <time>2023-10-20T01:47:43Z</time>
        <extensions>
          <gpxtpx:TrackPointExtension>
            <gpxtpx:hr>86</gpxtpx:hr>
          </gpxtpx:TrackPointExtension>
        </extensions>
      </trkpt>
      <trkpt lat="22.64697844564262" lon="107.60515192940402">
        <ele>93.93846874590963</ele>
        <time>2023-10-20T01:47:44Z</time>
        <extensions>
          <gpxtpx:TrackPointExtension>
            <gpxtpx:hr>86</gpxtpx:hr>
          </gpxtpx:TrackPointExtension>
        </extensions>
      </trkpt>
      <trkpt lat="22.646978512848097" lon="107.60515136014516">
        <ele>93.91792085766792</ele>
        <time>2023-10-20T01:47:45Z</time>
        <extensions>
          <gpxtpx:TrackPointExtension>
            <gpxtpx:hr>90</gpxtpx:hr>
          </gpxtpx:TrackPointExtension>
        </extensions>
      </trkpt>
      <trkpt lat="22.64697864405956" lon="107.60515084015982">
        <ele>93.9006555583328</ele>
        <time>2023-10-20T01:47:46Z</time>
        <extensions>
          <gpxtpx:TrackPointExtension>
            <gpxtpx:hr>90</gpxtpx:hr>
          </gpxtpx:TrackPointExtension>
        </extensions>
      </trkpt>
      <trkpt lat="22.64697882137235" lon="107.60515010322752">
        <ele>93.88661677576602</ele>
        <time>2023-10-20T01:47:47Z</time>
        <extensions>
          <gpxtpx:TrackPointExtension>
            <gpxtpx:hr>90</gpxtpx:hr>
          </gpxtpx:TrackPointExtension>
        </extensions>
      </trkpt>
      <trkpt lat="22.646978956177332" lon="107.6051491193584">
        <ele>93.87571003753692</ele>
        <time>2023-10-20T01:47:48Z</time>
        <extensions>
          <gpxtpx:TrackPointExtension>
            <gpxtpx:hr>90</gpxtpx:hr>
          </gpxtpx:TrackPointExtension>
        </extensions>
      </trkpt>
      <trkpt lat="22.646978976207144" lon="107.60514790278555">
        <ele>93.8677764069289</ele>
        <time>2023-10-20T01:47:49Z</time>
        <extensions>
          <gpxtpx:TrackPointExtension>
            <gpxtpx:hr>90</gpxtpx:hr>
          </gpxtpx:TrackPointExtension>
        </extensions>
      </trkpt>
      <trkpt lat="22.646978852553246" lon="107.60514638867483">
        <ele>93.8625979134813</ele>
        <time>2023-10-20T01:47:50Z</time>
        <extensions>
          <gpxtpx:TrackPointExtension>
            <gpxtpx:hr>90</gpxtpx:hr>
          </gpxtpx:TrackPointExtension>
        </extensions>
      </trkpt>
      <trkpt lat="22.646978568058564" lon="107.6051444694986">
        <ele>93.85834534466267</ele>
        <time>2023-10-20T01:47:51Z</time>
        <extensions>
          <gpxtpx:TrackPointExtension>
            <gpxtpx:hr>90</gpxtpx:hr>
          </gpxtpx:TrackPointExtension>
        </extensions>
      </trkpt>
      <trkpt lat="22.64697814651781" lon="107.60514219381393">
        <ele>93.85614453349262</ele>
        <time>2023-10-20T01:47:52Z</time>
        <extensions>
          <gpxtpx:TrackPointExtension>
            <gpxtpx:hr>87</gpxtpx:hr>
          </gpxtpx:TrackPointExtension>
        </extensions>
      </trkpt>
      <trkpt lat="22.64697763168567" lon="107.60513969797668">
        <ele>93.85789338871837</ele>
        <time>2023-10-20T01:47:53Z</time>
        <extensions>
          <gpxtpx:TrackPointExtension>
            <gpxtpx:hr>87</gpxtpx:hr>
          </gpxtpx:TrackPointExtension>
        </extensions>
      </trkpt>
      <trkpt lat="22.646977136697526" lon="107.60513732099929">
        <ele>93.86115423962474</ele>
        <time>2023-10-20T01:47:54Z</time>
        <extensions>
          <gpxtpx:TrackPointExtension>
            <gpxtpx:hr>87</gpxtpx:hr>
          </gpxtpx:TrackPointExtension>
        </extensions>
      </trkpt>
      <trkpt lat="22.646976750743587" lon="107.60513536448207">
        <ele>93.86555415578187</ele>
        <time>2023-10-20T01:47:55Z</time>
        <extensions>
          <gpxtpx:TrackPointExtension>
            <gpxtpx:hr>87</gpxtpx:hr>
          </gpxtpx:TrackPointExtension>
        </extensions>
      </trkpt>
      <trkpt lat="22.64697646551476" lon="107.60513386594077">
        <ele>93.87078046891838</ele>
        <time>2023-10-20T01:47:56Z</time>
        <extensions>
          <gpxtpx:TrackPointExtension>
            <gpxtpx:hr>83</gpxtpx:hr>
          </gpxtpx:TrackPointExtension>
        </extensions>
      </trkpt>
      <trkpt lat="22.646976248640406" lon="107.60513270898663">
        <ele>93.87657753564417</ele>
        <time>2023-10-20T01:47:57Z</time>
        <extensions>
          <gpxtpx:TrackPointExtension>
            <gpxtpx:hr>83</gpxtpx:hr>
          </gpxtpx:TrackPointExtension>
        </extensions>
      </trkpt>
      <trkpt lat="22.6469760736204" lon="107.60513174568838">
        <ele>93.8859845539555</ele>
        <time>2023-10-20T01:47:58Z</time>
        <extensions>
          <gpxtpx:TrackPointExtension>
            <gpxtpx:hr>83</gpxtpx:hr>
          </gpxtpx:TrackPointExtension>
        </extensions>
      </trkpt>
      <trkpt lat="22.646975920638287" lon="107.60513091471971">
        <ele>93.89797057490796</ele>
        <time>2023-10-20T01:47:59Z</time>
        <extensions>
          <gpxtpx:TrackPointExtension>
            <gpxtpx:hr>83</gpxtpx:hr>
          </gpxtpx:TrackPointExtension>
        </extensions>
      </trkpt>
      <trkpt lat="22.64697576975856" lon="107.60513008454046">
        <ele>93.9108047215268</ele>
        <time>2023-10-20T01:48:00Z</time>
        <extensions>
          <gpxtpx:TrackPointExtension>
            <gpxtpx:hr>84</gpxtpx:hr>
          </gpxtpx:TrackPointExtension>
        </extensions>
      </trkpt>
      <trkpt lat="22.64697560504603" lon="107.60512913551882">
        <ele>93.92439850699157</ele>
        <time>2023-10-20T01:48:01Z</time>
        <extensions>
          <gpxtpx:TrackPointExtension>
            <gpxtpx:hr>84</gpxtpx:hr>
          </gpxtpx:TrackPointExtension>
        </extensions>
      </trkpt>
      <trkpt lat="22.646975446893265" lon="107.60512814053452">
        <ele>93.9386678962037</ele>
        <time>2023-10-20T01:48:02Z</time>
        <extensions>
          <gpxtpx:TrackPointExtension>
            <gpxtpx:hr>84</gpxtpx:hr>
          </gpxtpx:TrackPointExtension>
        </extensions>
      </trkpt>
      <trkpt lat="22.646975318005406" lon="107.60512722200868">
        <ele>93.95349887851626</ele>
        <time>2023-10-20T01:48:03Z</time>
        <extensions>
          <gpxtpx:TrackPointExtension>
            <gpxtpx:hr>84</gpxtpx:hr>
          </gpxtpx:TrackPointExtension>
        </extensions>
      </trkpt>
      <trkpt lat="22.646975223367527" lon="107.60512642958189">
        <ele>93.96874244417995</ele>
        <time>2023-10-20T01:48:04Z</time>
        <extensions>
          <gpxtpx:TrackPointExtension>
            <gpxtpx:hr>84</gpxtpx:hr>
          </gpxtpx:TrackPointExtension>
        </extensions>
      </trkpt>
      <trkpt lat="22.646975174412567" lon="107.60512574920809">
        <ele>93.99018885847181</ele>
        <time>2023-10-20T01:48:05Z</time>
        <extensions>
          <gpxtpx:TrackPointExtension>
            <gpxtpx:hr>84</gpxtpx:hr>
          </gpxtpx:TrackPointExtension>
        </extensions>
      </trkpt>
      <trkpt lat="22.646975157630557" lon="107.60512515129452">
        <ele>94.01473284512758</ele>
        <time>2023-10-20T01:48:06Z</time>
        <extensions>
          <gpxtpx:TrackPointExtension>
            <gpxtpx:hr>84</gpxtpx:hr>
          </gpxtpx:TrackPointExtension>
        </extensions>
      </trkpt>
      <trkpt lat="22.646975163406275" lon="107.6051246075453">
        <ele>94.04043186362833</ele>
        <time>2023-10-20T01:48:07Z</time>
        <extensions>
          <gpxtpx:TrackPointExtension>
            <gpxtpx:hr>84</gpxtpx:hr>
          </gpxtpx:TrackPointExtension>
        </extensions>
      </trkpt>
      <trkpt lat="22.646975182092685" lon="107.60512413979848">
        <ele>94.06938834302127</ele>
        <time>2023-10-20T01:48:08Z</time>
        <extensions>
          <gpxtpx:TrackPointExtension>
            <gpxtpx:hr>84</gpxtpx:hr>
          </gpxtpx:TrackPointExtension>
        </extensions>
      </trkpt>
      <trkpt lat="22.6469752305608" lon="107.60512373327464">
        <ele>94.09926485270262</ele>
        <time>2023-10-20T01:48:09Z</time>
        <extensions>
          <gpxtpx:TrackPointExtension>
            <gpxtpx:hr>84</gpxtpx:hr>
          </gpxtpx:TrackPointExtension>
        </extensions>
      </trkpt>
      <trkpt lat="22.64697534209582" lon="107.60512337047011">
        <ele>94.13323106989264</ele>
        <time>2023-10-20T01:48:10Z</time>
        <extensions>
          <gpxtpx:TrackPointExtension>
            <gpxtpx:hr>84</gpxtpx:hr>
          </gpxtpx:TrackPointExtension>
        </extensions>
      </trkpt>
      <trkpt lat="22.646975522816547" lon="107.60512306707096">
        <ele>94.16814743634313</ele>
        <time>2023-10-20T01:48:11Z</time>
        <extensions>
          <gpxtpx:TrackPointExtension>
            <gpxtpx:hr>84</gpxtpx:hr>
          </gpxtpx:TrackPointExtension>
        </extensions>
      </trkpt>
      <trkpt lat="22.64697578888485" lon="107.60512281552158">
        <ele>94.20378918293864</ele>
        <time>2023-10-20T01:48:12Z</time>
        <extensions>
          <gpxtpx:TrackPointExtension>
            <gpxtpx:hr>84</gpxtpx:hr>
          </gpxtpx:TrackPointExtension>
        </extensions>
      </trkpt>
      <trkpt lat="22.64697616215448" lon="107.60512259463306">
        <ele>94.23943995311856</ele>
        <time>2023-10-20T01:48:13Z</time>
        <extensions>
          <gpxtpx:TrackPointExtension>
            <gpxtpx:hr>84</gpxtpx:hr>
          </gpxtpx:TrackPointExtension>
        </extensions>
      </trkpt>
      <trkpt lat="22.646976638127445" lon="107.60512241124846">
        <ele>94.27408574987203</ele>
        <time>2023-10-20T01:48:14Z</time>
        <extensions>
          <gpxtpx:TrackPointExtension>
            <gpxtpx:hr>83</gpxtpx:hr>
          </gpxtpx:TrackPointExtension>
        </extensions>
      </trkpt>
      <trkpt lat="22.646977170239776" lon="107.60512230965925">
        <ele>94.30807882733643</ele>
        <time>2023-10-20T01:48:15Z</time>
        <extensions>
          <gpxtpx:TrackPointExtension>
            <gpxtpx:hr>83</gpxtpx:hr>
          </gpxtpx:TrackPointExtension>
        </extensions>
      </trkpt>
      <trkpt lat="22.646977693320945" lon="107.60512229238036">
        <ele>94.3417359534651</ele>
        <time>2023-10-20T01:48:16Z</time>
        <extensions>
          <gpxtpx:TrackPointExtension>
            <gpxtpx:hr>83</gpxtpx:hr>
          </gpxtpx:TrackPointExtension>
        </extensions>
      </trkpt>
      <trkpt lat="22.64697817972445" lon="107.60512231586723">
        <ele>94.38911328092217</ele>
        <time>2023-10-20T01:48:17Z</time>
        <extensions>
          <gpxtpx:TrackPointExtension>
            <gpxtpx:hr>83</gpxtpx:hr>
          </gpxtpx:TrackPointExtension>
        </extensions>
      </trkpt>
      <trkpt lat="22.64697862560322" lon="107.60512236830904">
        <ele>94.43534775730222</ele>
        <time>2023-10-20T01:48:18Z</time>
        <extensions>
          <gpxtpx:TrackPointExtension>
            <gpxtpx:hr>83</gpxtpx:hr>
          </gpxtpx:TrackPointExtension>
        </extensions>
      </trkpt>
      <trkpt lat="22.646979037316598" lon="107.60512241944193">
        <ele>94.4721883079037</ele>
        <time>2023-10-20T01:48:19Z</time>
        <extensions>
          <gpxtpx:TrackPointExtension>
            <gpxtpx:hr>83</gpxtpx:hr>
          </gpxtpx:TrackPointExtension>
        </extensions>
      </trkpt>
      <trkpt lat="22.646979416357027" lon="107.60512244413478">
        <ele>94.50681021343917</ele>
        <time>2023-10-20T01:48:20Z</time>
        <extensions>
          <gpxtpx:TrackPointExtension>
            <gpxtpx:hr>87</gpxtpx:hr>
          </gpxtpx:TrackPointExtension>
        </extensions>
      </trkpt>
      <trkpt lat="22.646979753405247" lon="107.60512240921855">
        <ele>94.53111413028091</ele>
        <time>2023-10-20T01:48:21Z</time>
        <extensions>
          <gpxtpx:TrackPointExtension>
            <gpxtpx:hr>87</gpxtpx:hr>
          </gpxtpx:TrackPointExtension>
        </extensions>
      </trkpt>
      <trkpt lat="22.64698003223108" lon="107.60512235847891">
        <ele>94.54934926237911</ele>
        <time>2023-10-20T01:48:22Z</time>
        <extensions>
          <gpxtpx:TrackPointExtension>
            <gpxtpx:hr>87</gpxtpx:hr>
          </gpxtpx:TrackPointExtension>
        </extensions>
      </trkpt>
      <trkpt lat="22.64698023536393" lon="107.60512236610565">
        <ele>94.56436862144619</ele>
        <time>2023-10-20T01:48:23Z</time>
        <extensions>
          <gpxtpx:TrackPointExtension>
            <gpxtpx:hr>87</gpxtpx:hr>
          </gpxtpx:TrackPointExtension>
        </extensions>
      </trkpt>
      <trkpt lat="22.646980321080274" lon="107.60512256519426">
        <ele>94.57219775673002</ele>
        <time>2023-10-20T01:48:24Z</time>
        <extensions>
          <gpxtpx:TrackPointExtension>
            <gpxtpx:hr>87</gpxtpx:hr>
          </gpxtpx:TrackPointExtension>
        </extensions>
      </trkpt>
      <trkpt lat="22.646980270103036" lon="107.60512302894972">
        <ele>94.56836173683405</ele>
        <time>2023-10-20T01:48:25Z</time>
        <extensions>
          <gpxtpx:TrackPointExtension>
            <gpxtpx:hr>87</gpxtpx:hr>
          </gpxtpx:TrackPointExtension>
        </extensions>
      </trkpt>
      <trkpt lat="22.646980095738886" lon="107.60512368645009">
        <ele>94.55509214382619</ele>
        <time>2023-10-20T01:48:26Z</time>
        <extensions>
          <gpxtpx:TrackPointExtension>
            <gpxtpx:hr>87</gpxtpx:hr>
          </gpxtpx:TrackPointExtension>
        </extensions>
      </trkpt>
      <trkpt lat="22.64697981452095" lon="107.60512439730631">
        <ele>94.53551588300616</ele>
        <time>2023-10-20T01:48:27Z</time>
        <extensions>
          <gpxtpx:TrackPointExtension>
            <gpxtpx:hr>87</gpxtpx:hr>
          </gpxtpx:TrackPointExtension>
        </extensions>
      </trkpt>
      <trkpt lat="22.64697934708774" lon="107.60512534705788">
        <ele>94.50933625362813</ele>
        <time>2023-10-20T01:48:28Z</time>
        <extensions>
          <gpxtpx:TrackPointExtension>
            <gpxtpx:hr>92</gpxtpx:hr>
          </gpxtpx:TrackPointExtension>
        </extensions>
      </trkpt>
      <trkpt lat="22.646978750930504" lon="107.60512637723482">
        <ele>94.47714557591826</ele>
        <time>2023-10-20T01:48:29Z</time>
        <extensions>
          <gpxtpx:TrackPointExtension>
            <gpxtpx:hr>92</gpxtpx:hr>
          </gpxtpx:TrackPointExtension>
        </extensions>
      </trkpt>
      <trkpt lat="22.646978218455143" lon="107.60512700041882">
        <ele>94.43964420631528</ele>
        <time>2023-10-20T01:48:30Z</time>
        <extensions>
          <gpxtpx:TrackPointExtension>
            <gpxtpx:hr>92</gpxtpx:hr>
          </gpxtpx:TrackPointExtension>
        </extensions>
      </trkpt>
      <trkpt lat="22.64697778376916" lon="107.60512723247065">
        <ele>94.39778331574053</ele>
        <time>2023-10-20T01:48:31Z</time>
        <extensions>
          <gpxtpx:TrackPointExtension>
            <gpxtpx:hr>92</gpxtpx:hr>
          </gpxtpx:TrackPointExtension>
        </extensions>
      </trkpt>
      <trkpt lat="22.64697740721766" lon="107.60512732826339">
        <ele>94.35265825036913</ele>
        <time>2023-10-20T01:48:32Z</time>
        <extensions>
          <gpxtpx:TrackPointExtension>
            <gpxtpx:hr>92</gpxtpx:hr>
          </gpxtpx:TrackPointExtension>
        </extensions>
      </trkpt>
      <trkpt lat="22.64697705664958" lon="107.60512744445265">
        <ele>94.30540434923023</ele>
        <time>2023-10-20T01:48:33Z</time>
        <extensions>
          <gpxtpx:TrackPointExtension>
            <gpxtpx:hr>93</gpxtpx:hr>
          </gpxtpx:TrackPointExtension>
        </extensions>
      </trkpt>
      <trkpt lat="22.64697679097874" lon="107.6051275262502">
        <ele>94.25714403390884</ele>
        <time>2023-10-20T01:48:34Z</time>
        <extensions>
          <gpxtpx:TrackPointExtension>
            <gpxtpx:hr>93</gpxtpx:hr>
          </gpxtpx:TrackPointExtension>
        </extensions>
      </trkpt>
      <trkpt lat="22.646976640399302" lon="107.60512756374217">
        <ele>94.19584046676755</ele>
        <time>2023-10-20T01:48:35Z</time>
        <extensions>
          <gpxtpx:TrackPointExtension>
            <gpxtpx:hr>93</gpxtpx:hr>
          </gpxtpx:TrackPointExtension>
        </extensions>
      </trkpt>
      <trkpt lat="22.646976570442472" lon="107.60512746319073">
        <ele>94.13381074368954</ele>
        <time>2023-10-20T01:48:36Z</time>
        <extensions>
          <gpxtpx:TrackPointExtension>
            <gpxtpx:hr>93</gpxtpx:hr>
          </gpxtpx:TrackPointExtension>
        </extensions>
      </trkpt>
      <trkpt lat="22.64697653258613" lon="107.6051272064648">
        <ele>94.07205805461854</ele>
        <time>2023-10-20T01:48:37Z</time>
        <extensions>
          <gpxtpx:TrackPointExtension>
            <gpxtpx:hr>93</gpxtpx:hr>
          </gpxtpx:TrackPointExtension>
        </extensions>
      </trkpt>
      <trkpt lat="22.646976473834986" lon="107.6051270056219">
        <ele>94.01117332931608</ele>
        <time>2023-10-20T01:48:38Z</time>
        <extensions>
          <gpxtpx:TrackPointExtension>
            <gpxtpx:hr>93</gpxtpx:hr>
          </gpxtpx:TrackPointExtension>
        </extensions>
      </trkpt>
      <trkpt lat="22.646976384955355" lon="107.60512691717521">
        <ele>93.95163733325899</ele>
        <time>2023-10-20T01:48:39Z</time>
        <extensions>
          <gpxtpx:TrackPointExtension>
            <gpxtpx:hr>93</gpxtpx:hr>
          </gpxtpx:TrackPointExtension>
        </extensions>
      </trkpt>
      <trkpt lat="22.646976265709533" lon="107.60512695193889">
        <ele>93.89750375412405</ele>
        <time>2023-10-20T01:48:40Z</time>
        <extensions>
          <gpxtpx:TrackPointExtension>
            <gpxtpx:hr>89</gpxtpx:hr>
          </gpxtpx:TrackPointExtension>
        </extensions>
      </trkpt>
      <trkpt lat="22.64697610913437" lon="107.60512710228772">
        <ele>93.84584546927363</ele>
        <time>2023-10-20T01:48:41Z</time>
        <extensions>
          <gpxtpx:TrackPointExtension>
            <gpxtpx:hr>89</gpxtpx:hr>
          </gpxtpx:TrackPointExtension>
        </extensions>
      </trkpt>
      <trkpt lat="22.64697590631868" lon="107.60512736969797">
        <ele>93.79686950426549</ele>
        <time>2023-10-20T01:48:42Z</time>
        <extensions>
          <gpxtpx:TrackPointExtension>
            <gpxtpx:hr>89</gpxtpx:hr>
          </gpxtpx:TrackPointExtension>
        </extensions>
      </trkpt>
      <trkpt lat="22.646975645445774" lon="107.60512775054251">
        <ele>93.75427867658436</ele>
        <time>2023-10-20T01:48:43Z</time>
        <extensions>
          <gpxtpx:TrackPointExtension>
            <gpxtpx:hr>89</gpxtpx:hr>
          </gpxtpx:TrackPointExtension>
        </extensions>
      </trkpt>
      <trkpt lat="22.646975326429907" lon="107.60512824246558">
        <ele>93.71520385332406</ele>
        <time>2023-10-20T01:48:44Z</time>
        <extensions>
          <gpxtpx:TrackPointExtension>
            <gpxtpx:hr>89</gpxtpx:hr>
          </gpxtpx:TrackPointExtension>
        </extensions>
      </trkpt>
      <trkpt lat="22.646974929708218" lon="107.60512885599762">
        <ele>93.67938839737326</ele>
        <time>2023-10-20T01:48:45Z</time>
        <extensions>
          <gpxtpx:TrackPointExtension>
            <gpxtpx:hr>89</gpxtpx:hr>
          </gpxtpx:TrackPointExtension>
        </extensions>
      </trkpt>
      <trkpt lat="22.646974497512403" lon="107.60512951006596">
        <ele>93.64787671808153</ele>
        <time>2023-10-20T01:48:46Z</time>
        <extensions>
          <gpxtpx:TrackPointExtension>
            <gpxtpx:hr>89</gpxtpx:hr>
          </gpxtpx:TrackPointExtension>
        </extensions>
      </trkpt>
      <trkpt lat="22.64697412306631" lon="107.60513006261618">
        <ele>93.62092432845384</ele>
        <time>2023-10-20T01:48:47Z</time>
        <extensions>
          <gpxtpx:TrackPointExtension>
            <gpxtpx:hr>87</gpxtpx:hr>
          </gpxtpx:TrackPointExtension>
        </extensions>
      </trkpt>
      <trkpt lat="22.646973824246274" lon="107.60513049920182">
        <ele>93.59993090387434</ele>
        <time>2023-10-20T01:48:48Z</time>
        <extensions>
          <gpxtpx:TrackPointExtension>
            <gpxtpx:hr>87</gpxtpx:hr>
          </gpxtpx:TrackPointExtension>
        </extensions>
      </trkpt>
      <trkpt lat="22.646973573966307" lon="107.60513086821304">
        <ele>93.58359303884208</ele>
        <time>2023-10-20T01:48:49Z</time>
        <extensions>
          <gpxtpx:TrackPointExtension>
            <gpxtpx:hr>87</gpxtpx:hr>
          </gpxtpx:TrackPointExtension>
        </extensions>
      </trkpt>
      <trkpt lat="22.64697332806669" lon="107.60513121652923">
        <ele>93.57016910612583</ele>
        <time>2023-10-20T01:48:50Z</time>
        <extensions>
          <gpxtpx:TrackPointExtension>
            <gpxtpx:hr>87</gpxtpx:hr>
          </gpxtpx:TrackPointExtension>
        </extensions>
      </trkpt>
      <trkpt lat="22.646973054151896" lon="107.60513156591416">
        <ele>93.56242041289806</ele>
        <time>2023-10-20T01:48:51Z</time>
        <extensions>
          <gpxtpx:TrackPointExtension>
            <gpxtpx:hr>86</gpxtpx:hr>
          </gpxtpx:TrackPointExtension>
        </extensions>
      </trkpt>
      <trkpt lat="22.646972739769737" lon="107.60513192678144">
        <ele>93.55815680604428</ele>
        <time>2023-10-20T01:48:52Z</time>
        <extensions>
          <gpxtpx:TrackPointExtension>
            <gpxtpx:hr>86</gpxtpx:hr>
          </gpxtpx:TrackPointExtension>
        </extensions>
      </trkpt>
      <trkpt lat="22.646972373941992" lon="107.60513235266463">
        <ele>93.55684929899871</ele>
        <time>2023-10-20T01:48:53Z</time>
        <extensions>
          <gpxtpx:TrackPointExtension>
            <gpxtpx:hr>86</gpxtpx:hr>
          </gpxtpx:TrackPointExtension>
        </extensions>
      </trkpt>
      <trkpt lat="22.646971973605158" lon="107.60513285763756">
        <ele>93.56129688769579</ele>
        <time>2023-10-20T01:48:54Z</time>
        <extensions>
          <gpxtpx:TrackPointExtension>
            <gpxtpx:hr>86</gpxtpx:hr>
          </gpxtpx:TrackPointExtension>
        </extensions>
      </trkpt>
      <trkpt lat="22.646971605929515" lon="107.60513324846923">
        <ele>93.57114254124463</ele>
        <time>2023-10-20T01:48:55Z</time>
        <extensions>
          <gpxtpx:TrackPointExtension>
            <gpxtpx:hr>86</gpxtpx:hr>
          </gpxtpx:TrackPointExtension>
        </extensions>
      </trkpt>
      <trkpt lat="22.646971299499253" lon="107.60513345008495">
        <ele>93.58313108887523</ele>
        <time>2023-10-20T01:48:56Z</time>
        <extensions>
          <gpxtpx:TrackPointExtension>
            <gpxtpx:hr>86</gpxtpx:hr>
          </gpxtpx:TrackPointExtension>
        </extensions>
      </trkpt>
      <trkpt lat="22.646971032207734" lon="107.60513358938246">
        <ele>93.59723605774343</ele>
        <time>2023-10-20T01:48:57Z</time>
        <extensions>
          <gpxtpx:TrackPointExtension>
            <gpxtpx:hr>86</gpxtpx:hr>
          </gpxtpx:TrackPointExtension>
        </extensions>
      </trkpt>
      <trkpt lat="22.646970811081086" lon="107.60513370069619">
        <ele>93.61453316733241</ele>
        <time>2023-10-20T01:48:58Z</time>
        <extensions>
          <gpxtpx:TrackPointExtension>
            <gpxtpx:hr>87</gpxtpx:hr>
          </gpxtpx:TrackPointExtension>
        </extensions>
      </trkpt>
      <trkpt lat="22.64697065719896" lon="107.60513378734619">
        <ele>93.63335088733584</ele>
        <time>2023-10-20T01:48:59Z</time>
        <extensions>
          <gpxtpx:TrackPointExtension>
            <gpxtpx:hr>87</gpxtpx:hr>
          </gpxtpx:TrackPointExtension>
        </extensions>
      </trkpt>
      <trkpt lat="22.646970586868964" lon="107.60513384403178">
        <ele>93.6534573212266</ele>
        <time>2023-10-20T01:49:00Z</time>
        <extensions>
          <gpxtpx:TrackPointExtension>
            <gpxtpx:hr>87</gpxtpx:hr>
          </gpxtpx:TrackPointExtension>
        </extensions>
      </trkpt>
      <trkpt lat="22.646970612450364" lon="107.60513384708933">
        <ele>93.67455422971398</ele>
        <time>2023-10-20T01:49:01Z</time>
        <extensions>
          <gpxtpx:TrackPointExtension>
            <gpxtpx:hr>87</gpxtpx:hr>
          </gpxtpx:TrackPointExtension>
        </extensions>
      </trkpt>
      <trkpt lat="22.646970749913933" lon="107.60513376806051">
        <ele>93.70301954168826</ele>
        <time>2023-10-20T01:49:02Z</time>
        <extensions>
          <gpxtpx:TrackPointExtension>
            <gpxtpx:hr>87</gpxtpx:hr>
          </gpxtpx:TrackPointExtension>
        </extensions>
      </trkpt>
      <trkpt lat="22.64697098994574" lon="107.60513362023364">
        <ele>93.7339672492817</ele>
        <time>2023-10-20T01:49:03Z</time>
        <extensions>
          <gpxtpx:TrackPointExtension>
            <gpxtpx:hr>87</gpxtpx:hr>
          </gpxtpx:TrackPointExtension>
        </extensions>
      </trkpt>
      <trkpt lat="22.64697130376188" lon="107.60513343197971">
        <ele>93.77273363992572</ele>
        <time>2023-10-20T01:49:04Z</time>
        <extensions>
          <gpxtpx:TrackPointExtension>
            <gpxtpx:hr>87</gpxtpx:hr>
          </gpxtpx:TrackPointExtension>
        </extensions>
      </trkpt>
      <trkpt lat="22.64697163179573" lon="107.60513320942097">
        <ele>93.80946451518685</ele>
        <time>2023-10-20T01:49:05Z</time>
        <extensions>
          <gpxtpx:TrackPointExtension>
            <gpxtpx:hr>80</gpxtpx:hr>
          </gpxtpx:TrackPointExtension>
        </extensions>
      </trkpt>
      <trkpt lat="22.646971957310683" lon="107.60513283118405">
        <ele>93.83895487897098</ele>
        <time>2023-10-20T01:49:06Z</time>
        <extensions>
          <gpxtpx:TrackPointExtension>
            <gpxtpx:hr>80</gpxtpx:hr>
          </gpxtpx:TrackPointExtension>
        </extensions>
      </trkpt>
      <trkpt lat="22.64697229534804" lon="107.60513227204359">
        <ele>93.87104501575232</ele>
        <time>2023-10-20T01:49:07Z</time>
        <extensions>
          <gpxtpx:TrackPointExtension>
            <gpxtpx:hr>80</gpxtpx:hr>
          </gpxtpx:TrackPointExtension>
        </extensions>
      </trkpt>
      <trkpt lat="22.64697263270413" lon="107.6051316613287">
        <ele>93.90341249015182</ele>
        <time>2023-10-20T01:49:08Z</time>
        <extensions>
          <gpxtpx:TrackPointExtension>
            <gpxtpx:hr>80</gpxtpx:hr>
          </gpxtpx:TrackPointExtension>
        </extensions>
      </trkpt>
      <trkpt lat="22.646972987049057" lon="107.60513102979141">
        <ele>93.92309751641005</ele>
        <time>2023-10-20T01:49:09Z</time>
        <extensions>
          <gpxtpx:TrackPointExtension>
            <gpxtpx:hr>80</gpxtpx:hr>
          </gpxtpx:TrackPointExtension>
        </extensions>
      </trkpt>
      <trkpt lat="22.64697338217318" lon="107.60513036224566">
        <ele>93.9373419424519</ele>
        <time>2023-10-20T01:49:10Z</time>
        <extensions>
          <gpxtpx:TrackPointExtension>
            <gpxtpx:hr>80</gpxtpx:hr>
          </gpxtpx:TrackPointExtension>
        </extensions>
      </trkpt>
      <trkpt lat="22.646973836302493" lon="107.60512967234224">
        <ele>93.94282262399793</ele>
        <time>2023-10-20T01:49:11Z</time>
        <extensions>
          <gpxtpx:TrackPointExtension>
            <gpxtpx:hr>81</gpxtpx:hr>
          </gpxtpx:TrackPointExtension>
        </extensions>
      </trkpt>
      <trkpt lat="22.646974354430657" lon="107.60512895884204">
        <ele>93.94645082578063</ele>
        <time>2023-10-20T01:49:12Z</time>
        <extensions>
          <gpxtpx:TrackPointExtension>
            <gpxtpx:hr>81</gpxtpx:hr>
          </gpxtpx:TrackPointExtension>
        </extensions>
      </trkpt>
      <trkpt lat="22.646974935727876" lon="107.60512820347655">
        <ele>93.94536757841706</ele>
        <time>2023-10-20T01:49:13Z</time>
        <extensions>
          <gpxtpx:TrackPointExtension>
            <gpxtpx:hr>81</gpxtpx:hr>
          </gpxtpx:TrackPointExtension>
        </extensions>
      </trkpt>
      <trkpt lat="22.646975582296626" lon="107.60512740051108">
        <ele>93.93941001407802</ele>
        <time>2023-10-20T01:49:14Z</time>
        <extensions>
          <gpxtpx:TrackPointExtension>
            <gpxtpx:hr>81</gpxtpx:hr>
          </gpxtpx:TrackPointExtension>
        </extensions>
      </trkpt>
      <trkpt lat="22.646976297195415" lon="107.60512657097824">
        <ele>93.92852872144431</ele>
        <time>2023-10-20T01:49:15Z</time>
        <extensions>
          <gpxtpx:TrackPointExtension>
            <gpxtpx:hr>79</gpxtpx:hr>
          </gpxtpx:TrackPointExtension>
        </extensions>
      </trkpt>
      <trkpt lat="22.64697706821022" lon="107.60512583293355">
        <ele>93.93200755584985</ele>
        <time>2023-10-20T01:49:16Z</time>
        <extensions>
          <gpxtpx:TrackPointExtension>
            <gpxtpx:hr>79</gpxtpx:hr>
          </gpxtpx:TrackPointExtension>
        </extensions>
      </trkpt>
      <trkpt lat="22.646977835498006" lon="107.60512540360723">
        <ele>93.93313365615904</ele>
        <time>2023-10-20T01:49:17Z</time>
        <extensions>
          <gpxtpx:TrackPointExtension>
            <gpxtpx:hr>79</gpxtpx:hr>
          </gpxtpx:TrackPointExtension>
        </extensions>
      </trkpt>
      <trkpt lat="22.646978525183904" lon="107.60512536058367">
        <ele>93.93355449847877</ele>
        <time>2023-10-20T01:49:18Z</time>
        <extensions>
          <gpxtpx:TrackPointExtension>
            <gpxtpx:hr>79</gpxtpx:hr>
          </gpxtpx:TrackPointExtension>
        </extensions>
      </trkpt>
      <trkpt lat="22.64697913080861" lon="107.60512564366104">
        <ele>93.93415202386677</ele>
        <time>2023-10-20T01:49:19Z</time>
        <extensions>
          <gpxtpx:TrackPointExtension>
            <gpxtpx:hr>80</gpxtpx:hr>
          </gpxtpx:TrackPointExtension>
        </extensions>
      </trkpt>
      <trkpt lat="22.6469796688617" lon="107.60512606585223">
        <ele>93.93007285520434</ele>
        <time>2023-10-20T01:49:20Z</time>
        <extensions>
          <gpxtpx:TrackPointExtension>
            <gpxtpx:hr>80</gpxtpx:hr>
          </gpxtpx:TrackPointExtension>
        </extensions>
      </trkpt>
      <trkpt lat="22.646980089698765" lon="107.60512628918255">
        <ele>93.92645571380854</ele>
        <time>2023-10-20T01:49:21Z</time>
        <extensions>
          <gpxtpx:TrackPointExtension>
            <gpxtpx:hr>80</gpxtpx:hr>
          </gpxtpx:TrackPointExtension>
        </extensions>
      </trkpt>
      <trkpt lat="22.646980362316167" lon="107.60512622360532">
        <ele>93.92460206523538</ele>
        <time>2023-10-20T01:49:22Z</time>
        <extensions>
          <gpxtpx:TrackPointExtension>
            <gpxtpx:hr>80</gpxtpx:hr>
          </gpxtpx:TrackPointExtension>
        </extensions>
      </trkpt>
      <trkpt lat="22.646980495396054" lon="107.6051260885086">
        <ele>93.92484591994435</ele>
        <time>2023-10-20T01:49:23Z</time>
        <extensions>
          <gpxtpx:TrackPointExtension>
            <gpxtpx:hr>80</gpxtpx:hr>
          </gpxtpx:TrackPointExtension>
        </extensions>
      </trkpt>
      <trkpt lat="22.646980537448215" lon="107.60512607892393">
        <ele>93.92720149736851</ele>
        <time>2023-10-20T01:49:24Z</time>
        <extensions>
          <gpxtpx:TrackPointExtension>
            <gpxtpx:hr>84</gpxtpx:hr>
          </gpxtpx:TrackPointExtension>
        </extensions>
      </trkpt>
      <trkpt lat="22.646980541719877" lon="107.60512631578734">
        <ele>93.93138363584876</ele>
        <time>2023-10-20T01:49:25Z</time>
        <extensions>
          <gpxtpx:TrackPointExtension>
            <gpxtpx:hr>84</gpxtpx:hr>
          </gpxtpx:TrackPointExtension>
        </extensions>
      </trkpt>
      <trkpt lat="22.646980618299548" lon="107.60512684662358">
        <ele>93.93056314438581</ele>
        <time>2023-10-20T01:49:26Z</time>
        <extensions>
          <gpxtpx:TrackPointExtension>
            <gpxtpx:hr>84</gpxtpx:hr>
          </gpxtpx:TrackPointExtension>
        </extensions>
      </trkpt>
      <trkpt lat="22.646980758138753" lon="107.60512744850571">
        <ele>93.92946966271847</ele>
        <time>2023-10-20T01:49:27Z</time>
        <extensions>
          <gpxtpx:TrackPointExtension>
            <gpxtpx:hr>84</gpxtpx:hr>
          </gpxtpx:TrackPointExtension>
        </extensions>
      </trkpt>
      <trkpt lat="22.646980942442685" lon="107.6051279354014">
        <ele>93.92754442431033</ele>
        <time>2023-10-20T01:49:28Z</time>
        <extensions>
          <gpxtpx:TrackPointExtension>
            <gpxtpx:hr>84</gpxtpx:hr>
          </gpxtpx:TrackPointExtension>
        </extensions>
      </trkpt>
      <trkpt lat="22.64698121794237" lon="107.60512838854376">
        <ele>93.92419734504074</ele>
        <time>2023-10-20T01:49:29Z</time>
        <extensions>
          <gpxtpx:TrackPointExtension>
            <gpxtpx:hr>84</gpxtpx:hr>
          </gpxtpx:TrackPointExtension>
        </extensions>
      </trkpt>
      <trkpt lat="22.646981600802665" lon="107.60512886272917">
        <ele>93.91527886502445</ele>
        <time>2023-10-20T01:49:30Z</time>
        <extensions>
          <gpxtpx:TrackPointExtension>
            <gpxtpx:hr>81</gpxtpx:hr>
          </gpxtpx:TrackPointExtension>
        </extensions>
      </trkpt>
      <trkpt lat="22.646982028129898" lon="107.6051292583766">
        <ele>93.90421397425234</ele>
        <time>2023-10-20T01:49:31Z</time>
        <extensions>
          <gpxtpx:TrackPointExtension>
            <gpxtpx:hr>81</gpxtpx:hr>
          </gpxtpx:TrackPointExtension>
        </extensions>
      </trkpt>
      <trkpt lat="22.646982454408075" lon="107.60512951191961">
        <ele>93.88849780894816</ele>
        <time>2023-10-20T01:49:32Z</time>
        <extensions>
          <gpxtpx:TrackPointExtension>
            <gpxtpx:hr>81</gpxtpx:hr>
          </gpxtpx:TrackPointExtension>
        </extensions>
      </trkpt>
      <trkpt lat="22.646982908014593" lon="107.60512966281117">
        <ele>93.87064891122282</ele>
        <time>2023-10-20T01:49:33Z</time>
        <extensions>
          <gpxtpx:TrackPointExtension>
            <gpxtpx:hr>81</gpxtpx:hr>
          </gpxtpx:TrackPointExtension>
        </extensions>
      </trkpt>
      <trkpt lat="22.646983417569274" lon="107.60512972695987">
        <ele>93.84999704919755</ele>
        <time>2023-10-20T01:49:34Z</time>
        <extensions>
          <gpxtpx:TrackPointExtension>
            <gpxtpx:hr>81</gpxtpx:hr>
          </gpxtpx:TrackPointExtension>
        </extensions>
      </trkpt>
      <trkpt lat="22.64698399320011" lon="107.60512972318017">
        <ele>93.82751386240125</ele>
        <time>2023-10-20T01:49:35Z</time>
        <extensions>
          <gpxtpx:TrackPointExtension>
            <gpxtpx:hr>81</gpxtpx:hr>
          </gpxtpx:TrackPointExtension>
        </extensions>
      </trkpt>
      <trkpt lat="22.646984617185307" lon="107.605129716869">
        <ele>93.80358552653342</ele>
        <time>2023-10-20T01:49:36Z</time>
        <extensions>
          <gpxtpx:TrackPointExtension>
            <gpxtpx:hr>81</gpxtpx:hr>
          </gpxtpx:TrackPointExtension>
        </extensions>
      </trkpt>
      <trkpt lat="22.646985281275608" lon="107.60512981022269">
        <ele>93.77866181079298</ele>
        <time>2023-10-20T01:49:37Z</time>
        <extensions>
          <gpxtpx:TrackPointExtension>
            <gpxtpx:hr>81</gpxtpx:hr>
          </gpxtpx:TrackPointExtension>
        </extensions>
      </trkpt>
      <trkpt lat="22.64698584895425" lon="107.60512998162115">
        <ele>93.75318573974073</ele>
        <time>2023-10-20T01:49:38Z</time>
        <extensions>
          <gpxtpx:TrackPointExtension>
            <gpxtpx:hr>81</gpxtpx:hr>
          </gpxtpx:TrackPointExtension>
        </extensions>
      </trkpt>
      <trkpt lat="22.646986200832476" lon="107.60513017102694">
        <ele>93.72757345996797</ele>
        <time>2023-10-20T01:49:39Z</time>
        <extensions>
          <gpxtpx:TrackPointExtension>
            <gpxtpx:hr>81</gpxtpx:hr>
          </gpxtpx:TrackPointExtension>
        </extensions>
      </trkpt>
      <trkpt lat="22.64698640956209" lon="107.60513041234401">
        <ele>93.70224529225379</ele>
        <time>2023-10-20T01:49:40Z</time>
        <extensions>
          <gpxtpx:TrackPointExtension>
            <gpxtpx:hr>76</gpxtpx:hr>
          </gpxtpx:TrackPointExtension>
        </extensions>
      </trkpt>
      <trkpt lat="22.646986542120928" lon="107.60513075616372">
        <ele>93.67762170545757</ele>
        <time>2023-10-20T01:49:41Z</time>
        <extensions>
          <gpxtpx:TrackPointExtension>
            <gpxtpx:hr>76</gpxtpx:hr>
          </gpxtpx:TrackPointExtension>
        </extensions>
      </trkpt>
      <trkpt lat="22.646986629746163" lon="107.6051312418896">
        <ele>93.65408689621836</ele>
        <time>2023-10-20T01:49:42Z</time>
        <extensions>
          <gpxtpx:TrackPointExtension>
            <gpxtpx:hr>76</gpxtpx:hr>
          </gpxtpx:TrackPointExtension>
        </extensions>
      </trkpt>
      <trkpt lat="22.646986687251335" lon="107.60513181256391">
        <ele>93.63196044322103</ele>
        <time>2023-10-20T01:49:43Z</time>
        <extensions>
          <gpxtpx:TrackPointExtension>
            <gpxtpx:hr>76</gpxtpx:hr>
          </gpxtpx:TrackPointExtension>
        </extensions>
      </trkpt>
      <trkpt lat="22.64698669700859" lon="107.60513225766181">
        <ele>93.61147820856422</ele>
        <time>2023-10-20T01:49:44Z</time>
        <extensions>
          <gpxtpx:TrackPointExtension>
            <gpxtpx:hr>76</gpxtpx:hr>
          </gpxtpx:TrackPointExtension>
        </extensions>
      </trkpt>
      <trkpt lat="22.646986663022588" lon="107.60513250592219">
        <ele>93.59279401693493</ele>
        <time>2023-10-20T01:49:45Z</time>
        <extensions>
          <gpxtpx:TrackPointExtension>
            <gpxtpx:hr>76</gpxtpx:hr>
          </gpxtpx:TrackPointExtension>
        </extensions>
      </trkpt>
      <trkpt lat="22.646986618829168" lon="107.6051326746952">
        <ele>93.57598899770528</ele>
        <time>2023-10-20T01:49:46Z</time>
        <extensions>
          <gpxtpx:TrackPointExtension>
            <gpxtpx:hr>76</gpxtpx:hr>
          </gpxtpx:TrackPointExtension>
        </extensions>
      </trkpt>
      <trkpt lat="22.646986575826112" lon="107.6051328039028">
        <ele>93.5610718159005</ele>
        <time>2023-10-20T01:49:47Z</time>
        <extensions>
          <gpxtpx:TrackPointExtension>
            <gpxtpx:hr>78</gpxtpx:hr>
          </gpxtpx:TrackPointExtension>
        </extensions>
      </trkpt>
      <trkpt lat="22.646986540318956" lon="107.60513289933904">
        <ele>93.54800000134856</ele>
        <time>2023-10-20T01:49:48Z</time>
        <extensions>
          <gpxtpx:TrackPointExtension>
            <gpxtpx:hr>78</gpxtpx:hr>
          </gpxtpx:TrackPointExtension>
        </extensions>
      </trkpt>
      <trkpt lat="22.646986513058046" lon="107.60513296835073">
        <ele>93.53669307380915</ele>
        <time>2023-10-20T01:49:49Z</time>
        <extensions>
          <gpxtpx:TrackPointExtension>
            <gpxtpx:hr>78</gpxtpx:hr>
          </gpxtpx:TrackPointExtension>
        </extensions>
      </trkpt>
      <trkpt lat="22.64698649292186" lon="107.605133017592">
        <ele>93.52704230789095</ele>
        <time>2023-10-20T01:49:50Z</time>
        <extensions>
          <gpxtpx:TrackPointExtension>
            <gpxtpx:hr>78</gpxtpx:hr>
          </gpxtpx:TrackPointExtension>
        </extensions>
      </trkpt>
      <trkpt lat="22.646986478381578" lon="107.6051330524164">
        <ele>93.51892214547843</ele>
        <time>2023-10-20T01:49:51Z</time>
        <extensions>
          <gpxtpx:TrackPointExtension>
            <gpxtpx:hr>78</gpxtpx:hr>
          </gpxtpx:TrackPointExtension>
        </extensions>
      </trkpt>
      <trkpt lat="22.646986468033315" lon="107.60513307688542">
        <ele>93.51219400856644</ele>
        <time>2023-10-20T01:49:52Z</time>
        <extensions>
          <gpxtpx:TrackPointExtension>
            <gpxtpx:hr>78</gpxtpx:hr>
          </gpxtpx:TrackPointExtension>
        </extensions>
      </trkpt>
      <trkpt lat="22.64698642907598" lon="107.60513319529088">
        <ele>93.44070135429502</ele>
        <time>2023-10-20T01:50:02Z</time>
        <extensions>
          <gpxtpx:TrackPointExtension>
            <gpxtpx:hr>77</gpxtpx:hr>
          </gpxtpx:TrackPointExtension>
        </extensions>
      </trkpt>
      <trkpt lat="22.64698640933126" lon="107.6051332757971">
        <ele>93.38188494835049</ele>
        <time>2023-10-20T01:50:03Z</time>
        <extensions>
          <gpxtpx:TrackPointExtension>
            <gpxtpx:hr>77</gpxtpx:hr>
          </gpxtpx:TrackPointExtension>
        </extensions>
      </trkpt>
      <trkpt lat="22.646986383711038" lon="107.60513338049628">
        <ele>93.31554662622511</ele>
        <time>2023-10-20T01:50:04Z</time>
        <extensions>
          <gpxtpx:TrackPointExtension>
            <gpxtpx:hr>77</gpxtpx:hr>
          </gpxtpx:TrackPointExtension>
        </extensions>
      </trkpt>
      <trkpt lat="22.64698634965949" lon="107.60513351985728">
        <ele>93.24164611194283</ele>
        <time>2023-10-20T01:50:05Z</time>
        <extensions>
          <gpxtpx:TrackPointExtension>
            <gpxtpx:hr>76</gpxtpx:hr>
          </gpxtpx:TrackPointExtension>
        </extensions>
      </trkpt>
      <trkpt lat="22.64698630374112" lon="107.6051337079482">
        <ele>93.16024673357606</ele>
        <time>2023-10-20T01:50:06Z</time>
        <extensions>
          <gpxtpx:TrackPointExtension>
            <gpxtpx:hr>76</gpxtpx:hr>
          </gpxtpx:TrackPointExtension>
        </extensions>
      </trkpt>
      <trkpt lat="22.646986241369746" lon="107.60513396355665">
        <ele>93.07158380933106</ele>
        <time>2023-10-20T01:50:07Z</time>
        <extensions>
          <gpxtpx:TrackPointExtension>
            <gpxtpx:hr>76</gpxtpx:hr>
          </gpxtpx:TrackPointExtension>
        </extensions>
      </trkpt>
      <trkpt lat="22.646986156975977" lon="107.6051343095046">
        <ele>92.97613891121</ele>
        <time>2023-10-20T01:50:08Z</time>
        <extensions>
          <gpxtpx:TrackPointExtension>
            <gpxtpx:hr>76</gpxtpx:hr>
          </gpxtpx:TrackPointExtension>
        </extensions>
      </trkpt>
      <trkpt lat="22.646986044781674" lon="107.6051347694732">
        <ele>92.87472052313387</ele>
        <time>2023-10-20T01:50:09Z</time>
        <extensions>
          <gpxtpx:TrackPointExtension>
            <gpxtpx:hr>76</gpxtpx:hr>
          </gpxtpx:TrackPointExtension>
        </extensions>
      </trkpt>
      <trkpt lat="22.64698590053266" lon="107.60513536089793">
        <ele>92.76855523791164</ele>
        <time>2023-10-20T01:50:10Z</time>
        <extensions>
          <gpxtpx:TrackPointExtension>
            <gpxtpx:hr>76</gpxtpx:hr>
          </gpxtpx:TrackPointExtension>
        </extensions>
      </trkpt>
      <trkpt lat="22.64698572741405" lon="107.60513607071297">
        <ele>92.65938538033515</ele>
        <time>2023-10-20T01:50:11Z</time>
        <extensions>
          <gpxtpx:TrackPointExtension>
            <gpxtpx:hr>76</gpxtpx:hr>
          </gpxtpx:TrackPointExtension>
        </extensions>
      </trkpt>
      <trkpt lat="22.646985543064762" lon="107.60513682658807">
        <ele>92.54957656469196</ele>
        <time>2023-10-20T01:50:12Z</time>
        <extensions>
          <gpxtpx:TrackPointExtension>
            <gpxtpx:hr>76</gpxtpx:hr>
          </gpxtpx:TrackPointExtension>
        </extensions>
      </trkpt>
      <trkpt lat="22.64698537443495" lon="107.60513751801437">
        <ele>92.44182816520333</ele>
        <time>2023-10-20T01:50:13Z</time>
        <extensions>
          <gpxtpx:TrackPointExtension>
            <gpxtpx:hr>76</gpxtpx:hr>
          </gpxtpx:TrackPointExtension>
        </extensions>
      </trkpt>
      <trkpt lat="22.646985237904893" lon="107.60513807782486">
        <ele>92.33848543744534</ele>
        <time>2023-10-20T01:50:14Z</time>
        <extensions>
          <gpxtpx:TrackPointExtension>
            <gpxtpx:hr>76</gpxtpx:hr>
          </gpxtpx:TrackPointExtension>
        </extensions>
      </trkpt>
      <trkpt lat="22.646985135004698" lon="107.60513849974431">
        <ele>92.24123597238213</ele>
        <time>2023-10-20T01:50:15Z</time>
        <extensions>
          <gpxtpx:TrackPointExtension>
            <gpxtpx:hr>76</gpxtpx:hr>
          </gpxtpx:TrackPointExtension>
        </extensions>
      </trkpt>
      <trkpt lat="22.646985060416032" lon="107.60513880557878">
        <ele>92.15122736617923</ele>
        <time>2023-10-20T01:50:16Z</time>
        <extensions>
          <gpxtpx:TrackPointExtension>
            <gpxtpx:hr>76</gpxtpx:hr>
          </gpxtpx:TrackPointExtension>
        </extensions>
      </trkpt>
      <trkpt lat="22.646984900104105" lon="107.60513914971615">
        <ele>92.1072496175766</ele>
        <time>2023-10-20T01:50:17Z</time>
        <extensions>
          <gpxtpx:TrackPointExtension>
            <gpxtpx:hr>76</gpxtpx:hr>
          </gpxtpx:TrackPointExtension>
        </extensions>
      </trkpt>
      <trkpt lat="22.64698476332927" lon="107.60513941278333">
        <ele>92.0735988682136</ele>
        <time>2023-10-20T01:50:18Z</time>
        <extensions>
          <gpxtpx:TrackPointExtension>
            <gpxtpx:hr>76</gpxtpx:hr>
          </gpxtpx:TrackPointExtension>
        </extensions>
      </trkpt>
      <trkpt lat="22.646984635012238" lon="107.605139631741">
        <ele>92.05640990659595</ele>
        <time>2023-10-20T01:50:19Z</time>
        <extensions>
          <gpxtpx:TrackPointExtension>
            <gpxtpx:hr>75</gpxtpx:hr>
          </gpxtpx:TrackPointExtension>
        </extensions>
      </trkpt>
      <trkpt lat="22.646984482675425" lon="107.60513985772292">
        <ele>92.05453334003687</ele>
        <time>2023-10-20T01:50:20Z</time>
        <extensions>
          <gpxtpx:TrackPointExtension>
            <gpxtpx:hr>75</gpxtpx:hr>
          </gpxtpx:TrackPointExtension>
        </extensions>
      </trkpt>
      <trkpt lat="22.646984308615476" lon="107.60514009528563">
        <ele>92.06616824585944</ele>
        <time>2023-10-20T01:50:21Z</time>
        <extensions>
          <gpxtpx:TrackPointExtension>
            <gpxtpx:hr>75</gpxtpx:hr>
          </gpxtpx:TrackPointExtension>
        </extensions>
      </trkpt>
      <trkpt lat="22.64698410946963" lon="107.60514034745506">
        <ele>92.09064167551696</ele>
        <time>2023-10-20T01:50:22Z</time>
        <extensions>
          <gpxtpx:TrackPointExtension>
            <gpxtpx:hr>75</gpxtpx:hr>
          </gpxtpx:TrackPointExtension>
        </extensions>
      </trkpt>
      <trkpt lat="22.646983822676496" lon="107.60514069647137">
        <ele>92.12703074980527</ele>
        <time>2023-10-20T01:50:23Z</time>
        <extensions>
          <gpxtpx:TrackPointExtension>
            <gpxtpx:hr>75</gpxtpx:hr>
          </gpxtpx:TrackPointExtension>
        </extensions>
      </trkpt>
      <trkpt lat="22.646983445090086" lon="107.60514115161551">
        <ele>92.17412976175547</ele>
        <time>2023-10-20T01:50:24Z</time>
        <extensions>
          <gpxtpx:TrackPointExtension>
            <gpxtpx:hr>75</gpxtpx:hr>
          </gpxtpx:TrackPointExtension>
        </extensions>
      </trkpt>
      <trkpt lat="22.64698291834965" lon="107.60514179903173">
        <ele>92.2304161414504</ele>
        <time>2023-10-20T01:50:25Z</time>
        <extensions>
          <gpxtpx:TrackPointExtension>
            <gpxtpx:hr>75</gpxtpx:hr>
          </gpxtpx:TrackPointExtension>
        </extensions>
      </trkpt>
      <trkpt lat="22.646982186244852" lon="107.60514274832083">
        <ele>92.29398880247027</ele>
        <time>2023-10-20T01:50:26Z</time>
        <extensions>
          <gpxtpx:TrackPointExtension>
            <gpxtpx:hr>75</gpxtpx:hr>
          </gpxtpx:TrackPointExtension>
        </extensions>
      </trkpt>
      <trkpt lat="22.646981359227198" lon="107.60514396669868">
        <ele>92.36250704247504</ele>
        <time>2023-10-20T01:50:27Z</time>
        <extensions>
          <gpxtpx:TrackPointExtension>
            <gpxtpx:hr>75</gpxtpx:hr>
          </gpxtpx:TrackPointExtension>
        </extensions>
      </trkpt>
      <trkpt lat="22.646980597895432" lon="107.60514512034537">
        <ele>92.4334144052118</ele>
        <time>2023-10-20T01:50:28Z</time>
        <extensions>
          <gpxtpx:TrackPointExtension>
            <gpxtpx:hr>75</gpxtpx:hr>
          </gpxtpx:TrackPointExtension>
        </extensions>
      </trkpt>
      <trkpt lat="22.646979999082532" lon="107.6051459483623">
        <ele>92.52341800369322</ele>
        <time>2023-10-20T01:50:29Z</time>
        <extensions>
          <gpxtpx:TrackPointExtension>
            <gpxtpx:hr>75</gpxtpx:hr>
          </gpxtpx:TrackPointExtension>
        </extensions>
      </trkpt>
      <trkpt lat="22.646979559452767" lon="107.60514648962224">
        <ele>92.61553167179227</ele>
        <time>2023-10-20T01:50:30Z</time>
        <extensions>
          <gpxtpx:TrackPointExtension>
            <gpxtpx:hr>77</gpxtpx:hr>
          </gpxtpx:TrackPointExtension>
        </extensions>
      </trkpt>
      <trkpt lat="22.646979238344496" lon="107.60514674887318">
        <ele>92.71092719398439</ele>
        <time>2023-10-20T01:50:31Z</time>
        <extensions>
          <gpxtpx:TrackPointExtension>
            <gpxtpx:hr>77</gpxtpx:hr>
          </gpxtpx:TrackPointExtension>
        </extensions>
      </trkpt>
      <trkpt lat="22.646979015217102" lon="107.60514687853079">
        <ele>92.79195057414472</ele>
        <time>2023-10-20T01:50:32Z</time>
        <extensions>
          <gpxtpx:TrackPointExtension>
            <gpxtpx:hr>77</gpxtpx:hr>
          </gpxtpx:TrackPointExtension>
        </extensions>
      </trkpt>
      <trkpt lat="22.646978873540803" lon="107.60514695851955">
        <ele>92.88531407434493</ele>
        <time>2023-10-20T01:50:33Z</time>
        <extensions>
          <gpxtpx:TrackPointExtension>
            <gpxtpx:hr>77</gpxtpx:hr>
          </gpxtpx:TrackPointExtension>
        </extensions>
      </trkpt>
      <trkpt lat="22.646978789709067" lon="107.60514701511171">
        <ele>92.97845763619989</ele>
        <time>2023-10-20T01:50:34Z</time>
        <extensions>
          <gpxtpx:TrackPointExtension>
            <gpxtpx:hr>77</gpxtpx:hr>
          </gpxtpx:TrackPointExtension>
        </extensions>
      </trkpt>
      <trkpt lat="22.646978773611618" lon="107.60514704275778">
        <ele>93.07398397289217</ele>
        <time>2023-10-20T01:50:35Z</time>
        <extensions>
          <gpxtpx:TrackPointExtension>
            <gpxtpx:hr>77</gpxtpx:hr>
          </gpxtpx:TrackPointExtension>
        </extensions>
      </trkpt>
      <trkpt lat="22.64697880745502" lon="107.60514700257009">
        <ele>93.17389983125031</ele>
        <time>2023-10-20T01:50:36Z</time>
        <extensions>
          <gpxtpx:TrackPointExtension>
            <gpxtpx:hr>77</gpxtpx:hr>
          </gpxtpx:TrackPointExtension>
        </extensions>
      </trkpt>
      <trkpt lat="22.646978906127515" lon="107.60514686067907">
        <ele>93.27094314061105</ele>
        <time>2023-10-20T01:50:37Z</time>
        <extensions>
          <gpxtpx:TrackPointExtension>
            <gpxtpx:hr>77</gpxtpx:hr>
          </gpxtpx:TrackPointExtension>
        </extensions>
      </trkpt>
      <trkpt lat="22.64697908846639" lon="107.60514649052556">
        <ele>93.36855919938534</ele>
        <time>2023-10-20T01:50:38Z</time>
        <extensions>
          <gpxtpx:TrackPointExtension>
            <gpxtpx:hr>81</gpxtpx:hr>
          </gpxtpx:TrackPointExtension>
        </extensions>
      </trkpt>
      <trkpt lat="22.6469794034516" lon="107.60514565531608">
        <ele>93.4663628526032</ele>
        <time>2023-10-20T01:50:39Z</time>
        <extensions>
          <gpxtpx:TrackPointExtension>
            <gpxtpx:hr>81</gpxtpx:hr>
          </gpxtpx:TrackPointExtension>
        </extensions>
      </trkpt>
      <trkpt lat="22.646979801999247" lon="107.60514383775852">
        <ele>93.56246151775122</ele>
        <time>2023-10-20T01:50:40Z</time>
        <extensions>
          <gpxtpx:TrackPointExtension>
            <gpxtpx:hr>81</gpxtpx:hr>
          </gpxtpx:TrackPointExtension>
        </extensions>
      </trkpt>
      <trkpt lat="22.64698026658572" lon="107.60514004920337">
        <ele>93.65562933962792</ele>
        <time>2023-10-20T01:50:41Z</time>
        <extensions>
          <gpxtpx:TrackPointExtension>
            <gpxtpx:hr>81</gpxtpx:hr>
          </gpxtpx:TrackPointExtension>
        </extensions>
      </trkpt>
      <trkpt lat="22.64698069265303" lon="107.60513514558134">
        <ele>93.74856790155172</ele>
        <time>2023-10-20T01:50:42Z</time>
        <extensions>
          <gpxtpx:TrackPointExtension>
            <gpxtpx:hr>81</gpxtpx:hr>
          </gpxtpx:TrackPointExtension>
        </extensions>
      </trkpt>
      <trkpt lat="22.646980969714196" lon="107.6051321318105">
        <ele>93.83810575120151</ele>
        <time>2023-10-20T01:50:43Z</time>
        <extensions>
          <gpxtpx:TrackPointExtension>
            <gpxtpx:hr>81</gpxtpx:hr>
          </gpxtpx:TrackPointExtension>
        </extensions>
      </trkpt>
      <trkpt lat="22.64698120569356" lon="107.6051315772696">
        <ele>93.92370608728379</ele>
        <time>2023-10-20T01:50:44Z</time>
        <extensions>
          <gpxtpx:TrackPointExtension>
            <gpxtpx:hr>81</gpxtpx:hr>
          </gpxtpx:TrackPointExtension>
        </extensions>
      </trkpt>
      <trkpt lat="22.64698145881399" lon="107.60513208293875">
        <ele>94.00480371993035</ele>
        <time>2023-10-20T01:50:45Z</time>
        <extensions>
          <gpxtpx:TrackPointExtension>
            <gpxtpx:hr>84</gpxtpx:hr>
          </gpxtpx:TrackPointExtension>
        </extensions>
      </trkpt>
      <trkpt lat="22.646981728184812" lon="107.60513297717333">
        <ele>94.08090069890022</ele>
        <time>2023-10-20T01:50:46Z</time>
        <extensions>
          <gpxtpx:TrackPointExtension>
            <gpxtpx:hr>84</gpxtpx:hr>
          </gpxtpx:TrackPointExtension>
        </extensions>
      </trkpt>
      <trkpt lat="22.646981973115697" lon="107.60513399200315">
        <ele>94.15160869900137</ele>
        <time>2023-10-20T01:50:47Z</time>
        <extensions>
          <gpxtpx:TrackPointExtension>
            <gpxtpx:hr>84</gpxtpx:hr>
          </gpxtpx:TrackPointExtension>
        </extensions>
      </trkpt>
      <trkpt lat="22.64698214211326" lon="107.60513501192143">
        <ele>94.21668839454651</ele>
        <time>2023-10-20T01:50:48Z</time>
        <extensions>
          <gpxtpx:TrackPointExtension>
            <gpxtpx:hr>84</gpxtpx:hr>
          </gpxtpx:TrackPointExtension>
        </extensions>
      </trkpt>
      <trkpt lat="22.6469822380503" lon="107.6051360046076">
        <ele>94.27601576037705</ele>
        <time>2023-10-20T01:50:49Z</time>
        <extensions>
          <gpxtpx:TrackPointExtension>
            <gpxtpx:hr>84</gpxtpx:hr>
          </gpxtpx:TrackPointExtension>
        </extensions>
      </trkpt>
      <trkpt lat="22.64698228894581" lon="107.60513690627077">
        <ele>94.3295559156686</ele>
        <time>2023-10-20T01:50:50Z</time>
        <extensions>
          <gpxtpx:TrackPointExtension>
            <gpxtpx:hr>84</gpxtpx:hr>
          </gpxtpx:TrackPointExtension>
        </extensions>
      </trkpt>
      <trkpt lat="22.646982298428448" lon="107.60513762949375">
        <ele>94.3773695230484</ele>
        <time>2023-10-20T01:50:51Z</time>
        <extensions>
          <gpxtpx:TrackPointExtension>
            <gpxtpx:hr>84</gpxtpx:hr>
          </gpxtpx:TrackPointExtension>
        </extensions>
      </trkpt>
      <trkpt lat="22.64698226914933" lon="107.60513819008952">
        <ele>94.41049213893712</ele>
        <time>2023-10-20T01:50:52Z</time>
        <extensions>
          <gpxtpx:TrackPointExtension>
            <gpxtpx:hr>84</gpxtpx:hr>
          </gpxtpx:TrackPointExtension>
        </extensions>
      </trkpt>
      <trkpt lat="22.646982231378807" lon="107.60513856960728">
        <ele>94.43729829601943</ele>
        <time>2023-10-20T01:50:53Z</time>
        <extensions>
          <gpxtpx:TrackPointExtension>
            <gpxtpx:hr>84</gpxtpx:hr>
          </gpxtpx:TrackPointExtension>
        </extensions>
      </trkpt>
      <trkpt lat="22.646982189877168" lon="107.60513886316556">
        <ele>94.45769379939884</ele>
        <time>2023-10-20T01:50:54Z</time>
        <extensions>
          <gpxtpx:TrackPointExtension>
            <gpxtpx:hr>84</gpxtpx:hr>
          </gpxtpx:TrackPointExtension>
        </extensions>
      </trkpt>
      <trkpt lat="22.64698214248022" lon="107.60513915780749">
        <ele>94.47122966870666</ele>
        <time>2023-10-20T01:50:55Z</time>
        <extensions>
          <gpxtpx:TrackPointExtension>
            <gpxtpx:hr>88</gpxtpx:hr>
          </gpxtpx:TrackPointExtension>
        </extensions>
      </trkpt>
      <trkpt lat="22.646982078349883" lon="107.605139489277">
        <ele>94.47951305191964</ele>
        <time>2023-10-20T01:50:56Z</time>
        <extensions>
          <gpxtpx:TrackPointExtension>
            <gpxtpx:hr>88</gpxtpx:hr>
          </gpxtpx:TrackPointExtension>
        </extensions>
      </trkpt>
      <trkpt lat="22.646981994601887" lon="107.60513988059053">
        <ele>94.48256212286651</ele>
        <time>2023-10-20T01:50:57Z</time>
        <extensions>
          <gpxtpx:TrackPointExtension>
            <gpxtpx:hr>88</gpxtpx:hr>
          </gpxtpx:TrackPointExtension>
        </extensions>
      </trkpt>
      <trkpt lat="22.646981881946644" lon="107.6051403760819">
        <ele>94.4808863569051</ele>
        <time>2023-10-20T01:50:58Z</time>
        <extensions>
          <gpxtpx:TrackPointExtension>
            <gpxtpx:hr>88</gpxtpx:hr>
          </gpxtpx:TrackPointExtension>
        </extensions>
      </trkpt>
      <trkpt lat="22.646981719255457" lon="107.60514103831648">
        <ele>94.47621486987919</ele>
        <time>2023-10-20T01:50:59Z</time>
        <extensions>
          <gpxtpx:TrackPointExtension>
            <gpxtpx:hr>88</gpxtpx:hr>
          </gpxtpx:TrackPointExtension>
        </extensions>
      </trkpt>
      <trkpt lat="22.646981501037896" lon="107.60514190198045">
        <ele>94.46939520258456</ele>
        <time>2023-10-20T01:51:00Z</time>
        <extensions>
          <gpxtpx:TrackPointExtension>
            <gpxtpx:hr>88</gpxtpx:hr>
          </gpxtpx:TrackPointExtension>
        </extensions>
      </trkpt>
      <trkpt lat="22.646981227982454" lon="107.60514295685076">
        <ele>94.46317393239588</ele>
        <time>2023-10-20T01:51:01Z</time>
        <extensions>
          <gpxtpx:TrackPointExtension>
            <gpxtpx:hr>78</gpxtpx:hr>
          </gpxtpx:TrackPointExtension>
        </extensions>
      </trkpt>
      <trkpt lat="22.646980925366506" lon="107.60514409196212">
        <ele>94.4553187796846</ele>
        <time>2023-10-20T01:51:02Z</time>
        <extensions>
          <gpxtpx:TrackPointExtension>
            <gpxtpx:hr>78</gpxtpx:hr>
          </gpxtpx:TrackPointExtension>
        </extensions>
      </trkpt>
      <trkpt lat="22.646980645083328" lon="107.60514518371245">
        <ele>94.44673369452357</ele>
        <time>2023-10-20T01:51:03Z</time>
        <extensions>
          <gpxtpx:TrackPointExtension>
            <gpxtpx:hr>78</gpxtpx:hr>
          </gpxtpx:TrackPointExtension>
        </extensions>
      </trkpt>
      <trkpt lat="22.64698041462997" lon="107.60514618055622">
        <ele>94.43827733956277</ele>
        <time>2023-10-20T01:51:04Z</time>
        <extensions>
          <gpxtpx:TrackPointExtension>
            <gpxtpx:hr>78</gpxtpx:hr>
          </gpxtpx:TrackPointExtension>
        </extensions>
      </trkpt>
      <trkpt lat="22.646980212490497" lon="107.60514702992002">
        <ele>94.43048718385398</ele>
        <time>2023-10-20T01:51:05Z</time>
        <extensions>
          <gpxtpx:TrackPointExtension>
            <gpxtpx:hr>78</gpxtpx:hr>
          </gpxtpx:TrackPointExtension>
        </extensions>
      </trkpt>
      <trkpt lat="22.646980015872625" lon="107.60514769906196">
        <ele>94.42375537008047</ele>
        <time>2023-10-20T01:51:06Z</time>
        <extensions>
          <gpxtpx:TrackPointExtension>
            <gpxtpx:hr>78</gpxtpx:hr>
          </gpxtpx:TrackPointExtension>
        </extensions>
      </trkpt>
      <trkpt lat="22.64697977826019" lon="107.60514829696355">
        <ele>94.42054396960884</ele>
        <time>2023-10-20T01:51:07Z</time>
        <extensions>
          <gpxtpx:TrackPointExtension>
            <gpxtpx:hr>78</gpxtpx:hr>
          </gpxtpx:TrackPointExtension>
        </extensions>
      </trkpt>
      <trkpt lat="22.646979472004286" lon="107.60514891638302">
        <ele>94.41973389405757</ele>
        <time>2023-10-20T01:51:08Z</time>
        <extensions>
          <gpxtpx:TrackPointExtension>
            <gpxtpx:hr>78</gpxtpx:hr>
          </gpxtpx:TrackPointExtension>
        </extensions>
      </trkpt>
      <trkpt lat="22.646979131978192" lon="107.6051495048458">
        <ele>94.42075359262526</ele>
        <time>2023-10-20T01:51:09Z</time>
        <extensions>
          <gpxtpx:TrackPointExtension>
            <gpxtpx:hr>78</gpxtpx:hr>
          </gpxtpx:TrackPointExtension>
        </extensions>
      </trkpt>
      <trkpt lat="22.646978806424006" lon="107.60515001031061">
        <ele>94.4223190844059</ele>
        <time>2023-10-20T01:51:10Z</time>
        <extensions>
          <gpxtpx:TrackPointExtension>
            <gpxtpx:hr>78</gpxtpx:hr>
          </gpxtpx:TrackPointExtension>
        </extensions>
      </trkpt>
      <trkpt lat="22.646978533863862" lon="107.6051503826376">
        <ele>94.42656267248094</ele>
        <time>2023-10-20T01:51:11Z</time>
        <extensions>
          <gpxtpx:TrackPointExtension>
            <gpxtpx:hr>77</gpxtpx:hr>
          </gpxtpx:TrackPointExtension>
        </extensions>
      </trkpt>
      <trkpt lat="22.646978318879423" lon="107.60515064883454">
        <ele>94.4307674812153</ele>
        <time>2023-10-20T01:51:12Z</time>
        <extensions>
          <gpxtpx:TrackPointExtension>
            <gpxtpx:hr>77</gpxtpx:hr>
          </gpxtpx:TrackPointExtension>
        </extensions>
      </trkpt>
      <trkpt lat="22.6469781620201" lon="107.60515090901336">
        <ele>94.43537868652493</ele>
        <time>2023-10-20T01:51:13Z</time>
        <extensions>
          <gpxtpx:TrackPointExtension>
            <gpxtpx:hr>77</gpxtpx:hr>
          </gpxtpx:TrackPointExtension>
        </extensions>
      </trkpt>
      <trkpt lat="22.646978042666646" lon="107.60515120575997">
        <ele>94.43846584390849</ele>
        <time>2023-10-20T01:51:14Z</time>
        <extensions>
          <gpxtpx:TrackPointExtension>
            <gpxtpx:hr>77</gpxtpx:hr>
          </gpxtpx:TrackPointExtension>
        </extensions>
      </trkpt>
      <trkpt lat="22.64697794412404" lon="107.60515152487778">
        <ele>94.44028591923416</ele>
        <time>2023-10-20T01:51:15Z</time>
        <extensions>
          <gpxtpx:TrackPointExtension>
            <gpxtpx:hr>77</gpxtpx:hr>
          </gpxtpx:TrackPointExtension>
        </extensions>
      </trkpt>
      <trkpt lat="22.646977852993125" lon="107.60515184865638">
        <ele>94.44593738112599</ele>
        <time>2023-10-20T01:51:16Z</time>
        <extensions>
          <gpxtpx:TrackPointExtension>
            <gpxtpx:hr>77</gpxtpx:hr>
          </gpxtpx:TrackPointExtension>
        </extensions>
      </trkpt>
      <trkpt lat="22.646977784076178" lon="107.6051521542723">
        <ele>94.43910623248667</ele>
        <time>2023-10-20T01:51:17Z</time>
        <extensions>
          <gpxtpx:TrackPointExtension>
            <gpxtpx:hr>77</gpxtpx:hr>
          </gpxtpx:TrackPointExtension>
        </extensions>
      </trkpt>
      <trkpt lat="22.646977737189864" lon="107.60515251930198">
        <ele>94.42698932811618</ele>
        <time>2023-10-20T01:51:18Z</time>
        <extensions>
          <gpxtpx:TrackPointExtension>
            <gpxtpx:hr>77</gpxtpx:hr>
          </gpxtpx:TrackPointExtension>
        </extensions>
      </trkpt>
      <trkpt lat="22.646977716989646" lon="107.60515297344887">
        <ele>94.41732507944107</ele>
        <time>2023-10-20T01:51:19Z</time>
        <extensions>
          <gpxtpx:TrackPointExtension>
            <gpxtpx:hr>77</gpxtpx:hr>
          </gpxtpx:TrackPointExtension>
        </extensions>
      </trkpt>
      <trkpt lat="22.646977741748778" lon="107.60515344962593">
        <ele>94.40537870302796</ele>
        <time>2023-10-20T01:51:20Z</time>
        <extensions>
          <gpxtpx:TrackPointExtension>
            <gpxtpx:hr>77</gpxtpx:hr>
          </gpxtpx:TrackPointExtension>
        </extensions>
      </trkpt>
      <trkpt lat="22.646977814898662" lon="107.60515386224651">
        <ele>94.39337986987084</ele>
        <time>2023-10-20T01:51:21Z</time>
        <extensions>
          <gpxtpx:TrackPointExtension>
            <gpxtpx:hr>77</gpxtpx:hr>
          </gpxtpx:TrackPointExtension>
        </extensions>
      </trkpt>
      <trkpt lat="22.64697793009208" lon="107.60515425056597">
        <ele>94.37975272722542</ele>
        <time>2023-10-20T01:51:22Z</time>
        <extensions>
          <gpxtpx:TrackPointExtension>
            <gpxtpx:hr>77</gpxtpx:hr>
          </gpxtpx:TrackPointExtension>
        </extensions>
      </trkpt>
      <trkpt lat="22.646978067348545" lon="107.60515466519891">
        <ele>94.36385386902839</ele>
        <time>2023-10-20T01:51:23Z</time>
        <extensions>
          <gpxtpx:TrackPointExtension>
            <gpxtpx:hr>77</gpxtpx:hr>
          </gpxtpx:TrackPointExtension>
        </extensions>
      </trkpt>
      <trkpt lat="22.646978209222176" lon="107.60515502071294">
        <ele>94.34698039572686</ele>
        <time>2023-10-20T01:51:24Z</time>
        <extensions>
          <gpxtpx:TrackPointExtension>
            <gpxtpx:hr>77</gpxtpx:hr>
          </gpxtpx:TrackPointExtension>
        </extensions>
      </trkpt>
      <trkpt lat="22.646978394037248" lon="107.60515522627867">
        <ele>94.32300891820341</ele>
        <time>2023-10-20T01:51:25Z</time>
        <extensions>
          <gpxtpx:TrackPointExtension>
            <gpxtpx:hr>78</gpxtpx:hr>
          </gpxtpx:TrackPointExtension>
        </extensions>
      </trkpt>
      <trkpt lat="22.646978671754933" lon="107.60515517877147">
        <ele>94.29698922298849</ele>
        <time>2023-10-20T01:51:26Z</time>
        <extensions>
          <gpxtpx:TrackPointExtension>
            <gpxtpx:hr>78</gpxtpx:hr>
          </gpxtpx:TrackPointExtension>
        </extensions>
      </trkpt>
      <trkpt lat="22.646979035577232" lon="107.60515479193363">
        <ele>94.27006055694073</ele>
        <time>2023-10-20T01:51:27Z</time>
        <extensions>
          <gpxtpx:TrackPointExtension>
            <gpxtpx:hr>78</gpxtpx:hr>
          </gpxtpx:TrackPointExtension>
        </extensions>
      </trkpt>
      <trkpt lat="22.646979265123388" lon="107.60515438257958">
        <ele>94.24278489127755</ele>
        <time>2023-10-20T01:51:28Z</time>
        <extensions>
          <gpxtpx:TrackPointExtension>
            <gpxtpx:hr>78</gpxtpx:hr>
          </gpxtpx:TrackPointExtension>
        </extensions>
      </trkpt>
      <trkpt lat="22.646979310207396" lon="107.60515468153466">
        <ele>94.21561817359179</ele>
        <time>2023-10-20T01:51:29Z</time>
        <extensions>
          <gpxtpx:TrackPointExtension>
            <gpxtpx:hr>78</gpxtpx:hr>
          </gpxtpx:TrackPointExtension>
        </extensions>
      </trkpt>
      <trkpt lat="22.646979334339747" lon="107.60515575979304">
        <ele>94.18882635515183</ele>
        <time>2023-10-20T01:51:30Z</time>
        <extensions>
          <gpxtpx:TrackPointExtension>
            <gpxtpx:hr>78</gpxtpx:hr>
          </gpxtpx:TrackPointExtension>
        </extensions>
      </trkpt>
      <trkpt lat="22.646979373161418" lon="107.6051570884769">
        <ele>94.16256238799542</ele>
        <time>2023-10-20T01:51:31Z</time>
        <extensions>
          <gpxtpx:TrackPointExtension>
            <gpxtpx:hr>80</gpxtpx:hr>
          </gpxtpx:TrackPointExtension>
        </extensions>
      </trkpt>
      <trkpt lat="22.646979439114737" lon="107.60515858574405">
        <ele>94.1369415987283</ele>
        <time>2023-10-20T01:51:32Z</time>
        <extensions>
          <gpxtpx:TrackPointExtension>
            <gpxtpx:hr>80</gpxtpx:hr>
          </gpxtpx:TrackPointExtension>
        </extensions>
      </trkpt>
      <trkpt lat="22.646979506880207" lon="107.60516029615337">
        <ele>94.10604684334248</ele>
        <time>2023-10-20T01:51:33Z</time>
        <extensions>
          <gpxtpx:TrackPointExtension>
            <gpxtpx:hr>80</gpxtpx:hr>
          </gpxtpx:TrackPointExtension>
        </extensions>
      </trkpt>
      <trkpt lat="22.64697957129762" lon="107.60516198082848">
        <ele>94.07520981505513</ele>
        <time>2023-10-20T01:51:34Z</time>
        <extensions>
          <gpxtpx:TrackPointExtension>
            <gpxtpx:hr>80</gpxtpx:hr>
          </gpxtpx:TrackPointExtension>
        </extensions>
      </trkpt>
      <trkpt lat="22.646979625756778" lon="107.60516351178075">
        <ele>94.04260354768485</ele>
        <time>2023-10-20T01:51:35Z</time>
        <extensions>
          <gpxtpx:TrackPointExtension>
            <gpxtpx:hr>78</gpxtpx:hr>
          </gpxtpx:TrackPointExtension>
        </extensions>
      </trkpt>
      <trkpt lat="22.646979660106854" lon="107.6051647346338">
        <ele>94.00870393123478</ele>
        <time>2023-10-20T01:51:36Z</time>
        <extensions>
          <gpxtpx:TrackPointExtension>
            <gpxtpx:hr>78</gpxtpx:hr>
          </gpxtpx:TrackPointExtension>
        </extensions>
      </trkpt>
      <trkpt lat="22.64697968098664" lon="107.60516578339087">
        <ele>93.9778945716098</ele>
        <time>2023-10-20T01:51:37Z</time>
        <extensions>
          <gpxtpx:TrackPointExtension>
            <gpxtpx:hr>78</gpxtpx:hr>
          </gpxtpx:TrackPointExtension>
        </extensions>
      </trkpt>
      <trkpt lat="22.646979690995014" lon="107.60516681277181">
        <ele>93.94815061986446</ele>
        <time>2023-10-20T01:51:38Z</time>
        <extensions>
          <gpxtpx:TrackPointExtension>
            <gpxtpx:hr>78</gpxtpx:hr>
          </gpxtpx:TrackPointExtension>
        </extensions>
      </trkpt>
      <trkpt lat="22.646979688447676" lon="107.6051678290401">
        <ele>93.91939104255289</ele>
        <time>2023-10-20T01:51:39Z</time>
        <extensions>
          <gpxtpx:TrackPointExtension>
            <gpxtpx:hr>78</gpxtpx:hr>
          </gpxtpx:TrackPointExtension>
        </extensions>
      </trkpt>
      <trkpt lat="22.646979665921876" lon="107.60516890105424">
        <ele>93.8958437256515</ele>
        <time>2023-10-20T01:51:40Z</time>
        <extensions>
          <gpxtpx:TrackPointExtension>
            <gpxtpx:hr>78</gpxtpx:hr>
          </gpxtpx:TrackPointExtension>
        </extensions>
      </trkpt>
      <trkpt lat="22.64697962764874" lon="107.60517009296666">
        <ele>93.87419933173805</ele>
        <time>2023-10-20T01:51:41Z</time>
        <extensions>
          <gpxtpx:TrackPointExtension>
            <gpxtpx:hr>77</gpxtpx:hr>
          </gpxtpx:TrackPointExtension>
        </extensions>
      </trkpt>
      <trkpt lat="22.64697957055421" lon="107.60517141150224">
        <ele>93.854491783306</ele>
        <time>2023-10-20T01:51:42Z</time>
        <extensions>
          <gpxtpx:TrackPointExtension>
            <gpxtpx:hr>77</gpxtpx:hr>
          </gpxtpx:TrackPointExtension>
        </extensions>
      </trkpt>
      <trkpt lat="22.646979495977078" lon="107.6051727306831">
        <ele>93.83696403168142</ele>
        <time>2023-10-20T01:51:43Z</time>
        <extensions>
          <gpxtpx:TrackPointExtension>
            <gpxtpx:hr>77</gpxtpx:hr>
          </gpxtpx:TrackPointExtension>
        </extensions>
      </trkpt>
      <trkpt lat="22.646979396706254" lon="107.60517389879922">
        <ele>93.81896491907537</ele>
        <time>2023-10-20T01:51:44Z</time>
        <extensions>
          <gpxtpx:TrackPointExtension>
            <gpxtpx:hr>77</gpxtpx:hr>
          </gpxtpx:TrackPointExtension>
        </extensions>
      </trkpt>
      <trkpt lat="22.64697924753712" lon="107.60517486636722">
        <ele>93.8030064413324</ele>
        <time>2023-10-20T01:51:45Z</time>
        <extensions>
          <gpxtpx:TrackPointExtension>
            <gpxtpx:hr>77</gpxtpx:hr>
          </gpxtpx:TrackPointExtension>
        </extensions>
      </trkpt>
      <trkpt lat="22.646979080859737" lon="107.60517569849428">
        <ele>93.7892116624862</ele>
        <time>2023-10-20T01:51:46Z</time>
        <extensions>
          <gpxtpx:TrackPointExtension>
            <gpxtpx:hr>76</gpxtpx:hr>
          </gpxtpx:TrackPointExtension>
        </extensions>
      </trkpt>
      <trkpt lat="22.646978918965907" lon="107.60517644513814">
        <ele>93.77755855303258</ele>
        <time>2023-10-20T01:51:47Z</time>
        <extensions>
          <gpxtpx:TrackPointExtension>
            <gpxtpx:hr>76</gpxtpx:hr>
          </gpxtpx:TrackPointExtension>
        </extensions>
      </trkpt>
      <trkpt lat="22.64697875648563" lon="107.60517713478897">
        <ele>93.76914800424129</ele>
        <time>2023-10-20T01:51:48Z</time>
        <extensions>
          <gpxtpx:TrackPointExtension>
            <gpxtpx:hr>76</gpxtpx:hr>
          </gpxtpx:TrackPointExtension>
        </extensions>
      </trkpt>
      <trkpt lat="22.646978603345328" lon="107.60517776329252">
        <ele>93.76283024717122</ele>
        <time>2023-10-20T01:51:49Z</time>
        <extensions>
          <gpxtpx:TrackPointExtension>
            <gpxtpx:hr>76</gpxtpx:hr>
          </gpxtpx:TrackPointExtension>
        </extensions>
      </trkpt>
      <trkpt lat="22.64697844120589" lon="107.60517830514576">
        <ele>93.75816132407635</ele>
        <time>2023-10-20T01:51:50Z</time>
        <extensions>
          <gpxtpx:TrackPointExtension>
            <gpxtpx:hr>77</gpxtpx:hr>
          </gpxtpx:TrackPointExtension>
        </extensions>
      </trkpt>
      <trkpt lat="22.64697828771084" lon="107.60517876056744">
        <ele>93.75480264052749</ele>
        <time>2023-10-20T01:51:51Z</time>
        <extensions>
          <gpxtpx:TrackPointExtension>
            <gpxtpx:hr>77</gpxtpx:hr>
          </gpxtpx:TrackPointExtension>
        </extensions>
      </trkpt>
      <trkpt lat="22.646978180674335" lon="107.60517916087987">
        <ele>93.75760032143444</ele>
        <time>2023-10-20T01:51:52Z</time>
        <extensions>
          <gpxtpx:TrackPointExtension>
            <gpxtpx:hr>77</gpxtpx:hr>
          </gpxtpx:TrackPointExtension>
        </extensions>
      </trkpt>
      <trkpt lat="22.646978101609026" lon="107.6051795149058">
        <ele>93.76196108665317</ele>
        <time>2023-10-20T01:51:53Z</time>
        <extensions>
          <gpxtpx:TrackPointExtension>
            <gpxtpx:hr>77</gpxtpx:hr>
          </gpxtpx:TrackPointExtension>
        </extensions>
      </trkpt>
      <trkpt lat="22.646978034220766" lon="107.60517978921582">
        <ele>93.76775586139411</ele>
        <time>2023-10-20T01:51:54Z</time>
        <extensions>
          <gpxtpx:TrackPointExtension>
            <gpxtpx:hr>75</gpxtpx:hr>
          </gpxtpx:TrackPointExtension>
        </extensions>
      </trkpt>
      <trkpt lat="22.646978002337303" lon="107.60517998097498">
        <ele>93.77738084085286</ele>
        <time>2023-10-20T01:51:55Z</time>
        <extensions>
          <gpxtpx:TrackPointExtension>
            <gpxtpx:hr>75</gpxtpx:hr>
          </gpxtpx:TrackPointExtension>
        </extensions>
      </trkpt>
      <trkpt lat="22.64697802101794" lon="107.60518007570023">
        <ele>93.78877638932317</ele>
        <time>2023-10-20T01:51:56Z</time>
        <extensions>
          <gpxtpx:TrackPointExtension>
            <gpxtpx:hr>75</gpxtpx:hr>
          </gpxtpx:TrackPointExtension>
        </extensions>
      </trkpt>
      <trkpt lat="22.646978095758644" lon="107.60518005137895">
        <ele>93.8033401640132</ele>
        <time>2023-10-20T01:51:57Z</time>
        <extensions>
          <gpxtpx:TrackPointExtension>
            <gpxtpx:hr>75</gpxtpx:hr>
          </gpxtpx:TrackPointExtension>
        </extensions>
      </trkpt>
      <trkpt lat="22.64697823232701" lon="107.60517996289138">
        <ele>93.82020245678723</ele>
        <time>2023-10-20T01:51:58Z</time>
        <extensions>
          <gpxtpx:TrackPointExtension>
            <gpxtpx:hr>75</gpxtpx:hr>
          </gpxtpx:TrackPointExtension>
        </extensions>
      </trkpt>
      <trkpt lat="22.646978435042605" lon="107.60517988580067">
        <ele>93.84160891454667</ele>
        <time>2023-10-20T01:51:59Z</time>
        <extensions>
          <gpxtpx:TrackPointExtension>
            <gpxtpx:hr>77</gpxtpx:hr>
          </gpxtpx:TrackPointExtension>
        </extensions>
      </trkpt>
      <trkpt lat="22.6469786799994" lon="107.60517983994463">
        <ele>93.86351768672466</ele>
        <time>2023-10-20T01:52:00Z</time>
        <extensions>
          <gpxtpx:TrackPointExtension>
            <gpxtpx:hr>77</gpxtpx:hr>
          </gpxtpx:TrackPointExtension>
        </extensions>
      </trkpt>
      <trkpt lat="22.64697894712716" lon="107.60517979672768">
        <ele>93.88673252984881</ele>
        <time>2023-10-20T01:52:01Z</time>
        <extensions>
          <gpxtpx:TrackPointExtension>
            <gpxtpx:hr>77</gpxtpx:hr>
          </gpxtpx:TrackPointExtension>
        </extensions>
      </trkpt>
      <trkpt lat="22.646979184809435" lon="107.60517974555718">
        <ele>93.91090251877904</ele>
        <time>2023-10-20T01:52:02Z</time>
        <extensions>
          <gpxtpx:TrackPointExtension>
            <gpxtpx:hr>77</gpxtpx:hr>
          </gpxtpx:TrackPointExtension>
        </extensions>
      </trkpt>
      <trkpt lat="22.64697936368985" lon="107.6051796757324">
        <ele>93.93562362529337</ele>
        <time>2023-10-20T01:52:03Z</time>
        <extensions>
          <gpxtpx:TrackPointExtension>
            <gpxtpx:hr>77</gpxtpx:hr>
          </gpxtpx:TrackPointExtension>
        </extensions>
      </trkpt>
      <trkpt lat="22.646979492350816" lon="107.60517956317368">
        <ele>93.96049450617284</ele>
        <time>2023-10-20T01:52:04Z</time>
        <extensions>
          <gpxtpx:TrackPointExtension>
            <gpxtpx:hr>77</gpxtpx:hr>
          </gpxtpx:TrackPointExtension>
        </extensions>
      </trkpt>
      <trkpt lat="22.646979566227593" lon="107.60517936006345">
        <ele>93.98513138387352</ele>
        <time>2023-10-20T01:52:05Z</time>
        <extensions>
          <gpxtpx:TrackPointExtension>
            <gpxtpx:hr>77</gpxtpx:hr>
          </gpxtpx:TrackPointExtension>
        </extensions>
      </trkpt>
      <trkpt lat="22.646979571766433" lon="107.60517908687088">
        <ele>94.00916285254061</ele>
        <time>2023-10-20T01:52:06Z</time>
        <extensions>
          <gpxtpx:TrackPointExtension>
            <gpxtpx:hr>77</gpxtpx:hr>
          </gpxtpx:TrackPointExtension>
        </extensions>
      </trkpt>
      <trkpt lat="22.646979504172744" lon="107.60517881322947">
        <ele>94.03224457334727</ele>
        <time>2023-10-20T01:52:07Z</time>
        <extensions>
          <gpxtpx:TrackPointExtension>
            <gpxtpx:hr>77</gpxtpx:hr>
          </gpxtpx:TrackPointExtension>
        </extensions>
      </trkpt>
      <trkpt lat="22.646979354825408" lon="107.60517851594004">
        <ele>94.05406921356916</ele>
        <time>2023-10-20T01:52:08Z</time>
        <extensions>
          <gpxtpx:TrackPointExtension>
            <gpxtpx:hr>77</gpxtpx:hr>
          </gpxtpx:TrackPointExtension>
        </extensions>
      </trkpt>
      <trkpt lat="22.646979151779078" lon="107.60517823313606">
        <ele>94.07437482010573</ele>
        <time>2023-10-20T01:52:09Z</time>
        <extensions>
          <gpxtpx:TrackPointExtension>
            <gpxtpx:hr>79</gpxtpx:hr>
          </gpxtpx:TrackPointExtension>
        </extensions>
      </trkpt>
      <trkpt lat="22.646978943946703" lon="107.60517802675633">
        <ele>94.09296848159283</ele>
        <time>2023-10-20T01:52:10Z</time>
        <extensions>
          <gpxtpx:TrackPointExtension>
            <gpxtpx:hr>79</gpxtpx:hr>
          </gpxtpx:TrackPointExtension>
        </extensions>
      </trkpt>
      <trkpt lat="22.646978757440085" lon="107.60517787652893">
        <ele>94.10974905267358</ele>
        <time>2023-10-20T01:52:11Z</time>
        <extensions>
          <gpxtpx:TrackPointExtension>
            <gpxtpx:hr>79</gpxtpx:hr>
          </gpxtpx:TrackPointExtension>
        </extensions>
      </trkpt>
      <trkpt lat="22.64697861054479" lon="107.60517777147399">
        <ele>94.1246933573857</ele>
        <time>2023-10-20T01:52:12Z</time>
        <extensions>
          <gpxtpx:TrackPointExtension>
            <gpxtpx:hr>79</gpxtpx:hr>
          </gpxtpx:TrackPointExtension>
        </extensions>
      </trkpt>
      <trkpt lat="22.646978502725155" lon="107.60517770009683">
        <ele>94.13783134613186</ele>
        <time>2023-10-20T01:52:13Z</time>
        <extensions>
          <gpxtpx:TrackPointExtension>
            <gpxtpx:hr>79</gpxtpx:hr>
          </gpxtpx:TrackPointExtension>
        </extensions>
      </trkpt>
      <trkpt lat="22.64697842708406" lon="107.6051776526727">
        <ele>94.14923341758549</ele>
        <time>2023-10-20T01:52:14Z</time>
        <extensions>
          <gpxtpx:TrackPointExtension>
            <gpxtpx:hr>79</gpxtpx:hr>
          </gpxtpx:TrackPointExtension>
        </extensions>
      </trkpt>
      <trkpt lat="22.646978375776058" lon="107.60517762177976">
        <ele>94.15899916458875</ele>
        <time>2023-10-20T01:52:15Z</time>
        <extensions>
          <gpxtpx:TrackPointExtension>
            <gpxtpx:hr>86</gpxtpx:hr>
          </gpxtpx:TrackPointExtension>
        </extensions>
      </trkpt>
      <trkpt lat="22.64697834189735" lon="107.60517760201101">
        <ele>94.16724739130586</ele>
        <time>2023-10-20T01:52:16Z</time>
        <extensions>
          <gpxtpx:TrackPointExtension>
            <gpxtpx:hr>86</gpxtpx:hr>
          </gpxtpx:TrackPointExtension>
        </extensions>
      </trkpt>
      <trkpt lat="22.646978319878613" lon="107.60517758948131">
        <ele>94.1741097830236</ele>
        <time>2023-10-20T01:52:17Z</time>
        <extensions>
          <gpxtpx:TrackPointExtension>
            <gpxtpx:hr>86</gpxtpx:hr>
          </gpxtpx:TrackPointExtension>
        </extensions>
      </trkpt>
      <trkpt lat="22.6469782815048" lon="107.60517750674828">
        <ele>94.15344168059528</ele>
        <time>2023-10-20T01:52:19Z</time>
        <extensions>
          <gpxtpx:TrackPointExtension>
            <gpxtpx:hr>86</gpxtpx:hr>
          </gpxtpx:TrackPointExtension>
        </extensions>
      </trkpt>
      <trkpt lat="22.646978256031325" lon="107.60517741423438">
        <ele>94.12313534319401</ele>
        <time>2023-10-20T01:52:20Z</time>
        <extensions>
          <gpxtpx:TrackPointExtension>
            <gpxtpx:hr>86</gpxtpx:hr>
          </gpxtpx:TrackPointExtension>
        </extensions>
      </trkpt>
      <trkpt lat="22.646978228961874" lon="107.60517730510801">
        <ele>94.08762911707163</ele>
        <time>2023-10-20T01:52:21Z</time>
        <extensions>
          <gpxtpx:TrackPointExtension>
            <gpxtpx:hr>86</gpxtpx:hr>
          </gpxtpx:TrackPointExtension>
        </extensions>
      </trkpt>
      <trkpt lat="22.6469781972164" lon="107.60517716865">
        <ele>94.04706327430904</ele>
        <time>2023-10-20T01:52:22Z</time>
        <extensions>
          <gpxtpx:TrackPointExtension>
            <gpxtpx:hr>85</gpxtpx:hr>
          </gpxtpx:TrackPointExtension>
        </extensions>
      </trkpt>
      <trkpt lat="22.646978157591096" lon="107.60517699231936">
        <ele>94.0016160607338</ele>
        <time>2023-10-20T01:52:23Z</time>
        <extensions>
          <gpxtpx:TrackPointExtension>
            <gpxtpx:hr>85</gpxtpx:hr>
          </gpxtpx:TrackPointExtension>
        </extensions>
      </trkpt>
      <trkpt lat="22.646978109174277" lon="107.60517674960565">
        <ele>93.94021807145327</ele>
        <time>2023-10-20T01:52:24Z</time>
        <extensions>
          <gpxtpx:TrackPointExtension>
            <gpxtpx:hr>85</gpxtpx:hr>
          </gpxtpx:TrackPointExtension>
        </extensions>
      </trkpt>
      <trkpt lat="22.646978026725943" lon="107.60517634480813">
        <ele>93.87359660398215</ele>
        <time>2023-10-20T01:52:25Z</time>
        <extensions>
          <gpxtpx:TrackPointExtension>
            <gpxtpx:hr>85</gpxtpx:hr>
          </gpxtpx:TrackPointExtension>
        </extensions>
      </trkpt>
      <trkpt lat="22.64697789562656" lon="107.60517570358675">
        <ele>93.80172810982913</ele>
        <time>2023-10-20T01:52:26Z</time>
        <extensions>
          <gpxtpx:TrackPointExtension>
            <gpxtpx:hr>85</gpxtpx:hr>
          </gpxtpx:TrackPointExtension>
        </extensions>
      </trkpt>
      <trkpt lat="22.646977710233816" lon="107.6051747977693">
        <ele>93.725395812653</ele>
        <time>2023-10-20T01:52:27Z</time>
        <extensions>
          <gpxtpx:TrackPointExtension>
            <gpxtpx:hr>85</gpxtpx:hr>
          </gpxtpx:TrackPointExtension>
        </extensions>
      </trkpt>
      <trkpt lat="22.646977466639918" lon="107.60517360807722">
        <ele>93.64569372776896</ele>
        <time>2023-10-20T01:52:28Z</time>
        <extensions>
          <gpxtpx:TrackPointExtension>
            <gpxtpx:hr>83</gpxtpx:hr>
          </gpxtpx:TrackPointExtension>
        </extensions>
      </trkpt>
      <trkpt lat="22.646977179823452" lon="107.60517218543939">
        <ele>93.5599207514897</ele>
        <time>2023-10-20T01:52:29Z</time>
        <extensions>
          <gpxtpx:TrackPointExtension>
            <gpxtpx:hr>83</gpxtpx:hr>
          </gpxtpx:TrackPointExtension>
        </extensions>
      </trkpt>
      <trkpt lat="22.64697693585538" lon="107.60517087815032">
        <ele>93.475994002074</ele>
        <time>2023-10-20T01:52:30Z</time>
        <extensions>
          <gpxtpx:TrackPointExtension>
            <gpxtpx:hr>83</gpxtpx:hr>
          </gpxtpx:TrackPointExtension>
        </extensions>
      </trkpt>
      <trkpt lat="22.64697679369543" lon="107.60516993666158">
        <ele>93.3923523556441</ele>
        <time>2023-10-20T01:52:31Z</time>
        <extensions>
          <gpxtpx:TrackPointExtension>
            <gpxtpx:hr>83</gpxtpx:hr>
          </gpxtpx:TrackPointExtension>
        </extensions>
      </trkpt>
      <trkpt lat="22.64697673444212" lon="107.60516926989558">
        <ele>93.31074503995478</ele>
        <time>2023-10-20T01:52:32Z</time>
        <extensions>
          <gpxtpx:TrackPointExtension>
            <gpxtpx:hr>83</gpxtpx:hr>
          </gpxtpx:TrackPointExtension>
        </extensions>
      </trkpt>
      <trkpt lat="22.646976731357153" lon="107.60516875428169">
        <ele>93.23872264940292</ele>
        <time>2023-10-20T01:52:33Z</time>
        <extensions>
          <gpxtpx:TrackPointExtension>
            <gpxtpx:hr>83</gpxtpx:hr>
          </gpxtpx:TrackPointExtension>
        </extensions>
      </trkpt>
      <trkpt lat="22.646976738539813" lon="107.60516819704827">
        <ele>93.1669981284067</ele>
        <time>2023-10-20T01:52:34Z</time>
        <extensions>
          <gpxtpx:TrackPointExtension>
            <gpxtpx:hr>77</gpxtpx:hr>
          </gpxtpx:TrackPointExtension>
        </extensions>
      </trkpt>
      <trkpt lat="22.646976780180136" lon="107.60516771274831">
        <ele>93.10041910689324</ele>
        <time>2023-10-20T01:52:35Z</time>
        <extensions>
          <gpxtpx:TrackPointExtension>
            <gpxtpx:hr>77</gpxtpx:hr>
          </gpxtpx:TrackPointExtension>
        </extensions>
      </trkpt>
      <trkpt lat="22.646976881566495" lon="107.60516744364872">
        <ele>93.03801545221359</ele>
        <time>2023-10-20T01:52:36Z</time>
        <extensions>
          <gpxtpx:TrackPointExtension>
            <gpxtpx:hr>77</gpxtpx:hr>
          </gpxtpx:TrackPointExtension>
        </extensions>
      </trkpt>
      <trkpt lat="22.646977011178837" lon="107.60516725820918">
        <ele>92.98187611345202</ele>
        <time>2023-10-20T01:52:37Z</time>
        <extensions>
          <gpxtpx:TrackPointExtension>
            <gpxtpx:hr>77</gpxtpx:hr>
          </gpxtpx:TrackPointExtension>
        </extensions>
      </trkpt>
      <trkpt lat="22.646977162548907" lon="107.60516710848803">
        <ele>92.93165302742273</ele>
        <time>2023-10-20T01:52:38Z</time>
        <extensions>
          <gpxtpx:TrackPointExtension>
            <gpxtpx:hr>77</gpxtpx:hr>
          </gpxtpx:TrackPointExtension>
        </extensions>
      </trkpt>
      <trkpt lat="22.64697732284259" lon="107.60516697341919">
        <ele>92.89253725577146</ele>
        <time>2023-10-20T01:52:39Z</time>
        <extensions>
          <gpxtpx:TrackPointExtension>
            <gpxtpx:hr>77</gpxtpx:hr>
          </gpxtpx:TrackPointExtension>
        </extensions>
      </trkpt>
      <trkpt lat="22.646977478378766" lon="107.60516682714405">
        <ele>92.8639332652092</ele>
        <time>2023-10-20T01:52:40Z</time>
        <extensions>
          <gpxtpx:TrackPointExtension>
            <gpxtpx:hr>77</gpxtpx:hr>
          </gpxtpx:TrackPointExtension>
        </extensions>
      </trkpt>
      <trkpt lat="22.646977600656246" lon="107.60516657433921">
        <ele>92.8420654302463</ele>
        <time>2023-10-20T01:52:41Z</time>
        <extensions>
          <gpxtpx:TrackPointExtension>
            <gpxtpx:hr>77</gpxtpx:hr>
          </gpxtpx:TrackPointExtension>
        </extensions>
      </trkpt>
      <trkpt lat="22.646977683450423" lon="107.60516619152754">
        <ele>92.82650716602802</ele>
        <time>2023-10-20T01:52:42Z</time>
        <extensions>
          <gpxtpx:TrackPointExtension>
            <gpxtpx:hr>77</gpxtpx:hr>
          </gpxtpx:TrackPointExtension>
        </extensions>
      </trkpt>
      <trkpt lat="22.64697771101048" lon="107.60516569996584">
        <ele>92.82727708108723</ele>
        <time>2023-10-20T01:52:43Z</time>
        <extensions>
          <gpxtpx:TrackPointExtension>
            <gpxtpx:hr>77</gpxtpx:hr>
          </gpxtpx:TrackPointExtension>
        </extensions>
      </trkpt>
      <trkpt lat="22.646977749346053" lon="107.60516540812459">
        <ele>92.826809191145</ele>
        <time>2023-10-20T01:52:44Z</time>
        <extensions>
          <gpxtpx:TrackPointExtension>
            <gpxtpx:hr>77</gpxtpx:hr>
          </gpxtpx:TrackPointExtension>
        </extensions>
      </trkpt>
      <trkpt lat="22.646977859122902" lon="107.60516547840837">
        <ele>92.83746780175716</ele>
        <time>2023-10-20T01:52:45Z</time>
        <extensions>
          <gpxtpx:TrackPointExtension>
            <gpxtpx:hr>77</gpxtpx:hr>
          </gpxtpx:TrackPointExtension>
        </extensions>
      </trkpt>
      <trkpt lat="22.64697796106632" lon="107.60516554652962">
        <ele>92.86117264721543</ele>
        <time>2023-10-20T01:52:46Z</time>
        <extensions>
          <gpxtpx:TrackPointExtension>
            <gpxtpx:hr>77</gpxtpx:hr>
          </gpxtpx:TrackPointExtension>
        </extensions>
      </trkpt>
      <trkpt lat="22.64697802185527" lon="107.60516571997174">
        <ele>92.87822987698019</ele>
        <time>2023-10-20T01:52:47Z</time>
        <extensions>
          <gpxtpx:TrackPointExtension>
            <gpxtpx:hr>77</gpxtpx:hr>
          </gpxtpx:TrackPointExtension>
        </extensions>
      </trkpt>
      <trkpt lat="22.64697809772943" lon="107.6051660285654">
        <ele>92.89999517705292</ele>
        <time>2023-10-20T01:52:48Z</time>
        <extensions>
          <gpxtpx:TrackPointExtension>
            <gpxtpx:hr>77</gpxtpx:hr>
          </gpxtpx:TrackPointExtension>
        </extensions>
      </trkpt>
      <trkpt lat="22.646978172738596" lon="107.6051663426198">
        <ele>92.92582476977259</ele>
        <time>2023-10-20T01:52:49Z</time>
        <extensions>
          <gpxtpx:TrackPointExtension>
            <gpxtpx:hr>77</gpxtpx:hr>
          </gpxtpx:TrackPointExtension>
        </extensions>
      </trkpt>
      <trkpt lat="22.646978255068507" lon="107.60516658579245">
        <ele>92.95497197285295</ele>
        <time>2023-10-20T01:52:50Z</time>
        <extensions>
          <gpxtpx:TrackPointExtension>
            <gpxtpx:hr>84</gpxtpx:hr>
          </gpxtpx:TrackPointExtension>
        </extensions>
      </trkpt>
      <trkpt lat="22.64697836699705" lon="107.60516669891175">
        <ele>92.98667273018509</ele>
        <time>2023-10-20T01:52:51Z</time>
        <extensions>
          <gpxtpx:TrackPointExtension>
            <gpxtpx:hr>84</gpxtpx:hr>
          </gpxtpx:TrackPointExtension>
        </extensions>
      </trkpt>
      <trkpt lat="22.646978553947257" lon="107.6051665614352">
        <ele>93.02021849434823</ele>
        <time>2023-10-20T01:52:52Z</time>
        <extensions>
          <gpxtpx:TrackPointExtension>
            <gpxtpx:hr>84</gpxtpx:hr>
          </gpxtpx:TrackPointExtension>
        </extensions>
      </trkpt>
      <trkpt lat="22.646978884748563" lon="107.60516593717955">
        <ele>93.05495464242995</ele>
        <time>2023-10-20T01:52:53Z</time>
        <extensions>
          <gpxtpx:TrackPointExtension>
            <gpxtpx:hr>84</gpxtpx:hr>
          </gpxtpx:TrackPointExtension>
        </extensions>
      </trkpt>
      <trkpt lat="22.646979458057746" lon="107.60516460679878">
        <ele>93.09032821189612</ele>
        <time>2023-10-20T01:52:54Z</time>
        <extensions>
          <gpxtpx:TrackPointExtension>
            <gpxtpx:hr>84</gpxtpx:hr>
          </gpxtpx:TrackPointExtension>
        </extensions>
      </trkpt>
      <trkpt lat="22.646980335890493" lon="107.6051626446154">
        <ele>93.12595492321998</ele>
        <time>2023-10-20T01:52:55Z</time>
        <extensions>
          <gpxtpx:TrackPointExtension>
            <gpxtpx:hr>84</gpxtpx:hr>
          </gpxtpx:TrackPointExtension>
        </extensions>
      </trkpt>
      <trkpt lat="22.64698119464768" lon="107.60516087865486">
        <ele>93.16158840153366</ele>
        <time>2023-10-20T01:52:56Z</time>
        <extensions>
          <gpxtpx:TrackPointExtension>
            <gpxtpx:hr>83</gpxtpx:hr>
          </gpxtpx:TrackPointExtension>
        </extensions>
      </trkpt>
      <trkpt lat="22.649107422171102" lon="107.60652307558883">
        <ele>94.03318212460726</ele>
        <time>2023-10-20T02:03:44Z</time>
        <extensions>
          <gpxtpx:TrackPointExtension>
            <gpxtpx:hr>101</gpxtpx:hr>
          </gpxtpx:TrackPointExtension>
        </extensions>
      </trkpt>
      <trkpt lat="22.649108335460376" lon="107.6065244690017">
        <ele>94.00882817804813</ele>
        <time>2023-10-20T02:03:45Z</time>
        <extensions>
          <gpxtpx:TrackPointExtension>
            <gpxtpx:hr>101</gpxtpx:hr>
          </gpxtpx:TrackPointExtension>
        </extensions>
      </trkpt>
      <trkpt lat="22.649107768109676" lon="107.60652610278375">
        <ele>93.97609422449023</ele>
        <time>2023-10-20T02:03:46Z</time>
        <extensions>
          <gpxtpx:TrackPointExtension>
            <gpxtpx:hr>101</gpxtpx:hr>
          </gpxtpx:TrackPointExtension>
        </extensions>
      </trkpt>
      <trkpt lat="22.649103800917086" lon="107.60653102169731">
        <ele>93.94268558267504</ele>
        <time>2023-10-20T02:03:47Z</time>
        <extensions>
          <gpxtpx:TrackPointExtension>
            <gpxtpx:hr>101</gpxtpx:hr>
          </gpxtpx:TrackPointExtension>
        </extensions>
      </trkpt>
      <trkpt lat="22.6490952382829" lon="107.60653822175276">
        <ele>93.9055110514164</ele>
        <time>2023-10-20T02:03:48Z</time>
        <extensions>
          <gpxtpx:TrackPointExtension>
            <gpxtpx:hr>99</gpxtpx:hr>
          </gpxtpx:TrackPointExtension>
        </extensions>
      </trkpt>
      <trkpt lat="22.64908323266487" lon="107.6065445049901">
        <ele>93.8651386871934</ele>
        <time>2023-10-20T02:03:49Z</time>
        <extensions>
          <gpxtpx:TrackPointExtension>
            <gpxtpx:hr>99</gpxtpx:hr>
          </gpxtpx:TrackPointExtension>
        </extensions>
      </trkpt>
      <trkpt lat="22.64906998974768" lon="107.60655032541719">
        <ele>93.82363768015057</ele>
        <time>2023-10-20T02:03:50Z</time>
        <extensions>
          <gpxtpx:TrackPointExtension>
            <gpxtpx:hr>99</gpxtpx:hr>
          </gpxtpx:TrackPointExtension>
        </extensions>
      </trkpt>
      <trkpt lat="22.649056502391772" lon="107.60655579842064">
        <ele>93.78030812554061</ele>
        <time>2023-10-20T02:03:51Z</time>
        <extensions>
          <gpxtpx:TrackPointExtension>
            <gpxtpx:hr>99</gpxtpx:hr>
          </gpxtpx:TrackPointExtension>
        </extensions>
      </trkpt>
      <trkpt lat="22.649042930905235" lon="107.6065612405408">
        <ele>93.73457759339362</ele>
        <time>2023-10-20T02:03:52Z</time>
        <extensions>
          <gpxtpx:TrackPointExtension>
            <gpxtpx:hr>103</gpxtpx:hr>
          </gpxtpx:TrackPointExtension>
        </extensions>
      </trkpt>
      <trkpt lat="22.64902977050394" lon="107.60656656602386">
        <ele>93.68420513067394</ele>
        <time>2023-10-20T02:03:53Z</time>
        <extensions>
          <gpxtpx:TrackPointExtension>
            <gpxtpx:hr>103</gpxtpx:hr>
          </gpxtpx:TrackPointExtension>
        </extensions>
      </trkpt>
      <trkpt lat="22.649016669676573" lon="107.6065715622848">
        <ele>93.63138506747782</ele>
        <time>2023-10-20T02:03:54Z</time>
        <extensions>
          <gpxtpx:TrackPointExtension>
            <gpxtpx:hr>103</gpxtpx:hr>
          </gpxtpx:TrackPointExtension>
        </extensions>
      </trkpt>
      <trkpt lat="22.649004133615122" lon="107.60657730499352">
        <ele>93.57110670395195</ele>
        <time>2023-10-20T02:03:55Z</time>
        <extensions>
          <gpxtpx:TrackPointExtension>
            <gpxtpx:hr>103</gpxtpx:hr>
          </gpxtpx:TrackPointExtension>
        </extensions>
      </trkpt>
      <trkpt lat="22.648992476731912" lon="107.6065837460822">
        <ele>93.50583063717932</ele>
        <time>2023-10-20T02:03:56Z</time>
        <extensions>
          <gpxtpx:TrackPointExtension>
            <gpxtpx:hr>103</gpxtpx:hr>
          </gpxtpx:TrackPointExtension>
        </extensions>
      </trkpt>
      <trkpt lat="22.648981724601864" lon="107.60659111735602">
        <ele>93.4381064362824</ele>
        <time>2023-10-20T02:03:57Z</time>
        <extensions>
          <gpxtpx:TrackPointExtension>
            <gpxtpx:hr>106</gpxtpx:hr>
          </gpxtpx:TrackPointExtension>
        </extensions>
      </trkpt>
      <trkpt lat="22.648971997053575" lon="107.60660004335854">
        <ele>93.36656883731484</ele>
        <time>2023-10-20T02:03:58Z</time>
        <extensions>
          <gpxtpx:TrackPointExtension>
            <gpxtpx:hr>106</gpxtpx:hr>
          </gpxtpx:TrackPointExtension>
        </extensions>
      </trkpt>
      <trkpt lat="22.648961997794704" lon="107.60661065525788">
        <ele>93.29016056936234</ele>
        <time>2023-10-20T02:03:59Z</time>
        <extensions>
          <gpxtpx:TrackPointExtension>
            <gpxtpx:hr>106</gpxtpx:hr>
          </gpxtpx:TrackPointExtension>
        </extensions>
      </trkpt>
      <trkpt lat="22.648951530769075" lon="107.60662265858616">
        <ele>93.21206915937364</ele>
        <time>2023-10-20T02:04:00Z</time>
        <extensions>
          <gpxtpx:TrackPointExtension>
            <gpxtpx:hr>106</gpxtpx:hr>
          </gpxtpx:TrackPointExtension>
        </extensions>
      </trkpt>
      <trkpt lat="22.648941366572167" lon="107.60663472850923">
        <ele>93.13351674750447</ele>
        <time>2023-10-20T02:04:01Z</time>
        <extensions>
          <gpxtpx:TrackPointExtension>
            <gpxtpx:hr>105</gpxtpx:hr>
          </gpxtpx:TrackPointExtension>
        </extensions>
      </trkpt>
      <trkpt lat="22.64893091689773" lon="107.60664568514593">
        <ele>93.05543148610741</ele>
        <time>2023-10-20T02:04:02Z</time>
        <extensions>
          <gpxtpx:TrackPointExtension>
            <gpxtpx:hr>105</gpxtpx:hr>
          </gpxtpx:TrackPointExtension>
        </extensions>
      </trkpt>
      <trkpt lat="22.648919840858838" lon="107.6066550591481">
        <ele>92.97708083037287</ele>
        <time>2023-10-20T02:04:03Z</time>
        <extensions>
          <gpxtpx:TrackPointExtension>
            <gpxtpx:hr>105</gpxtpx:hr>
          </gpxtpx:TrackPointExtension>
        </extensions>
      </trkpt>
      <trkpt lat="22.648907670664453" lon="107.6066624328967">
        <ele>92.89967972505838</ele>
        <time>2023-10-20T02:04:04Z</time>
        <extensions>
          <gpxtpx:TrackPointExtension>
            <gpxtpx:hr>105</gpxtpx:hr>
          </gpxtpx:TrackPointExtension>
        </extensions>
      </trkpt>
      <trkpt lat="22.648895426806078" lon="107.60666716821567">
        <ele>92.82488301116973</ele>
        <time>2023-10-20T02:04:05Z</time>
        <extensions>
          <gpxtpx:TrackPointExtension>
            <gpxtpx:hr>105</gpxtpx:hr>
          </gpxtpx:TrackPointExtension>
        </extensions>
      </trkpt>
      <trkpt lat="22.648884080343244" lon="107.6066711562793">
        <ele>92.8012649230659</ele>
        <time>2023-10-20T02:04:06Z</time>
        <extensions>
          <gpxtpx:TrackPointExtension>
            <gpxtpx:hr>107</gpxtpx:hr>
          </gpxtpx:TrackPointExtension>
        </extensions>
      </trkpt>
      <trkpt lat="22.648874814964902" lon="107.6066749546503">
        <ele>92.79001894127578</ele>
        <time>2023-10-20T02:04:07Z</time>
        <extensions>
          <gpxtpx:TrackPointExtension>
            <gpxtpx:hr>107</gpxtpx:hr>
          </gpxtpx:TrackPointExtension>
        </extensions>
      </trkpt>
      <trkpt lat="22.648866060448746" lon="107.60667684192033">
        <ele>92.78946886304766</ele>
        <time>2023-10-20T02:04:08Z</time>
        <extensions>
          <gpxtpx:TrackPointExtension>
            <gpxtpx:hr>107</gpxtpx:hr>
          </gpxtpx:TrackPointExtension>
        </extensions>
      </trkpt>
      <trkpt lat="22.6488575333853" lon="107.6066777492647">
        <ele>92.79750899411738</ele>
        <time>2023-10-20T02:04:09Z</time>
        <extensions>
          <gpxtpx:TrackPointExtension>
            <gpxtpx:hr>107</gpxtpx:hr>
          </gpxtpx:TrackPointExtension>
        </extensions>
      </trkpt>
      <trkpt lat="22.648849735840837" lon="107.60667911606575">
        <ele>92.8237704820931</ele>
        <time>2023-10-20T02:04:10Z</time>
        <extensions>
          <gpxtpx:TrackPointExtension>
            <gpxtpx:hr>107</gpxtpx:hr>
          </gpxtpx:TrackPointExtension>
        </extensions>
      </trkpt>
      <trkpt lat="22.64884207222302" lon="107.60668020104548">
        <ele>92.87443435750902</ele>
        <time>2023-10-20T02:04:11Z</time>
        <extensions>
          <gpxtpx:TrackPointExtension>
            <gpxtpx:hr>107</gpxtpx:hr>
          </gpxtpx:TrackPointExtension>
        </extensions>
      </trkpt>
      <trkpt lat="22.648834195799054" lon="107.60668110210581">
        <ele>92.95041025336832</ele>
        <time>2023-10-20T02:04:12Z</time>
        <extensions>
          <gpxtpx:TrackPointExtension>
            <gpxtpx:hr>107</gpxtpx:hr>
          </gpxtpx:TrackPointExtension>
        </extensions>
      </trkpt>
      <trkpt lat="22.64882648656058" lon="107.60668349794118">
        <ele>93.03495667409152</ele>
        <time>2023-10-20T02:04:13Z</time>
        <extensions>
          <gpxtpx:TrackPointExtension>
            <gpxtpx:hr>107</gpxtpx:hr>
          </gpxtpx:TrackPointExtension>
        </extensions>
      </trkpt>
      <trkpt lat="22.648818631251938" lon="107.60668623612895">
        <ele>93.12306304369122</ele>
        <time>2023-10-20T02:04:14Z</time>
        <extensions>
          <gpxtpx:TrackPointExtension>
            <gpxtpx:hr>107</gpxtpx:hr>
          </gpxtpx:TrackPointExtension>
        </extensions>
      </trkpt>
      <trkpt lat="22.648809698402196" lon="107.60668805899287">
        <ele>93.23033909220248</ele>
        <time>2023-10-20T02:04:15Z</time>
        <extensions>
          <gpxtpx:TrackPointExtension>
            <gpxtpx:hr>107</gpxtpx:hr>
          </gpxtpx:TrackPointExtension>
        </extensions>
      </trkpt>
      <trkpt lat="22.648799126857785" lon="107.60668901243999">
        <ele>93.34761731047183</ele>
        <time>2023-10-20T02:04:16Z</time>
        <extensions>
          <gpxtpx:TrackPointExtension>
            <gpxtpx:hr>109</gpxtpx:hr>
          </gpxtpx:TrackPointExtension>
        </extensions>
      </trkpt>
      <trkpt lat="22.64878747030703" lon="107.60668924645125">
        <ele>93.45824904646724</ele>
        <time>2023-10-20T02:04:17Z</time>
        <extensions>
          <gpxtpx:TrackPointExtension>
            <gpxtpx:hr>109</gpxtpx:hr>
          </gpxtpx:TrackPointExtension>
        </extensions>
      </trkpt>
      <trkpt lat="22.648775550327798" lon="107.60668961121365">
        <ele>93.57425601780415</ele>
        <time>2023-10-20T02:04:18Z</time>
        <extensions>
          <gpxtpx:TrackPointExtension>
            <gpxtpx:hr>109</gpxtpx:hr>
          </gpxtpx:TrackPointExtension>
        </extensions>
      </trkpt>
      <trkpt lat="22.64876373084604" lon="107.60669066366101">
        <ele>93.69031354505569</ele>
        <time>2023-10-20T02:04:19Z</time>
        <extensions>
          <gpxtpx:TrackPointExtension>
            <gpxtpx:hr>109</gpxtpx:hr>
          </gpxtpx:TrackPointExtension>
        </extensions>
      </trkpt>
      <trkpt lat="22.648751810869456" lon="107.60669245790547">
        <ele>93.79505607392639</ele>
        <time>2023-10-20T02:04:20Z</time>
        <extensions>
          <gpxtpx:TrackPointExtension>
            <gpxtpx:hr>109</gpxtpx:hr>
          </gpxtpx:TrackPointExtension>
        </extensions>
      </trkpt>
      <trkpt lat="22.64873988746961" lon="107.60669440007428">
        <ele>93.90496508590877</ele>
        <time>2023-10-20T02:04:21Z</time>
        <extensions>
          <gpxtpx:TrackPointExtension>
            <gpxtpx:hr>109</gpxtpx:hr>
          </gpxtpx:TrackPointExtension>
        </extensions>
      </trkpt>
      <trkpt lat="22.64872850734355" lon="107.606696099164">
        <ele>94.00735734403133</ele>
        <time>2023-10-20T02:04:22Z</time>
        <extensions>
          <gpxtpx:TrackPointExtension>
            <gpxtpx:hr>109</gpxtpx:hr>
          </gpxtpx:TrackPointExtension>
        </extensions>
      </trkpt>
      <trkpt lat="22.648718033481078" lon="107.60669769746515">
        <ele>94.11442784965038</ele>
        <time>2023-10-20T02:04:23Z</time>
        <extensions>
          <gpxtpx:TrackPointExtension>
            <gpxtpx:hr>110</gpxtpx:hr>
          </gpxtpx:TrackPointExtension>
        </extensions>
      </trkpt>
      <trkpt lat="22.648708791224557" lon="107.60669967089478">
        <ele>94.20921782776713</ele>
        <time>2023-10-20T02:04:24Z</time>
        <extensions>
          <gpxtpx:TrackPointExtension>
            <gpxtpx:hr>110</gpxtpx:hr>
          </gpxtpx:TrackPointExtension>
        </extensions>
      </trkpt>
      <trkpt lat="22.648699736445625" lon="107.60670200403811">
        <ele>94.3215900156647</ele>
        <time>2023-10-20T02:04:25Z</time>
        <extensions>
          <gpxtpx:TrackPointExtension>
            <gpxtpx:hr>110</gpxtpx:hr>
          </gpxtpx:TrackPointExtension>
        </extensions>
      </trkpt>
      <trkpt lat="22.64868988545418" lon="107.60670409647935">
        <ele>94.45062781963497</ele>
        <time>2023-10-20T02:04:26Z</time>
        <extensions>
          <gpxtpx:TrackPointExtension>
            <gpxtpx:hr>110</gpxtpx:hr>
          </gpxtpx:TrackPointExtension>
        </extensions>
      </trkpt>
      <trkpt lat="22.648679645167135" lon="107.60670546096699">
        <ele>94.58726063836366</ele>
        <time>2023-10-20T02:04:27Z</time>
        <extensions>
          <gpxtpx:TrackPointExtension>
            <gpxtpx:hr>110</gpxtpx:hr>
          </gpxtpx:TrackPointExtension>
        </extensions>
      </trkpt>
      <trkpt lat="22.648669330035784" lon="107.60670618730573">
        <ele>94.7220836058259</ele>
        <time>2023-10-20T02:04:28Z</time>
        <extensions>
          <gpxtpx:TrackPointExtension>
            <gpxtpx:hr>107</gpxtpx:hr>
          </gpxtpx:TrackPointExtension>
        </extensions>
      </trkpt>
      <trkpt lat="22.648658638747214" lon="107.60670707205567">
        <ele>94.8508022557944</ele>
        <time>2023-10-20T02:04:29Z</time>
        <extensions>
          <gpxtpx:TrackPointExtension>
            <gpxtpx:hr>107</gpxtpx:hr>
          </gpxtpx:TrackPointExtension>
        </extensions>
      </trkpt>
      <trkpt lat="22.648647996886346" lon="107.60670857536334">
        <ele>94.98574164044112</ele>
        <time>2023-10-20T02:04:30Z</time>
        <extensions>
          <gpxtpx:TrackPointExtension>
            <gpxtpx:hr>107</gpxtpx:hr>
          </gpxtpx:TrackPointExtension>
        </extensions>
      </trkpt>
      <trkpt lat="22.648637767086637" lon="107.6067104210484">
        <ele>95.11883245967329</ele>
        <time>2023-10-20T02:04:31Z</time>
        <extensions>
          <gpxtpx:TrackPointExtension>
            <gpxtpx:hr>107</gpxtpx:hr>
          </gpxtpx:TrackPointExtension>
        </extensions>
      </trkpt>
      <trkpt lat="22.648627147243374" lon="107.60671271912918">
        <ele>95.23786833602935</ele>
        <time>2023-10-20T02:04:32Z</time>
        <extensions>
          <gpxtpx:TrackPointExtension>
            <gpxtpx:hr>109</gpxtpx:hr>
          </gpxtpx:TrackPointExtension>
        </extensions>
      </trkpt>
      <trkpt lat="22.64861644051918" lon="107.60671564709428">
        <ele>95.35938476677984</ele>
        <time>2023-10-20T02:04:33Z</time>
        <extensions>
          <gpxtpx:TrackPointExtension>
            <gpxtpx:hr>109</gpxtpx:hr>
          </gpxtpx:TrackPointExtension>
        </extensions>
      </trkpt>
      <trkpt lat="22.64860605399877" lon="107.60671881124998">
        <ele>95.46623141411692</ele>
        <time>2023-10-20T02:04:34Z</time>
        <extensions>
          <gpxtpx:TrackPointExtension>
            <gpxtpx:hr>109</gpxtpx:hr>
          </gpxtpx:TrackPointExtension>
        </extensions>
      </trkpt>
      <trkpt lat="22.648595823721994" lon="107.60672191655117">
        <ele>95.54157950542867</ele>
        <time>2023-10-20T02:04:35Z</time>
        <extensions>
          <gpxtpx:TrackPointExtension>
            <gpxtpx:hr>109</gpxtpx:hr>
          </gpxtpx:TrackPointExtension>
        </extensions>
      </trkpt>
      <trkpt lat="22.648585931357715" lon="107.60672494749024">
        <ele>95.60149415861815</ele>
        <time>2023-10-20T02:04:36Z</time>
        <extensions>
          <gpxtpx:TrackPointExtension>
            <gpxtpx:hr>110</gpxtpx:hr>
          </gpxtpx:TrackPointExtension>
        </extensions>
      </trkpt>
      <trkpt lat="22.648576202188668" lon="107.60672780988051">
        <ele>95.66227241139859</ele>
        <time>2023-10-20T02:04:37Z</time>
        <extensions>
          <gpxtpx:TrackPointExtension>
            <gpxtpx:hr>110</gpxtpx:hr>
          </gpxtpx:TrackPointExtension>
        </extensions>
      </trkpt>
      <trkpt lat="22.648566416767242" lon="107.60673063976667">
        <ele>95.71555001381785</ele>
        <time>2023-10-20T02:04:38Z</time>
        <extensions>
          <gpxtpx:TrackPointExtension>
            <gpxtpx:hr>110</gpxtpx:hr>
          </gpxtpx:TrackPointExtension>
        </extensions>
      </trkpt>
      <trkpt lat="22.648556315793048" lon="107.60673373630742">
        <ele>95.76285004988313</ele>
        <time>2023-10-20T02:04:39Z</time>
        <extensions>
          <gpxtpx:TrackPointExtension>
            <gpxtpx:hr>110</gpxtpx:hr>
          </gpxtpx:TrackPointExtension>
        </extensions>
      </trkpt>
      <trkpt lat="22.648545103682082" lon="107.6067372360248">
        <ele>95.804771726951</ele>
        <time>2023-10-20T02:04:40Z</time>
        <extensions>
          <gpxtpx:TrackPointExtension>
            <gpxtpx:hr>110</gpxtpx:hr>
          </gpxtpx:TrackPointExtension>
        </extensions>
      </trkpt>
      <trkpt lat="22.64853281914874" lon="107.6067409831508">
        <ele>95.83693651296198</ele>
        <time>2023-10-20T02:04:41Z</time>
        <extensions>
          <gpxtpx:TrackPointExtension>
            <gpxtpx:hr>110</gpxtpx:hr>
          </gpxtpx:TrackPointExtension>
        </extensions>
      </trkpt>
      <trkpt lat="22.648520107536037" lon="107.60674484957511">
        <ele>95.86278684530407</ele>
        <time>2023-10-20T02:04:42Z</time>
        <extensions>
          <gpxtpx:TrackPointExtension>
            <gpxtpx:hr>110</gpxtpx:hr>
          </gpxtpx:TrackPointExtension>
        </extensions>
      </trkpt>
      <trkpt lat="22.64850796577609" lon="107.60674874251713">
        <ele>95.88394124619663</ele>
        <time>2023-10-20T02:04:43Z</time>
        <extensions>
          <gpxtpx:TrackPointExtension>
            <gpxtpx:hr>110</gpxtpx:hr>
          </gpxtpx:TrackPointExtension>
        </extensions>
      </trkpt>
      <trkpt lat="22.64849674645531" lon="107.60675237203124">
        <ele>95.90936296153814</ele>
        <time>2023-10-20T02:04:44Z</time>
        <extensions>
          <gpxtpx:TrackPointExtension>
            <gpxtpx:hr>110</gpxtpx:hr>
          </gpxtpx:TrackPointExtension>
        </extensions>
      </trkpt>
      <trkpt lat="22.648485665398276" lon="107.60675556466737">
        <ele>95.93167460616678</ele>
        <time>2023-10-20T02:04:45Z</time>
        <extensions>
          <gpxtpx:TrackPointExtension>
            <gpxtpx:hr>112</gpxtpx:hr>
          </gpxtpx:TrackPointExtension>
        </extensions>
      </trkpt>
      <trkpt lat="22.648474596241186" lon="107.60675848351406">
        <ele>95.94382894877344</ele>
        <time>2023-10-20T02:04:46Z</time>
        <extensions>
          <gpxtpx:TrackPointExtension>
            <gpxtpx:hr>112</gpxtpx:hr>
          </gpxtpx:TrackPointExtension>
        </extensions>
      </trkpt>
      <trkpt lat="22.648463074266388" lon="107.60676126109595">
        <ele>95.9406712576747</ele>
        <time>2023-10-20T02:04:47Z</time>
        <extensions>
          <gpxtpx:TrackPointExtension>
            <gpxtpx:hr>112</gpxtpx:hr>
          </gpxtpx:TrackPointExtension>
        </extensions>
      </trkpt>
      <trkpt lat="22.648451411217195" lon="107.60676381744324">
        <ele>95.93777181953192</ele>
        <time>2023-10-20T02:04:48Z</time>
        <extensions>
          <gpxtpx:TrackPointExtension>
            <gpxtpx:hr>112</gpxtpx:hr>
          </gpxtpx:TrackPointExtension>
        </extensions>
      </trkpt>
      <trkpt lat="22.64843956869472" lon="107.60676635718445">
        <ele>95.93296562414616</ele>
        <time>2023-10-20T02:04:49Z</time>
        <extensions>
          <gpxtpx:TrackPointExtension>
            <gpxtpx:hr>112</gpxtpx:hr>
          </gpxtpx:TrackPointExtension>
        </extensions>
      </trkpt>
      <trkpt lat="22.64842798838167" lon="107.60676923313416">
        <ele>95.93274785298854</ele>
        <time>2023-10-20T02:04:50Z</time>
        <extensions>
          <gpxtpx:TrackPointExtension>
            <gpxtpx:hr>114</gpxtpx:hr>
          </gpxtpx:TrackPointExtension>
        </extensions>
      </trkpt>
      <trkpt lat="22.648417651363218" lon="107.60677275745296">
        <ele>95.94404354505241</ele>
        <time>2023-10-20T02:04:51Z</time>
        <extensions>
          <gpxtpx:TrackPointExtension>
            <gpxtpx:hr>114</gpxtpx:hr>
          </gpxtpx:TrackPointExtension>
        </extensions>
      </trkpt>
      <trkpt lat="22.648407612868013" lon="107.60677685756548">
        <ele>95.95017507113516</ele>
        <time>2023-10-20T02:04:52Z</time>
        <extensions>
          <gpxtpx:TrackPointExtension>
            <gpxtpx:hr>114</gpxtpx:hr>
          </gpxtpx:TrackPointExtension>
        </extensions>
      </trkpt>
      <trkpt lat="22.648397016491945" lon="107.6067811904683">
        <ele>95.94778430555016</ele>
        <time>2023-10-20T02:04:53Z</time>
        <extensions>
          <gpxtpx:TrackPointExtension>
            <gpxtpx:hr>114</gpxtpx:hr>
          </gpxtpx:TrackPointExtension>
        </extensions>
      </trkpt>
      <trkpt lat="22.64838626471778" lon="107.60678548015144">
        <ele>95.92013287451118</ele>
        <time>2023-10-20T02:04:54Z</time>
        <extensions>
          <gpxtpx:TrackPointExtension>
            <gpxtpx:hr>114</gpxtpx:hr>
          </gpxtpx:TrackPointExtension>
        </extensions>
      </trkpt>
      <trkpt lat="22.648375571745113" lon="107.60678954195598">
        <ele>95.87758681923151</ele>
        <time>2023-10-20T02:04:55Z</time>
        <extensions>
          <gpxtpx:TrackPointExtension>
            <gpxtpx:hr>114</gpxtpx:hr>
          </gpxtpx:TrackPointExtension>
        </extensions>
      </trkpt>
      <trkpt lat="22.64836476382306" lon="107.60679335360625">
        <ele>95.83012149576098</ele>
        <time>2023-10-20T02:04:56Z</time>
        <extensions>
          <gpxtpx:TrackPointExtension>
            <gpxtpx:hr>114</gpxtpx:hr>
          </gpxtpx:TrackPointExtension>
        </extensions>
      </trkpt>
      <trkpt lat="22.648354056251105" lon="107.60679691086179">
        <ele>95.78349619172513</ele>
        <time>2023-10-20T02:04:57Z</time>
        <extensions>
          <gpxtpx:TrackPointExtension>
            <gpxtpx:hr>114</gpxtpx:hr>
          </gpxtpx:TrackPointExtension>
        </extensions>
      </trkpt>
      <trkpt lat="22.648343541369446" lon="107.60680011833315">
        <ele>95.7378198467195</ele>
        <time>2023-10-20T02:04:58Z</time>
        <extensions>
          <gpxtpx:TrackPointExtension>
            <gpxtpx:hr>114</gpxtpx:hr>
          </gpxtpx:TrackPointExtension>
        </extensions>
      </trkpt>
      <trkpt lat="22.648333250316284" lon="107.60680292737125">
        <ele>95.70250363461673</ele>
        <time>2023-10-20T02:04:59Z</time>
        <extensions>
          <gpxtpx:TrackPointExtension>
            <gpxtpx:hr>114</gpxtpx:hr>
          </gpxtpx:TrackPointExtension>
        </extensions>
      </trkpt>
      <trkpt lat="22.64832288224549" lon="107.60680550634244">
        <ele>95.67237109784037</ele>
        <time>2023-10-20T02:05:00Z</time>
        <extensions>
          <gpxtpx:TrackPointExtension>
            <gpxtpx:hr>112</gpxtpx:hr>
          </gpxtpx:TrackPointExtension>
        </extensions>
      </trkpt>
      <trkpt lat="22.648312299234973" lon="107.60680802666818">
        <ele>95.63532891497016</ele>
        <time>2023-10-20T02:05:01Z</time>
        <extensions>
          <gpxtpx:TrackPointExtension>
            <gpxtpx:hr>112</gpxtpx:hr>
          </gpxtpx:TrackPointExtension>
        </extensions>
      </trkpt>
      <trkpt lat="22.648301613356942" lon="107.60681031413822">
        <ele>95.57786338590086</ele>
        <time>2023-10-20T02:05:02Z</time>
        <extensions>
          <gpxtpx:TrackPointExtension>
            <gpxtpx:hr>112</gpxtpx:hr>
          </gpxtpx:TrackPointExtension>
        </extensions>
      </trkpt>
      <trkpt lat="22.648290667317784" lon="107.60681227653092">
        <ele>95.53104515187442</ele>
        <time>2023-10-20T02:05:03Z</time>
        <extensions>
          <gpxtpx:TrackPointExtension>
            <gpxtpx:hr>112</gpxtpx:hr>
          </gpxtpx:TrackPointExtension>
        </extensions>
      </trkpt>
      <trkpt lat="22.648279171169452" lon="107.60681436958146">
        <ele>95.4942222898826</ele>
        <time>2023-10-20T02:05:04Z</time>
        <extensions>
          <gpxtpx:TrackPointExtension>
            <gpxtpx:hr>112</gpxtpx:hr>
          </gpxtpx:TrackPointExtension>
        </extensions>
      </trkpt>
      <trkpt lat="22.648267421661945" lon="107.60681702180202">
        <ele>95.45607337448746</ele>
        <time>2023-10-20T02:05:05Z</time>
        <extensions>
          <gpxtpx:TrackPointExtension>
            <gpxtpx:hr>112</gpxtpx:hr>
          </gpxtpx:TrackPointExtension>
        </extensions>
      </trkpt>
      <trkpt lat="22.64825581183145" lon="107.60682030185372">
        <ele>95.41991688497365</ele>
        <time>2023-10-20T02:05:06Z</time>
        <extensions>
          <gpxtpx:TrackPointExtension>
            <gpxtpx:hr>112</gpxtpx:hr>
          </gpxtpx:TrackPointExtension>
        </extensions>
      </trkpt>
      <trkpt lat="22.648244238379476" lon="107.60682404670933">
        <ele>95.38926948234439</ele>
        <time>2023-10-20T02:05:07Z</time>
        <extensions>
          <gpxtpx:TrackPointExtension>
            <gpxtpx:hr>114</gpxtpx:hr>
          </gpxtpx:TrackPointExtension>
        </extensions>
      </trkpt>
      <trkpt lat="22.648232821781253" lon="107.60682820121272">
        <ele>95.35213560331613</ele>
        <time>2023-10-20T02:05:08Z</time>
        <extensions>
          <gpxtpx:TrackPointExtension>
            <gpxtpx:hr>114</gpxtpx:hr>
          </gpxtpx:TrackPointExtension>
        </extensions>
      </trkpt>
      <trkpt lat="22.64822163302439" lon="107.60683235461057">
        <ele>95.31769083626568</ele>
        <time>2023-10-20T02:05:09Z</time>
        <extensions>
          <gpxtpx:TrackPointExtension>
            <gpxtpx:hr>114</gpxtpx:hr>
          </gpxtpx:TrackPointExtension>
        </extensions>
      </trkpt>
      <trkpt lat="22.64821029056973" lon="107.6068359480712">
        <ele>95.28834739793092</ele>
        <time>2023-10-20T02:05:10Z</time>
        <extensions>
          <gpxtpx:TrackPointExtension>
            <gpxtpx:hr>114</gpxtpx:hr>
          </gpxtpx:TrackPointExtension>
        </extensions>
      </trkpt>
      <trkpt lat="22.648198886785213" lon="107.60683886735595">
        <ele>95.26049887388945</ele>
        <time>2023-10-20T02:05:11Z</time>
        <extensions>
          <gpxtpx:TrackPointExtension>
            <gpxtpx:hr>114</gpxtpx:hr>
          </gpxtpx:TrackPointExtension>
        </extensions>
      </trkpt>
      <trkpt lat="22.64818652629141" lon="107.60684148950844">
        <ele>95.24076510593295</ele>
        <time>2023-10-20T02:05:12Z</time>
        <extensions>
          <gpxtpx:TrackPointExtension>
            <gpxtpx:hr>114</gpxtpx:hr>
          </gpxtpx:TrackPointExtension>
        </extensions>
      </trkpt>
      <trkpt lat="22.648172113594477" lon="107.60684403677153">
        <ele>95.21725014410913</ele>
        <time>2023-10-20T02:05:13Z</time>
        <extensions>
          <gpxtpx:TrackPointExtension>
            <gpxtpx:hr>112</gpxtpx:hr>
          </gpxtpx:TrackPointExtension>
        </extensions>
      </trkpt>
      <trkpt lat="22.648157937686964" lon="107.60684614408575">
        <ele>95.19632274843752</ele>
        <time>2023-10-20T02:05:14Z</time>
        <extensions>
          <gpxtpx:TrackPointExtension>
            <gpxtpx:hr>112</gpxtpx:hr>
          </gpxtpx:TrackPointExtension>
        </extensions>
      </trkpt>
      <trkpt lat="22.648145058107183" lon="107.60684814383187">
        <ele>95.18076689727604</ele>
        <time>2023-10-20T02:05:15Z</time>
        <extensions>
          <gpxtpx:TrackPointExtension>
            <gpxtpx:hr>112</gpxtpx:hr>
          </gpxtpx:TrackPointExtension>
        </extensions>
      </trkpt>
      <trkpt lat="22.648132593127322" lon="107.60685069065555">
        <ele>95.17019886989146</ele>
        <time>2023-10-20T02:05:16Z</time>
        <extensions>
          <gpxtpx:TrackPointExtension>
            <gpxtpx:hr>112</gpxtpx:hr>
          </gpxtpx:TrackPointExtension>
        </extensions>
      </trkpt>
      <trkpt lat="22.648120348077867" lon="107.60685360388645">
        <ele>95.16200805455446</ele>
        <time>2023-10-20T02:05:17Z</time>
        <extensions>
          <gpxtpx:TrackPointExtension>
            <gpxtpx:hr>110</gpxtpx:hr>
          </gpxtpx:TrackPointExtension>
        </extensions>
      </trkpt>
      <trkpt lat="22.64810760595473" lon="107.60685647429968">
        <ele>95.14990446995944</ele>
        <time>2023-10-20T02:05:18Z</time>
        <extensions>
          <gpxtpx:TrackPointExtension>
            <gpxtpx:hr>110</gpxtpx:hr>
          </gpxtpx:TrackPointExtension>
        </extensions>
      </trkpt>
      <trkpt lat="22.6480949329333" lon="107.60685867301723">
        <ele>95.12657427135855</ele>
        <time>2023-10-20T02:05:19Z</time>
        <extensions>
          <gpxtpx:TrackPointExtension>
            <gpxtpx:hr>110</gpxtpx:hr>
          </gpxtpx:TrackPointExtension>
        </extensions>
      </trkpt>
      <trkpt lat="22.64808259094609" lon="107.60686042729574">
        <ele>95.10613066144288</ele>
        <time>2023-10-20T02:05:20Z</time>
        <extensions>
          <gpxtpx:TrackPointExtension>
            <gpxtpx:hr>113</gpxtpx:hr>
          </gpxtpx:TrackPointExtension>
        </extensions>
      </trkpt>
      <trkpt lat="22.648070555064926" lon="107.60686277004497">
        <ele>95.0809297291562</ele>
        <time>2023-10-20T02:05:21Z</time>
        <extensions>
          <gpxtpx:TrackPointExtension>
            <gpxtpx:hr>113</gpxtpx:hr>
          </gpxtpx:TrackPointExtension>
        </extensions>
      </trkpt>
      <trkpt lat="22.64805916176974" lon="107.6068659330531">
        <ele>95.05714176874608</ele>
        <time>2023-10-20T02:05:22Z</time>
        <extensions>
          <gpxtpx:TrackPointExtension>
            <gpxtpx:hr>113</gpxtpx:hr>
          </gpxtpx:TrackPointExtension>
        </extensions>
      </trkpt>
      <trkpt lat="22.648047852547013" lon="107.6068695574442">
        <ele>95.0405112830922</ele>
        <time>2023-10-20T02:05:23Z</time>
        <extensions>
          <gpxtpx:TrackPointExtension>
            <gpxtpx:hr>113</gpxtpx:hr>
          </gpxtpx:TrackPointExtension>
        </extensions>
      </trkpt>
      <trkpt lat="22.64803660414575" lon="107.60687352559934">
        <ele>95.02352606225759</ele>
        <time>2023-10-20T02:05:24Z</time>
        <extensions>
          <gpxtpx:TrackPointExtension>
            <gpxtpx:hr>115</gpxtpx:hr>
          </gpxtpx:TrackPointExtension>
        </extensions>
      </trkpt>
      <trkpt lat="22.648025504993136" lon="107.60687796058915">
        <ele>95.01239754538983</ele>
        <time>2023-10-20T02:05:25Z</time>
        <extensions>
          <gpxtpx:TrackPointExtension>
            <gpxtpx:hr>115</gpxtpx:hr>
          </gpxtpx:TrackPointExtension>
        </extensions>
      </trkpt>
      <trkpt lat="22.64801469290948" lon="107.60688273563417">
        <ele>94.99907497875392</ele>
        <time>2023-10-20T02:05:26Z</time>
        <extensions>
          <gpxtpx:TrackPointExtension>
            <gpxtpx:hr>115</gpxtpx:hr>
          </gpxtpx:TrackPointExtension>
        </extensions>
      </trkpt>
      <trkpt lat="22.64800430620583" lon="107.60688687604892">
        <ele>94.99424607120454</ele>
        <time>2023-10-20T02:05:27Z</time>
        <extensions>
          <gpxtpx:TrackPointExtension>
            <gpxtpx:hr>115</gpxtpx:hr>
          </gpxtpx:TrackPointExtension>
        </extensions>
      </trkpt>
      <trkpt lat="22.64799387113724" lon="107.60689001551927">
        <ele>94.99283059407026</ele>
        <time>2023-10-20T02:05:28Z</time>
        <extensions>
          <gpxtpx:TrackPointExtension>
            <gpxtpx:hr>115</gpxtpx:hr>
          </gpxtpx:TrackPointExtension>
        </extensions>
      </trkpt>
      <trkpt lat="22.64798267523606" lon="107.60689289613508">
        <ele>94.99613617453724</ele>
        <time>2023-10-20T02:05:29Z</time>
        <extensions>
          <gpxtpx:TrackPointExtension>
            <gpxtpx:hr>115</gpxtpx:hr>
          </gpxtpx:TrackPointExtension>
        </extensions>
      </trkpt>
      <trkpt lat="22.647971208497648" lon="107.60689628710034">
        <ele>94.99280028231442</ele>
        <time>2023-10-20T02:05:30Z</time>
        <extensions>
          <gpxtpx:TrackPointExtension>
            <gpxtpx:hr>116</gpxtpx:hr>
          </gpxtpx:TrackPointExtension>
        </extensions>
      </trkpt>
      <trkpt lat="22.64795957210989" lon="107.60689995672854">
        <ele>94.99862094782293</ele>
        <time>2023-10-20T02:05:31Z</time>
        <extensions>
          <gpxtpx:TrackPointExtension>
            <gpxtpx:hr>116</gpxtpx:hr>
          </gpxtpx:TrackPointExtension>
        </extensions>
      </trkpt>
      <trkpt lat="22.64794707170614" lon="107.60690318043032">
        <ele>95.00407776143402</ele>
        <time>2023-10-20T02:05:32Z</time>
        <extensions>
          <gpxtpx:TrackPointExtension>
            <gpxtpx:hr>116</gpxtpx:hr>
          </gpxtpx:TrackPointExtension>
        </extensions>
      </trkpt>
      <trkpt lat="22.647934377458547" lon="107.60690597665064">
        <ele>95.02072100434452</ele>
        <time>2023-10-20T02:05:33Z</time>
        <extensions>
          <gpxtpx:TrackPointExtension>
            <gpxtpx:hr>116</gpxtpx:hr>
          </gpxtpx:TrackPointExtension>
        </extensions>
      </trkpt>
      <trkpt lat="22.64792234547412" lon="107.60690860350176">
        <ele>95.02890794258565</ele>
        <time>2023-10-20T02:05:34Z</time>
        <extensions>
          <gpxtpx:TrackPointExtension>
            <gpxtpx:hr>116</gpxtpx:hr>
          </gpxtpx:TrackPointExtension>
        </extensions>
      </trkpt>
      <trkpt lat="22.647911406656515" lon="107.60691152176517">
        <ele>95.03901673480868</ele>
        <time>2023-10-20T02:05:35Z</time>
        <extensions>
          <gpxtpx:TrackPointExtension>
            <gpxtpx:hr>116</gpxtpx:hr>
          </gpxtpx:TrackPointExtension>
        </extensions>
      </trkpt>
      <trkpt lat="22.647901319927154" lon="107.60691494595739">
        <ele>95.056924758479</ele>
        <time>2023-10-20T02:05:36Z</time>
        <extensions>
          <gpxtpx:TrackPointExtension>
            <gpxtpx:hr>116</gpxtpx:hr>
          </gpxtpx:TrackPointExtension>
        </extensions>
      </trkpt>
      <trkpt lat="22.64789132876147" lon="107.60691846212036">
        <ele>95.08597224578261</ele>
        <time>2023-10-20T02:05:37Z</time>
        <extensions>
          <gpxtpx:TrackPointExtension>
            <gpxtpx:hr>116</gpxtpx:hr>
          </gpxtpx:TrackPointExtension>
        </extensions>
      </trkpt>
      <trkpt lat="22.647881092560837" lon="107.60692174966005">
        <ele>95.12117414176464</ele>
        <time>2023-10-20T02:05:38Z</time>
        <extensions>
          <gpxtpx:TrackPointExtension>
            <gpxtpx:hr>116</gpxtpx:hr>
          </gpxtpx:TrackPointExtension>
        </extensions>
      </trkpt>
      <trkpt lat="22.647870726271407" lon="107.60692485032786">
        <ele>95.15368289966136</ele>
        <time>2023-10-20T02:05:39Z</time>
        <extensions>
          <gpxtpx:TrackPointExtension>
            <gpxtpx:hr>118</gpxtpx:hr>
          </gpxtpx:TrackPointExtension>
        </extensions>
      </trkpt>
      <trkpt lat="22.64786075786791" lon="107.60692753320068">
        <ele>95.17775019165128</ele>
        <time>2023-10-20T02:05:40Z</time>
        <extensions>
          <gpxtpx:TrackPointExtension>
            <gpxtpx:hr>118</gpxtpx:hr>
          </gpxtpx:TrackPointExtension>
        </extensions>
      </trkpt>
      <trkpt lat="22.647851398496293" lon="107.60692971854111">
        <ele>95.19182574003935</ele>
        <time>2023-10-20T02:05:41Z</time>
        <extensions>
          <gpxtpx:TrackPointExtension>
            <gpxtpx:hr>118</gpxtpx:hr>
          </gpxtpx:TrackPointExtension>
        </extensions>
      </trkpt>
      <trkpt lat="22.647841998952522" lon="107.60693183787926">
        <ele>95.19294225051999</ele>
        <time>2023-10-20T02:05:42Z</time>
        <extensions>
          <gpxtpx:TrackPointExtension>
            <gpxtpx:hr>118</gpxtpx:hr>
          </gpxtpx:TrackPointExtension>
        </extensions>
      </trkpt>
      <trkpt lat="22.647832445555455" lon="107.60693409538214">
        <ele>95.19295457284898</ele>
        <time>2023-10-20T02:05:43Z</time>
        <extensions>
          <gpxtpx:TrackPointExtension>
            <gpxtpx:hr>118</gpxtpx:hr>
          </gpxtpx:TrackPointExtension>
        </extensions>
      </trkpt>
      <trkpt lat="22.647824092087816" lon="107.60693636362802">
        <ele>95.18774800002575</ele>
        <time>2023-10-20T02:05:44Z</time>
        <extensions>
          <gpxtpx:TrackPointExtension>
            <gpxtpx:hr>118</gpxtpx:hr>
          </gpxtpx:TrackPointExtension>
        </extensions>
      </trkpt>
      <trkpt lat="22.647820233716935" lon="107.60693789421617">
        <ele>95.1784710418433</ele>
        <time>2023-10-20T02:05:45Z</time>
        <extensions>
          <gpxtpx:TrackPointExtension>
            <gpxtpx:hr>118</gpxtpx:hr>
          </gpxtpx:TrackPointExtension>
        </extensions>
      </trkpt>
      <trkpt lat="22.647820848841857" lon="107.60693887468784">
        <ele>95.16489898506552</ele>
        <time>2023-10-20T02:05:46Z</time>
        <extensions>
          <gpxtpx:TrackPointExtension>
            <gpxtpx:hr>115</gpxtpx:hr>
          </gpxtpx:TrackPointExtension>
        </extensions>
      </trkpt>
      <trkpt lat="22.647823435945345" lon="107.60693909915702">
        <ele>95.14671397022903</ele>
        <time>2023-10-20T02:05:47Z</time>
        <extensions>
          <gpxtpx:TrackPointExtension>
            <gpxtpx:hr>115</gpxtpx:hr>
          </gpxtpx:TrackPointExtension>
        </extensions>
      </trkpt>
      <trkpt lat="22.64782687084398" lon="107.60693786452221">
        <ele>95.12371075712144</ele>
        <time>2023-10-20T02:05:48Z</time>
        <extensions>
          <gpxtpx:TrackPointExtension>
            <gpxtpx:hr>115</gpxtpx:hr>
          </gpxtpx:TrackPointExtension>
        </extensions>
      </trkpt>
      <trkpt lat="22.64783018875489" lon="107.60693581649707">
        <ele>95.09605412371457</ele>
        <time>2023-10-20T02:05:49Z</time>
        <extensions>
          <gpxtpx:TrackPointExtension>
            <gpxtpx:hr>115</gpxtpx:hr>
          </gpxtpx:TrackPointExtension>
        </extensions>
      </trkpt>
      <trkpt lat="22.647832951974017" lon="107.6069335278581">
        <ele>95.06413950864226</ele>
        <time>2023-10-20T02:05:50Z</time>
        <extensions>
          <gpxtpx:TrackPointExtension>
            <gpxtpx:hr>115</gpxtpx:hr>
          </gpxtpx:TrackPointExtension>
        </extensions>
      </trkpt>
      <trkpt lat="22.647834854848227" lon="107.60693142674951">
        <ele>95.02733441907912</ele>
        <time>2023-10-20T02:05:51Z</time>
        <extensions>
          <gpxtpx:TrackPointExtension>
            <gpxtpx:hr>115</gpxtpx:hr>
          </gpxtpx:TrackPointExtension>
        </extensions>
      </trkpt>
      <trkpt lat="22.647836006891072" lon="107.6069297669589">
        <ele>94.988600442186</ele>
        <time>2023-10-20T02:05:52Z</time>
        <extensions>
          <gpxtpx:TrackPointExtension>
            <gpxtpx:hr>115</gpxtpx:hr>
          </gpxtpx:TrackPointExtension>
        </extensions>
      </trkpt>
      <trkpt lat="22.647836687156648" lon="107.60692857203574">
        <ele>94.94918176252395</ele>
        <time>2023-10-20T02:05:53Z</time>
        <extensions>
          <gpxtpx:TrackPointExtension>
            <gpxtpx:hr>115</gpxtpx:hr>
          </gpxtpx:TrackPointExtension>
        </extensions>
      </trkpt>
      <trkpt lat="22.647837067189585" lon="107.60692764428768">
        <ele>94.9100943049416</ele>
        <time>2023-10-20T02:05:54Z</time>
        <extensions>
          <gpxtpx:TrackPointExtension>
            <gpxtpx:hr>109</gpxtpx:hr>
          </gpxtpx:TrackPointExtension>
        </extensions>
      </trkpt>
      <trkpt lat="22.64783723241538" lon="107.6069267644684">
        <ele>94.87599057331681</ele>
        <time>2023-10-20T02:05:55Z</time>
        <extensions>
          <gpxtpx:TrackPointExtension>
            <gpxtpx:hr>109</gpxtpx:hr>
          </gpxtpx:TrackPointExtension>
        </extensions>
      </trkpt>
      <trkpt lat="22.6478373204529" lon="107.60692597622214">
        <ele>94.84410867840052</ele>
        <time>2023-10-20T02:05:56Z</time>
        <extensions>
          <gpxtpx:TrackPointExtension>
            <gpxtpx:hr>109</gpxtpx:hr>
          </gpxtpx:TrackPointExtension>
        </extensions>
      </trkpt>
      <trkpt lat="22.647837363420283" lon="107.60692518021841">
        <ele>94.81815585680306</ele>
        <time>2023-10-20T02:05:57Z</time>
        <extensions>
          <gpxtpx:TrackPointExtension>
            <gpxtpx:hr>109</gpxtpx:hr>
          </gpxtpx:TrackPointExtension>
        </extensions>
      </trkpt>
      <trkpt lat="22.647837396277556" lon="107.60692433232542">
        <ele>94.79563557729125</ele>
        <time>2023-10-20T02:05:58Z</time>
        <extensions>
          <gpxtpx:TrackPointExtension>
            <gpxtpx:hr>109</gpxtpx:hr>
          </gpxtpx:TrackPointExtension>
        </extensions>
      </trkpt>
      <trkpt lat="22.647837411503733" lon="107.60692341216951">
        <ele>94.7767116650939</ele>
        <time>2023-10-20T02:05:59Z</time>
        <extensions>
          <gpxtpx:TrackPointExtension>
            <gpxtpx:hr>106</gpxtpx:hr>
          </gpxtpx:TrackPointExtension>
        </extensions>
      </trkpt>
      <trkpt lat="22.64783736829856" lon="107.6069223442503">
        <ele>94.76145898085088</ele>
        <time>2023-10-20T02:06:00Z</time>
        <extensions>
          <gpxtpx:TrackPointExtension>
            <gpxtpx:hr>106</gpxtpx:hr>
          </gpxtpx:TrackPointExtension>
        </extensions>
      </trkpt>
      <trkpt lat="22.64783721510763" lon="107.60692111347078">
        <ele>94.7498782267794</ele>
        <time>2023-10-20T02:06:01Z</time>
        <extensions>
          <gpxtpx:TrackPointExtension>
            <gpxtpx:hr>106</gpxtpx:hr>
          </gpxtpx:TrackPointExtension>
        </extensions>
      </trkpt>
      <trkpt lat="22.647836917671704" lon="107.60691981809907">
        <ele>94.74188866000623</ele>
        <time>2023-10-20T02:06:02Z</time>
        <extensions>
          <gpxtpx:TrackPointExtension>
            <gpxtpx:hr>106</gpxtpx:hr>
          </gpxtpx:TrackPointExtension>
        </extensions>
      </trkpt>
      <trkpt lat="22.647836460308984" lon="107.60691848100726">
        <ele>94.73730572219938</ele>
        <time>2023-10-20T02:06:03Z</time>
        <extensions>
          <gpxtpx:TrackPointExtension>
            <gpxtpx:hr>106</gpxtpx:hr>
          </gpxtpx:TrackPointExtension>
        </extensions>
      </trkpt>
      <trkpt lat="22.64783584093095" lon="107.60691707352866">
        <ele>94.73583177104592</ele>
        <time>2023-10-20T02:06:04Z</time>
        <extensions>
          <gpxtpx:TrackPointExtension>
            <gpxtpx:hr>108</gpxtpx:hr>
          </gpxtpx:TrackPointExtension>
        </extensions>
      </trkpt>
      <trkpt lat="22.64783502187588" lon="107.60691547899043">
        <ele>94.73705710284412</ele>
        <time>2023-10-20T02:06:05Z</time>
        <extensions>
          <gpxtpx:TrackPointExtension>
            <gpxtpx:hr>108</gpxtpx:hr>
          </gpxtpx:TrackPointExtension>
        </extensions>
      </trkpt>
      <trkpt lat="22.647834100929703" lon="107.60691374439159">
        <ele>94.74048899766058</ele>
        <time>2023-10-20T02:06:06Z</time>
        <extensions>
          <gpxtpx:TrackPointExtension>
            <gpxtpx:hr>108</gpxtpx:hr>
          </gpxtpx:TrackPointExtension>
        </extensions>
      </trkpt>
      <trkpt lat="22.647833232357677" lon="107.60691211873316">
        <ele>94.76809233147651</ele>
        <time>2023-10-20T02:06:07Z</time>
        <extensions>
          <gpxtpx:TrackPointExtension>
            <gpxtpx:hr>108</gpxtpx:hr>
          </gpxtpx:TrackPointExtension>
        </extensions>
      </trkpt>
      <trkpt lat="22.647832506162025" lon="107.60691078349419">
        <ele>94.80119817145169</ele>
        <time>2023-10-20T02:06:08Z</time>
        <extensions>
          <gpxtpx:TrackPointExtension>
            <gpxtpx:hr>108</gpxtpx:hr>
          </gpxtpx:TrackPointExtension>
        </extensions>
      </trkpt>
      <trkpt lat="22.647831936050306" lon="107.60690978456469">
        <ele>94.83840611949563</ele>
        <time>2023-10-20T02:06:09Z</time>
        <extensions>
          <gpxtpx:TrackPointExtension>
            <gpxtpx:hr>108</gpxtpx:hr>
          </gpxtpx:TrackPointExtension>
        </extensions>
      </trkpt>
      <trkpt lat="22.647831472382553" lon="107.60690907017587">
        <ele>94.8801349233836</ele>
        <time>2023-10-20T02:06:10Z</time>
        <extensions>
          <gpxtpx:TrackPointExtension>
            <gpxtpx:hr>108</gpxtpx:hr>
          </gpxtpx:TrackPointExtension>
        </extensions>
      </trkpt>
      <trkpt lat="22.647831063859513" lon="107.60690856627198">
        <ele>94.92550265043974</ele>
        <time>2023-10-20T02:06:11Z</time>
        <extensions>
          <gpxtpx:TrackPointExtension>
            <gpxtpx:hr>108</gpxtpx:hr>
          </gpxtpx:TrackPointExtension>
        </extensions>
      </trkpt>
      <trkpt lat="22.647830649654733" lon="107.60690820793566">
        <ele>94.97416814044118</ele>
        <time>2023-10-20T02:06:12Z</time>
        <extensions>
          <gpxtpx:TrackPointExtension>
            <gpxtpx:hr>107</gpxtpx:hr>
          </gpxtpx:TrackPointExtension>
        </extensions>
      </trkpt>
      <trkpt lat="22.64783016976828" lon="107.60690794236137">
        <ele>95.02573670260608</ele>
        <time>2023-10-20T02:06:13Z</time>
        <extensions>
          <gpxtpx:TrackPointExtension>
            <gpxtpx:hr>107</gpxtpx:hr>
          </gpxtpx:TrackPointExtension>
        </extensions>
      </trkpt>
      <trkpt lat="22.647829565520023" lon="107.60690773324202">
        <ele>95.07971332967281</ele>
        <time>2023-10-20T02:06:14Z</time>
        <extensions>
          <gpxtpx:TrackPointExtension>
            <gpxtpx:hr>107</gpxtpx:hr>
          </gpxtpx:TrackPointExtension>
        </extensions>
      </trkpt>
      <trkpt lat="22.647828793536092" lon="107.60690756456628">
        <ele>95.13545353896916</ele>
        <time>2023-10-20T02:06:15Z</time>
        <extensions>
          <gpxtpx:TrackPointExtension>
            <gpxtpx:hr>107</gpxtpx:hr>
          </gpxtpx:TrackPointExtension>
        </extensions>
      </trkpt>
      <trkpt lat="22.647827854442124" lon="107.6069074511323">
        <ele>95.1921105068177</ele>
        <time>2023-10-20T02:06:16Z</time>
        <extensions>
          <gpxtpx:TrackPointExtension>
            <gpxtpx:hr>109</gpxtpx:hr>
          </gpxtpx:TrackPointExtension>
        </extensions>
      </trkpt>
      <trkpt lat="22.647826853157664" lon="107.60690746063703">
        <ele>95.2485791509971</ele>
        <time>2023-10-20T02:06:17Z</time>
        <extensions>
          <gpxtpx:TrackPointExtension>
            <gpxtpx:hr>109</gpxtpx:hr>
          </gpxtpx:TrackPointExtension>
        </extensions>
      </trkpt>
      <trkpt lat="22.647826061749722" lon="107.6069076395326">
        <ele>95.30498945247382</ele>
        <time>2023-10-20T02:06:18Z</time>
        <extensions>
          <gpxtpx:TrackPointExtension>
            <gpxtpx:hr>109</gpxtpx:hr>
          </gpxtpx:TrackPointExtension>
        </extensions>
      </trkpt>
      <trkpt lat="22.64782548828815" lon="107.60690794852218">
        <ele>95.3595029944554</ele>
        <time>2023-10-20T02:06:19Z</time>
        <extensions>
          <gpxtpx:TrackPointExtension>
            <gpxtpx:hr>109</gpxtpx:hr>
          </gpxtpx:TrackPointExtension>
        </extensions>
      </trkpt>
      <trkpt lat="22.647825129132187" lon="107.60690825813516">
        <ele>95.41098476946354</ele>
        <time>2023-10-20T02:06:20Z</time>
        <extensions>
          <gpxtpx:TrackPointExtension>
            <gpxtpx:hr>109</gpxtpx:hr>
          </gpxtpx:TrackPointExtension>
        </extensions>
      </trkpt>
      <trkpt lat="22.64782498202761" lon="107.60690846823385">
        <ele>95.45890643820167</ele>
        <time>2023-10-20T02:06:21Z</time>
        <extensions>
          <gpxtpx:TrackPointExtension>
            <gpxtpx:hr>108</gpxtpx:hr>
          </gpxtpx:TrackPointExtension>
        </extensions>
      </trkpt>
      <trkpt lat="22.647825005877184" lon="107.6069086583219">
        <ele>95.50295368209481</ele>
        <time>2023-10-20T02:06:22Z</time>
        <extensions>
          <gpxtpx:TrackPointExtension>
            <gpxtpx:hr>108</gpxtpx:hr>
          </gpxtpx:TrackPointExtension>
        </extensions>
      </trkpt>
      <trkpt lat="22.647825226809715" lon="107.60690891027669">
        <ele>95.54298636689782</ele>
        <time>2023-10-20T02:06:23Z</time>
        <extensions>
          <gpxtpx:TrackPointExtension>
            <gpxtpx:hr>108</gpxtpx:hr>
          </gpxtpx:TrackPointExtension>
        </extensions>
      </trkpt>
      <trkpt lat="22.64782569224565" lon="107.60690928829261">
        <ele>95.57899862527847</ele>
        <time>2023-10-20T02:06:24Z</time>
        <extensions>
          <gpxtpx:TrackPointExtension>
            <gpxtpx:hr>108</gpxtpx:hr>
          </gpxtpx:TrackPointExtension>
        </extensions>
      </trkpt>
      <trkpt lat="22.647826439584737" lon="107.60690982627796">
        <ele>95.61108320951462</ele>
        <time>2023-10-20T02:06:25Z</time>
        <extensions>
          <gpxtpx:TrackPointExtension>
            <gpxtpx:hr>108</gpxtpx:hr>
          </gpxtpx:TrackPointExtension>
        </extensions>
      </trkpt>
      <trkpt lat="22.64782750223057" lon="107.60691056418622">
        <ele>95.6394001301378</ele>
        <time>2023-10-20T02:06:26Z</time>
        <extensions>
          <gpxtpx:TrackPointExtension>
            <gpxtpx:hr>108</gpxtpx:hr>
          </gpxtpx:TrackPointExtension>
        </extensions>
      </trkpt>
      <trkpt lat="22.647828864739527" lon="107.60691152434781">
        <ele>95.6641496969387</ele>
        <time>2023-10-20T02:06:27Z</time>
        <extensions>
          <gpxtpx:TrackPointExtension>
            <gpxtpx:hr>106</gpxtpx:hr>
          </gpxtpx:TrackPointExtension>
        </extensions>
      </trkpt>
      <trkpt lat="22.64783036016362" lon="107.60691265777646">
        <ele>95.68554928153753</ele>
        <time>2023-10-20T02:06:28Z</time>
        <extensions>
          <gpxtpx:TrackPointExtension>
            <gpxtpx:hr>106</gpxtpx:hr>
          </gpxtpx:TrackPointExtension>
        </extensions>
      </trkpt>
      <trkpt lat="22.647831701141946" lon="107.60691367782803">
        <ele>95.70382316410542</ele>
        <time>2023-10-20T02:06:29Z</time>
        <extensions>
          <gpxtpx:TrackPointExtension>
            <gpxtpx:hr>106</gpxtpx:hr>
          </gpxtpx:TrackPointExtension>
        </extensions>
      </trkpt>
      <trkpt lat="22.647832736349507" lon="107.60691439163416">
        <ele>95.71921097766608</ele>
        <time>2023-10-20T02:06:30Z</time>
        <extensions>
          <gpxtpx:TrackPointExtension>
            <gpxtpx:hr>106</gpxtpx:hr>
          </gpxtpx:TrackPointExtension>
        </extensions>
      </trkpt>
      <trkpt lat="22.647833481745774" lon="107.60691487410752">
        <ele>95.73197053652257</ele>
        <time>2023-10-20T02:06:31Z</time>
        <extensions>
          <gpxtpx:TrackPointExtension>
            <gpxtpx:hr>104</gpxtpx:hr>
          </gpxtpx:TrackPointExtension>
        </extensions>
      </trkpt>
      <trkpt lat="22.647834001908638" lon="107.60691519614278">
        <ele>95.74236930161715</ele>
        <time>2023-10-20T02:06:32Z</time>
        <extensions>
          <gpxtpx:TrackPointExtension>
            <gpxtpx:hr>104</gpxtpx:hr>
          </gpxtpx:TrackPointExtension>
        </extensions>
      </trkpt>
      <trkpt lat="22.64783436001003" lon="107.60691541101806">
        <ele>95.75067505799234</ele>
        <time>2023-10-20T02:06:33Z</time>
        <extensions>
          <gpxtpx:TrackPointExtension>
            <gpxtpx:hr>104</gpxtpx:hr>
          </gpxtpx:TrackPointExtension>
        </extensions>
      </trkpt>
      <trkpt lat="22.647834599017877" lon="107.60691555118161">
        <ele>95.75714926421642</ele>
        <time>2023-10-20T02:06:34Z</time>
        <extensions>
          <gpxtpx:TrackPointExtension>
            <gpxtpx:hr>104</gpxtpx:hr>
          </gpxtpx:TrackPointExtension>
        </extensions>
      </trkpt>
      <trkpt lat="22.647834757258266" lon="107.60691564242688">
        <ele>95.76204156782478</ele>
        <time>2023-10-20T02:06:35Z</time>
        <extensions>
          <gpxtpx:TrackPointExtension>
            <gpxtpx:hr>104</gpxtpx:hr>
          </gpxtpx:TrackPointExtension>
        </extensions>
      </trkpt>
      <trkpt lat="22.64783485761976" lon="107.60691569958614">
        <ele>95.76558573823422</ele>
        <time>2023-10-20T02:06:36Z</time>
        <extensions>
          <gpxtpx:TrackPointExtension>
            <gpxtpx:hr>104</gpxtpx:hr>
          </gpxtpx:TrackPointExtension>
        </extensions>
      </trkpt>
      <trkpt lat="22.64783492369608" lon="107.60691573684788">
        <ele>95.7679973449558</ele>
        <time>2023-10-20T02:06:37Z</time>
        <extensions>
          <gpxtpx:TrackPointExtension>
            <gpxtpx:hr>96</gpxtpx:hr>
          </gpxtpx:TrackPointExtension>
        </extensions>
      </trkpt>
      <trkpt lat="22.64783496887381" lon="107.60691576216647">
        <ele>95.769472328946</ele>
        <time>2023-10-20T02:06:38Z</time>
        <extensions>
          <gpxtpx:TrackPointExtension>
            <gpxtpx:hr>96</gpxtpx:hr>
          </gpxtpx:TrackPointExtension>
        </extensions>
      </trkpt>
      <trkpt lat="22.6478349969761" lon="107.60691577784341">
        <ele>95.77018629573286</ele>
        <time>2023-10-20T02:06:39Z</time>
        <extensions>
          <gpxtpx:TrackPointExtension>
            <gpxtpx:hr>96</gpxtpx:hr>
          </gpxtpx:TrackPointExtension>
        </extensions>
      </trkpt>
      <trkpt lat="22.64783505948255" lon="107.60691576088341">
        <ele>95.74305757507682</ele>
        <time>2023-10-20T02:06:40Z</time>
        <extensions>
          <gpxtpx:TrackPointExtension>
            <gpxtpx:hr>96</gpxtpx:hr>
          </gpxtpx:TrackPointExtension>
        </extensions>
      </trkpt>
      <trkpt lat="22.647835120976232" lon="107.60691574539733">
        <ele>95.70895645860583</ele>
        <time>2023-10-20T02:06:41Z</time>
        <extensions>
          <gpxtpx:TrackPointExtension>
            <gpxtpx:hr>96</gpxtpx:hr>
          </gpxtpx:TrackPointExtension>
        </extensions>
      </trkpt>
      <trkpt lat="22.647835200708933" lon="107.6069157239737">
        <ele>95.66934526152909</ele>
        <time>2023-10-20T02:06:42Z</time>
        <extensions>
          <gpxtpx:TrackPointExtension>
            <gpxtpx:hr>96</gpxtpx:hr>
          </gpxtpx:TrackPointExtension>
        </extensions>
      </trkpt>
      <trkpt lat="22.647835314620973" lon="107.60691568647431">
        <ele>95.6197281293571</ele>
        <time>2023-10-20T02:06:43Z</time>
        <extensions>
          <gpxtpx:TrackPointExtension>
            <gpxtpx:hr>96</gpxtpx:hr>
          </gpxtpx:TrackPointExtension>
        </extensions>
      </trkpt>
      <trkpt lat="22.647835473378105" lon="107.60691562869378">
        <ele>95.56418851483613</ele>
        <time>2023-10-20T02:06:44Z</time>
        <extensions>
          <gpxtpx:TrackPointExtension>
            <gpxtpx:hr>91</gpxtpx:hr>
          </gpxtpx:TrackPointExtension>
        </extensions>
      </trkpt>
      <trkpt lat="22.647835698276296" lon="107.60691554663045">
        <ele>95.5032086679712</ele>
        <time>2023-10-20T02:06:45Z</time>
        <extensions>
          <gpxtpx:TrackPointExtension>
            <gpxtpx:hr>91</gpxtpx:hr>
          </gpxtpx:TrackPointExtension>
        </extensions>
      </trkpt>
      <trkpt lat="22.647836012213105" lon="107.60691544208044">
        <ele>95.43723994027823</ele>
        <time>2023-10-20T02:06:46Z</time>
        <extensions>
          <gpxtpx:TrackPointExtension>
            <gpxtpx:hr>91</gpxtpx:hr>
          </gpxtpx:TrackPointExtension>
        </extensions>
      </trkpt>
      <trkpt lat="22.647836437852487" lon="107.60691532598455">
        <ele>95.36681519262493</ele>
        <time>2023-10-20T02:06:47Z</time>
        <extensions>
          <gpxtpx:TrackPointExtension>
            <gpxtpx:hr>91</gpxtpx:hr>
          </gpxtpx:TrackPointExtension>
        </extensions>
      </trkpt>
      <trkpt lat="22.647836998172156" lon="107.60691521816392">
        <ele>95.30996223818511</ele>
        <time>2023-10-20T02:06:48Z</time>
        <extensions>
          <gpxtpx:TrackPointExtension>
            <gpxtpx:hr>91</gpxtpx:hr>
          </gpxtpx:TrackPointExtension>
        </extensions>
      </trkpt>
      <trkpt lat="22.647837710844847" lon="107.60691519713707">
        <ele>95.26174111757427</ele>
        <time>2023-10-20T02:06:49Z</time>
        <extensions>
          <gpxtpx:TrackPointExtension>
            <gpxtpx:hr>92</gpxtpx:hr>
          </gpxtpx:TrackPointExtension>
        </extensions>
      </trkpt>
      <trkpt lat="22.64783852972667" lon="107.60691546850123">
        <ele>95.21392711251974</ele>
        <time>2023-10-20T02:06:50Z</time>
        <extensions>
          <gpxtpx:TrackPointExtension>
            <gpxtpx:hr>92</gpxtpx:hr>
          </gpxtpx:TrackPointExtension>
        </extensions>
      </trkpt>
      <trkpt lat="22.647839311112552" lon="107.60691594474156">
        <ele>95.17041620519012</ele>
        <time>2023-10-20T02:06:51Z</time>
        <extensions>
          <gpxtpx:TrackPointExtension>
            <gpxtpx:hr>92</gpxtpx:hr>
          </gpxtpx:TrackPointExtension>
        </extensions>
      </trkpt>
      <trkpt lat="22.647839977575785" lon="107.60691627211686">
        <ele>95.13359205424786</ele>
        <time>2023-10-20T02:06:52Z</time>
        <extensions>
          <gpxtpx:TrackPointExtension>
            <gpxtpx:hr>92</gpxtpx:hr>
          </gpxtpx:TrackPointExtension>
        </extensions>
      </trkpt>
      <trkpt lat="22.647840562329904" lon="107.60691631247771">
        <ele>95.10607044305652</ele>
        <time>2023-10-20T02:06:53Z</time>
        <extensions>
          <gpxtpx:TrackPointExtension>
            <gpxtpx:hr>92</gpxtpx:hr>
          </gpxtpx:TrackPointExtension>
        </extensions>
      </trkpt>
      <trkpt lat="22.64784110956595" lon="107.60691611844274">
        <ele>95.08676599431783</ele>
        <time>2023-10-20T02:06:54Z</time>
        <extensions>
          <gpxtpx:TrackPointExtension>
            <gpxtpx:hr>92</gpxtpx:hr>
          </gpxtpx:TrackPointExtension>
        </extensions>
      </trkpt>
      <trkpt lat="22.64784168197742" lon="107.60691577385977">
        <ele>95.07601169217378</ele>
        <time>2023-10-20T02:06:55Z</time>
        <extensions>
          <gpxtpx:TrackPointExtension>
            <gpxtpx:hr>92</gpxtpx:hr>
          </gpxtpx:TrackPointExtension>
        </extensions>
      </trkpt>
      <trkpt lat="22.64784237052637" lon="107.60691532250435">
        <ele>95.07368992455304</ele>
        <time>2023-10-20T02:06:56Z</time>
        <extensions>
          <gpxtpx:TrackPointExtension>
            <gpxtpx:hr>98</gpxtpx:hr>
          </gpxtpx:TrackPointExtension>
        </extensions>
      </trkpt>
      <trkpt lat="22.64784332779331" lon="107.60691482793455">
        <ele>95.07590483594686</ele>
        <time>2023-10-20T02:06:57Z</time>
        <extensions>
          <gpxtpx:TrackPointExtension>
            <gpxtpx:hr>98</gpxtpx:hr>
          </gpxtpx:TrackPointExtension>
        </extensions>
      </trkpt>
      <trkpt lat="22.64784473272139" lon="107.60691437857946">
        <ele>95.08386079221964</ele>
        <time>2023-10-20T02:06:58Z</time>
        <extensions>
          <gpxtpx:TrackPointExtension>
            <gpxtpx:hr>98</gpxtpx:hr>
          </gpxtpx:TrackPointExtension>
        </extensions>
      </trkpt>
      <trkpt lat="22.64784677689594" lon="107.60691409933278">
        <ele>95.09711988084018</ele>
        <time>2023-10-20T02:06:59Z</time>
        <extensions>
          <gpxtpx:TrackPointExtension>
            <gpxtpx:hr>98</gpxtpx:hr>
          </gpxtpx:TrackPointExtension>
        </extensions>
      </trkpt>
      <trkpt lat="22.64784885662325" lon="107.60691403078727">
        <ele>95.11690113786608</ele>
        <time>2023-10-20T02:07:00Z</time>
        <extensions>
          <gpxtpx:TrackPointExtension>
            <gpxtpx:hr>98</gpxtpx:hr>
          </gpxtpx:TrackPointExtension>
        </extensions>
      </trkpt>
      <trkpt lat="22.647850386485338" lon="107.60691420797744">
        <ele>95.13722006417811</ele>
        <time>2023-10-20T02:07:01Z</time>
        <extensions>
          <gpxtpx:TrackPointExtension>
            <gpxtpx:hr>98</gpxtpx:hr>
          </gpxtpx:TrackPointExtension>
        </extensions>
      </trkpt>
      <trkpt lat="22.647851649509633" lon="107.6069146597203">
        <ele>95.16074754670262</ele>
        <time>2023-10-20T02:07:02Z</time>
        <extensions>
          <gpxtpx:TrackPointExtension>
            <gpxtpx:hr>98</gpxtpx:hr>
          </gpxtpx:TrackPointExtension>
        </extensions>
      </trkpt>
      <trkpt lat="22.647852810228237" lon="107.60691530660537">
        <ele>95.1841594548896</ele>
        <time>2023-10-20T02:07:03Z</time>
        <extensions>
          <gpxtpx:TrackPointExtension>
            <gpxtpx:hr>98</gpxtpx:hr>
          </gpxtpx:TrackPointExtension>
        </extensions>
      </trkpt>
      <trkpt lat="22.64785382000504" lon="107.6069160743609">
        <ele>95.20624483935535</ele>
        <time>2023-10-20T02:07:04Z</time>
        <extensions>
          <gpxtpx:TrackPointExtension>
            <gpxtpx:hr>98</gpxtpx:hr>
          </gpxtpx:TrackPointExtension>
        </extensions>
      </trkpt>
      <trkpt lat="22.647854742743004" lon="107.60691694518134">
        <ele>95.22473646141589</ele>
        <time>2023-10-20T02:07:05Z</time>
        <extensions>
          <gpxtpx:TrackPointExtension>
            <gpxtpx:hr>98</gpxtpx:hr>
          </gpxtpx:TrackPointExtension>
        </extensions>
      </trkpt>
      <trkpt lat="22.647855660788426" lon="107.60691789926726">
        <ele>95.25292482506484</ele>
        <time>2023-10-20T02:07:06Z</time>
        <extensions>
          <gpxtpx:TrackPointExtension>
            <gpxtpx:hr>98</gpxtpx:hr>
          </gpxtpx:TrackPointExtension>
        </extensions>
      </trkpt>
      <trkpt lat="22.647856560009515" lon="107.606918902305">
        <ele>95.28250659070909</ele>
        <time>2023-10-20T02:07:07Z</time>
        <extensions>
          <gpxtpx:TrackPointExtension>
            <gpxtpx:hr>97</gpxtpx:hr>
          </gpxtpx:TrackPointExtension>
        </extensions>
      </trkpt>
      <trkpt lat="22.647857438776303" lon="107.60691995171216">
        <ele>95.31443310528994</ele>
        <time>2023-10-20T02:07:08Z</time>
        <extensions>
          <gpxtpx:TrackPointExtension>
            <gpxtpx:hr>97</gpxtpx:hr>
          </gpxtpx:TrackPointExtension>
        </extensions>
      </trkpt>
      <trkpt lat="22.64785833703701" lon="107.60692107021056">
        <ele>95.3383614346385</ele>
        <time>2023-10-20T02:07:09Z</time>
        <extensions>
          <gpxtpx:TrackPointExtension>
            <gpxtpx:hr>97</gpxtpx:hr>
          </gpxtpx:TrackPointExtension>
        </extensions>
      </trkpt>
      <trkpt lat="22.64785930012947" lon="107.60692221694775">
        <ele>95.36396081373096</ele>
        <time>2023-10-20T02:07:10Z</time>
        <extensions>
          <gpxtpx:TrackPointExtension>
            <gpxtpx:hr>97</gpxtpx:hr>
          </gpxtpx:TrackPointExtension>
        </extensions>
      </trkpt>
      <trkpt lat="22.647860310438496" lon="107.60692334812957">
        <ele>95.38890663068742</ele>
        <time>2023-10-20T02:07:11Z</time>
        <extensions>
          <gpxtpx:TrackPointExtension>
            <gpxtpx:hr>97</gpxtpx:hr>
          </gpxtpx:TrackPointExtension>
        </extensions>
      </trkpt>
      <trkpt lat="22.64786128453742" lon="107.60692445141407">
        <ele>95.40925484895706</ele>
        <time>2023-10-20T02:07:12Z</time>
        <extensions>
          <gpxtpx:TrackPointExtension>
            <gpxtpx:hr>97</gpxtpx:hr>
          </gpxtpx:TrackPointExtension>
        </extensions>
      </trkpt>
      <trkpt lat="22.64786217726097" lon="107.60692545910929">
        <ele>95.42613700218499</ele>
        <time>2023-10-20T02:07:13Z</time>
        <extensions>
          <gpxtpx:TrackPointExtension>
            <gpxtpx:hr>97</gpxtpx:hr>
          </gpxtpx:TrackPointExtension>
        </extensions>
      </trkpt>
      <trkpt lat="22.647862914358758" lon="107.60692628786519">
        <ele>95.43531377520412</ele>
        <time>2023-10-20T02:07:14Z</time>
        <extensions>
          <gpxtpx:TrackPointExtension>
            <gpxtpx:hr>97</gpxtpx:hr>
          </gpxtpx:TrackPointExtension>
        </extensions>
      </trkpt>
      <trkpt lat="22.64786354047341" lon="107.60692689903415">
        <ele>95.4416841827333</ele>
        <time>2023-10-20T02:07:15Z</time>
        <extensions>
          <gpxtpx:TrackPointExtension>
            <gpxtpx:hr>97</gpxtpx:hr>
          </gpxtpx:TrackPointExtension>
        </extensions>
      </trkpt>
      <trkpt lat="22.647864196204566" lon="107.60692740870209">
        <ele>95.44505684822798</ele>
        <time>2023-10-20T02:07:16Z</time>
        <extensions>
          <gpxtpx:TrackPointExtension>
            <gpxtpx:hr>96</gpxtpx:hr>
          </gpxtpx:TrackPointExtension>
        </extensions>
      </trkpt>
      <trkpt lat="22.647864771091342" lon="107.60692794787434">
        <ele>95.43917257152498</ele>
        <time>2023-10-20T02:07:17Z</time>
        <extensions>
          <gpxtpx:TrackPointExtension>
            <gpxtpx:hr>96</gpxtpx:hr>
          </gpxtpx:TrackPointExtension>
        </extensions>
      </trkpt>
      <trkpt lat="22.64786487548083" lon="107.6069285588362">
        <ele>95.42890034150332</ele>
        <time>2023-10-20T02:07:18Z</time>
        <extensions>
          <gpxtpx:TrackPointExtension>
            <gpxtpx:hr>96</gpxtpx:hr>
          </gpxtpx:TrackPointExtension>
        </extensions>
      </trkpt>
      <trkpt lat="22.647864471651694" lon="107.60692925612382">
        <ele>95.41425773408264</ele>
        <time>2023-10-20T02:07:19Z</time>
        <extensions>
          <gpxtpx:TrackPointExtension>
            <gpxtpx:hr>96</gpxtpx:hr>
          </gpxtpx:TrackPointExtension>
        </extensions>
      </trkpt>
      <trkpt lat="22.647863788072137" lon="107.606929982769">
        <ele>95.3954841196537</ele>
        <time>2023-10-20T02:07:20Z</time>
        <extensions>
          <gpxtpx:TrackPointExtension>
            <gpxtpx:hr>95</gpxtpx:hr>
          </gpxtpx:TrackPointExtension>
        </extensions>
      </trkpt>
      <trkpt lat="22.647862993568484" lon="107.60693074507442">
        <ele>95.37296481896192</ele>
        <time>2023-10-20T02:07:21Z</time>
        <extensions>
          <gpxtpx:TrackPointExtension>
            <gpxtpx:hr>95</gpxtpx:hr>
          </gpxtpx:TrackPointExtension>
        </extensions>
      </trkpt>
      <trkpt lat="22.647862200764838" lon="107.60693153959674">
        <ele>95.34722791891545</ele>
        <time>2023-10-20T02:07:22Z</time>
        <extensions>
          <gpxtpx:TrackPointExtension>
            <gpxtpx:hr>95</gpxtpx:hr>
          </gpxtpx:TrackPointExtension>
        </extensions>
      </trkpt>
      <trkpt lat="22.64786142394655" lon="107.60693243921516">
        <ele>95.30438822228462</ele>
        <time>2023-10-20T02:07:23Z</time>
        <extensions>
          <gpxtpx:TrackPointExtension>
            <gpxtpx:hr>95</gpxtpx:hr>
          </gpxtpx:TrackPointExtension>
        </extensions>
      </trkpt>
      <trkpt lat="22.647860648931044" lon="107.60693338672006">
        <ele>95.24982293881476</ele>
        <time>2023-10-20T02:07:24Z</time>
        <extensions>
          <gpxtpx:TrackPointExtension>
            <gpxtpx:hr>95</gpxtpx:hr>
          </gpxtpx:TrackPointExtension>
        </extensions>
      </trkpt>
      <trkpt lat="22.647859843898388" lon="107.60693439937162">
        <ele>95.1905265506357</ele>
        <time>2023-10-20T02:07:25Z</time>
        <extensions>
          <gpxtpx:TrackPointExtension>
            <gpxtpx:hr>95</gpxtpx:hr>
          </gpxtpx:TrackPointExtension>
        </extensions>
      </trkpt>
      <trkpt lat="22.647859036170995" lon="107.60693548950186">
        <ele>95.12768379319459</ele>
        <time>2023-10-20T02:07:26Z</time>
        <extensions>
          <gpxtpx:TrackPointExtension>
            <gpxtpx:hr>95</gpxtpx:hr>
          </gpxtpx:TrackPointExtension>
        </extensions>
      </trkpt>
      <trkpt lat="22.64785828777745" lon="107.60693662544365">
        <ele>95.05604638718069</ele>
        <time>2023-10-20T02:07:27Z</time>
        <extensions>
          <gpxtpx:TrackPointExtension>
            <gpxtpx:hr>91</gpxtpx:hr>
          </gpxtpx:TrackPointExtension>
        </extensions>
      </trkpt>
      <trkpt lat="22.647857629699313" lon="107.60693775703366">
        <ele>94.9814348584041</ele>
        <time>2023-10-20T02:07:28Z</time>
        <extensions>
          <gpxtpx:TrackPointExtension>
            <gpxtpx:hr>91</gpxtpx:hr>
          </gpxtpx:TrackPointExtension>
        </extensions>
      </trkpt>
      <trkpt lat="22.647857042835266" lon="107.60693889112065">
        <ele>94.90452073607594</ele>
        <time>2023-10-20T02:07:29Z</time>
        <extensions>
          <gpxtpx:TrackPointExtension>
            <gpxtpx:hr>91</gpxtpx:hr>
          </gpxtpx:TrackPointExtension>
        </extensions>
      </trkpt>
      <trkpt lat="22.647856481905418" lon="107.60694009171212">
        <ele>94.8259528875351</ele>
        <time>2023-10-20T02:07:30Z</time>
        <extensions>
          <gpxtpx:TrackPointExtension>
            <gpxtpx:hr>91</gpxtpx:hr>
          </gpxtpx:TrackPointExtension>
        </extensions>
      </trkpt>
      <trkpt lat="22.64785591476805" lon="107.60694139825634">
        <ele>94.74642981030047</ele>
        <time>2023-10-20T02:07:31Z</time>
        <extensions>
          <gpxtpx:TrackPointExtension>
            <gpxtpx:hr>91</gpxtpx:hr>
          </gpxtpx:TrackPointExtension>
        </extensions>
      </trkpt>
      <trkpt lat="22.64785533502314" lon="107.60694279304724">
        <ele>94.66677515022457</ele>
        <time>2023-10-20T02:07:32Z</time>
        <extensions>
          <gpxtpx:TrackPointExtension>
            <gpxtpx:hr>91</gpxtpx:hr>
          </gpxtpx:TrackPointExtension>
        </extensions>
      </trkpt>
      <trkpt lat="22.64785473542777" lon="107.60694425227746">
        <ele>94.58801402989775</ele>
        <time>2023-10-20T02:07:33Z</time>
        <extensions>
          <gpxtpx:TrackPointExtension>
            <gpxtpx:hr>91</gpxtpx:hr>
          </gpxtpx:TrackPointExtension>
        </extensions>
      </trkpt>
      <trkpt lat="22.6478540999992" lon="107.60694578481682">
        <ele>94.51133698225021</ele>
        <time>2023-10-20T02:07:34Z</time>
        <extensions>
          <gpxtpx:TrackPointExtension>
            <gpxtpx:hr>99</gpxtpx:hr>
          </gpxtpx:TrackPointExtension>
        </extensions>
      </trkpt>
      <trkpt lat="22.647853447904275" lon="107.60694726126222">
        <ele>94.43788767699152</ele>
        <time>2023-10-20T02:07:35Z</time>
        <extensions>
          <gpxtpx:TrackPointExtension>
            <gpxtpx:hr>99</gpxtpx:hr>
          </gpxtpx:TrackPointExtension>
        </extensions>
      </trkpt>
      <trkpt lat="22.647852839404827" lon="107.60694854411955">
        <ele>94.35674070101231</ele>
        <time>2023-10-20T02:07:36Z</time>
        <extensions>
          <gpxtpx:TrackPointExtension>
            <gpxtpx:hr>99</gpxtpx:hr>
          </gpxtpx:TrackPointExtension>
        </extensions>
      </trkpt>
      <trkpt lat="22.647852312728283" lon="107.60694956920806">
        <ele>94.2811995819211</ele>
        <time>2023-10-20T02:07:37Z</time>
        <extensions>
          <gpxtpx:TrackPointExtension>
            <gpxtpx:hr>99</gpxtpx:hr>
          </gpxtpx:TrackPointExtension>
        </extensions>
      </trkpt>
      <trkpt lat="22.64785185122527" lon="107.60695035022358">
        <ele>94.22692588809878</ele>
        <time>2023-10-20T02:07:38Z</time>
        <extensions>
          <gpxtpx:TrackPointExtension>
            <gpxtpx:hr>99</gpxtpx:hr>
          </gpxtpx:TrackPointExtension>
        </extensions>
      </trkpt>
      <trkpt lat="22.647851493544717" lon="107.6069509377003">
        <ele>94.18366914056242</ele>
        <time>2023-10-20T02:07:39Z</time>
        <extensions>
          <gpxtpx:TrackPointExtension>
            <gpxtpx:hr>99</gpxtpx:hr>
          </gpxtpx:TrackPointExtension>
        </extensions>
      </trkpt>
      <trkpt lat="22.6478512122288" lon="107.60695137056895">
        <ele>94.1535281399265</ele>
        <time>2023-10-20T02:07:40Z</time>
        <extensions>
          <gpxtpx:TrackPointExtension>
            <gpxtpx:hr>101</gpxtpx:hr>
          </gpxtpx:TrackPointExtension>
        </extensions>
      </trkpt>
      <trkpt lat="22.64785099858939" lon="107.60695171138303">
        <ele>94.13539973460138</ele>
        <time>2023-10-20T02:07:41Z</time>
        <extensions>
          <gpxtpx:TrackPointExtension>
            <gpxtpx:hr>101</gpxtpx:hr>
          </gpxtpx:TrackPointExtension>
        </extensions>
      </trkpt>
      <trkpt lat="22.647850802281138" lon="107.60695201117643">
        <ele>94.12966162897646</ele>
        <time>2023-10-20T02:07:42Z</time>
        <extensions>
          <gpxtpx:TrackPointExtension>
            <gpxtpx:hr>101</gpxtpx:hr>
          </gpxtpx:TrackPointExtension>
        </extensions>
      </trkpt>
      <trkpt lat="22.6478506061465" lon="107.60695230496128">
        <ele>94.13200385123491</ele>
        <time>2023-10-20T02:07:43Z</time>
        <extensions>
          <gpxtpx:TrackPointExtension>
            <gpxtpx:hr>101</gpxtpx:hr>
          </gpxtpx:TrackPointExtension>
        </extensions>
      </trkpt>
      <trkpt lat="22.647850394618033" lon="107.60695260306632">
        <ele>94.14493760559708</ele>
        <time>2023-10-20T02:07:44Z</time>
        <extensions>
          <gpxtpx:TrackPointExtension>
            <gpxtpx:hr>101</gpxtpx:hr>
          </gpxtpx:TrackPointExtension>
        </extensions>
      </trkpt>
      <trkpt lat="22.64785013287256" lon="107.60695290844883">
        <ele>94.16501473728567</ele>
        <time>2023-10-20T02:07:45Z</time>
        <extensions>
          <gpxtpx:TrackPointExtension>
            <gpxtpx:hr>101</gpxtpx:hr>
          </gpxtpx:TrackPointExtension>
        </extensions>
      </trkpt>
      <trkpt lat="22.647849759962547" lon="107.60695317979759">
        <ele>94.19329375121742</ele>
        <time>2023-10-20T02:07:46Z</time>
        <extensions>
          <gpxtpx:TrackPointExtension>
            <gpxtpx:hr>93</gpxtpx:hr>
          </gpxtpx:TrackPointExtension>
        </extensions>
      </trkpt>
      <trkpt lat="22.647849249780084" lon="107.60695329005715">
        <ele>94.22918831836432</ele>
        <time>2023-10-20T02:07:47Z</time>
        <extensions>
          <gpxtpx:TrackPointExtension>
            <gpxtpx:hr>93</gpxtpx:hr>
          </gpxtpx:TrackPointExtension>
        </extensions>
      </trkpt>
      <trkpt lat="22.647848637566863" lon="107.60695315324483">
        <ele>94.27249679155648</ele>
        <time>2023-10-20T02:07:48Z</time>
        <extensions>
          <gpxtpx:TrackPointExtension>
            <gpxtpx:hr>93</gpxtpx:hr>
          </gpxtpx:TrackPointExtension>
        </extensions>
      </trkpt>
      <trkpt lat="22.64784792565144" lon="107.606952856046">
        <ele>94.31996628176421</ele>
        <time>2023-10-20T02:07:49Z</time>
        <extensions>
          <gpxtpx:TrackPointExtension>
            <gpxtpx:hr>93</gpxtpx:hr>
          </gpxtpx:TrackPointExtension>
        </extensions>
      </trkpt>
      <trkpt lat="22.647847022177945" lon="107.60695251744771">
        <ele>94.37057596538216</ele>
        <time>2023-10-20T02:07:50Z</time>
        <extensions>
          <gpxtpx:TrackPointExtension>
            <gpxtpx:hr>93</gpxtpx:hr>
          </gpxtpx:TrackPointExtension>
        </extensions>
      </trkpt>
      <trkpt lat="22.647845850565126" lon="107.60695220940653">
        <ele>94.42250551749021</ele>
        <time>2023-10-20T02:07:51Z</time>
        <extensions>
          <gpxtpx:TrackPointExtension>
            <gpxtpx:hr>93</gpxtpx:hr>
          </gpxtpx:TrackPointExtension>
        </extensions>
      </trkpt>
      <trkpt lat="22.647844493216116" lon="107.60695195670827">
        <ele>94.47728557977825</ele>
        <time>2023-10-20T02:07:52Z</time>
        <extensions>
          <gpxtpx:TrackPointExtension>
            <gpxtpx:hr>93</gpxtpx:hr>
          </gpxtpx:TrackPointExtension>
        </extensions>
      </trkpt>
      <trkpt lat="22.647843069707736" lon="107.60695173312233">
        <ele>94.53074396494776</ele>
        <time>2023-10-20T02:07:53Z</time>
        <extensions>
          <gpxtpx:TrackPointExtension>
            <gpxtpx:hr>95</gpxtpx:hr>
          </gpxtpx:TrackPointExtension>
        </extensions>
      </trkpt>
      <trkpt lat="22.647841564769326" lon="107.60695158000098">
        <ele>94.58505904115736</ele>
        <time>2023-10-20T02:07:54Z</time>
        <extensions>
          <gpxtpx:TrackPointExtension>
            <gpxtpx:hr>95</gpxtpx:hr>
          </gpxtpx:TrackPointExtension>
        </extensions>
      </trkpt>
      <trkpt lat="22.64784000396965" lon="107.60695152852058">
        <ele>94.638466687873</ele>
        <time>2023-10-20T02:07:55Z</time>
        <extensions>
          <gpxtpx:TrackPointExtension>
            <gpxtpx:hr>95</gpxtpx:hr>
          </gpxtpx:TrackPointExtension>
        </extensions>
      </trkpt>
      <trkpt lat="22.647838507114578" lon="107.60695156537594">
        <ele>94.68912625312805</ele>
        <time>2023-10-20T02:07:56Z</time>
        <extensions>
          <gpxtpx:TrackPointExtension>
            <gpxtpx:hr>95</gpxtpx:hr>
          </gpxtpx:TrackPointExtension>
        </extensions>
      </trkpt>
      <trkpt lat="22.64783720491158" lon="107.60695165710453">
        <ele>94.73707774840295</ele>
        <time>2023-10-20T02:07:57Z</time>
        <extensions>
          <gpxtpx:TrackPointExtension>
            <gpxtpx:hr>95</gpxtpx:hr>
          </gpxtpx:TrackPointExtension>
        </extensions>
      </trkpt>
      <trkpt lat="22.647836168900874" lon="107.6069518047989">
        <ele>94.77511677332222</ele>
        <time>2023-10-20T02:07:58Z</time>
        <extensions>
          <gpxtpx:TrackPointExtension>
            <gpxtpx:hr>94</gpxtpx:hr>
          </gpxtpx:TrackPointExtension>
        </extensions>
      </trkpt>
      <trkpt lat="22.647835327334462" lon="107.60695200637382">
        <ele>94.80769470427185</ele>
        <time>2023-10-20T02:07:59Z</time>
        <extensions>
          <gpxtpx:TrackPointExtension>
            <gpxtpx:hr>94</gpxtpx:hr>
          </gpxtpx:TrackPointExtension>
        </extensions>
      </trkpt>
      <trkpt lat="22.647834612183008" lon="107.60695227486971">
        <ele>94.8314024778083</ele>
        <time>2023-10-20T02:08:00Z</time>
        <extensions>
          <gpxtpx:TrackPointExtension>
            <gpxtpx:hr>94</gpxtpx:hr>
          </gpxtpx:TrackPointExtension>
        </extensions>
      </trkpt>
      <trkpt lat="22.647833950156894" lon="107.60695266739637">
        <ele>94.8467267267406</ele>
        <time>2023-10-20T02:08:01Z</time>
        <extensions>
          <gpxtpx:TrackPointExtension>
            <gpxtpx:hr>94</gpxtpx:hr>
          </gpxtpx:TrackPointExtension>
        </extensions>
      </trkpt>
      <trkpt lat="22.647833326072327" lon="107.60695321078147">
        <ele>94.8552122535184</ele>
        <time>2023-10-20T02:08:02Z</time>
        <extensions>
          <gpxtpx:TrackPointExtension>
            <gpxtpx:hr>94</gpxtpx:hr>
          </gpxtpx:TrackPointExtension>
        </extensions>
      </trkpt>
      <trkpt lat="22.647832792238482" lon="107.6069538596647">
        <ele>94.85571334790438</ele>
        <time>2023-10-20T02:08:03Z</time>
        <extensions>
          <gpxtpx:TrackPointExtension>
            <gpxtpx:hr>92</gpxtpx:hr>
          </gpxtpx:TrackPointExtension>
        </extensions>
      </trkpt>
      <trkpt lat="22.647832402844138" lon="107.60695456596193">
        <ele>94.84899755194783</ele>
        <time>2023-10-20T02:08:04Z</time>
        <extensions>
          <gpxtpx:TrackPointExtension>
            <gpxtpx:hr>92</gpxtpx:hr>
          </gpxtpx:TrackPointExtension>
        </extensions>
      </trkpt>
      <trkpt lat="22.647832189629607" lon="107.60695526775577">
        <ele>94.83702542260289</ele>
        <time>2023-10-20T02:08:05Z</time>
        <extensions>
          <gpxtpx:TrackPointExtension>
            <gpxtpx:hr>92</gpxtpx:hr>
          </gpxtpx:TrackPointExtension>
        </extensions>
      </trkpt>
      <trkpt lat="22.647832096737655" lon="107.60695593891745">
        <ele>94.81746853515506</ele>
        <time>2023-10-20T02:08:06Z</time>
        <extensions>
          <gpxtpx:TrackPointExtension>
            <gpxtpx:hr>92</gpxtpx:hr>
          </gpxtpx:TrackPointExtension>
        </extensions>
      </trkpt>
      <trkpt lat="22.647832109716262" lon="107.60695654489359">
        <ele>94.79154605232179</ele>
        <time>2023-10-20T02:08:07Z</time>
        <extensions>
          <gpxtpx:TrackPointExtension>
            <gpxtpx:hr>93</gpxtpx:hr>
          </gpxtpx:TrackPointExtension>
        </extensions>
      </trkpt>
      <trkpt lat="22.647832280314773" lon="107.60695702783734">
        <ele>94.76040071249008</ele>
        <time>2023-10-20T02:08:08Z</time>
        <extensions>
          <gpxtpx:TrackPointExtension>
            <gpxtpx:hr>93</gpxtpx:hr>
          </gpxtpx:TrackPointExtension>
        </extensions>
      </trkpt>
      <trkpt lat="22.64783269358159" lon="107.6069573557229">
        <ele>94.72547165304422</ele>
        <time>2023-10-20T02:08:09Z</time>
        <extensions>
          <gpxtpx:TrackPointExtension>
            <gpxtpx:hr>93</gpxtpx:hr>
          </gpxtpx:TrackPointExtension>
        </extensions>
      </trkpt>
      <trkpt lat="22.647833337351905" lon="107.6069574931066">
        <ele>94.68839258607477</ele>
        <time>2023-10-20T02:08:10Z</time>
        <extensions>
          <gpxtpx:TrackPointExtension>
            <gpxtpx:hr>93</gpxtpx:hr>
          </gpxtpx:TrackPointExtension>
        </extensions>
      </trkpt>
      <trkpt lat="22.647834065266604" lon="107.60695744232409">
        <ele>94.65051799546927</ele>
        <time>2023-10-20T02:08:11Z</time>
        <extensions>
          <gpxtpx:TrackPointExtension>
            <gpxtpx:hr>100</gpxtpx:hr>
          </gpxtpx:TrackPointExtension>
        </extensions>
      </trkpt>
      <trkpt lat="22.64783498002304" lon="107.60695720179851">
        <ele>94.61505065206438</ele>
        <time>2023-10-20T02:08:12Z</time>
        <extensions>
          <gpxtpx:TrackPointExtension>
            <gpxtpx:hr>100</gpxtpx:hr>
          </gpxtpx:TrackPointExtension>
        </extensions>
      </trkpt>
      <trkpt lat="22.647836216627038" lon="107.6069567854813">
        <ele>94.58315386716276</ele>
        <time>2023-10-20T02:08:13Z</time>
        <extensions>
          <gpxtpx:TrackPointExtension>
            <gpxtpx:hr>100</gpxtpx:hr>
          </gpxtpx:TrackPointExtension>
        </extensions>
      </trkpt>
      <trkpt lat="22.647837625513557" lon="107.60695626598911">
        <ele>94.5541646713391</ele>
        <time>2023-10-20T02:08:14Z</time>
        <extensions>
          <gpxtpx:TrackPointExtension>
            <gpxtpx:hr>100</gpxtpx:hr>
          </gpxtpx:TrackPointExtension>
        </extensions>
      </trkpt>
      <trkpt lat="22.64783902565177" lon="107.6069557114872">
        <ele>94.52766241692007</ele>
        <time>2023-10-20T02:08:15Z</time>
        <extensions>
          <gpxtpx:TrackPointExtension>
            <gpxtpx:hr>100</gpxtpx:hr>
          </gpxtpx:TrackPointExtension>
        </extensions>
      </trkpt>
      <trkpt lat="22.647840329425968" lon="107.6069551541534">
        <ele>94.50347188208252</ele>
        <time>2023-10-20T02:08:16Z</time>
        <extensions>
          <gpxtpx:TrackPointExtension>
            <gpxtpx:hr>100</gpxtpx:hr>
          </gpxtpx:TrackPointExtension>
        </extensions>
      </trkpt>
      <trkpt lat="22.64784142835872" lon="107.60695461440234">
        <ele>94.4824912166223</ele>
        <time>2023-10-20T02:08:17Z</time>
        <extensions>
          <gpxtpx:TrackPointExtension>
            <gpxtpx:hr>100</gpxtpx:hr>
          </gpxtpx:TrackPointExtension>
        </extensions>
      </trkpt>
      <trkpt lat="22.64784226612136" lon="107.60695409583414">
        <ele>94.46581075154245</ele>
        <time>2023-10-20T02:08:18Z</time>
        <extensions>
          <gpxtpx:TrackPointExtension>
            <gpxtpx:hr>100</gpxtpx:hr>
          </gpxtpx:TrackPointExtension>
        </extensions>
      </trkpt>
      <trkpt lat="22.647842912107656" lon="107.60695358321483">
        <ele>94.45264628063887</ele>
        <time>2023-10-20T02:08:19Z</time>
        <extensions>
          <gpxtpx:TrackPointExtension>
            <gpxtpx:hr>100</gpxtpx:hr>
          </gpxtpx:TrackPointExtension>
        </extensions>
      </trkpt>
      <trkpt lat="22.647843349945646" lon="107.60695308111086">
        <ele>94.44604778289795</ele>
        <time>2023-10-20T02:08:20Z</time>
        <extensions>
          <gpxtpx:TrackPointExtension>
            <gpxtpx:hr>100</gpxtpx:hr>
          </gpxtpx:TrackPointExtension>
        </extensions>
      </trkpt>
      <trkpt lat="22.647843587711666" lon="107.60695256784734">
        <ele>94.4422175642103</ele>
        <time>2023-10-20T02:08:21Z</time>
        <extensions>
          <gpxtpx:TrackPointExtension>
            <gpxtpx:hr>101</gpxtpx:hr>
          </gpxtpx:TrackPointExtension>
        </extensions>
      </trkpt>
      <trkpt lat="22.647843597672" lon="107.60695203013098">
        <ele>94.44647711887956</ele>
        <time>2023-10-20T02:08:22Z</time>
        <extensions>
          <gpxtpx:TrackPointExtension>
            <gpxtpx:hr>101</gpxtpx:hr>
          </gpxtpx:TrackPointExtension>
        </extensions>
      </trkpt>
      <trkpt lat="22.64784335657712" lon="107.60695147591592">
        <ele>94.46006952226162</ele>
        <time>2023-10-20T02:08:23Z</time>
        <extensions>
          <gpxtpx:TrackPointExtension>
            <gpxtpx:hr>101</gpxtpx:hr>
          </gpxtpx:TrackPointExtension>
        </extensions>
      </trkpt>
      <trkpt lat="22.64784300201431" lon="107.60695087288421">
        <ele>94.47828038688749</ele>
        <time>2023-10-20T02:08:24Z</time>
        <extensions>
          <gpxtpx:TrackPointExtension>
            <gpxtpx:hr>101</gpxtpx:hr>
          </gpxtpx:TrackPointExtension>
        </extensions>
      </trkpt>
      <trkpt lat="22.647842586035893" lon="107.60695020891751">
        <ele>94.49953631404787</ele>
        <time>2023-10-20T02:08:25Z</time>
        <extensions>
          <gpxtpx:TrackPointExtension>
            <gpxtpx:hr>101</gpxtpx:hr>
          </gpxtpx:TrackPointExtension>
        </extensions>
      </trkpt>
      <trkpt lat="22.647842149414384" lon="107.60694946982771">
        <ele>94.52629776764661</ele>
        <time>2023-10-20T02:08:26Z</time>
        <extensions>
          <gpxtpx:TrackPointExtension>
            <gpxtpx:hr>101</gpxtpx:hr>
          </gpxtpx:TrackPointExtension>
        </extensions>
      </trkpt>
      <trkpt lat="22.647841768274215" lon="107.60694867428478">
        <ele>94.55507287569344</ele>
        <time>2023-10-20T02:08:27Z</time>
        <extensions>
          <gpxtpx:TrackPointExtension>
            <gpxtpx:hr>101</gpxtpx:hr>
          </gpxtpx:TrackPointExtension>
        </extensions>
      </trkpt>
      <trkpt lat="22.647841495781034" lon="107.60694785877794">
        <ele>94.58564443979412</ele>
        <time>2023-10-20T02:08:28Z</time>
        <extensions>
          <gpxtpx:TrackPointExtension>
            <gpxtpx:hr>97</gpxtpx:hr>
          </gpxtpx:TrackPointExtension>
        </extensions>
      </trkpt>
      <trkpt lat="22.64784144424784" lon="107.6069470467866">
        <ele>94.61746407300234</ele>
        <time>2023-10-20T02:08:29Z</time>
        <extensions>
          <gpxtpx:TrackPointExtension>
            <gpxtpx:hr>97</gpxtpx:hr>
          </gpxtpx:TrackPointExtension>
        </extensions>
      </trkpt>
      <trkpt lat="22.64784166300996" lon="107.60694624780892">
        <ele>94.6487945439294</ele>
        <time>2023-10-20T02:08:30Z</time>
        <extensions>
          <gpxtpx:TrackPointExtension>
            <gpxtpx:hr>97</gpxtpx:hr>
          </gpxtpx:TrackPointExtension>
        </extensions>
      </trkpt>
      <trkpt lat="22.647842086454016" lon="107.60694550359068">
        <ele>94.68046112544835</ele>
        <time>2023-10-20T02:08:31Z</time>
        <extensions>
          <gpxtpx:TrackPointExtension>
            <gpxtpx:hr>97</gpxtpx:hr>
          </gpxtpx:TrackPointExtension>
        </extensions>
      </trkpt>
      <trkpt lat="22.64784269507431" lon="107.60694484082025">
        <ele>94.71390107739717</ele>
        <time>2023-10-20T02:08:32Z</time>
        <extensions>
          <gpxtpx:TrackPointExtension>
            <gpxtpx:hr>97</gpxtpx:hr>
          </gpxtpx:TrackPointExtension>
        </extensions>
      </trkpt>
      <trkpt lat="22.64784345624483" lon="107.60694426781997">
        <ele>94.74669645726681</ele>
        <time>2023-10-20T02:08:33Z</time>
        <extensions>
          <gpxtpx:TrackPointExtension>
            <gpxtpx:hr>97</gpxtpx:hr>
          </gpxtpx:TrackPointExtension>
        </extensions>
      </trkpt>
      <trkpt lat="22.64784425598948" lon="107.60694378175766">
        <ele>94.77818293031305</ele>
        <time>2023-10-20T02:08:34Z</time>
        <extensions>
          <gpxtpx:TrackPointExtension>
            <gpxtpx:hr>97</gpxtpx:hr>
          </gpxtpx:TrackPointExtension>
        </extensions>
      </trkpt>
      <trkpt lat="22.647844947647265" lon="107.606943372728">
        <ele>94.80781093798578</ele>
        <time>2023-10-20T02:08:35Z</time>
        <extensions>
          <gpxtpx:TrackPointExtension>
            <gpxtpx:hr>97</gpxtpx:hr>
          </gpxtpx:TrackPointExtension>
        </extensions>
      </trkpt>
      <trkpt lat="22.64784532697305" lon="107.60694306165169">
        <ele>94.83518683351576</ele>
        <time>2023-10-20T02:08:36Z</time>
        <extensions>
          <gpxtpx:TrackPointExtension>
            <gpxtpx:hr>97</gpxtpx:hr>
          </gpxtpx:TrackPointExtension>
        </extensions>
      </trkpt>
      <trkpt lat="22.647845337334456" lon="107.60694287326861">
        <ele>94.86389809288085</ele>
        <time>2023-10-20T02:08:37Z</time>
        <extensions>
          <gpxtpx:TrackPointExtension>
            <gpxtpx:hr>95</gpxtpx:hr>
          </gpxtpx:TrackPointExtension>
        </extensions>
      </trkpt>
      <trkpt lat="22.647845136008453" lon="107.60694276462232">
        <ele>94.88682031072676</ele>
        <time>2023-10-20T02:08:38Z</time>
        <extensions>
          <gpxtpx:TrackPointExtension>
            <gpxtpx:hr>95</gpxtpx:hr>
          </gpxtpx:TrackPointExtension>
        </extensions>
      </trkpt>
      <trkpt lat="22.647844860750368" lon="107.6069426821991">
        <ele>94.9072022754699</ele>
        <time>2023-10-20T02:08:39Z</time>
        <extensions>
          <gpxtpx:TrackPointExtension>
            <gpxtpx:hr>95</gpxtpx:hr>
          </gpxtpx:TrackPointExtension>
        </extensions>
      </trkpt>
      <trkpt lat="22.647844542277554" lon="107.60694262289552">
        <ele>94.9251649249345</ele>
        <time>2023-10-20T02:08:40Z</time>
        <extensions>
          <gpxtpx:TrackPointExtension>
            <gpxtpx:hr>95</gpxtpx:hr>
          </gpxtpx:TrackPointExtension>
        </extensions>
      </trkpt>
      <trkpt lat="22.647844236271425" lon="107.60694259541134">
        <ele>94.94087166432291</ele>
        <time>2023-10-20T02:08:41Z</time>
        <extensions>
          <gpxtpx:TrackPointExtension>
            <gpxtpx:hr>95</gpxtpx:hr>
          </gpxtpx:TrackPointExtension>
        </extensions>
      </trkpt>
      <trkpt lat="22.647843933446588" lon="107.60694263112578">
        <ele>94.95447736419737</ele>
        <time>2023-10-20T02:08:42Z</time>
        <extensions>
          <gpxtpx:TrackPointExtension>
            <gpxtpx:hr>95</gpxtpx:hr>
          </gpxtpx:TrackPointExtension>
        </extensions>
      </trkpt>
      <trkpt lat="22.64784353616369" lon="107.60694275170137">
        <ele>94.95585204288363</ele>
        <time>2023-10-20T02:08:43Z</time>
        <extensions>
          <gpxtpx:TrackPointExtension>
            <gpxtpx:hr>95</gpxtpx:hr>
          </gpxtpx:TrackPointExtension>
        </extensions>
      </trkpt>
      <trkpt lat="22.647843105421302" lon="107.60694297424848">
        <ele>94.9572056364268</ele>
        <time>2023-10-20T02:08:44Z</time>
        <extensions>
          <gpxtpx:TrackPointExtension>
            <gpxtpx:hr>97</gpxtpx:hr>
          </gpxtpx:TrackPointExtension>
        </extensions>
      </trkpt>
      <trkpt lat="22.647842698152314" lon="107.6069432819582">
        <ele>94.95207237731665</ele>
        <time>2023-10-20T02:08:45Z</time>
        <extensions>
          <gpxtpx:TrackPointExtension>
            <gpxtpx:hr>97</gpxtpx:hr>
          </gpxtpx:TrackPointExtension>
        </extensions>
      </trkpt>
      <trkpt lat="22.647842343525497" lon="107.60694366765588">
        <ele>94.9458930613473</ele>
        <time>2023-10-20T02:08:46Z</time>
        <extensions>
          <gpxtpx:TrackPointExtension>
            <gpxtpx:hr>97</gpxtpx:hr>
          </gpxtpx:TrackPointExtension>
        </extensions>
      </trkpt>
      <trkpt lat="22.647842074404732" lon="107.60694407628986">
        <ele>94.93518962711096</ele>
        <time>2023-10-20T02:08:47Z</time>
        <extensions>
          <gpxtpx:TrackPointExtension>
            <gpxtpx:hr>96</gpxtpx:hr>
          </gpxtpx:TrackPointExtension>
        </extensions>
      </trkpt>
      <trkpt lat="22.647841849552826" lon="107.60694442199873">
        <ele>94.92205441370606</ele>
        <time>2023-10-20T02:08:48Z</time>
        <extensions>
          <gpxtpx:TrackPointExtension>
            <gpxtpx:hr>96</gpxtpx:hr>
          </gpxtpx:TrackPointExtension>
        </extensions>
      </trkpt>
      <trkpt lat="22.647841594478365" lon="107.6069446779304">
        <ele>94.90645164716989</ele>
        <time>2023-10-20T02:08:49Z</time>
        <extensions>
          <gpxtpx:TrackPointExtension>
            <gpxtpx:hr>96</gpxtpx:hr>
          </gpxtpx:TrackPointExtension>
        </extensions>
      </trkpt>
      <trkpt lat="22.647841302427114" lon="107.60694484783629">
        <ele>94.89448751695454</ele>
        <time>2023-10-20T02:08:50Z</time>
        <extensions>
          <gpxtpx:TrackPointExtension>
            <gpxtpx:hr>96</gpxtpx:hr>
          </gpxtpx:TrackPointExtension>
        </extensions>
      </trkpt>
      <trkpt lat="22.64784100262574" lon="107.60694490406914">
        <ele>94.88263504207134</ele>
        <time>2023-10-20T02:08:51Z</time>
        <extensions>
          <gpxtpx:TrackPointExtension>
            <gpxtpx:hr>95</gpxtpx:hr>
          </gpxtpx:TrackPointExtension>
        </extensions>
      </trkpt>
      <trkpt lat="22.647840741410526" lon="107.6069448459705">
        <ele>94.86986152548343</ele>
        <time>2023-10-20T02:08:52Z</time>
        <extensions>
          <gpxtpx:TrackPointExtension>
            <gpxtpx:hr>95</gpxtpx:hr>
          </gpxtpx:TrackPointExtension>
        </extensions>
      </trkpt>
      <trkpt lat="22.64784066095506" lon="107.6069446944951">
        <ele>94.85728695057333</ele>
        <time>2023-10-20T02:08:53Z</time>
        <extensions>
          <gpxtpx:TrackPointExtension>
            <gpxtpx:hr>95</gpxtpx:hr>
          </gpxtpx:TrackPointExtension>
        </extensions>
      </trkpt>
      <trkpt lat="22.64784073532077" lon="107.60694452623993">
        <ele>94.84550926368684</ele>
        <time>2023-10-20T02:08:54Z</time>
        <extensions>
          <gpxtpx:TrackPointExtension>
            <gpxtpx:hr>95</gpxtpx:hr>
          </gpxtpx:TrackPointExtension>
        </extensions>
      </trkpt>
      <trkpt lat="22.647840813495094" lon="107.60694440670427">
        <ele>94.83502644579858</ele>
        <time>2023-10-20T02:08:55Z</time>
        <extensions>
          <gpxtpx:TrackPointExtension>
            <gpxtpx:hr>95</gpxtpx:hr>
          </gpxtpx:TrackPointExtension>
        </extensions>
      </trkpt>
      <trkpt lat="22.647840828655298" lon="107.60694434037151">
        <ele>94.83163460623473</ele>
        <time>2023-10-20T02:08:56Z</time>
        <extensions>
          <gpxtpx:TrackPointExtension>
            <gpxtpx:hr>95</gpxtpx:hr>
          </gpxtpx:TrackPointExtension>
        </extensions>
      </trkpt>
      <trkpt lat="22.64784070737707" lon="107.60694431240128">
        <ele>94.83359269425273</ele>
        <time>2023-10-20T02:08:57Z</time>
        <extensions>
          <gpxtpx:TrackPointExtension>
            <gpxtpx:hr>97</gpxtpx:hr>
          </gpxtpx:TrackPointExtension>
        </extensions>
      </trkpt>
      <trkpt lat="22.647840463600133" lon="107.6069442884647">
        <ele>94.83796337340027</ele>
        <time>2023-10-20T02:08:58Z</time>
        <extensions>
          <gpxtpx:TrackPointExtension>
            <gpxtpx:hr>97</gpxtpx:hr>
          </gpxtpx:TrackPointExtension>
        </extensions>
      </trkpt>
      <trkpt lat="22.64784024212328" lon="107.60694423330982">
        <ele>94.84531704802066</ele>
        <time>2023-10-20T02:08:59Z</time>
        <extensions>
          <gpxtpx:TrackPointExtension>
            <gpxtpx:hr>97</gpxtpx:hr>
          </gpxtpx:TrackPointExtension>
        </extensions>
      </trkpt>
      <trkpt lat="22.647840106003997" lon="107.60694410696365">
        <ele>94.85336959082633</ele>
        <time>2023-10-20T02:09:00Z</time>
        <extensions>
          <gpxtpx:TrackPointExtension>
            <gpxtpx:hr>97</gpxtpx:hr>
          </gpxtpx:TrackPointExtension>
        </extensions>
      </trkpt>
      <trkpt lat="22.647840005374242" lon="107.60694389013396">
        <ele>94.86259451135993</ele>
        <time>2023-10-20T02:09:01Z</time>
        <extensions>
          <gpxtpx:TrackPointExtension>
            <gpxtpx:hr>97</gpxtpx:hr>
          </gpxtpx:TrackPointExtension>
        </extensions>
      </trkpt>
      <trkpt lat="22.647839909229656" lon="107.60694362086159">
        <ele>94.87270337436348</ele>
        <time>2023-10-20T02:09:02Z</time>
        <extensions>
          <gpxtpx:TrackPointExtension>
            <gpxtpx:hr>97</gpxtpx:hr>
          </gpxtpx:TrackPointExtension>
        </extensions>
      </trkpt>
      <trkpt lat="22.6478397080619" lon="107.60694335909929">
        <ele>94.88617880363017</ele>
        <time>2023-10-20T02:09:03Z</time>
        <extensions>
          <gpxtpx:TrackPointExtension>
            <gpxtpx:hr>97</gpxtpx:hr>
          </gpxtpx:TrackPointExtension>
        </extensions>
      </trkpt>
      <trkpt lat="22.647839343586735" lon="107.6069431438899">
        <ele>94.90039863530546</ele>
        <time>2023-10-20T02:09:04Z</time>
        <extensions>
          <gpxtpx:TrackPointExtension>
            <gpxtpx:hr>97</gpxtpx:hr>
          </gpxtpx:TrackPointExtension>
        </extensions>
      </trkpt>
      <trkpt lat="22.6478389012841" lon="107.60694293694571">
        <ele>94.91634985338897</ele>
        <time>2023-10-20T02:09:05Z</time>
        <extensions>
          <gpxtpx:TrackPointExtension>
            <gpxtpx:hr>102</gpxtpx:hr>
          </gpxtpx:TrackPointExtension>
        </extensions>
      </trkpt>
      <trkpt lat="22.647838429540272" lon="107.60694267227903">
        <ele>94.93292067199945</ele>
        <time>2023-10-20T02:09:06Z</time>
        <extensions>
          <gpxtpx:TrackPointExtension>
            <gpxtpx:hr>102</gpxtpx:hr>
          </gpxtpx:TrackPointExtension>
        </extensions>
      </trkpt>
      <trkpt lat="22.64783786259552" lon="107.60694231425626">
        <ele>94.9489029161632</ele>
        <time>2023-10-20T02:09:07Z</time>
        <extensions>
          <gpxtpx:TrackPointExtension>
            <gpxtpx:hr>102</gpxtpx:hr>
          </gpxtpx:TrackPointExtension>
        </extensions>
      </trkpt>
      <trkpt lat="22.647837141936822" lon="107.6069418531921">
        <ele>94.96856424119323</ele>
        <time>2023-10-20T02:09:08Z</time>
        <extensions>
          <gpxtpx:TrackPointExtension>
            <gpxtpx:hr>102</gpxtpx:hr>
          </gpxtpx:TrackPointExtension>
        </extensions>
      </trkpt>
      <trkpt lat="22.64783634315221" lon="107.60694128165802">
        <ele>94.9880335573107</ele>
        <time>2023-10-20T02:09:09Z</time>
        <extensions>
          <gpxtpx:TrackPointExtension>
            <gpxtpx:hr>102</gpxtpx:hr>
          </gpxtpx:TrackPointExtension>
        </extensions>
      </trkpt>
      <trkpt lat="22.64783552113538" lon="107.60694059527316">
        <ele>95.01085727289319</ele>
        <time>2023-10-20T02:09:10Z</time>
        <extensions>
          <gpxtpx:TrackPointExtension>
            <gpxtpx:hr>102</gpxtpx:hr>
          </gpxtpx:TrackPointExtension>
        </extensions>
      </trkpt>
      <trkpt lat="22.64783472331552" lon="107.60693972476527">
        <ele>95.03289806749672</ele>
        <time>2023-10-20T02:09:11Z</time>
        <extensions>
          <gpxtpx:TrackPointExtension>
            <gpxtpx:hr>102</gpxtpx:hr>
          </gpxtpx:TrackPointExtension>
        </extensions>
      </trkpt>
      <trkpt lat="22.647833970288957" lon="107.60693866826672">
        <ele>95.05821179505438</ele>
        <time>2023-10-20T02:09:12Z</time>
        <extensions>
          <gpxtpx:TrackPointExtension>
            <gpxtpx:hr>92</gpxtpx:hr>
          </gpxtpx:TrackPointExtension>
        </extensions>
      </trkpt>
      <trkpt lat="22.647833273495856" lon="107.60693753839824">
        <ele>95.09190447255969</ele>
        <time>2023-10-20T02:09:13Z</time>
        <extensions>
          <gpxtpx:TrackPointExtension>
            <gpxtpx:hr>92</gpxtpx:hr>
          </gpxtpx:TrackPointExtension>
        </extensions>
      </trkpt>
      <trkpt lat="22.64783266685693" lon="107.60693640855293">
        <ele>95.12585974019021</ele>
        <time>2023-10-20T02:09:14Z</time>
        <extensions>
          <gpxtpx:TrackPointExtension>
            <gpxtpx:hr>92</gpxtpx:hr>
          </gpxtpx:TrackPointExtension>
        </extensions>
      </trkpt>
      <trkpt lat="22.64783214185358" lon="107.60693534714932">
        <ele>95.16669921111315</ele>
        <time>2023-10-20T02:09:15Z</time>
        <extensions>
          <gpxtpx:TrackPointExtension>
            <gpxtpx:hr>92</gpxtpx:hr>
          </gpxtpx:TrackPointExtension>
        </extensions>
      </trkpt>
      <trkpt lat="22.64783162782207" lon="107.60693435223584">
        <ele>95.20325599238276</ele>
        <time>2023-10-20T02:09:16Z</time>
        <extensions>
          <gpxtpx:TrackPointExtension>
            <gpxtpx:hr>92</gpxtpx:hr>
          </gpxtpx:TrackPointExtension>
        </extensions>
      </trkpt>
      <trkpt lat="22.647831055325764" lon="107.60693344550201">
        <ele>95.23627401702106</ele>
        <time>2023-10-20T02:09:17Z</time>
        <extensions>
          <gpxtpx:TrackPointExtension>
            <gpxtpx:hr>92</gpxtpx:hr>
          </gpxtpx:TrackPointExtension>
        </extensions>
      </trkpt>
      <trkpt lat="22.64783033040683" lon="107.60693268945326">
        <ele>95.26872169133276</ele>
        <time>2023-10-20T02:09:18Z</time>
        <extensions>
          <gpxtpx:TrackPointExtension>
            <gpxtpx:hr>92</gpxtpx:hr>
          </gpxtpx:TrackPointExtension>
        </extensions>
      </trkpt>
      <trkpt lat="22.64782957310414" lon="107.60693202166796">
        <ele>95.30302466731519</ele>
        <time>2023-10-20T02:09:19Z</time>
        <extensions>
          <gpxtpx:TrackPointExtension>
            <gpxtpx:hr>95</gpxtpx:hr>
          </gpxtpx:TrackPointExtension>
        </extensions>
      </trkpt>
      <trkpt lat="22.647828913590004" lon="107.60693141569045">
        <ele>95.3319104546681</ele>
        <time>2023-10-20T02:09:20Z</time>
        <extensions>
          <gpxtpx:TrackPointExtension>
            <gpxtpx:hr>95</gpxtpx:hr>
          </gpxtpx:TrackPointExtension>
        </extensions>
      </trkpt>
      <trkpt lat="22.64782822007917" lon="107.6069308589352">
        <ele>95.34069617465138</ele>
        <time>2023-10-20T02:09:21Z</time>
        <extensions>
          <gpxtpx:TrackPointExtension>
            <gpxtpx:hr>95</gpxtpx:hr>
          </gpxtpx:TrackPointExtension>
        </extensions>
      </trkpt>
      <trkpt lat="22.64782732535087" lon="107.60693032522356">
        <ele>95.33889262285084</ele>
        <time>2023-10-20T02:09:22Z</time>
        <extensions>
          <gpxtpx:TrackPointExtension>
            <gpxtpx:hr>95</gpxtpx:hr>
          </gpxtpx:TrackPointExtension>
        </extensions>
      </trkpt>
      <trkpt lat="22.6478261670838" lon="107.60692981311213">
        <ele>95.32340265903622</ele>
        <time>2023-10-20T02:09:23Z</time>
        <extensions>
          <gpxtpx:TrackPointExtension>
            <gpxtpx:hr>99</gpxtpx:hr>
          </gpxtpx:TrackPointExtension>
        </extensions>
      </trkpt>
      <trkpt lat="22.647824593626776" lon="107.60692933848094">
        <ele>95.2930341437459</ele>
        <time>2023-10-20T02:09:24Z</time>
        <extensions>
          <gpxtpx:TrackPointExtension>
            <gpxtpx:hr>99</gpxtpx:hr>
          </gpxtpx:TrackPointExtension>
        </extensions>
      </trkpt>
      <trkpt lat="22.647822211352864" lon="107.60692905850578">
        <ele>95.26179781742394</ele>
        <time>2023-10-20T02:09:25Z</time>
        <extensions>
          <gpxtpx:TrackPointExtension>
            <gpxtpx:hr>99</gpxtpx:hr>
          </gpxtpx:TrackPointExtension>
        </extensions>
      </trkpt>
      <trkpt lat="22.64781843168965" lon="107.60692927036358">
        <ele>95.22279978916049</ele>
        <time>2023-10-20T02:09:26Z</time>
        <extensions>
          <gpxtpx:TrackPointExtension>
            <gpxtpx:hr>99</gpxtpx:hr>
          </gpxtpx:TrackPointExtension>
        </extensions>
      </trkpt>
      <trkpt lat="22.647812884878952" lon="107.60693038610285">
        <ele>95.18167884182185</ele>
        <time>2023-10-20T02:09:27Z</time>
        <extensions>
          <gpxtpx:TrackPointExtension>
            <gpxtpx:hr>99</gpxtpx:hr>
          </gpxtpx:TrackPointExtension>
        </extensions>
      </trkpt>
      <trkpt lat="22.64780512396643" lon="107.60693294568618">
        <ele>95.12883068993688</ele>
        <time>2023-10-20T02:09:28Z</time>
        <extensions>
          <gpxtpx:TrackPointExtension>
            <gpxtpx:hr>99</gpxtpx:hr>
          </gpxtpx:TrackPointExtension>
        </extensions>
      </trkpt>
      <trkpt lat="22.647793929139183" lon="107.6069377107721">
        <ele>95.07161182910204</ele>
        <time>2023-10-20T02:09:29Z</time>
        <extensions>
          <gpxtpx:TrackPointExtension>
            <gpxtpx:hr>99</gpxtpx:hr>
          </gpxtpx:TrackPointExtension>
        </extensions>
      </trkpt>
      <trkpt lat="22.647778477780626" lon="107.60694426518754">
        <ele>95.01778371538967</ele>
        <time>2023-10-20T02:09:30Z</time>
        <extensions>
          <gpxtpx:TrackPointExtension>
            <gpxtpx:hr>99</gpxtpx:hr>
          </gpxtpx:TrackPointExtension>
        </extensions>
      </trkpt>
      <trkpt lat="22.647760744852018" lon="107.60695052986524">
        <ele>94.95646760519594</ele>
        <time>2023-10-20T02:09:31Z</time>
        <extensions>
          <gpxtpx:TrackPointExtension>
            <gpxtpx:hr>99</gpxtpx:hr>
          </gpxtpx:TrackPointExtension>
        </extensions>
      </trkpt>
      <trkpt lat="22.647744447039518" lon="107.6069553467737">
        <ele>94.90495265834033</ele>
        <time>2023-10-20T02:09:32Z</time>
        <extensions>
          <gpxtpx:TrackPointExtension>
            <gpxtpx:hr>99</gpxtpx:hr>
          </gpxtpx:TrackPointExtension>
        </extensions>
      </trkpt>
      <trkpt lat="22.647731155533908" lon="107.6069591757851">
        <ele>94.86709758359939</ele>
        <time>2023-10-20T02:09:33Z</time>
        <extensions>
          <gpxtpx:TrackPointExtension>
            <gpxtpx:hr>101</gpxtpx:hr>
          </gpxtpx:TrackPointExtension>
        </extensions>
      </trkpt>
      <trkpt lat="22.647719258958144" lon="107.6069629377579">
        <ele>94.8447341825813</ele>
        <time>2023-10-20T02:09:34Z</time>
        <extensions>
          <gpxtpx:TrackPointExtension>
            <gpxtpx:hr>101</gpxtpx:hr>
          </gpxtpx:TrackPointExtension>
        </extensions>
      </trkpt>
      <trkpt lat="22.647707218787023" lon="107.60696700048315">
        <ele>94.83317838329822</ele>
        <time>2023-10-20T02:09:35Z</time>
        <extensions>
          <gpxtpx:TrackPointExtension>
            <gpxtpx:hr>101</gpxtpx:hr>
          </gpxtpx:TrackPointExtension>
        </extensions>
      </trkpt>
      <trkpt lat="22.647695397845347" lon="107.60697100208763">
        <ele>94.82200814317912</ele>
        <time>2023-10-20T02:09:36Z</time>
        <extensions>
          <gpxtpx:TrackPointExtension>
            <gpxtpx:hr>101</gpxtpx:hr>
          </gpxtpx:TrackPointExtension>
        </extensions>
      </trkpt>
      <trkpt lat="22.647684039284478" lon="107.6069747379041">
        <ele>94.82253630645573</ele>
        <time>2023-10-20T02:09:37Z</time>
        <extensions>
          <gpxtpx:TrackPointExtension>
            <gpxtpx:hr>101</gpxtpx:hr>
          </gpxtpx:TrackPointExtension>
        </extensions>
      </trkpt>
      <trkpt lat="22.647672607869417" lon="107.60697839330922">
        <ele>94.83131707832217</ele>
        <time>2023-10-20T02:09:38Z</time>
        <extensions>
          <gpxtpx:TrackPointExtension>
            <gpxtpx:hr>101</gpxtpx:hr>
          </gpxtpx:TrackPointExtension>
        </extensions>
      </trkpt>
      <trkpt lat="22.64766075550825" lon="107.60698210304692">
        <ele>94.85206272918731</ele>
        <time>2023-10-20T02:09:39Z</time>
        <extensions>
          <gpxtpx:TrackPointExtension>
            <gpxtpx:hr>104</gpxtpx:hr>
          </gpxtpx:TrackPointExtension>
        </extensions>
      </trkpt>
      <trkpt lat="22.64764839312065" lon="107.60698544391059">
        <ele>94.87746978271753</ele>
        <time>2023-10-20T02:09:40Z</time>
        <extensions>
          <gpxtpx:TrackPointExtension>
            <gpxtpx:hr>104</gpxtpx:hr>
          </gpxtpx:TrackPointExtension>
        </extensions>
      </trkpt>
      <trkpt lat="22.647635414249535" lon="107.60698818253856">
        <ele>94.89554985612631</ele>
        <time>2023-10-20T02:09:41Z</time>
        <extensions>
          <gpxtpx:TrackPointExtension>
            <gpxtpx:hr>104</gpxtpx:hr>
          </gpxtpx:TrackPointExtension>
        </extensions>
      </trkpt>
      <trkpt lat="22.647622174312097" lon="107.60699095771226">
        <ele>94.92270568944514</ele>
        <time>2023-10-20T02:09:42Z</time>
        <extensions>
          <gpxtpx:TrackPointExtension>
            <gpxtpx:hr>104</gpxtpx:hr>
          </gpxtpx:TrackPointExtension>
        </extensions>
      </trkpt>
      <trkpt lat="22.647609037948598" lon="107.6069945284615">
        <ele>94.95403434429318</ele>
        <time>2023-10-20T02:09:43Z</time>
        <extensions>
          <gpxtpx:TrackPointExtension>
            <gpxtpx:hr>104</gpxtpx:hr>
          </gpxtpx:TrackPointExtension>
        </extensions>
      </trkpt>
      <trkpt lat="22.64759647115972" lon="107.60699985844026">
        <ele>94.97636511549354</ele>
        <time>2023-10-20T02:09:44Z</time>
        <extensions>
          <gpxtpx:TrackPointExtension>
            <gpxtpx:hr>108</gpxtpx:hr>
          </gpxtpx:TrackPointExtension>
        </extensions>
      </trkpt>
      <trkpt lat="22.647584586239184" lon="107.60700634009415">
        <ele>95.00093599967659</ele>
        <time>2023-10-20T02:09:45Z</time>
        <extensions>
          <gpxtpx:TrackPointExtension>
            <gpxtpx:hr>108</gpxtpx:hr>
          </gpxtpx:TrackPointExtension>
        </extensions>
      </trkpt>
      <trkpt lat="22.64757281584473" lon="107.60701129545667">
        <ele>95.01308476366103</ele>
        <time>2023-10-20T02:09:46Z</time>
        <extensions>
          <gpxtpx:TrackPointExtension>
            <gpxtpx:hr>108</gpxtpx:hr>
          </gpxtpx:TrackPointExtension>
        </extensions>
      </trkpt>
      <trkpt lat="22.64756085313404" lon="107.60701440491486">
        <ele>95.02564921975136</ele>
        <time>2023-10-20T02:09:47Z</time>
        <extensions>
          <gpxtpx:TrackPointExtension>
            <gpxtpx:hr>108</gpxtpx:hr>
          </gpxtpx:TrackPointExtension>
        </extensions>
      </trkpt>
      <trkpt lat="22.64754887557298" lon="107.6070168576825">
        <ele>95.04117446113378</ele>
        <time>2023-10-20T02:09:48Z</time>
        <extensions>
          <gpxtpx:TrackPointExtension>
            <gpxtpx:hr>108</gpxtpx:hr>
          </gpxtpx:TrackPointExtension>
        </extensions>
      </trkpt>
      <trkpt lat="22.647537356794594" lon="107.60701924421792">
        <ele>95.0585699416697</ele>
        <time>2023-10-20T02:09:49Z</time>
        <extensions>
          <gpxtpx:TrackPointExtension>
            <gpxtpx:hr>108</gpxtpx:hr>
          </gpxtpx:TrackPointExtension>
        </extensions>
      </trkpt>
      <trkpt lat="22.647526549182803" lon="107.6070214414883">
        <ele>95.07431734260172</ele>
        <time>2023-10-20T02:09:50Z</time>
        <extensions>
          <gpxtpx:TrackPointExtension>
            <gpxtpx:hr>108</gpxtpx:hr>
          </gpxtpx:TrackPointExtension>
        </extensions>
      </trkpt>
      <trkpt lat="22.647516019347236" lon="107.60702332877034">
        <ele>95.0862088771537</ele>
        <time>2023-10-20T02:09:51Z</time>
        <extensions>
          <gpxtpx:TrackPointExtension>
            <gpxtpx:hr>108</gpxtpx:hr>
          </gpxtpx:TrackPointExtension>
        </extensions>
      </trkpt>
      <trkpt lat="22.647505198460248" lon="107.60702544516955">
        <ele>95.10473838914186</ele>
        <time>2023-10-20T02:09:52Z</time>
        <extensions>
          <gpxtpx:TrackPointExtension>
            <gpxtpx:hr>113</gpxtpx:hr>
          </gpxtpx:TrackPointExtension>
        </extensions>
      </trkpt>
      <trkpt lat="22.647493925497024" lon="107.60702780748268">
        <ele>95.11639269813895</ele>
        <time>2023-10-20T02:09:53Z</time>
        <extensions>
          <gpxtpx:TrackPointExtension>
            <gpxtpx:hr>113</gpxtpx:hr>
          </gpxtpx:TrackPointExtension>
        </extensions>
      </trkpt>
      <trkpt lat="22.647482380017134" lon="107.60703039316085">
        <ele>95.13748514465988</ele>
        <time>2023-10-20T02:09:54Z</time>
        <extensions>
          <gpxtpx:TrackPointExtension>
            <gpxtpx:hr>113</gpxtpx:hr>
          </gpxtpx:TrackPointExtension>
        </extensions>
      </trkpt>
      <trkpt lat="22.647470721721213" lon="107.60703340240251">
        <ele>95.16169641539454</ele>
        <time>2023-10-20T02:09:55Z</time>
        <extensions>
          <gpxtpx:TrackPointExtension>
            <gpxtpx:hr>113</gpxtpx:hr>
          </gpxtpx:TrackPointExtension>
        </extensions>
      </trkpt>
      <trkpt lat="22.64745899050778" lon="107.60703666975594">
        <ele>95.17709294520319</ele>
        <time>2023-10-20T02:09:56Z</time>
        <extensions>
          <gpxtpx:TrackPointExtension>
            <gpxtpx:hr>113</gpxtpx:hr>
          </gpxtpx:TrackPointExtension>
        </extensions>
      </trkpt>
      <trkpt lat="22.6474473830084" lon="107.60703996984067">
        <ele>95.19523342512548</ele>
        <time>2023-10-20T02:09:57Z</time>
        <extensions>
          <gpxtpx:TrackPointExtension>
            <gpxtpx:hr>112</gpxtpx:hr>
          </gpxtpx:TrackPointExtension>
        </extensions>
      </trkpt>
      <trkpt lat="22.64743609234115" lon="107.60704347065813">
        <ele>95.2134135691449</ele>
        <time>2023-10-20T02:09:58Z</time>
        <extensions>
          <gpxtpx:TrackPointExtension>
            <gpxtpx:hr>112</gpxtpx:hr>
          </gpxtpx:TrackPointExtension>
        </extensions>
      </trkpt>
      <trkpt lat="22.64742491337221" lon="107.60704735701239">
        <ele>95.23845283035189</ele>
        <time>2023-10-20T02:09:59Z</time>
        <extensions>
          <gpxtpx:TrackPointExtension>
            <gpxtpx:hr>112</gpxtpx:hr>
          </gpxtpx:TrackPointExtension>
        </extensions>
      </trkpt>
      <trkpt lat="22.647413850274994" lon="107.60705172465661">
        <ele>95.2684391066432</ele>
        <time>2023-10-20T02:10:00Z</time>
        <extensions>
          <gpxtpx:TrackPointExtension>
            <gpxtpx:hr>112</gpxtpx:hr>
          </gpxtpx:TrackPointExtension>
        </extensions>
      </trkpt>
      <trkpt lat="22.64740315113587" lon="107.60705691966741">
        <ele>95.30065717548132</ele>
        <time>2023-10-20T02:10:01Z</time>
        <extensions>
          <gpxtpx:TrackPointExtension>
            <gpxtpx:hr>112</gpxtpx:hr>
          </gpxtpx:TrackPointExtension>
        </extensions>
      </trkpt>
      <trkpt lat="22.647392776613355" lon="107.60706340804877">
        <ele>95.33420117851347</ele>
        <time>2023-10-20T02:10:02Z</time>
        <extensions>
          <gpxtpx:TrackPointExtension>
            <gpxtpx:hr>111</gpxtpx:hr>
          </gpxtpx:TrackPointExtension>
        </extensions>
      </trkpt>
      <trkpt lat="22.647382457620154" lon="107.60707104611994">
        <ele>95.36402890365571</ele>
        <time>2023-10-20T02:10:03Z</time>
        <extensions>
          <gpxtpx:TrackPointExtension>
            <gpxtpx:hr>111</gpxtpx:hr>
          </gpxtpx:TrackPointExtension>
        </extensions>
      </trkpt>
      <trkpt lat="22.6473723174741" lon="107.60707933852325">
        <ele>95.39740783069283</ele>
        <time>2023-10-20T02:10:04Z</time>
        <extensions>
          <gpxtpx:TrackPointExtension>
            <gpxtpx:hr>111</gpxtpx:hr>
          </gpxtpx:TrackPointExtension>
        </extensions>
      </trkpt>
      <trkpt lat="22.64736241259181" lon="107.60708808926749">
        <ele>95.4284781627357</ele>
        <time>2023-10-20T02:10:05Z</time>
        <extensions>
          <gpxtpx:TrackPointExtension>
            <gpxtpx:hr>111</gpxtpx:hr>
          </gpxtpx:TrackPointExtension>
        </extensions>
      </trkpt>
      <trkpt lat="22.64735266020606" lon="107.60709710204578">
        <ele>95.45703510474414</ele>
        <time>2023-10-20T02:10:06Z</time>
        <extensions>
          <gpxtpx:TrackPointExtension>
            <gpxtpx:hr>111</gpxtpx:hr>
          </gpxtpx:TrackPointExtension>
        </extensions>
      </trkpt>
      <trkpt lat="22.647342891374514" lon="107.60710611315365">
        <ele>95.49115839600563</ele>
        <time>2023-10-20T02:10:07Z</time>
        <extensions>
          <gpxtpx:TrackPointExtension>
            <gpxtpx:hr>111</gpxtpx:hr>
          </gpxtpx:TrackPointExtension>
        </extensions>
      </trkpt>
      <trkpt lat="22.647333133862045" lon="107.60711475943071">
        <ele>95.52550433762372</ele>
        <time>2023-10-20T02:10:08Z</time>
        <extensions>
          <gpxtpx:TrackPointExtension>
            <gpxtpx:hr>111</gpxtpx:hr>
          </gpxtpx:TrackPointExtension>
        </extensions>
      </trkpt>
      <trkpt lat="22.64732346180166" lon="107.6071229917099">
        <ele>95.5732777453959</ele>
        <time>2023-10-20T02:10:09Z</time>
        <extensions>
          <gpxtpx:TrackPointExtension>
            <gpxtpx:hr>110</gpxtpx:hr>
          </gpxtpx:TrackPointExtension>
        </extensions>
      </trkpt>
      <trkpt lat="22.647313786461435" lon="107.6071310883664">
        <ele>95.64122045971453</ele>
        <time>2023-10-20T02:10:10Z</time>
        <extensions>
          <gpxtpx:TrackPointExtension>
            <gpxtpx:hr>110</gpxtpx:hr>
          </gpxtpx:TrackPointExtension>
        </extensions>
      </trkpt>
      <trkpt lat="22.647304328080445" lon="107.60713906297634">
        <ele>95.73350217565894</ele>
        <time>2023-10-20T02:10:11Z</time>
        <extensions>
          <gpxtpx:TrackPointExtension>
            <gpxtpx:hr>110</gpxtpx:hr>
          </gpxtpx:TrackPointExtension>
        </extensions>
      </trkpt>
      <trkpt lat="22.647295268304713" lon="107.60714707594335">
        <ele>95.84215338341892</ele>
        <time>2023-10-20T02:10:12Z</time>
        <extensions>
          <gpxtpx:TrackPointExtension>
            <gpxtpx:hr>111</gpxtpx:hr>
          </gpxtpx:TrackPointExtension>
        </extensions>
      </trkpt>
      <trkpt lat="22.64728681966749" lon="107.6071553304711">
        <ele>95.97438899148256</ele>
        <time>2023-10-20T02:10:13Z</time>
        <extensions>
          <gpxtpx:TrackPointExtension>
            <gpxtpx:hr>111</gpxtpx:hr>
          </gpxtpx:TrackPointExtension>
        </extensions>
      </trkpt>
      <trkpt lat="22.647279317001342" lon="107.60716398587533">
        <ele>96.10211557149887</ele>
        <time>2023-10-20T02:10:14Z</time>
        <extensions>
          <gpxtpx:TrackPointExtension>
            <gpxtpx:hr>111</gpxtpx:hr>
          </gpxtpx:TrackPointExtension>
        </extensions>
      </trkpt>
      <trkpt lat="22.647273110492822" lon="107.60717302095121">
        <ele>96.25539893656969</ele>
        <time>2023-10-20T02:10:15Z</time>
        <extensions>
          <gpxtpx:TrackPointExtension>
            <gpxtpx:hr>111</gpxtpx:hr>
          </gpxtpx:TrackPointExtension>
        </extensions>
      </trkpt>
      <trkpt lat="22.6472685017518" lon="107.60718228951673">
        <ele>96.43046840839088</ele>
        <time>2023-10-20T02:10:16Z</time>
        <extensions>
          <gpxtpx:TrackPointExtension>
            <gpxtpx:hr>107</gpxtpx:hr>
          </gpxtpx:TrackPointExtension>
        </extensions>
      </trkpt>
      <trkpt lat="22.64726584545092" lon="107.60719158570683">
        <ele>96.61549322213978</ele>
        <time>2023-10-20T02:10:17Z</time>
        <extensions>
          <gpxtpx:TrackPointExtension>
            <gpxtpx:hr>107</gpxtpx:hr>
          </gpxtpx:TrackPointExtension>
        </extensions>
      </trkpt>
      <trkpt lat="22.647265603563756" lon="107.60720086011911">
        <ele>96.80980874691159</ele>
        <time>2023-10-20T02:10:18Z</time>
        <extensions>
          <gpxtpx:TrackPointExtension>
            <gpxtpx:hr>107</gpxtpx:hr>
          </gpxtpx:TrackPointExtension>
        </extensions>
      </trkpt>
      <trkpt lat="22.64726758375628" lon="107.60721040581366">
        <ele>97.0046528140083</ele>
        <time>2023-10-20T02:10:19Z</time>
        <extensions>
          <gpxtpx:TrackPointExtension>
            <gpxtpx:hr>107</gpxtpx:hr>
          </gpxtpx:TrackPointExtension>
        </extensions>
      </trkpt>
      <trkpt lat="22.647270999243354" lon="107.60722038898662">
        <ele>97.21097050141543</ele>
        <time>2023-10-20T02:10:20Z</time>
        <extensions>
          <gpxtpx:TrackPointExtension>
            <gpxtpx:hr>107</gpxtpx:hr>
          </gpxtpx:TrackPointExtension>
        </extensions>
      </trkpt>
      <trkpt lat="22.647274828207934" lon="107.6072309902693">
        <ele>97.42262727953494</ele>
        <time>2023-10-20T02:10:21Z</time>
        <extensions>
          <gpxtpx:TrackPointExtension>
            <gpxtpx:hr>107</gpxtpx:hr>
          </gpxtpx:TrackPointExtension>
        </extensions>
      </trkpt>
      <trkpt lat="22.647278157984903" lon="107.60724177107663">
        <ele>97.60003406275064</ele>
        <time>2023-10-20T02:10:22Z</time>
        <extensions>
          <gpxtpx:TrackPointExtension>
            <gpxtpx:hr>112</gpxtpx:hr>
          </gpxtpx:TrackPointExtension>
        </extensions>
      </trkpt>
      <trkpt lat="22.647280989853474" lon="107.60725239377184">
        <ele>97.75261616893113</ele>
        <time>2023-10-20T02:10:23Z</time>
        <extensions>
          <gpxtpx:TrackPointExtension>
            <gpxtpx:hr>112</gpxtpx:hr>
          </gpxtpx:TrackPointExtension>
        </extensions>
      </trkpt>
      <trkpt lat="22.647283918783312" lon="107.60726298244971">
        <ele>97.8679635822773</ele>
        <time>2023-10-20T02:10:24Z</time>
        <extensions>
          <gpxtpx:TrackPointExtension>
            <gpxtpx:hr>112</gpxtpx:hr>
          </gpxtpx:TrackPointExtension>
        </extensions>
      </trkpt>
      <trkpt lat="22.647287256219588" lon="107.60727338159897">
        <ele>97.95758599601686</ele>
        <time>2023-10-20T02:10:25Z</time>
        <extensions>
          <gpxtpx:TrackPointExtension>
            <gpxtpx:hr>112</gpxtpx:hr>
          </gpxtpx:TrackPointExtension>
        </extensions>
      </trkpt>
      <trkpt lat="22.64729106460559" lon="107.6072841790847">
        <ele>98.01945063471794</ele>
        <time>2023-10-20T02:10:26Z</time>
        <extensions>
          <gpxtpx:TrackPointExtension>
            <gpxtpx:hr>112</gpxtpx:hr>
          </gpxtpx:TrackPointExtension>
        </extensions>
      </trkpt>
      <trkpt lat="22.6472951505525" lon="107.60729595303584">
        <ele>98.0433374075219</ele>
        <time>2023-10-20T02:10:27Z</time>
        <extensions>
          <gpxtpx:TrackPointExtension>
            <gpxtpx:hr>112</gpxtpx:hr>
          </gpxtpx:TrackPointExtension>
        </extensions>
      </trkpt>
      <trkpt lat="22.647298942480944" lon="107.60730816561652">
        <ele>98.03146963194013</ele>
        <time>2023-10-20T02:10:28Z</time>
        <extensions>
          <gpxtpx:TrackPointExtension>
            <gpxtpx:hr>112</gpxtpx:hr>
          </gpxtpx:TrackPointExtension>
        </extensions>
      </trkpt>
      <trkpt lat="22.647302198673465" lon="107.60732022860145">
        <ele>97.98952265735716</ele>
        <time>2023-10-20T02:10:29Z</time>
        <extensions>
          <gpxtpx:TrackPointExtension>
            <gpxtpx:hr>118</gpxtpx:hr>
          </gpxtpx:TrackPointExtension>
        </extensions>
      </trkpt>
      <trkpt lat="22.64730528212216" lon="107.60733209988227">
        <ele>97.92719293572009</ele>
        <time>2023-10-20T02:10:30Z</time>
        <extensions>
          <gpxtpx:TrackPointExtension>
            <gpxtpx:hr>118</gpxtpx:hr>
          </gpxtpx:TrackPointExtension>
        </extensions>
      </trkpt>
      <trkpt lat="22.6473085737647" lon="107.60734403579569">
        <ele>97.83727292437106</ele>
        <time>2023-10-20T02:10:31Z</time>
        <extensions>
          <gpxtpx:TrackPointExtension>
            <gpxtpx:hr>118</gpxtpx:hr>
          </gpxtpx:TrackPointExtension>
        </extensions>
      </trkpt>
      <trkpt lat="22.64731209323916" lon="107.60735642102917">
        <ele>97.73629074729979</ele>
        <time>2023-10-20T02:10:32Z</time>
        <extensions>
          <gpxtpx:TrackPointExtension>
            <gpxtpx:hr>118</gpxtpx:hr>
          </gpxtpx:TrackPointExtension>
        </extensions>
      </trkpt>
      <trkpt lat="22.64731574025296" lon="107.60736950863127">
        <ele>97.63283613137901</ele>
        <time>2023-10-20T02:10:33Z</time>
        <extensions>
          <gpxtpx:TrackPointExtension>
            <gpxtpx:hr>118</gpxtpx:hr>
          </gpxtpx:TrackPointExtension>
        </extensions>
      </trkpt>
      <trkpt lat="22.647319330139506" lon="107.6073835121954">
        <ele>97.50266579724848</ele>
        <time>2023-10-20T02:10:34Z</time>
        <extensions>
          <gpxtpx:TrackPointExtension>
            <gpxtpx:hr>118</gpxtpx:hr>
          </gpxtpx:TrackPointExtension>
        </extensions>
      </trkpt>
      <trkpt lat="22.647322679184228" lon="107.60739815048379">
        <ele>97.38079228252172</ele>
        <time>2023-10-20T02:10:35Z</time>
        <extensions>
          <gpxtpx:TrackPointExtension>
            <gpxtpx:hr>119</gpxtpx:hr>
          </gpxtpx:TrackPointExtension>
        </extensions>
      </trkpt>
      <trkpt lat="22.647325797359706" lon="107.60741278785737">
        <ele>97.26572233159095</ele>
        <time>2023-10-20T02:10:36Z</time>
        <extensions>
          <gpxtpx:TrackPointExtension>
            <gpxtpx:hr>119</gpxtpx:hr>
          </gpxtpx:TrackPointExtension>
        </extensions>
      </trkpt>
      <trkpt lat="22.647328692970536" lon="107.60742709525086">
        <ele>97.15625054668635</ele>
        <time>2023-10-20T02:10:37Z</time>
        <extensions>
          <gpxtpx:TrackPointExtension>
            <gpxtpx:hr>119</gpxtpx:hr>
          </gpxtpx:TrackPointExtension>
        </extensions>
      </trkpt>
      <trkpt lat="22.6473313946875" lon="107.60744104216006">
        <ele>97.05923991464078</ele>
        <time>2023-10-20T02:10:38Z</time>
        <extensions>
          <gpxtpx:TrackPointExtension>
            <gpxtpx:hr>118</gpxtpx:hr>
          </gpxtpx:TrackPointExtension>
        </extensions>
      </trkpt>
      <trkpt lat="22.64733408609646" lon="107.60745475264416">
        <ele>96.97069054376334</ele>
        <time>2023-10-20T02:10:39Z</time>
        <extensions>
          <gpxtpx:TrackPointExtension>
            <gpxtpx:hr>118</gpxtpx:hr>
          </gpxtpx:TrackPointExtension>
        </extensions>
      </trkpt>
      <trkpt lat="22.647336899906705" lon="107.60746836374048">
        <ele>96.872413222678</ele>
        <time>2023-10-20T02:10:40Z</time>
        <extensions>
          <gpxtpx:TrackPointExtension>
            <gpxtpx:hr>118</gpxtpx:hr>
          </gpxtpx:TrackPointExtension>
        </extensions>
      </trkpt>
      <trkpt lat="22.647339823161094" lon="107.60748171670275">
        <ele>96.76125316880643</ele>
        <time>2023-10-20T02:10:41Z</time>
        <extensions>
          <gpxtpx:TrackPointExtension>
            <gpxtpx:hr>118</gpxtpx:hr>
          </gpxtpx:TrackPointExtension>
        </extensions>
      </trkpt>
      <trkpt lat="22.647342578664" lon="107.60749462678879">
        <ele>96.66531156748533</ele>
        <time>2023-10-20T02:10:42Z</time>
        <extensions>
          <gpxtpx:TrackPointExtension>
            <gpxtpx:hr>119</gpxtpx:hr>
          </gpxtpx:TrackPointExtension>
        </extensions>
      </trkpt>
      <trkpt lat="22.647344916936525" lon="107.60750720308893">
        <ele>96.58000169321895</ele>
        <time>2023-10-20T02:10:43Z</time>
        <extensions>
          <gpxtpx:TrackPointExtension>
            <gpxtpx:hr>119</gpxtpx:hr>
          </gpxtpx:TrackPointExtension>
        </extensions>
      </trkpt>
      <trkpt lat="22.647347229861793" lon="107.60751944585202">
        <ele>96.4539854703471</ele>
        <time>2023-10-20T02:10:44Z</time>
        <extensions>
          <gpxtpx:TrackPointExtension>
            <gpxtpx:hr>119</gpxtpx:hr>
          </gpxtpx:TrackPointExtension>
        </extensions>
      </trkpt>
      <trkpt lat="22.64734989987304" lon="107.60753138643827">
        <ele>96.32650627475232</ele>
        <time>2023-10-20T02:10:45Z</time>
        <extensions>
          <gpxtpx:TrackPointExtension>
            <gpxtpx:hr>119</gpxtpx:hr>
          </gpxtpx:TrackPointExtension>
        </extensions>
      </trkpt>
      <trkpt lat="22.64735282748714" lon="107.60754335138364">
        <ele>96.20852232724428</ele>
        <time>2023-10-20T02:10:46Z</time>
        <extensions>
          <gpxtpx:TrackPointExtension>
            <gpxtpx:hr>119</gpxtpx:hr>
          </gpxtpx:TrackPointExtension>
        </extensions>
      </trkpt>
      <trkpt lat="22.64735572515452" lon="107.6075557162945">
        <ele>96.09015445038676</ele>
        <time>2023-10-20T02:10:47Z</time>
        <extensions>
          <gpxtpx:TrackPointExtension>
            <gpxtpx:hr>117</gpxtpx:hr>
          </gpxtpx:TrackPointExtension>
        </extensions>
      </trkpt>
      <trkpt lat="22.647358187746182" lon="107.60756836918142">
        <ele>95.96899498719722</ele>
        <time>2023-10-20T02:10:48Z</time>
        <extensions>
          <gpxtpx:TrackPointExtension>
            <gpxtpx:hr>117</gpxtpx:hr>
          </gpxtpx:TrackPointExtension>
        </extensions>
      </trkpt>
      <trkpt lat="22.6473606267983" lon="107.60758091079146">
        <ele>95.8417595429346</ele>
        <time>2023-10-20T02:10:49Z</time>
        <extensions>
          <gpxtpx:TrackPointExtension>
            <gpxtpx:hr>117</gpxtpx:hr>
          </gpxtpx:TrackPointExtension>
        </extensions>
      </trkpt>
      <trkpt lat="22.647363665948536" lon="107.60759342861655">
        <ele>95.7273048972711</ele>
        <time>2023-10-20T02:10:50Z</time>
        <extensions>
          <gpxtpx:TrackPointExtension>
            <gpxtpx:hr>117</gpxtpx:hr>
          </gpxtpx:TrackPointExtension>
        </extensions>
      </trkpt>
      <trkpt lat="22.64736721460175" lon="107.60760633070396">
        <ele>95.61902260873467</ele>
        <time>2023-10-20T02:10:51Z</time>
        <extensions>
          <gpxtpx:TrackPointExtension>
            <gpxtpx:hr>117</gpxtpx:hr>
          </gpxtpx:TrackPointExtension>
        </extensions>
      </trkpt>
      <trkpt lat="22.647370911735553" lon="107.60761942200392">
        <ele>95.5049372119829</ele>
        <time>2023-10-20T02:10:52Z</time>
        <extensions>
          <gpxtpx:TrackPointExtension>
            <gpxtpx:hr>117</gpxtpx:hr>
          </gpxtpx:TrackPointExtension>
        </extensions>
      </trkpt>
      <trkpt lat="22.647374320071116" lon="107.60763246144836">
        <ele>95.39374076202512</ele>
        <time>2023-10-20T02:10:53Z</time>
        <extensions>
          <gpxtpx:TrackPointExtension>
            <gpxtpx:hr>116</gpxtpx:hr>
          </gpxtpx:TrackPointExtension>
        </extensions>
      </trkpt>
      <trkpt lat="22.64737718573147" lon="107.60764515186253">
        <ele>95.28827689774334</ele>
        <time>2023-10-20T02:10:54Z</time>
        <extensions>
          <gpxtpx:TrackPointExtension>
            <gpxtpx:hr>116</gpxtpx:hr>
          </gpxtpx:TrackPointExtension>
        </extensions>
      </trkpt>
      <trkpt lat="22.647379683418283" lon="107.60765713269276">
        <ele>95.18605821020901</ele>
        <time>2023-10-20T02:10:55Z</time>
        <extensions>
          <gpxtpx:TrackPointExtension>
            <gpxtpx:hr>116</gpxtpx:hr>
          </gpxtpx:TrackPointExtension>
        </extensions>
      </trkpt>
      <trkpt lat="22.647382317730518" lon="107.60766942044175">
        <ele>95.08874350786209</ele>
        <time>2023-10-20T02:10:56Z</time>
        <extensions>
          <gpxtpx:TrackPointExtension>
            <gpxtpx:hr>116</gpxtpx:hr>
          </gpxtpx:TrackPointExtension>
        </extensions>
      </trkpt>
      <trkpt lat="22.64738527895037" lon="107.60768322943">
        <ele>94.99313358869404</ele>
        <time>2023-10-20T02:10:57Z</time>
        <extensions>
          <gpxtpx:TrackPointExtension>
            <gpxtpx:hr>116</gpxtpx:hr>
          </gpxtpx:TrackPointExtension>
        </extensions>
      </trkpt>
      <trkpt lat="22.647388374082695" lon="107.60769777750377">
        <ele>94.9068679055199</ele>
        <time>2023-10-20T02:10:58Z</time>
        <extensions>
          <gpxtpx:TrackPointExtension>
            <gpxtpx:hr>116</gpxtpx:hr>
          </gpxtpx:TrackPointExtension>
        </extensions>
      </trkpt>
      <trkpt lat="22.647391425649985" lon="107.60771196621434">
        <ele>94.83951220382005</ele>
        <time>2023-10-20T02:10:59Z</time>
        <extensions>
          <gpxtpx:TrackPointExtension>
            <gpxtpx:hr>115</gpxtpx:hr>
          </gpxtpx:TrackPointExtension>
        </extensions>
      </trkpt>
      <trkpt lat="22.647394340389745" lon="107.6077253755852">
        <ele>94.77810777258128</ele>
        <time>2023-10-20T02:11:00Z</time>
        <extensions>
          <gpxtpx:TrackPointExtension>
            <gpxtpx:hr>115</gpxtpx:hr>
          </gpxtpx:TrackPointExtension>
        </extensions>
      </trkpt>
      <trkpt lat="22.647396956856372" lon="107.60773813901925">
        <ele>94.7260320354253</ele>
        <time>2023-10-20T02:11:01Z</time>
        <extensions>
          <gpxtpx:TrackPointExtension>
            <gpxtpx:hr>115</gpxtpx:hr>
          </gpxtpx:TrackPointExtension>
        </extensions>
      </trkpt>
      <trkpt lat="22.647399549537887" lon="107.60775125257653">
        <ele>94.68175887968391</ele>
        <time>2023-10-20T02:11:02Z</time>
        <extensions>
          <gpxtpx:TrackPointExtension>
            <gpxtpx:hr>115</gpxtpx:hr>
          </gpxtpx:TrackPointExtension>
        </extensions>
      </trkpt>
      <trkpt lat="22.647402431354326" lon="107.60776442529183">
        <ele>94.63985851872712</ele>
        <time>2023-10-20T02:11:03Z</time>
        <extensions>
          <gpxtpx:TrackPointExtension>
            <gpxtpx:hr>114</gpxtpx:hr>
          </gpxtpx:TrackPointExtension>
        </extensions>
      </trkpt>
      <trkpt lat="22.647405194441166" lon="107.6077768702109">
        <ele>94.59808006603271</ele>
        <time>2023-10-20T02:11:04Z</time>
        <extensions>
          <gpxtpx:TrackPointExtension>
            <gpxtpx:hr>114</gpxtpx:hr>
          </gpxtpx:TrackPointExtension>
        </extensions>
      </trkpt>
      <trkpt lat="22.64740767248274" lon="107.60778947688112">
        <ele>94.56014080531895</ele>
        <time>2023-10-20T02:11:05Z</time>
        <extensions>
          <gpxtpx:TrackPointExtension>
            <gpxtpx:hr>114</gpxtpx:hr>
          </gpxtpx:TrackPointExtension>
        </extensions>
      </trkpt>
      <trkpt lat="22.647410192866513" lon="107.60780281108741">
        <ele>94.52555046696216</ele>
        <time>2023-10-20T02:11:06Z</time>
        <extensions>
          <gpxtpx:TrackPointExtension>
            <gpxtpx:hr>115</gpxtpx:hr>
          </gpxtpx:TrackPointExtension>
        </extensions>
      </trkpt>
      <trkpt lat="22.647412954126825" lon="107.60781661694216">
        <ele>94.49585416540504</ele>
        <time>2023-10-20T02:11:07Z</time>
        <extensions>
          <gpxtpx:TrackPointExtension>
            <gpxtpx:hr>115</gpxtpx:hr>
          </gpxtpx:TrackPointExtension>
        </extensions>
      </trkpt>
      <trkpt lat="22.64741624870701" lon="107.60783093163256">
        <ele>94.49349431786686</ele>
        <time>2023-10-20T02:11:08Z</time>
        <extensions>
          <gpxtpx:TrackPointExtension>
            <gpxtpx:hr>115</gpxtpx:hr>
          </gpxtpx:TrackPointExtension>
        </extensions>
      </trkpt>
      <trkpt lat="22.647420022291715" lon="107.60784536748828">
        <ele>94.48374974820763</ele>
        <time>2023-10-20T02:11:09Z</time>
        <extensions>
          <gpxtpx:TrackPointExtension>
            <gpxtpx:hr>115</gpxtpx:hr>
          </gpxtpx:TrackPointExtension>
        </extensions>
      </trkpt>
      <trkpt lat="22.647423807609314" lon="107.60785889426947">
        <ele>94.47013167571276</ele>
        <time>2023-10-20T02:11:10Z</time>
        <extensions>
          <gpxtpx:TrackPointExtension>
            <gpxtpx:hr>115</gpxtpx:hr>
          </gpxtpx:TrackPointExtension>
        </extensions>
      </trkpt>
      <trkpt lat="22.647427317458806" lon="107.60787154258992">
        <ele>94.4622241826728</ele>
        <time>2023-10-20T02:11:11Z</time>
        <extensions>
          <gpxtpx:TrackPointExtension>
            <gpxtpx:hr>115</gpxtpx:hr>
          </gpxtpx:TrackPointExtension>
        </extensions>
      </trkpt>
      <trkpt lat="22.647430614751617" lon="107.6078840752903">
        <ele>94.45576828159392</ele>
        <time>2023-10-20T02:11:12Z</time>
        <extensions>
          <gpxtpx:TrackPointExtension>
            <gpxtpx:hr>111</gpxtpx:hr>
          </gpxtpx:TrackPointExtension>
        </extensions>
      </trkpt>
      <trkpt lat="22.64743388416339" lon="107.60789699153442">
        <ele>94.43581891059875</ele>
        <time>2023-10-20T02:11:13Z</time>
        <extensions>
          <gpxtpx:TrackPointExtension>
            <gpxtpx:hr>111</gpxtpx:hr>
          </gpxtpx:TrackPointExtension>
        </extensions>
      </trkpt>
      <trkpt lat="22.647437037493123" lon="107.60790992997079">
        <ele>94.43390731420368</ele>
        <time>2023-10-20T02:11:14Z</time>
        <extensions>
          <gpxtpx:TrackPointExtension>
            <gpxtpx:hr>111</gpxtpx:hr>
          </gpxtpx:TrackPointExtension>
        </extensions>
      </trkpt>
      <trkpt lat="22.647439761809444" lon="107.60792218535312">
        <ele>94.43445160612464</ele>
        <time>2023-10-20T02:11:15Z</time>
        <extensions>
          <gpxtpx:TrackPointExtension>
            <gpxtpx:hr>111</gpxtpx:hr>
          </gpxtpx:TrackPointExtension>
        </extensions>
      </trkpt>
      <trkpt lat="22.647442326109964" lon="107.60793441195761">
        <ele>94.43686008639634</ele>
        <time>2023-10-20T02:11:16Z</time>
        <extensions>
          <gpxtpx:TrackPointExtension>
            <gpxtpx:hr>111</gpxtpx:hr>
          </gpxtpx:TrackPointExtension>
        </extensions>
      </trkpt>
      <trkpt lat="22.647444974796638" lon="107.60794684454291">
        <ele>94.4399577844888</ele>
        <time>2023-10-20T02:11:17Z</time>
        <extensions>
          <gpxtpx:TrackPointExtension>
            <gpxtpx:hr>110</gpxtpx:hr>
          </gpxtpx:TrackPointExtension>
        </extensions>
      </trkpt>
      <trkpt lat="22.647447874185044" lon="107.60795959375906">
        <ele>94.43558849114925</ele>
        <time>2023-10-20T02:11:18Z</time>
        <extensions>
          <gpxtpx:TrackPointExtension>
            <gpxtpx:hr>110</gpxtpx:hr>
          </gpxtpx:TrackPointExtension>
        </extensions>
      </trkpt>
      <trkpt lat="22.64745110455375" lon="107.60797242607391">
        <ele>94.44673299230635</ele>
        <time>2023-10-20T02:11:19Z</time>
        <extensions>
          <gpxtpx:TrackPointExtension>
            <gpxtpx:hr>110</gpxtpx:hr>
          </gpxtpx:TrackPointExtension>
        </extensions>
      </trkpt>
      <trkpt lat="22.647454312663818" lon="107.60798498793399">
        <ele>94.45224366150796</ele>
        <time>2023-10-20T02:11:20Z</time>
        <extensions>
          <gpxtpx:TrackPointExtension>
            <gpxtpx:hr>110</gpxtpx:hr>
          </gpxtpx:TrackPointExtension>
        </extensions>
      </trkpt>
      <trkpt lat="22.647457219314504" lon="107.60799708483854">
        <ele>94.45447259116918</ele>
        <time>2023-10-20T02:11:21Z</time>
        <extensions>
          <gpxtpx:TrackPointExtension>
            <gpxtpx:hr>110</gpxtpx:hr>
          </gpxtpx:TrackPointExtension>
        </extensions>
      </trkpt>
      <trkpt lat="22.647459986810038" lon="107.60800883392483">
        <ele>94.45816108584404</ele>
        <time>2023-10-20T02:11:22Z</time>
        <extensions>
          <gpxtpx:TrackPointExtension>
            <gpxtpx:hr>113</gpxtpx:hr>
          </gpxtpx:TrackPointExtension>
        </extensions>
      </trkpt>
      <trkpt lat="22.647463190525368" lon="107.60802115709835">
        <ele>94.45823510363698</ele>
        <time>2023-10-20T02:11:23Z</time>
        <extensions>
          <gpxtpx:TrackPointExtension>
            <gpxtpx:hr>113</gpxtpx:hr>
          </gpxtpx:TrackPointExtension>
        </extensions>
      </trkpt>
      <trkpt lat="22.647466953422715" lon="107.6080343557462">
        <ele>94.4632454784587</ele>
        <time>2023-10-20T02:11:24Z</time>
        <extensions>
          <gpxtpx:TrackPointExtension>
            <gpxtpx:hr>113</gpxtpx:hr>
          </gpxtpx:TrackPointExtension>
        </extensions>
      </trkpt>
      <trkpt lat="22.647470752020592" lon="107.60804745488466">
        <ele>94.46401792485267</ele>
        <time>2023-10-20T02:11:25Z</time>
        <extensions>
          <gpxtpx:TrackPointExtension>
            <gpxtpx:hr>113</gpxtpx:hr>
          </gpxtpx:TrackPointExtension>
        </extensions>
      </trkpt>
      <trkpt lat="22.647474067826238" lon="107.60806013717561">
        <ele>94.4702543867752</ele>
        <time>2023-10-20T02:11:26Z</time>
        <extensions>
          <gpxtpx:TrackPointExtension>
            <gpxtpx:hr>113</gpxtpx:hr>
          </gpxtpx:TrackPointExtension>
        </extensions>
      </trkpt>
      <trkpt lat="22.647476947319976" lon="107.6080731426392">
        <ele>94.48736539762467</ele>
        <time>2023-10-20T02:11:27Z</time>
        <extensions>
          <gpxtpx:TrackPointExtension>
            <gpxtpx:hr>113</gpxtpx:hr>
          </gpxtpx:TrackPointExtension>
        </extensions>
      </trkpt>
      <trkpt lat="22.64747963152023" lon="107.60808622231737">
        <ele>94.5013011181727</ele>
        <time>2023-10-20T02:11:28Z</time>
        <extensions>
          <gpxtpx:TrackPointExtension>
            <gpxtpx:hr>113</gpxtpx:hr>
          </gpxtpx:TrackPointExtension>
        </extensions>
      </trkpt>
      <trkpt lat="22.647482221576126" lon="107.60809920580196">
        <ele>94.53024693671614</ele>
        <time>2023-10-20T02:11:29Z</time>
        <extensions>
          <gpxtpx:TrackPointExtension>
            <gpxtpx:hr>115</gpxtpx:hr>
          </gpxtpx:TrackPointExtension>
        </extensions>
      </trkpt>
      <trkpt lat="22.647484859201494" lon="107.6081120449839">
        <ele>94.548774253577</ele>
        <time>2023-10-20T02:11:30Z</time>
        <extensions>
          <gpxtpx:TrackPointExtension>
            <gpxtpx:hr>115</gpxtpx:hr>
          </gpxtpx:TrackPointExtension>
        </extensions>
      </trkpt>
      <trkpt lat="22.64748770392981" lon="107.60812444207906">
        <ele>94.5782756106928</ele>
        <time>2023-10-20T02:11:31Z</time>
        <extensions>
          <gpxtpx:TrackPointExtension>
            <gpxtpx:hr>115</gpxtpx:hr>
          </gpxtpx:TrackPointExtension>
        </extensions>
      </trkpt>
      <trkpt lat="22.647490805059135" lon="107.608137143112">
        <ele>94.61155571322888</ele>
        <time>2023-10-20T02:11:32Z</time>
        <extensions>
          <gpxtpx:TrackPointExtension>
            <gpxtpx:hr>115</gpxtpx:hr>
          </gpxtpx:TrackPointExtension>
        </extensions>
      </trkpt>
      <trkpt lat="22.647493947835695" lon="107.6081505047684">
        <ele>94.64994717855006</ele>
        <time>2023-10-20T02:11:33Z</time>
        <extensions>
          <gpxtpx:TrackPointExtension>
            <gpxtpx:hr>115</gpxtpx:hr>
          </gpxtpx:TrackPointExtension>
        </extensions>
      </trkpt>
      <trkpt lat="22.647496962996414" lon="107.60816374488898">
        <ele>94.6900069322437</ele>
        <time>2023-10-20T02:11:34Z</time>
        <extensions>
          <gpxtpx:TrackPointExtension>
            <gpxtpx:hr>115</gpxtpx:hr>
          </gpxtpx:TrackPointExtension>
        </extensions>
      </trkpt>
      <trkpt lat="22.647499863661036" lon="107.60817664533309">
        <ele>94.7400037124753</ele>
        <time>2023-10-20T02:11:35Z</time>
        <extensions>
          <gpxtpx:TrackPointExtension>
            <gpxtpx:hr>115</gpxtpx:hr>
          </gpxtpx:TrackPointExtension>
        </extensions>
      </trkpt>
      <trkpt lat="22.64750273457463" lon="107.60818921438516">
        <ele>94.78399641998112</ele>
        <time>2023-10-20T02:11:36Z</time>
        <extensions>
          <gpxtpx:TrackPointExtension>
            <gpxtpx:hr>115</gpxtpx:hr>
          </gpxtpx:TrackPointExtension>
        </extensions>
      </trkpt>
      <trkpt lat="22.647505589537282" lon="107.60820120411546">
        <ele>94.83155675046146</ele>
        <time>2023-10-20T02:11:37Z</time>
        <extensions>
          <gpxtpx:TrackPointExtension>
            <gpxtpx:hr>115</gpxtpx:hr>
          </gpxtpx:TrackPointExtension>
        </extensions>
      </trkpt>
      <trkpt lat="22.647508427140497" lon="107.60821348197">
        <ele>94.87321751192212</ele>
        <time>2023-10-20T02:11:38Z</time>
        <extensions>
          <gpxtpx:TrackPointExtension>
            <gpxtpx:hr>115</gpxtpx:hr>
          </gpxtpx:TrackPointExtension>
        </extensions>
      </trkpt>
      <trkpt lat="22.647511322913534" lon="107.6082268131323">
        <ele>94.91902098152786</ele>
        <time>2023-10-20T02:11:39Z</time>
        <extensions>
          <gpxtpx:TrackPointExtension>
            <gpxtpx:hr>115</gpxtpx:hr>
          </gpxtpx:TrackPointExtension>
        </extensions>
      </trkpt>
      <trkpt lat="22.647514102477512" lon="107.60823998923406">
        <ele>94.96341106761247</ele>
        <time>2023-10-20T02:11:40Z</time>
        <extensions>
          <gpxtpx:TrackPointExtension>
            <gpxtpx:hr>115</gpxtpx:hr>
          </gpxtpx:TrackPointExtension>
        </extensions>
      </trkpt>
      <trkpt lat="22.64751654756147" lon="107.60825214149594">
        <ele>95.0074541028589</ele>
        <time>2023-10-20T02:11:41Z</time>
        <extensions>
          <gpxtpx:TrackPointExtension>
            <gpxtpx:hr>113</gpxtpx:hr>
          </gpxtpx:TrackPointExtension>
        </extensions>
      </trkpt>
      <trkpt lat="22.64751861098838" lon="107.60826365402062">
        <ele>95.04783415421844</ele>
        <time>2023-10-20T02:11:42Z</time>
        <extensions>
          <gpxtpx:TrackPointExtension>
            <gpxtpx:hr>113</gpxtpx:hr>
          </gpxtpx:TrackPointExtension>
        </extensions>
      </trkpt>
      <trkpt lat="22.647520599994508" lon="107.60827502950147">
        <ele>95.08396606147289</ele>
        <time>2023-10-20T02:11:43Z</time>
        <extensions>
          <gpxtpx:TrackPointExtension>
            <gpxtpx:hr>113</gpxtpx:hr>
          </gpxtpx:TrackPointExtension>
        </extensions>
      </trkpt>
      <trkpt lat="22.647522795409625" lon="107.60828685380116">
        <ele>95.10708580259234</ele>
        <time>2023-10-20T02:11:44Z</time>
        <extensions>
          <gpxtpx:TrackPointExtension>
            <gpxtpx:hr>113</gpxtpx:hr>
          </gpxtpx:TrackPointExtension>
        </extensions>
      </trkpt>
      <trkpt lat="22.647525336085266" lon="107.60829917965894">
        <ele>95.1376022323966</ele>
        <time>2023-10-20T02:11:45Z</time>
        <extensions>
          <gpxtpx:TrackPointExtension>
            <gpxtpx:hr>113</gpxtpx:hr>
          </gpxtpx:TrackPointExtension>
        </extensions>
      </trkpt>
      <trkpt lat="22.647528348953436" lon="107.60831183796408">
        <ele>95.16897072270513</ele>
        <time>2023-10-20T02:11:46Z</time>
        <extensions>
          <gpxtpx:TrackPointExtension>
            <gpxtpx:hr>113</gpxtpx:hr>
          </gpxtpx:TrackPointExtension>
        </extensions>
      </trkpt>
      <trkpt lat="22.64753134474071" lon="107.60832447927778">
        <ele>95.20370069053024</ele>
        <time>2023-10-20T02:11:47Z</time>
        <extensions>
          <gpxtpx:TrackPointExtension>
            <gpxtpx:hr>113</gpxtpx:hr>
          </gpxtpx:TrackPointExtension>
        </extensions>
      </trkpt>
      <trkpt lat="22.647533820852846" lon="107.60833677338977">
        <ele>95.21827231906354</ele>
        <time>2023-10-20T02:11:48Z</time>
        <extensions>
          <gpxtpx:TrackPointExtension>
            <gpxtpx:hr>110</gpxtpx:hr>
          </gpxtpx:TrackPointExtension>
        </extensions>
      </trkpt>
      <trkpt lat="22.647535970304684" lon="107.60834882187588">
        <ele>95.2273608520627</ele>
        <time>2023-10-20T02:11:49Z</time>
        <extensions>
          <gpxtpx:TrackPointExtension>
            <gpxtpx:hr>110</gpxtpx:hr>
          </gpxtpx:TrackPointExtension>
        </extensions>
      </trkpt>
      <trkpt lat="22.647537998482786" lon="107.60836073289887">
        <ele>95.23217445798218</ele>
        <time>2023-10-20T02:11:50Z</time>
        <extensions>
          <gpxtpx:TrackPointExtension>
            <gpxtpx:hr>110</gpxtpx:hr>
          </gpxtpx:TrackPointExtension>
        </extensions>
      </trkpt>
      <trkpt lat="22.64754014717232" lon="107.60837285306343">
        <ele>95.23858678061515</ele>
        <time>2023-10-20T02:11:51Z</time>
        <extensions>
          <gpxtpx:TrackPointExtension>
            <gpxtpx:hr>110</gpxtpx:hr>
          </gpxtpx:TrackPointExtension>
        </extensions>
      </trkpt>
      <trkpt lat="22.64754275412546" lon="107.60838524586306">
        <ele>95.23719636723399</ele>
        <time>2023-10-20T02:11:52Z</time>
        <extensions>
          <gpxtpx:TrackPointExtension>
            <gpxtpx:hr>110</gpxtpx:hr>
          </gpxtpx:TrackPointExtension>
        </extensions>
      </trkpt>
      <trkpt lat="22.647545904254017" lon="107.60839740259476">
        <ele>95.24156787246466</ele>
        <time>2023-10-20T02:11:53Z</time>
        <extensions>
          <gpxtpx:TrackPointExtension>
            <gpxtpx:hr>110</gpxtpx:hr>
          </gpxtpx:TrackPointExtension>
        </extensions>
      </trkpt>
      <trkpt lat="22.647549603768237" lon="107.60840884295516">
        <ele>95.2392006535083</ele>
        <time>2023-10-20T02:11:54Z</time>
        <extensions>
          <gpxtpx:TrackPointExtension>
            <gpxtpx:hr>110</gpxtpx:hr>
          </gpxtpx:TrackPointExtension>
        </extensions>
      </trkpt>
      <trkpt lat="22.64755393729278" lon="107.60841951204497">
        <ele>95.23458659369498</ele>
        <time>2023-10-20T02:11:55Z</time>
        <extensions>
          <gpxtpx:TrackPointExtension>
            <gpxtpx:hr>110</gpxtpx:hr>
          </gpxtpx:TrackPointExtension>
        </extensions>
      </trkpt>
      <trkpt lat="22.647559079079574" lon="107.60842972511114">
        <ele>95.25084135588259</ele>
        <time>2023-10-20T02:11:56Z</time>
        <extensions>
          <gpxtpx:TrackPointExtension>
            <gpxtpx:hr>110</gpxtpx:hr>
          </gpxtpx:TrackPointExtension>
        </extensions>
      </trkpt>
      <trkpt lat="22.647565082619494" lon="107.60843962694518">
        <ele>95.27362730633467</ele>
        <time>2023-10-20T02:11:57Z</time>
        <extensions>
          <gpxtpx:TrackPointExtension>
            <gpxtpx:hr>110</gpxtpx:hr>
          </gpxtpx:TrackPointExtension>
        </extensions>
      </trkpt>
      <trkpt lat="22.647571146110753" lon="107.60844974407574">
        <ele>95.31025373842567</ele>
        <time>2023-10-20T02:11:58Z</time>
        <extensions>
          <gpxtpx:TrackPointExtension>
            <gpxtpx:hr>110</gpxtpx:hr>
          </gpxtpx:TrackPointExtension>
        </extensions>
      </trkpt>
      <trkpt lat="22.64757600577676" lon="107.60846080870579">
        <ele>95.34035028703511</ele>
        <time>2023-10-20T02:11:59Z</time>
        <extensions>
          <gpxtpx:TrackPointExtension>
            <gpxtpx:hr>110</gpxtpx:hr>
          </gpxtpx:TrackPointExtension>
        </extensions>
      </trkpt>
      <trkpt lat="22.64757954561951" lon="107.60847256502707">
        <ele>95.39341409411281</ele>
        <time>2023-10-20T02:12:00Z</time>
        <extensions>
          <gpxtpx:TrackPointExtension>
            <gpxtpx:hr>110</gpxtpx:hr>
          </gpxtpx:TrackPointExtension>
        </extensions>
      </trkpt>
      <trkpt lat="22.647582757063915" lon="107.60848441861256">
        <ele>95.43762401584536</ele>
        <time>2023-10-20T02:12:01Z</time>
        <extensions>
          <gpxtpx:TrackPointExtension>
            <gpxtpx:hr>111</gpxtpx:hr>
          </gpxtpx:TrackPointExtension>
        </extensions>
      </trkpt>
      <trkpt lat="22.647586321346548" lon="107.6084965206021">
        <ele>95.49443625006825</ele>
        <time>2023-10-20T02:12:02Z</time>
        <extensions>
          <gpxtpx:TrackPointExtension>
            <gpxtpx:hr>111</gpxtpx:hr>
          </gpxtpx:TrackPointExtension>
        </extensions>
      </trkpt>
      <trkpt lat="22.64759002350931" lon="107.60850899955072">
        <ele>95.56227361690253</ele>
        <time>2023-10-20T02:12:03Z</time>
        <extensions>
          <gpxtpx:TrackPointExtension>
            <gpxtpx:hr>111</gpxtpx:hr>
          </gpxtpx:TrackPointExtension>
        </extensions>
      </trkpt>
      <trkpt lat="22.647593479422856" lon="107.60852152425647">
        <ele>95.64185408316553</ele>
        <time>2023-10-20T02:12:04Z</time>
        <extensions>
          <gpxtpx:TrackPointExtension>
            <gpxtpx:hr>111</gpxtpx:hr>
          </gpxtpx:TrackPointExtension>
        </extensions>
      </trkpt>
      <trkpt lat="22.64759674593939" lon="107.60853393239148">
        <ele>95.7331348946318</ele>
        <time>2023-10-20T02:12:05Z</time>
        <extensions>
          <gpxtpx:TrackPointExtension>
            <gpxtpx:hr>111</gpxtpx:hr>
          </gpxtpx:TrackPointExtension>
        </extensions>
      </trkpt>
      <trkpt lat="22.647599914452417" lon="107.60854613754073">
        <ele>95.83200490940362</ele>
        <time>2023-10-20T02:12:06Z</time>
        <extensions>
          <gpxtpx:TrackPointExtension>
            <gpxtpx:hr>111</gpxtpx:hr>
          </gpxtpx:TrackPointExtension>
        </extensions>
      </trkpt>
      <trkpt lat="22.647602694107817" lon="107.60855812315708">
        <ele>95.93883174937218</ele>
        <time>2023-10-20T02:12:07Z</time>
        <extensions>
          <gpxtpx:TrackPointExtension>
            <gpxtpx:hr>111</gpxtpx:hr>
          </gpxtpx:TrackPointExtension>
        </extensions>
      </trkpt>
      <trkpt lat="22.647604620680564" lon="107.60857019624866">
        <ele>96.04413958638906</ele>
        <time>2023-10-20T02:12:08Z</time>
        <extensions>
          <gpxtpx:TrackPointExtension>
            <gpxtpx:hr>111</gpxtpx:hr>
          </gpxtpx:TrackPointExtension>
        </extensions>
      </trkpt>
      <trkpt lat="22.647605730871202" lon="107.60858304224264">
        <ele>96.1507881525904</ele>
        <time>2023-10-20T02:12:09Z</time>
        <extensions>
          <gpxtpx:TrackPointExtension>
            <gpxtpx:hr>111</gpxtpx:hr>
          </gpxtpx:TrackPointExtension>
        </extensions>
      </trkpt>
      <trkpt lat="22.64760624880597" lon="107.60859669873055">
        <ele>96.2743070088327</ele>
        <time>2023-10-20T02:12:10Z</time>
        <extensions>
          <gpxtpx:TrackPointExtension>
            <gpxtpx:hr>111</gpxtpx:hr>
          </gpxtpx:TrackPointExtension>
        </extensions>
      </trkpt>
      <trkpt lat="22.647606214493322" lon="107.60861066012906">
        <ele>96.40386431384832</ele>
        <time>2023-10-20T02:12:11Z</time>
        <extensions>
          <gpxtpx:TrackPointExtension>
            <gpxtpx:hr>111</gpxtpx:hr>
          </gpxtpx:TrackPointExtension>
        </extensions>
      </trkpt>
      <trkpt lat="22.64760583990121" lon="107.60862467291092">
        <ele>96.53393207676709</ele>
        <time>2023-10-20T02:12:12Z</time>
        <extensions>
          <gpxtpx:TrackPointExtension>
            <gpxtpx:hr>111</gpxtpx:hr>
          </gpxtpx:TrackPointExtension>
        </extensions>
      </trkpt>
      <trkpt lat="22.647605460912597" lon="107.60863799884945">
        <ele>96.67927334457636</ele>
        <time>2023-10-20T02:12:13Z</time>
        <extensions>
          <gpxtpx:TrackPointExtension>
            <gpxtpx:hr>111</gpxtpx:hr>
          </gpxtpx:TrackPointExtension>
        </extensions>
      </trkpt>
      <trkpt lat="22.647604988835976" lon="107.6086501427729">
        <ele>96.81317274831235</ele>
        <time>2023-10-20T02:12:14Z</time>
        <extensions>
          <gpxtpx:TrackPointExtension>
            <gpxtpx:hr>111</gpxtpx:hr>
          </gpxtpx:TrackPointExtension>
        </extensions>
      </trkpt>
      <trkpt lat="22.647604352978867" lon="107.60866154402039">
        <ele>96.95491875614971</ele>
        <time>2023-10-20T02:12:15Z</time>
        <extensions>
          <gpxtpx:TrackPointExtension>
            <gpxtpx:hr>111</gpxtpx:hr>
          </gpxtpx:TrackPointExtension>
        </extensions>
      </trkpt>
      <trkpt lat="22.647603736479216" lon="107.60867270205485">
        <ele>97.09096246119589</ele>
        <time>2023-10-20T02:12:16Z</time>
        <extensions>
          <gpxtpx:TrackPointExtension>
            <gpxtpx:hr>111</gpxtpx:hr>
          </gpxtpx:TrackPointExtension>
        </extensions>
      </trkpt>
      <trkpt lat="22.647603349825598" lon="107.60868384082974">
        <ele>97.21260513179004</ele>
        <time>2023-10-20T02:12:17Z</time>
        <extensions>
          <gpxtpx:TrackPointExtension>
            <gpxtpx:hr>111</gpxtpx:hr>
          </gpxtpx:TrackPointExtension>
        </extensions>
      </trkpt>
      <trkpt lat="22.647603495708474" lon="107.60869488940472">
        <ele>97.33726453781128</ele>
        <time>2023-10-20T02:12:18Z</time>
        <extensions>
          <gpxtpx:TrackPointExtension>
            <gpxtpx:hr>111</gpxtpx:hr>
          </gpxtpx:TrackPointExtension>
        </extensions>
      </trkpt>
      <trkpt lat="22.64760427236411" lon="107.60870563257616">
        <ele>97.45515095815063</ele>
        <time>2023-10-20T02:12:19Z</time>
        <extensions>
          <gpxtpx:TrackPointExtension>
            <gpxtpx:hr>111</gpxtpx:hr>
          </gpxtpx:TrackPointExtension>
        </extensions>
      </trkpt>
      <trkpt lat="22.647605523000742" lon="107.60871621211804">
        <ele>97.57296282239258</ele>
        <time>2023-10-20T02:12:20Z</time>
        <extensions>
          <gpxtpx:TrackPointExtension>
            <gpxtpx:hr>111</gpxtpx:hr>
          </gpxtpx:TrackPointExtension>
        </extensions>
      </trkpt>
      <trkpt lat="22.64760708164631" lon="107.60872702811108">
        <ele>97.68027940485626</ele>
        <time>2023-10-20T02:12:21Z</time>
        <extensions>
          <gpxtpx:TrackPointExtension>
            <gpxtpx:hr>111</gpxtpx:hr>
          </gpxtpx:TrackPointExtension>
        </extensions>
      </trkpt>
      <trkpt lat="22.64760864652209" lon="107.60873816307173">
        <ele>97.77618345804513</ele>
        <time>2023-10-20T02:12:22Z</time>
        <extensions>
          <gpxtpx:TrackPointExtension>
            <gpxtpx:hr>113</gpxtpx:hr>
          </gpxtpx:TrackPointExtension>
        </extensions>
      </trkpt>
      <trkpt lat="22.647609891251584" lon="107.60874929402502">
        <ele>97.85912568215281</ele>
        <time>2023-10-20T02:12:23Z</time>
        <extensions>
          <gpxtpx:TrackPointExtension>
            <gpxtpx:hr>113</gpxtpx:hr>
          </gpxtpx:TrackPointExtension>
        </extensions>
      </trkpt>
      <trkpt lat="22.64761088921426" lon="107.60876036157296">
        <ele>97.94273527525365</ele>
        <time>2023-10-20T02:12:24Z</time>
        <extensions>
          <gpxtpx:TrackPointExtension>
            <gpxtpx:hr>113</gpxtpx:hr>
          </gpxtpx:TrackPointExtension>
        </extensions>
      </trkpt>
      <trkpt lat="22.647611929116863" lon="107.60877158837951">
        <ele>98.02588931657374</ele>
        <time>2023-10-20T02:12:25Z</time>
        <extensions>
          <gpxtpx:TrackPointExtension>
            <gpxtpx:hr>113</gpxtpx:hr>
          </gpxtpx:TrackPointExtension>
        </extensions>
      </trkpt>
      <trkpt lat="22.647613192459694" lon="107.60878295429721">
        <ele>98.1056508095935</ele>
        <time>2023-10-20T02:12:26Z</time>
        <extensions>
          <gpxtpx:TrackPointExtension>
            <gpxtpx:hr>115</gpxtpx:hr>
          </gpxtpx:TrackPointExtension>
        </extensions>
      </trkpt>
      <trkpt lat="22.647614298369845" lon="107.60879418751966">
        <ele>98.1720322649926</ele>
        <time>2023-10-20T02:12:27Z</time>
        <extensions>
          <gpxtpx:TrackPointExtension>
            <gpxtpx:hr>115</gpxtpx:hr>
          </gpxtpx:TrackPointExtension>
        </extensions>
      </trkpt>
      <trkpt lat="22.64761496837734" lon="107.60880519873913">
        <ele>98.22300961147994</ele>
        <time>2023-10-20T02:12:28Z</time>
        <extensions>
          <gpxtpx:TrackPointExtension>
            <gpxtpx:hr>115</gpxtpx:hr>
          </gpxtpx:TrackPointExtension>
        </extensions>
      </trkpt>
      <trkpt lat="22.64761547499299" lon="107.60881610001219">
        <ele>98.27397698350251</ele>
        <time>2023-10-20T02:12:29Z</time>
        <extensions>
          <gpxtpx:TrackPointExtension>
            <gpxtpx:hr>115</gpxtpx:hr>
          </gpxtpx:TrackPointExtension>
        </extensions>
      </trkpt>
      <trkpt lat="22.64761597816064" lon="107.6088268902327">
        <ele>98.3222522418946</ele>
        <time>2023-10-20T02:12:30Z</time>
        <extensions>
          <gpxtpx:TrackPointExtension>
            <gpxtpx:hr>115</gpxtpx:hr>
          </gpxtpx:TrackPointExtension>
        </extensions>
      </trkpt>
      <trkpt lat="22.64761631354766" lon="107.60883758482163">
        <ele>98.36772495973855</ele>
        <time>2023-10-20T02:12:31Z</time>
        <extensions>
          <gpxtpx:TrackPointExtension>
            <gpxtpx:hr>115</gpxtpx:hr>
          </gpxtpx:TrackPointExtension>
        </extensions>
      </trkpt>
      <trkpt lat="22.647616128495322" lon="107.60884831589888">
        <ele>98.4023662256077</ele>
        <time>2023-10-20T02:12:32Z</time>
        <extensions>
          <gpxtpx:TrackPointExtension>
            <gpxtpx:hr>116</gpxtpx:hr>
          </gpxtpx:TrackPointExtension>
        </extensions>
      </trkpt>
      <trkpt lat="22.647615084093008" lon="107.60885911860083">
        <ele>98.43421357683837</ele>
        <time>2023-10-20T02:12:33Z</time>
        <extensions>
          <gpxtpx:TrackPointExtension>
            <gpxtpx:hr>116</gpxtpx:hr>
          </gpxtpx:TrackPointExtension>
        </extensions>
      </trkpt>
      <trkpt lat="22.647612891135427" lon="107.60886990658001">
        <ele>98.46536397468299</ele>
        <time>2023-10-20T02:12:34Z</time>
        <extensions>
          <gpxtpx:TrackPointExtension>
            <gpxtpx:hr>116</gpxtpx:hr>
          </gpxtpx:TrackPointExtension>
        </extensions>
      </trkpt>
      <trkpt lat="22.647609191858656" lon="107.60888040090057">
        <ele>98.50270878802985</ele>
        <time>2023-10-20T02:12:35Z</time>
        <extensions>
          <gpxtpx:TrackPointExtension>
            <gpxtpx:hr>116</gpxtpx:hr>
          </gpxtpx:TrackPointExtension>
        </extensions>
      </trkpt>
      <trkpt lat="22.647603585065752" lon="107.60888995025535">
        <ele>98.54703872930259</ele>
        <time>2023-10-20T02:12:36Z</time>
        <extensions>
          <gpxtpx:TrackPointExtension>
            <gpxtpx:hr>116</gpxtpx:hr>
          </gpxtpx:TrackPointExtension>
        </extensions>
      </trkpt>
      <trkpt lat="22.64759588704174" lon="107.60889782399674">
        <ele>98.59741546120495</ele>
        <time>2023-10-20T02:12:37Z</time>
        <extensions>
          <gpxtpx:TrackPointExtension>
            <gpxtpx:hr>116</gpxtpx:hr>
          </gpxtpx:TrackPointExtension>
        </extensions>
      </trkpt>
      <trkpt lat="22.647586269673724" lon="107.60890408341326">
        <ele>98.63991541881114</ele>
        <time>2023-10-20T02:12:38Z</time>
        <extensions>
          <gpxtpx:TrackPointExtension>
            <gpxtpx:hr>116</gpxtpx:hr>
          </gpxtpx:TrackPointExtension>
        </extensions>
      </trkpt>
      <trkpt lat="22.647575324253914" lon="107.60890943766034">
        <ele>98.6795738004148</ele>
        <time>2023-10-20T02:12:39Z</time>
        <extensions>
          <gpxtpx:TrackPointExtension>
            <gpxtpx:hr>117</gpxtpx:hr>
          </gpxtpx:TrackPointExtension>
        </extensions>
      </trkpt>
      <trkpt lat="22.6475640865107" lon="107.60891421283108">
        <ele>98.74360769800842</ele>
        <time>2023-10-20T02:12:40Z</time>
        <extensions>
          <gpxtpx:TrackPointExtension>
            <gpxtpx:hr>117</gpxtpx:hr>
          </gpxtpx:TrackPointExtension>
        </extensions>
      </trkpt>
      <trkpt lat="22.647552292983278" lon="107.60891830721683">
        <ele>98.8127729780972</ele>
        <time>2023-10-20T02:12:41Z</time>
        <extensions>
          <gpxtpx:TrackPointExtension>
            <gpxtpx:hr>117</gpxtpx:hr>
          </gpxtpx:TrackPointExtension>
        </extensions>
      </trkpt>
      <trkpt lat="22.647539495576705" lon="107.60892216979957">
        <ele>98.8831137670204</ele>
        <time>2023-10-20T02:12:42Z</time>
        <extensions>
          <gpxtpx:TrackPointExtension>
            <gpxtpx:hr>118</gpxtpx:hr>
          </gpxtpx:TrackPointExtension>
        </extensions>
      </trkpt>
      <trkpt lat="22.647526382590186" lon="107.60892629789781">
        <ele>98.96530266851187</ele>
        <time>2023-10-20T02:12:43Z</time>
        <extensions>
          <gpxtpx:TrackPointExtension>
            <gpxtpx:hr>118</gpxtpx:hr>
          </gpxtpx:TrackPointExtension>
        </extensions>
      </trkpt>
      <trkpt lat="22.647513360265112" lon="107.60893069181972">
        <ele>99.05324676074088</ele>
        <time>2023-10-20T02:12:44Z</time>
        <extensions>
          <gpxtpx:TrackPointExtension>
            <gpxtpx:hr>118</gpxtpx:hr>
          </gpxtpx:TrackPointExtension>
        </extensions>
      </trkpt>
      <trkpt lat="22.647500540915974" lon="107.6089350064322">
        <ele>99.14461954776198</ele>
        <time>2023-10-20T02:12:45Z</time>
        <extensions>
          <gpxtpx:TrackPointExtension>
            <gpxtpx:hr>118</gpxtpx:hr>
          </gpxtpx:TrackPointExtension>
        </extensions>
      </trkpt>
      <trkpt lat="22.647488431055145" lon="107.60893876863852">
        <ele>99.24823261145502</ele>
        <time>2023-10-20T02:12:46Z</time>
        <extensions>
          <gpxtpx:TrackPointExtension>
            <gpxtpx:hr>119</gpxtpx:hr>
          </gpxtpx:TrackPointExtension>
        </extensions>
      </trkpt>
      <trkpt lat="22.647477279481798" lon="107.6089415835625">
        <ele>99.33961486350745</ele>
        <time>2023-10-20T02:12:47Z</time>
        <extensions>
          <gpxtpx:TrackPointExtension>
            <gpxtpx:hr>119</gpxtpx:hr>
          </gpxtpx:TrackPointExtension>
        </extensions>
      </trkpt>
      <trkpt lat="22.647465816304322" lon="107.60894442971711">
        <ele>99.43104064371437</ele>
        <time>2023-10-20T02:12:48Z</time>
        <extensions>
          <gpxtpx:TrackPointExtension>
            <gpxtpx:hr>119</gpxtpx:hr>
          </gpxtpx:TrackPointExtension>
        </extensions>
      </trkpt>
      <trkpt lat="22.647453796228305" lon="107.6089481412977">
        <ele>99.51217096764594</ele>
        <time>2023-10-20T02:12:49Z</time>
        <extensions>
          <gpxtpx:TrackPointExtension>
            <gpxtpx:hr>119</gpxtpx:hr>
          </gpxtpx:TrackPointExtension>
        </extensions>
      </trkpt>
      <trkpt lat="22.64744197427944" lon="107.60895226529216">
        <ele>99.59728711470962</ele>
        <time>2023-10-20T02:12:50Z</time>
        <extensions>
          <gpxtpx:TrackPointExtension>
            <gpxtpx:hr>119</gpxtpx:hr>
          </gpxtpx:TrackPointExtension>
        </extensions>
      </trkpt>
      <trkpt lat="22.647430406132607" lon="107.60895642392812">
        <ele>99.67520864959806</ele>
        <time>2023-10-20T02:12:51Z</time>
        <extensions>
          <gpxtpx:TrackPointExtension>
            <gpxtpx:hr>117</gpxtpx:hr>
          </gpxtpx:TrackPointExtension>
        </extensions>
      </trkpt>
      <trkpt lat="22.647419059181225" lon="107.60896075100305">
        <ele>99.73645894695073</ele>
        <time>2023-10-20T02:12:52Z</time>
        <extensions>
          <gpxtpx:TrackPointExtension>
            <gpxtpx:hr>117</gpxtpx:hr>
          </gpxtpx:TrackPointExtension>
        </extensions>
      </trkpt>
      <trkpt lat="22.64740796371587" lon="107.60896567264533">
        <ele>99.80659179855138</ele>
        <time>2023-10-20T02:12:53Z</time>
        <extensions>
          <gpxtpx:TrackPointExtension>
            <gpxtpx:hr>117</gpxtpx:hr>
          </gpxtpx:TrackPointExtension>
        </extensions>
      </trkpt>
      <trkpt lat="22.64739721744265" lon="107.6089713384823">
        <ele>99.88085432350636</ele>
        <time>2023-10-20T02:12:54Z</time>
        <extensions>
          <gpxtpx:TrackPointExtension>
            <gpxtpx:hr>117</gpxtpx:hr>
          </gpxtpx:TrackPointExtension>
        </extensions>
      </trkpt>
      <trkpt lat="22.64738676855593" lon="107.60897780755222">
        <ele>99.93966796249151</ele>
        <time>2023-10-20T02:12:55Z</time>
        <extensions>
          <gpxtpx:TrackPointExtension>
            <gpxtpx:hr>117</gpxtpx:hr>
          </gpxtpx:TrackPointExtension>
        </extensions>
      </trkpt>
      <trkpt lat="22.647376795605464" lon="107.60898545979155">
        <ele>100.00244715157896</ele>
        <time>2023-10-20T02:12:56Z</time>
        <extensions>
          <gpxtpx:TrackPointExtension>
            <gpxtpx:hr>117</gpxtpx:hr>
          </gpxtpx:TrackPointExtension>
        </extensions>
      </trkpt>
      <trkpt lat="22.647367732935813" lon="107.60899446685703">
        <ele>100.0451758345589</ele>
        <time>2023-10-20T02:12:57Z</time>
        <extensions>
          <gpxtpx:TrackPointExtension>
            <gpxtpx:hr>117</gpxtpx:hr>
          </gpxtpx:TrackPointExtension>
        </extensions>
      </trkpt>
      <trkpt lat="22.647359547575014" lon="107.60900422586964">
        <ele>100.06912444811314</ele>
        <time>2023-10-20T02:12:58Z</time>
        <extensions>
          <gpxtpx:TrackPointExtension>
            <gpxtpx:hr>117</gpxtpx:hr>
          </gpxtpx:TrackPointExtension>
        </extensions>
      </trkpt>
      <trkpt lat="22.647352099744634" lon="107.60901468610017">
        <ele>100.09306391980499</ele>
        <time>2023-10-20T02:12:59Z</time>
        <extensions>
          <gpxtpx:TrackPointExtension>
            <gpxtpx:hr>117</gpxtpx:hr>
          </gpxtpx:TrackPointExtension>
        </extensions>
      </trkpt>
      <trkpt lat="22.64734577836715" lon="107.60902616043991">
        <ele>100.1214847471565</ele>
        <time>2023-10-20T02:13:00Z</time>
        <extensions>
          <gpxtpx:TrackPointExtension>
            <gpxtpx:hr>117</gpxtpx:hr>
          </gpxtpx:TrackPointExtension>
        </extensions>
      </trkpt>
      <trkpt lat="22.6473401290764" lon="107.60903821249379">
        <ele>100.15108392108232</ele>
        <time>2023-10-20T02:13:01Z</time>
        <extensions>
          <gpxtpx:TrackPointExtension>
            <gpxtpx:hr>117</gpxtpx:hr>
          </gpxtpx:TrackPointExtension>
        </extensions>
      </trkpt>
      <trkpt lat="22.64733447807744" lon="107.6090496571953">
        <ele>100.17638643085957</ele>
        <time>2023-10-20T02:13:02Z</time>
        <extensions>
          <gpxtpx:TrackPointExtension>
            <gpxtpx:hr>117</gpxtpx:hr>
          </gpxtpx:TrackPointExtension>
        </extensions>
      </trkpt>
      <trkpt lat="22.647329498622653" lon="107.60906049446363">
        <ele>100.20219810679555</ele>
        <time>2023-10-20T02:13:03Z</time>
        <extensions>
          <gpxtpx:TrackPointExtension>
            <gpxtpx:hr>117</gpxtpx:hr>
          </gpxtpx:TrackPointExtension>
        </extensions>
      </trkpt>
      <trkpt lat="22.647326374560272" lon="107.60907161061441">
        <ele>100.21626483369619</ele>
        <time>2023-10-20T02:13:04Z</time>
        <extensions>
          <gpxtpx:TrackPointExtension>
            <gpxtpx:hr>118</gpxtpx:hr>
          </gpxtpx:TrackPointExtension>
        </extensions>
      </trkpt>
      <trkpt lat="22.647325571457756" lon="107.6090831000342">
        <ele>100.22525320574641</ele>
        <time>2023-10-20T02:13:05Z</time>
        <extensions>
          <gpxtpx:TrackPointExtension>
            <gpxtpx:hr>118</gpxtpx:hr>
          </gpxtpx:TrackPointExtension>
        </extensions>
      </trkpt>
      <trkpt lat="22.64732704533616" lon="107.60909518876853">
        <ele>100.23785251285881</ele>
        <time>2023-10-20T02:13:06Z</time>
        <extensions>
          <gpxtpx:TrackPointExtension>
            <gpxtpx:hr>118</gpxtpx:hr>
          </gpxtpx:TrackPointExtension>
        </extensions>
      </trkpt>
      <trkpt lat="22.647330142482822" lon="107.60910808633082">
        <ele>100.25765425898135</ele>
        <time>2023-10-20T02:13:07Z</time>
        <extensions>
          <gpxtpx:TrackPointExtension>
            <gpxtpx:hr>118</gpxtpx:hr>
          </gpxtpx:TrackPointExtension>
        </extensions>
      </trkpt>
      <trkpt lat="22.64733391971633" lon="107.60912097195863">
        <ele>100.27776723820716</ele>
        <time>2023-10-20T02:13:08Z</time>
        <extensions>
          <gpxtpx:TrackPointExtension>
            <gpxtpx:hr>118</gpxtpx:hr>
          </gpxtpx:TrackPointExtension>
        </extensions>
      </trkpt>
      <trkpt lat="22.64733823327419" lon="107.60913325229293">
        <ele>100.29351479560137</ele>
        <time>2023-10-20T02:13:09Z</time>
        <extensions>
          <gpxtpx:TrackPointExtension>
            <gpxtpx:hr>118</gpxtpx:hr>
          </gpxtpx:TrackPointExtension>
        </extensions>
      </trkpt>
      <trkpt lat="22.647343470384836" lon="107.60914522976248">
        <ele>100.31413538847119</ele>
        <time>2023-10-20T02:13:10Z</time>
        <extensions>
          <gpxtpx:TrackPointExtension>
            <gpxtpx:hr>118</gpxtpx:hr>
          </gpxtpx:TrackPointExtension>
        </extensions>
      </trkpt>
      <trkpt lat="22.64734950431908" lon="107.60915720325713">
        <ele>100.34051315207034</ele>
        <time>2023-10-20T02:13:11Z</time>
        <extensions>
          <gpxtpx:TrackPointExtension>
            <gpxtpx:hr>118</gpxtpx:hr>
          </gpxtpx:TrackPointExtension>
        </extensions>
      </trkpt>
      <trkpt lat="22.64735543440972" lon="107.6091691813422">
        <ele>100.36428515519947</ele>
        <time>2023-10-20T02:13:12Z</time>
        <extensions>
          <gpxtpx:TrackPointExtension>
            <gpxtpx:hr>118</gpxtpx:hr>
          </gpxtpx:TrackPointExtension>
        </extensions>
      </trkpt>
      <trkpt lat="22.647360928756136" lon="107.60918116843492">
        <ele>100.37514693662524</ele>
        <time>2023-10-20T02:13:13Z</time>
        <extensions>
          <gpxtpx:TrackPointExtension>
            <gpxtpx:hr>118</gpxtpx:hr>
          </gpxtpx:TrackPointExtension>
        </extensions>
      </trkpt>
      <trkpt lat="22.647366313578495" lon="107.60919329607499">
        <ele>100.36604841426015</ele>
        <time>2023-10-20T02:13:14Z</time>
        <extensions>
          <gpxtpx:TrackPointExtension>
            <gpxtpx:hr>121</gpxtpx:hr>
          </gpxtpx:TrackPointExtension>
        </extensions>
      </trkpt>
      <trkpt lat="22.647371075322965" lon="107.60920542640716">
        <ele>100.36328418925405</ele>
        <time>2023-10-20T02:13:15Z</time>
        <extensions>
          <gpxtpx:TrackPointExtension>
            <gpxtpx:hr>121</gpxtpx:hr>
          </gpxtpx:TrackPointExtension>
        </extensions>
      </trkpt>
      <trkpt lat="22.647375911679642" lon="107.60921747730329">
        <ele>100.35864614974707</ele>
        <time>2023-10-20T02:13:16Z</time>
        <extensions>
          <gpxtpx:TrackPointExtension>
            <gpxtpx:hr>121</gpxtpx:hr>
          </gpxtpx:TrackPointExtension>
        </extensions>
      </trkpt>
      <trkpt lat="22.647381987560106" lon="107.60922929108735">
        <ele>100.34497674461454</ele>
        <time>2023-10-20T02:13:17Z</time>
        <extensions>
          <gpxtpx:TrackPointExtension>
            <gpxtpx:hr>121</gpxtpx:hr>
          </gpxtpx:TrackPointExtension>
        </extensions>
      </trkpt>
      <trkpt lat="22.647388791765856" lon="107.60923994876029">
        <ele>100.33266435563564</ele>
        <time>2023-10-20T02:13:18Z</time>
        <extensions>
          <gpxtpx:TrackPointExtension>
            <gpxtpx:hr>121</gpxtpx:hr>
          </gpxtpx:TrackPointExtension>
        </extensions>
      </trkpt>
      <trkpt lat="22.64739481273124" lon="107.6092489104247">
        <ele>100.32740152999759</ele>
        <time>2023-10-20T02:13:19Z</time>
        <extensions>
          <gpxtpx:TrackPointExtension>
            <gpxtpx:hr>122</gpxtpx:hr>
          </gpxtpx:TrackPointExtension>
        </extensions>
      </trkpt>
      <trkpt lat="22.647399107874858" lon="107.60925725888612">
        <ele>100.32507342472672</ele>
        <time>2023-10-20T02:13:20Z</time>
        <extensions>
          <gpxtpx:TrackPointExtension>
            <gpxtpx:hr>122</gpxtpx:hr>
          </gpxtpx:TrackPointExtension>
        </extensions>
      </trkpt>
      <trkpt lat="22.64740230674641" lon="107.6092660568584">
        <ele>100.31769680511206</ele>
        <time>2023-10-20T02:13:21Z</time>
        <extensions>
          <gpxtpx:TrackPointExtension>
            <gpxtpx:hr>122</gpxtpx:hr>
          </gpxtpx:TrackPointExtension>
        </extensions>
      </trkpt>
      <trkpt lat="22.647404766823026" lon="107.609275386287">
        <ele>100.31523038167506</ele>
        <time>2023-10-20T02:13:22Z</time>
        <extensions>
          <gpxtpx:TrackPointExtension>
            <gpxtpx:hr>122</gpxtpx:hr>
          </gpxtpx:TrackPointExtension>
        </extensions>
      </trkpt>
      <trkpt lat="22.64740676082336" lon="107.60928483507415">
        <ele>100.32626176066697</ele>
        <time>2023-10-20T02:13:23Z</time>
        <extensions>
          <gpxtpx:TrackPointExtension>
            <gpxtpx:hr>122</gpxtpx:hr>
          </gpxtpx:TrackPointExtension>
        </extensions>
      </trkpt>
      <trkpt lat="22.647408704386297" lon="107.60929383185425">
        <ele>100.35031876619905</ele>
        <time>2023-10-20T02:13:24Z</time>
        <extensions>
          <gpxtpx:TrackPointExtension>
            <gpxtpx:hr>122</gpxtpx:hr>
          </gpxtpx:TrackPointExtension>
        </extensions>
      </trkpt>
      <trkpt lat="22.647411131364063" lon="107.60930154869614">
        <ele>100.38184408843517</ele>
        <time>2023-10-20T02:13:25Z</time>
        <extensions>
          <gpxtpx:TrackPointExtension>
            <gpxtpx:hr>122</gpxtpx:hr>
          </gpxtpx:TrackPointExtension>
        </extensions>
      </trkpt>
      <trkpt lat="22.647414509824618" lon="107.60930696743806">
        <ele>100.41025155317038</ele>
        <time>2023-10-20T02:13:26Z</time>
        <extensions>
          <gpxtpx:TrackPointExtension>
            <gpxtpx:hr>122</gpxtpx:hr>
          </gpxtpx:TrackPointExtension>
        </extensions>
      </trkpt>
      <trkpt lat="22.64741914413339" lon="107.60930906644052">
        <ele>100.42674785200506</ele>
        <time>2023-10-20T02:13:27Z</time>
        <extensions>
          <gpxtpx:TrackPointExtension>
            <gpxtpx:hr>122</gpxtpx:hr>
          </gpxtpx:TrackPointExtension>
        </extensions>
      </trkpt>
      <trkpt lat="22.64742535796857" lon="107.60930781707644">
        <ele>100.43225385434926</ele>
        <time>2023-10-20T02:13:28Z</time>
        <extensions>
          <gpxtpx:TrackPointExtension>
            <gpxtpx:hr>122</gpxtpx:hr>
          </gpxtpx:TrackPointExtension>
        </extensions>
      </trkpt>
      <trkpt lat="22.64743367788346" lon="107.60930434269372">
        <ele>100.4561697281897</ele>
        <time>2023-10-20T02:13:29Z</time>
        <extensions>
          <gpxtpx:TrackPointExtension>
            <gpxtpx:hr>122</gpxtpx:hr>
          </gpxtpx:TrackPointExtension>
        </extensions>
      </trkpt>
      <trkpt lat="22.647444380167343" lon="107.60930001004898">
        <ele>100.50921616703272</ele>
        <time>2023-10-20T02:13:30Z</time>
        <extensions>
          <gpxtpx:TrackPointExtension>
            <gpxtpx:hr>122</gpxtpx:hr>
          </gpxtpx:TrackPointExtension>
        </extensions>
      </trkpt>
      <trkpt lat="22.647456845145637" lon="107.6092955711923">
        <ele>100.56784685794264</ele>
        <time>2023-10-20T02:13:31Z</time>
        <extensions>
          <gpxtpx:TrackPointExtension>
            <gpxtpx:hr>120</gpxtpx:hr>
          </gpxtpx:TrackPointExtension>
        </extensions>
      </trkpt>
      <trkpt lat="22.647470141075864" lon="107.60929154317905">
        <ele>100.6435954561457</ele>
        <time>2023-10-20T02:13:32Z</time>
        <extensions>
          <gpxtpx:TrackPointExtension>
            <gpxtpx:hr>120</gpxtpx:hr>
          </gpxtpx:TrackPointExtension>
        </extensions>
      </trkpt>
      <trkpt lat="22.647482640131532" lon="107.60928856238924">
        <ele>100.70532026328146</ele>
        <time>2023-10-20T02:13:33Z</time>
        <extensions>
          <gpxtpx:TrackPointExtension>
            <gpxtpx:hr>120</gpxtpx:hr>
          </gpxtpx:TrackPointExtension>
        </extensions>
      </trkpt>
      <trkpt lat="22.647493518592622" lon="107.60928684843206">
        <ele>100.77233681082726</ele>
        <time>2023-10-20T02:13:34Z</time>
        <extensions>
          <gpxtpx:TrackPointExtension>
            <gpxtpx:hr>120</gpxtpx:hr>
          </gpxtpx:TrackPointExtension>
        </extensions>
      </trkpt>
      <trkpt lat="22.647502766363992" lon="107.60928617759473">
        <ele>100.84256989322603</ele>
        <time>2023-10-20T02:13:35Z</time>
        <extensions>
          <gpxtpx:TrackPointExtension>
            <gpxtpx:hr>120</gpxtpx:hr>
          </gpxtpx:TrackPointExtension>
        </extensions>
      </trkpt>
      <trkpt lat="22.64751046496943" lon="107.60928639860435">
        <ele>100.91131518222392</ele>
        <time>2023-10-20T02:13:36Z</time>
        <extensions>
          <gpxtpx:TrackPointExtension>
            <gpxtpx:hr>120</gpxtpx:hr>
          </gpxtpx:TrackPointExtension>
        </extensions>
      </trkpt>
      <trkpt lat="22.647516844746743" lon="107.60928743411795">
        <ele>100.94909301586449</ele>
        <time>2023-10-20T02:13:37Z</time>
        <extensions>
          <gpxtpx:TrackPointExtension>
            <gpxtpx:hr>125</gpxtpx:hr>
          </gpxtpx:TrackPointExtension>
        </extensions>
      </trkpt>
      <trkpt lat="22.647521324981724" lon="107.60928909901611">
        <ele>100.9765697941184</ele>
        <time>2023-10-20T02:13:38Z</time>
        <extensions>
          <gpxtpx:TrackPointExtension>
            <gpxtpx:hr>125</gpxtpx:hr>
          </gpxtpx:TrackPointExtension>
        </extensions>
      </trkpt>
      <trkpt lat="22.647523282902313" lon="107.60929088569397">
        <ele>100.99203811306506</ele>
        <time>2023-10-20T02:13:39Z</time>
        <extensions>
          <gpxtpx:TrackPointExtension>
            <gpxtpx:hr>125</gpxtpx:hr>
          </gpxtpx:TrackPointExtension>
        </extensions>
      </trkpt>
      <trkpt lat="22.647522996529382" lon="107.60929208431193">
        <ele>100.9988422030583</ele>
        <time>2023-10-20T02:13:40Z</time>
        <extensions>
          <gpxtpx:TrackPointExtension>
            <gpxtpx:hr>125</gpxtpx:hr>
          </gpxtpx:TrackPointExtension>
        </extensions>
      </trkpt>
      <trkpt lat="22.647521123742088" lon="107.60929251979925">
        <ele>100.98396510351449</ele>
        <time>2023-10-20T02:13:40Z</time>
        <extensions>
          <gpxtpx:TrackPointExtension>
            <gpxtpx:hr>125</gpxtpx:hr>
          </gpxtpx:TrackPointExtension>
        </extensions>
      </trkpt>
      <trkpt lat="22.647518567325513" lon="107.60929253249438">
        <ele>100.94664448685944</ele>
        <time>2023-10-20T02:13:41Z</time>
        <extensions>
          <gpxtpx:TrackPointExtension>
            <gpxtpx:hr>125</gpxtpx:hr>
          </gpxtpx:TrackPointExtension>
        </extensions>
      </trkpt>
      <trkpt lat="22.647516161637625" lon="107.60929231269206">
        <ele>100.8892072243616</ele>
        <time>2023-10-20T02:13:42Z</time>
        <extensions>
          <gpxtpx:TrackPointExtension>
            <gpxtpx:hr>125</gpxtpx:hr>
          </gpxtpx:TrackPointExtension>
        </extensions>
      </trkpt>
      <trkpt lat="22.647514062972384" lon="107.60929194055">
        <ele>100.81424598861486</ele>
        <time>2023-10-20T02:13:43Z</time>
        <extensions>
          <gpxtpx:TrackPointExtension>
            <gpxtpx:hr>131</gpxtpx:hr>
          </gpxtpx:TrackPointExtension>
        </extensions>
      </trkpt>
      <trkpt lat="22.64751220349951" lon="107.60929147511781">
        <ele>100.72663684561849</ele>
        <time>2023-10-20T02:13:44Z</time>
        <extensions>
          <gpxtpx:TrackPointExtension>
            <gpxtpx:hr>131</gpxtpx:hr>
          </gpxtpx:TrackPointExtension>
        </extensions>
      </trkpt>
      <trkpt lat="22.647510622500615" lon="107.60929098918028">
        <ele>100.63141686841846</ele>
        <time>2023-10-20T02:13:45Z</time>
        <extensions>
          <gpxtpx:TrackPointExtension>
            <gpxtpx:hr>131</gpxtpx:hr>
          </gpxtpx:TrackPointExtension>
        </extensions>
      </trkpt>
      <trkpt lat="22.647509202028523" lon="107.60929049253663">
        <ele>100.53224727045745</ele>
        <time>2023-10-20T02:13:46Z</time>
        <extensions>
          <gpxtpx:TrackPointExtension>
            <gpxtpx:hr>131</gpxtpx:hr>
          </gpxtpx:TrackPointExtension>
        </extensions>
      </trkpt>
      <trkpt lat="22.647507859462632" lon="107.60928998906178">
        <ele>100.43097790330648</ele>
        <time>2023-10-20T02:13:47Z</time>
        <extensions>
          <gpxtpx:TrackPointExtension>
            <gpxtpx:hr>131</gpxtpx:hr>
          </gpxtpx:TrackPointExtension>
        </extensions>
      </trkpt>
      <trkpt lat="22.647506625096625" lon="107.60928950713452">
        <ele>100.32860047649592</ele>
        <time>2023-10-20T02:13:48Z</time>
        <extensions>
          <gpxtpx:TrackPointExtension>
            <gpxtpx:hr>131</gpxtpx:hr>
          </gpxtpx:TrackPointExtension>
        </extensions>
      </trkpt>
      <trkpt lat="22.64750550171341" lon="107.60928905775141">
        <ele>100.22597012110054</ele>
        <time>2023-10-20T02:13:49Z</time>
        <extensions>
          <gpxtpx:TrackPointExtension>
            <gpxtpx:hr>132</gpxtpx:hr>
          </gpxtpx:TrackPointExtension>
        </extensions>
      </trkpt>
      <trkpt lat="22.64750441010878" lon="107.6092886164384">
        <ele>100.11792660783976</ele>
        <time>2023-10-20T02:13:51Z</time>
        <extensions>
          <gpxtpx:TrackPointExtension>
            <gpxtpx:hr>132</gpxtpx:hr>
          </gpxtpx:TrackPointExtension>
        </extensions>
      </trkpt>
    </trkseg>
  </trk>
</gpx>